scenario,exp,seed,cycle_id,eval_group,RMSE
S0,A2-0,7,03-18-17_02.17 25degC_Cycle_1_Pan18650PF,test_id(25C),0.7303272458336645
S0,A2-0,13,03-18-17_02.17 25degC_Cycle_1_Pan18650PF,test_id(25C),0.7562857891422137
S0,A2-0,42,03-18-17_02.17 25degC_Cycle_1_Pan18650PF,test_id(25C),0.7014502779291398
S0,A2-1,7,03-18-17_02.17 25degC_Cycle_1_Pan18650PF,test_id(25C),0.7260809861493106
S0,A2-1,13,03-18-17_02.17 25degC_Cycle_1_Pan18650PF,test_id(25C),0.7419703760514592
S0,A2-1,42,03-18-17_02.17 25degC_Cycle_1_Pan18650PF,test_id(25C),0.7359955833308988
S0,A2-2,7,03-18-17_02.17 25degC_Cycle_1_Pan18650PF,test_id(25C),0.6686176684145637
S0,A2-2,13,03-18-17_02.17 25degC_Cycle_1_Pan18650PF,test_id(25C),0.7077720091639118
S0,A2-2,42,03-18-17_02.17 25degC_Cycle_1_Pan18650PF,test_id(25C),0.7261739639698823
S0,A2-3,7,03-18-17_02.17 25degC_Cycle_1_Pan18650PF,test_id(25C),0.6788503730565081
S0,A2-3,13,03-18-17_02.17 25degC_Cycle_1_Pan18650PF,test_id(25C),0.7185821751604808
S0,A2-3,42,03-18-17_02.17 25degC_Cycle_1_Pan18650PF,test_id(25C),0.7172703209483997
S0,A2-4,7,03-18-17_02.17 25degC_Cycle_1_Pan18650PF,test_id(25C),0.7203330006777273
S0,A2-4,13,03-18-17_02.17 25degC_Cycle_1_Pan18650PF,test_id(25C),0.8501640912264022
S0,A2-4,42,03-18-17_02.17 25degC_Cycle_1_Pan18650PF,test_id(25C),0.7463865643706011
S1,A2-0,7,03-18-17_02.17 25degC_Cycle_1_Pan18650PF,test_id(25C),2.961973032972345
S1,A2-0,13,03-18-17_02.17 25degC_Cycle_1_Pan18650PF,test_id(25C),2.9932833594012314
S1,A2-0,42,03-18-17_02.17 25degC_Cycle_1_Pan18650PF,test_id(25C),2.9570770145921688
S1,A2-1,7,03-18-17_02.17 25degC_Cycle_1_Pan18650PF,test_id(25C),2.936851465385927
S1,A2-1,13,03-18-17_02.17 25degC_Cycle_1_Pan18650PF,test_id(25C),2.936790326390341
S1,A2-1,42,03-18-17_02.17 25degC_Cycle_1_Pan18650PF,test_id(25C),2.9401183976095133
S1,A2-2,7,03-18-17_02.17 25degC_Cycle_1_Pan18650PF,test_id(25C),2.912646868666038
S1,A2-2,13,03-18-17_02.17 25degC_Cycle_1_Pan18650PF,test_id(25C),2.9092789533731875
S1,A2-2,42,03-18-17_02.17 25degC_Cycle_1_Pan18650PF,test_id(25C),2.9206642542764496
S1,A2-3,7,03-18-17_02.17 25degC_Cycle_1_Pan18650PF,test_id(25C),2.8038012715581004
S1,A2-3,13,03-18-17_02.17 25degC_Cycle_1_Pan18650PF,test_id(25C),2.9817587223991033
S1,A2-3,42,03-18-17_02.17 25degC_Cycle_1_Pan18650PF,test_id(25C),2.9825281786311875
S1,A2-4,7,03-18-17_02.17 25degC_Cycle_1_Pan18650PF,test_id(25C),2.9415862613100905
S1,A2-4,13,03-18-17_02.17 25degC_Cycle_1_Pan18650PF,test_id(25C),2.620072495815077
S1,A2-4,42,03-18-17_02.17 25degC_Cycle_1_Pan18650PF,test_id(25C),2.9376537041652253
S2,A2-0,7,03-18-17_02.17 25degC_Cycle_1_Pan18650PF,test_id(25C),2.1601516690119933
S2,A2-0,13,03-18-17_02.17 25degC_Cycle_1_Pan18650PF,test_id(25C),2.192514826659292
S2,A2-0,42,03-18-17_02.17 25degC_Cycle_1_Pan18650PF,test_id(25C),2.152547931331941
S2,A2-1,7,03-18-17_02.17 25degC_Cycle_1_Pan18650PF,test_id(25C),2.135849565283779
S2,A2-1,13,03-18-17_02.17 25degC_Cycle_1_Pan18650PF,test_id(25C),2.137474571708602
S2,A2-1,42,03-18-17_02.17 25degC_Cycle_1_Pan18650PF,test_id(25C),2.1400006198097032
S2,A2-2,7,03-18-17_02.17 25degC_Cycle_1_Pan18650PF,test_id(25C),2.1069441083836553
S2,A2-2,13,03-18-17_02.17 25degC_Cycle_1_Pan18650PF,test_id(25C),2.1076690414266377
S2,A2-2,42,03-18-17_02.17 25degC_Cycle_1_Pan18650PF,test_id(25C),2.1204514436404005
S2,A2-3,7,03-18-17_02.17 25degC_Cycle_1_Pan18650PF,test_id(25C),2.0032746503865724
S2,A2-3,13,03-18-17_02.17 25degC_Cycle_1_Pan18650PF,test_id(25C),2.1776931253099456
S2,A2-3,42,03-18-17_02.17 25degC_Cycle_1_Pan18650PF,test_id(25C),2.178288486962341
S2,A2-4,7,03-18-17_02.17 25degC_Cycle_1_Pan18650PF,test_id(25C),2.1397525136557123
S2,A2-4,13,03-18-17_02.17 25degC_Cycle_1_Pan18650PF,test_id(25C),1.845163032100536
S2,A2-4,42,03-18-17_02.17 25degC_Cycle_1_Pan18650PF,test_id(25C),2.1387688591604452
S3,A2-0,7,03-18-17_02.17 25degC_Cycle_1_Pan18650PF,test_id(25C),2.1601516690119933
S3,A2-0,13,03-18-17_02.17 25degC_Cycle_1_Pan18650PF,test_id(25C),2.192514826659292
S3,A2-0,42,03-18-17_02.17 25degC_Cycle_1_Pan18650PF,test_id(25C),2.152547931331941
S3,A2-1,7,03-18-17_02.17 25degC_Cycle_1_Pan18650PF,test_id(25C),2.135849565283779
S3,A2-1,13,03-18-17_02.17 25degC_Cycle_1_Pan18650PF,test_id(25C),2.137474571708602
S3,A2-1,42,03-18-17_02.17 25degC_Cycle_1_Pan18650PF,test_id(25C),2.1400006198097032
S3,A2-2,7,03-18-17_02.17 25degC_Cycle_1_Pan18650PF,test_id(25C),2.1069441083836553
S3,A2-2,13,03-18-17_02.17 25degC_Cycle_1_Pan18650PF,test_id(25C),2.1076690414266377
S3,A2-2,42,03-18-17_02.17 25degC_Cycle_1_Pan18650PF,test_id(25C),2.1204514436404005
S3,A2-3,7,03-18-17_02.17 25degC_Cycle_1_Pan18650PF,test_id(25C),2.0032746503865724
S3,A2-3,13,03-18-17_02.17 25degC_Cycle_1_Pan18650PF,test_id(25C),2.1776931253099456
S3,A2-3,42,03-18-17_02.17 25degC_Cycle_1_Pan18650PF,test_id(25C),2.178288486962341
S3,A2-4,7,03-18-17_02.17 25degC_Cycle_1_Pan18650PF,test_id(25C),2.1397525136557123
S3,A2-4,13,03-18-17_02.17 25degC_Cycle_1_Pan18650PF,test_id(25C),1.845163032100536
S3,A2-4,42,03-18-17_02.17 25degC_Cycle_1_Pan18650PF,test_id(25C),2.1387688591604452
S4,A2-0,7,03-18-17_02.17 25degC_Cycle_1_Pan18650PF,test_id(25C),10.882895677926118
S4,A2-0,13,03-18-17_02.17 25degC_Cycle_1_Pan18650PF,test_id(25C),10.892144561049781
S4,A2-0,42,03-18-17_02.17 25degC_Cycle_1_Pan18650PF,test_id(25C),10.86927248476477
S4,A2-1,7,03-18-17_02.17 25degC_Cycle_1_Pan18650PF,test_id(25C),10.858482339706699
S4,A2-1,13,03-18-17_02.17 25degC_Cycle_1_Pan18650PF,test_id(25C),10.830102304242502
S4,A2-1,42,03-18-17_02.17 25degC_Cycle_1_Pan18650PF,test_id(25C),10.859446368407182
S4,A2-2,7,03-18-17_02.17 25degC_Cycle_1_Pan18650PF,test_id(25C),10.840997504372233
S4,A2-2,13,03-18-17_02.17 25degC_Cycle_1_Pan18650PF,test_id(25C),10.817542996959842
S4,A2-2,42,03-18-17_02.17 25degC_Cycle_1_Pan18650PF,test_id(25C),10.821899442026911
S4,A2-3,7,03-18-17_02.17 25degC_Cycle_1_Pan18650PF,test_id(25C),10.72509231142619
S4,A2-3,13,03-18-17_02.17 25degC_Cycle_1_Pan18650PF,test_id(25C),10.884241847924963
S4,A2-3,42,03-18-17_02.17 25degC_Cycle_1_Pan18650PF,test_id(25C),10.885115555303102
S4,A2-4,7,03-18-17_02.17 25degC_Cycle_1_Pan18650PF,test_id(25C),10.862395583603703
S4,A2-4,13,03-18-17_02.17 25degC_Cycle_1_Pan18650PF,test_id(25C),10.66484179119012
S4,A2-4,42,03-18-17_02.17 25degC_Cycle_1_Pan18650PF,test_id(25C),10.846000263557448
S5,A2-0,7,03-18-17_02.17 25degC_Cycle_1_Pan18650PF,test_id(25C),11.493085489653305
S5,A2-0,13,03-18-17_02.17 25degC_Cycle_1_Pan18650PF,test_id(25C),11.502375803644641
S5,A2-0,42,03-18-17_02.17 25degC_Cycle_1_Pan18650PF,test_id(25C),11.48007010321475
S5,A2-1,7,03-18-17_02.17 25degC_Cycle_1_Pan18650PF,test_id(25C),11.469326869597278
S5,A2-1,13,03-18-17_02.17 25degC_Cycle_1_Pan18650PF,test_id(25C),11.440577126856388
S5,A2-1,42,03-18-17_02.17 25degC_Cycle_1_Pan18650PF,test_id(25C),11.470339616109925
S5,A2-2,7,03-18-17_02.17 25degC_Cycle_1_Pan18650PF,test_id(25C),11.452055028348001
S5,A2-2,13,03-18-17_02.17 25degC_Cycle_1_Pan18650PF,test_id(25C),11.42719537331585
S5,A2-2,42,03-18-17_02.17 25degC_Cycle_1_Pan18650PF,test_id(25C),11.431625567468796
S5,A2-3,7,03-18-17_02.17 25degC_Cycle_1_Pan18650PF,test_id(25C),11.335521050038862
S5,A2-3,13,03-18-17_02.17 25degC_Cycle_1_Pan18650PF,test_id(25C),11.493973609964467
S5,A2-3,42,03-18-17_02.17 25degC_Cycle_1_Pan18650PF,test_id(25C),11.494889121556362
S5,A2-4,7,03-18-17_02.17 25degC_Cycle_1_Pan18650PF,test_id(25C),11.472963712470646
S5,A2-4,13,03-18-17_02.17 25degC_Cycle_1_Pan18650PF,test_id(25C),11.291608682617781
S5,A2-4,42,03-18-17_02.17 25degC_Cycle_1_Pan18650PF,test_id(25C),11.456314923521608
S0,A2-0,7,03-19-17_03.25 25degC_Cycle_2_Pan18650PF,test_id(25C),0.6679959149263448
S0,A2-0,13,03-19-17_03.25 25degC_Cycle_2_Pan18650PF,test_id(25C),0.6428241473045595
S0,A2-0,42,03-19-17_03.25 25degC_Cycle_2_Pan18650PF,test_id(25C),0.6811797862087486
S0,A2-1,7,03-19-17_03.25 25degC_Cycle_2_Pan18650PF,test_id(25C),0.6743921055895753
S0,A2-1,13,03-19-17_03.25 25degC_Cycle_2_Pan18650PF,test_id(25C),0.6111736417550497
S0,A2-1,42,03-19-17_03.25 25degC_Cycle_2_Pan18650PF,test_id(25C),0.694764687278904
S0,A2-2,7,03-19-17_03.25 25degC_Cycle_2_Pan18650PF,test_id(25C),0.6317071285610598
S0,A2-2,13,03-19-17_03.25 25degC_Cycle_2_Pan18650PF,test_id(25C),0.6690121903151275
S0,A2-2,42,03-19-17_03.25 25degC_Cycle_2_Pan18650PF,test_id(25C),0.673415039125393
S0,A2-3,7,03-19-17_03.25 25degC_Cycle_2_Pan18650PF,test_id(25C),0.5900398262727418
S0,A2-3,13,03-19-17_03.25 25degC_Cycle_2_Pan18650PF,test_id(25C),0.6350865921319192
S0,A2-3,42,03-19-17_03.25 25degC_Cycle_2_Pan18650PF,test_id(25C),0.645264043128145
S0,A2-4,7,03-19-17_03.25 25degC_Cycle_2_Pan18650PF,test_id(25C),0.6840011928425542
S0,A2-4,13,03-19-17_03.25 25degC_Cycle_2_Pan18650PF,test_id(25C),0.8101624861248933
S0,A2-4,42,03-19-17_03.25 25degC_Cycle_2_Pan18650PF,test_id(25C),0.6513839786081486
S1,A2-0,7,03-19-17_03.25 25degC_Cycle_2_Pan18650PF,test_id(25C),3.409465440850072
S1,A2-0,13,03-19-17_03.25 25degC_Cycle_2_Pan18650PF,test_id(25C),3.3894828362952234
S1,A2-0,42,03-19-17_03.25 25degC_Cycle_2_Pan18650PF,test_id(25C),3.467680553528267
S1,A2-1,7,03-19-17_03.25 25degC_Cycle_2_Pan18650PF,test_id(25C),3.409359409059719
S1,A2-1,13,03-19-17_03.25 25degC_Cycle_2_Pan18650PF,test_id(25C),3.3488773833448464
S1,A2-1,42,03-19-17_03.25 25degC_Cycle_2_Pan18650PF,test_id(25C),3.3894099407531
S1,A2-2,7,03-19-17_03.25 25degC_Cycle_2_Pan18650PF,test_id(25C),3.3487668443189227
S1,A2-2,13,03-19-17_03.25 25degC_Cycle_2_Pan18650PF,test_id(25C),3.4222755101223696
S1,A2-2,42,03-19-17_03.25 25degC_Cycle_2_Pan18650PF,test_id(25C),3.430434458863705
S1,A2-3,7,03-19-17_03.25 25degC_Cycle_2_Pan18650PF,test_id(25C),3.3182526884963908
S1,A2-3,13,03-19-17_03.25 25degC_Cycle_2_Pan18650PF,test_id(25C),3.42718130093461
S1,A2-3,42,03-19-17_03.25 25degC_Cycle_2_Pan18650PF,test_id(25C),3.436601667913841
S1,A2-4,7,03-19-17_03.25 25degC_Cycle_2_Pan18650PF,test_id(25C),3.40388786546311
S1,A2-4,13,03-19-17_03.25 25degC_Cycle_2_Pan18650PF,test_id(25C),3.0169132757742925
S1,A2-4,42,03-19-17_03.25 25degC_Cycle_2_Pan18650PF,test_id(25C),3.4354914137880788
S2,A2-0,7,03-19-17_03.25 25degC_Cycle_2_Pan18650PF,test_id(25C),2.4767609176581376
S2,A2-0,13,03-19-17_03.25 25degC_Cycle_2_Pan18650PF,test_id(25C),2.455941002134022
S2,A2-0,42,03-19-17_03.25 25degC_Cycle_2_Pan18650PF,test_id(25C),2.5320672111503297
S2,A2-1,7,03-19-17_03.25 25degC_Cycle_2_Pan18650PF,test_id(25C),2.4772207777754685
S2,A2-1,13,03-19-17_03.25 25degC_Cycle_2_Pan18650PF,test_id(25C),2.4152527910693378
S2,A2-1,42,03-19-17_03.25 25degC_Cycle_2_Pan18650PF,test_id(25C),2.4604286545472758
S2,A2-2,7,03-19-17_03.25 25degC_Cycle_2_Pan18650PF,test_id(25C),2.416851647006001
S2,A2-2,13,03-19-17_03.25 25degC_Cycle_2_Pan18650PF,test_id(25C),2.488791699376649
S2,A2-2,42,03-19-17_03.25 25degC_Cycle_2_Pan18650PF,test_id(25C),2.4967730367143264
S2,A2-3,7,03-19-17_03.25 25degC_Cycle_2_Pan18650PF,test_id(25C),2.3847237720539862
S2,A2-3,13,03-19-17_03.25 25degC_Cycle_2_Pan18650PF,test_id(25C),2.4904999888484958
S2,A2-3,42,03-19-17_03.25 25degC_Cycle_2_Pan18650PF,test_id(25C),2.5001210351654173
S2,A2-4,7,03-19-17_03.25 25degC_Cycle_2_Pan18650PF,test_id(25C),2.4729678741936034
S2,A2-4,13,03-19-17_03.25 25degC_Cycle_2_Pan18650PF,test_id(25C),2.1195950825745475
S2,A2-4,42,03-19-17_03.25 25degC_Cycle_2_Pan18650PF,test_id(25C),2.4995986509392654
S3,A2-0,7,03-19-17_03.25 25degC_Cycle_2_Pan18650PF,test_id(25C),2.4767609176581376
S3,A2-0,13,03-19-17_03.25 25degC_Cycle_2_Pan18650PF,test_id(25C),2.455941002134022
S3,A2-0,42,03-19-17_03.25 25degC_Cycle_2_Pan18650PF,test_id(25C),2.5320672111503297
S3,A2-1,7,03-19-17_03.25 25degC_Cycle_2_Pan18650PF,test_id(25C),2.4772207777754685
S3,A2-1,13,03-19-17_03.25 25degC_Cycle_2_Pan18650PF,test_id(25C),2.4152527910693378
S3,A2-1,42,03-19-17_03.25 25degC_Cycle_2_Pan18650PF,test_id(25C),2.4604286545472758
S3,A2-2,7,03-19-17_03.25 25degC_Cycle_2_Pan18650PF,test_id(25C),2.416851647006001
S3,A2-2,13,03-19-17_03.25 25degC_Cycle_2_Pan18650PF,test_id(25C),2.488791699376649
S3,A2-2,42,03-19-17_03.25 25degC_Cycle_2_Pan18650PF,test_id(25C),2.4967730367143264
S3,A2-3,7,03-19-17_03.25 25degC_Cycle_2_Pan18650PF,test_id(25C),2.3847237720539862
S3,A2-3,13,03-19-17_03.25 25degC_Cycle_2_Pan18650PF,test_id(25C),2.4904999888484958
S3,A2-3,42,03-19-17_03.25 25degC_Cycle_2_Pan18650PF,test_id(25C),2.5001210351654173
S3,A2-4,7,03-19-17_03.25 25degC_Cycle_2_Pan18650PF,test_id(25C),2.4729678741936034
S3,A2-4,13,03-19-17_03.25 25degC_Cycle_2_Pan18650PF,test_id(25C),2.1195950825745475
S3,A2-4,42,03-19-17_03.25 25degC_Cycle_2_Pan18650PF,test_id(25C),2.4995986509392654
S4,A2-0,7,03-19-17_03.25 25degC_Cycle_2_Pan18650PF,test_id(25C),11.615043393349708
S4,A2-0,13,03-19-17_03.25 25degC_Cycle_2_Pan18650PF,test_id(25C),11.56548367628801
S4,A2-0,42,03-19-17_03.25 25degC_Cycle_2_Pan18650PF,test_id(25C),11.66604071233926
S4,A2-1,7,03-19-17_03.25 25degC_Cycle_2_Pan18650PF,test_id(25C),11.608086147257072
S4,A2-1,13,03-19-17_03.25 25degC_Cycle_2_Pan18650PF,test_id(25C),11.51522109367924
S4,A2-1,42,03-19-17_03.25 25degC_Cycle_2_Pan18650PF,test_id(25C),11.596908424407056
S4,A2-2,7,03-19-17_03.25 25degC_Cycle_2_Pan18650PF,test_id(25C),11.551774997877978
S4,A2-2,13,03-19-17_03.25 25degC_Cycle_2_Pan18650PF,test_id(25C),11.616758682701182
S4,A2-2,42,03-19-17_03.25 25degC_Cycle_2_Pan18650PF,test_id(25C),11.630215834547682
S4,A2-3,7,03-19-17_03.25 25degC_Cycle_2_Pan18650PF,test_id(25C),11.502459847707199
S4,A2-3,13,03-19-17_03.25 25degC_Cycle_2_Pan18650PF,test_id(25C),11.59736276558793
S4,A2-3,42,03-19-17_03.25 25degC_Cycle_2_Pan18650PF,test_id(25C),11.608681377922649
S4,A2-4,7,03-19-17_03.25 25degC_Cycle_2_Pan18650PF,test_id(25C),11.612944114322636
S4,A2-4,13,03-19-17_03.25 25degC_Cycle_2_Pan18650PF,test_id(25C),11.293408906801934
S4,A2-4,42,03-19-17_03.25 25degC_Cycle_2_Pan18650PF,test_id(25C),11.628855008164823
S5,A2-0,7,03-19-17_03.25 25degC_Cycle_2_Pan18650PF,test_id(25C),12.259051082361053
S5,A2-0,13,03-19-17_03.25 25degC_Cycle_2_Pan18650PF,test_id(25C),12.208147205881788
S5,A2-0,42,03-19-17_03.25 25degC_Cycle_2_Pan18650PF,test_id(25C),12.310126854823558
S5,A2-1,7,03-19-17_03.25 25degC_Cycle_2_Pan18650PF,test_id(25C),12.251879910675584
S5,A2-1,13,03-19-17_03.25 25degC_Cycle_2_Pan18650PF,test_id(25C),12.157534475061029
S5,A2-1,42,03-19-17_03.25 25degC_Cycle_2_Pan18650PF,test_id(25C),12.241455220520873
S5,A2-2,7,03-19-17_03.25 25degC_Cycle_2_Pan18650PF,test_id(25C),12.196366272902832
S5,A2-2,13,03-19-17_03.25 25degC_Cycle_2_Pan18650PF,test_id(25C),12.261045356641613
S5,A2-2,42,03-19-17_03.25 25degC_Cycle_2_Pan18650PF,test_id(25C),12.274518915442126
S5,A2-3,7,03-19-17_03.25 25degC_Cycle_2_Pan18650PF,test_id(25C),12.146310604000861
S5,A2-3,13,03-19-17_03.25 25degC_Cycle_2_Pan18650PF,test_id(25C),12.240010265708294
S5,A2-3,42,03-19-17_03.25 25degC_Cycle_2_Pan18650PF,test_id(25C),12.251528526135436
S5,A2-4,7,03-19-17_03.25 25degC_Cycle_2_Pan18650PF,test_id(25C),12.257999034273542
S5,A2-4,13,03-19-17_03.25 25degC_Cycle_2_Pan18650PF,test_id(25C),11.948995527692663
S5,A2-4,42,03-19-17_03.25 25degC_Cycle_2_Pan18650PF,test_id(25C),12.273159949976819
S0,A2-0,7,03-19-17_09.07 25degC_Cycle_3_Pan18650PF,test_id(25C),0.3936609007003268
S0,A2-0,13,03-19-17_09.07 25degC_Cycle_3_Pan18650PF,test_id(25C),0.34869948095946307
S0,A2-0,42,03-19-17_09.07 25degC_Cycle_3_Pan18650PF,test_id(25C),0.38341058099155045
S0,A2-1,7,03-19-17_09.07 25degC_Cycle_3_Pan18650PF,test_id(25C),0.38375433689555805
S0,A2-1,13,03-19-17_09.07 25degC_Cycle_3_Pan18650PF,test_id(25C),0.3581485320436044
S0,A2-1,42,03-19-17_09.07 25degC_Cycle_3_Pan18650PF,test_id(25C),0.3839005399392754
S0,A2-2,7,03-19-17_09.07 25degC_Cycle_3_Pan18650PF,test_id(25C),0.39591310005367963
S0,A2-2,13,03-19-17_09.07 25degC_Cycle_3_Pan18650PF,test_id(25C),0.4279436946788541
S0,A2-2,42,03-19-17_09.07 25degC_Cycle_3_Pan18650PF,test_id(25C),0.40291872810420787
S0,A2-3,7,03-19-17_09.07 25degC_Cycle_3_Pan18650PF,test_id(25C),0.4086739168506544
S0,A2-3,13,03-19-17_09.07 25degC_Cycle_3_Pan18650PF,test_id(25C),0.37843298130174136
S0,A2-3,42,03-19-17_09.07 25degC_Cycle_3_Pan18650PF,test_id(25C),0.3871320456752126
S0,A2-4,7,03-19-17_09.07 25degC_Cycle_3_Pan18650PF,test_id(25C),0.4074115663053787
S0,A2-4,13,03-19-17_09.07 25degC_Cycle_3_Pan18650PF,test_id(25C),0.5628376641789499
S0,A2-4,42,03-19-17_09.07 25degC_Cycle_3_Pan18650PF,test_id(25C),0.41524022244532316
S1,A2-0,7,03-19-17_09.07 25degC_Cycle_3_Pan18650PF,test_id(25C),2.87840334804216
S1,A2-0,13,03-19-17_09.07 25degC_Cycle_3_Pan18650PF,test_id(25C),2.8805752489339493
S1,A2-0,42,03-19-17_09.07 25degC_Cycle_3_Pan18650PF,test_id(25C),2.8675754916424276
S1,A2-1,7,03-19-17_09.07 25degC_Cycle_3_Pan18650PF,test_id(25C),2.90243853401215
S1,A2-1,13,03-19-17_09.07 25degC_Cycle_3_Pan18650PF,test_id(25C),2.8620125974040347
S1,A2-1,42,03-19-17_09.07 25degC_Cycle_3_Pan18650PF,test_id(25C),2.8909804969637007
S1,A2-2,7,03-19-17_09.07 25degC_Cycle_3_Pan18650PF,test_id(25C),2.909269079430407
S1,A2-2,13,03-19-17_09.07 25degC_Cycle_3_Pan18650PF,test_id(25C),2.905590156473051
S1,A2-2,42,03-19-17_09.07 25degC_Cycle_3_Pan18650PF,test_id(25C),2.903054772053442
S1,A2-3,7,03-19-17_09.07 25degC_Cycle_3_Pan18650PF,test_id(25C),2.8553220290840975
S1,A2-3,13,03-19-17_09.07 25degC_Cycle_3_Pan18650PF,test_id(25C),2.906477077682664
S1,A2-3,42,03-19-17_09.07 25degC_Cycle_3_Pan18650PF,test_id(25C),2.897435373755833
S1,A2-4,7,03-19-17_09.07 25degC_Cycle_3_Pan18650PF,test_id(25C),2.891734768554512
S1,A2-4,13,03-19-17_09.07 25degC_Cycle_3_Pan18650PF,test_id(25C),2.824261671524019
S1,A2-4,42,03-19-17_09.07 25degC_Cycle_3_Pan18650PF,test_id(25C),2.880174768672665
S2,A2-0,7,03-19-17_09.07 25degC_Cycle_3_Pan18650PF,test_id(25C),2.011490302855789
S2,A2-0,13,03-19-17_09.07 25degC_Cycle_3_Pan18650PF,test_id(25C),2.0109222559961513
S2,A2-0,42,03-19-17_09.07 25degC_Cycle_3_Pan18650PF,test_id(25C),2.0003415964718485
S2,A2-1,7,03-19-17_09.07 25degC_Cycle_3_Pan18650PF,test_id(25C),2.0341485932704955
S2,A2-1,13,03-19-17_09.07 25degC_Cycle_3_Pan18650PF,test_id(25C),1.9934215549102858
S2,A2-1,42,03-19-17_09.07 25degC_Cycle_3_Pan18650PF,test_id(25C),2.0230708962284023
S2,A2-2,7,03-19-17_09.07 25degC_Cycle_3_Pan18650PF,test_id(25C),2.0414984647837158
S2,A2-2,13,03-19-17_09.07 25degC_Cycle_3_Pan18650PF,test_id(25C),2.0400312512745065
S2,A2-2,42,03-19-17_09.07 25degC_Cycle_3_Pan18650PF,test_id(25C),2.035938367486464
S2,A2-3,7,03-19-17_09.07 25degC_Cycle_3_Pan18650PF,test_id(25C),1.9900501972219855
S2,A2-3,13,03-19-17_09.07 25degC_Cycle_3_Pan18650PF,test_id(25C),2.0377314511806808
S2,A2-3,42,03-19-17_09.07 25degC_Cycle_3_Pan18650PF,test_id(25C),2.0295164798333745
S2,A2-4,7,03-19-17_09.07 25degC_Cycle_3_Pan18650PF,test_id(25C),2.0252825177639724
S2,A2-4,13,03-19-17_09.07 25degC_Cycle_3_Pan18650PF,test_id(25C),1.9720665183737733
S2,A2-4,42,03-19-17_09.07 25degC_Cycle_3_Pan18650PF,test_id(25C),2.0146049013212384
S3,A2-0,7,03-19-17_09.07 25degC_Cycle_3_Pan18650PF,test_id(25C),2.011490302855789
S3,A2-0,13,03-19-17_09.07 25degC_Cycle_3_Pan18650PF,test_id(25C),2.0109222559961513
S3,A2-0,42,03-19-17_09.07 25degC_Cycle_3_Pan18650PF,test_id(25C),2.0003415964718485
S3,A2-1,7,03-19-17_09.07 25degC_Cycle_3_Pan18650PF,test_id(25C),2.0341485932704955
S3,A2-1,13,03-19-17_09.07 25degC_Cycle_3_Pan18650PF,test_id(25C),1.9934215549102858
S3,A2-1,42,03-19-17_09.07 25degC_Cycle_3_Pan18650PF,test_id(25C),2.0230708962284023
S3,A2-2,7,03-19-17_09.07 25degC_Cycle_3_Pan18650PF,test_id(25C),2.0414984647837158
S3,A2-2,13,03-19-17_09.07 25degC_Cycle_3_Pan18650PF,test_id(25C),2.0400312512745065
S3,A2-2,42,03-19-17_09.07 25degC_Cycle_3_Pan18650PF,test_id(25C),2.035938367486464
S3,A2-3,7,03-19-17_09.07 25degC_Cycle_3_Pan18650PF,test_id(25C),1.9900501972219855
S3,A2-3,13,03-19-17_09.07 25degC_Cycle_3_Pan18650PF,test_id(25C),2.0377314511806808
S3,A2-3,42,03-19-17_09.07 25degC_Cycle_3_Pan18650PF,test_id(25C),2.0295164798333745
S3,A2-4,7,03-19-17_09.07 25degC_Cycle_3_Pan18650PF,test_id(25C),2.0252825177639724
S3,A2-4,13,03-19-17_09.07 25degC_Cycle_3_Pan18650PF,test_id(25C),1.9720665183737733
S3,A2-4,42,03-19-17_09.07 25degC_Cycle_3_Pan18650PF,test_id(25C),2.0146049013212384
S4,A2-0,7,03-19-17_09.07 25degC_Cycle_3_Pan18650PF,test_id(25C),11.708616706227192
S4,A2-0,13,03-19-17_09.07 25degC_Cycle_3_Pan18650PF,test_id(25C),11.713084195019352
S4,A2-0,42,03-19-17_09.07 25degC_Cycle_3_Pan18650PF,test_id(25C),11.699622886056227
S4,A2-1,7,03-19-17_09.07 25degC_Cycle_3_Pan18650PF,test_id(25C),11.73607139306221
S4,A2-1,13,03-19-17_09.07 25degC_Cycle_3_Pan18650PF,test_id(25C),11.688799134165905
S4,A2-1,42,03-19-17_09.07 25degC_Cycle_3_Pan18650PF,test_id(25C),11.721234675096108
S4,A2-2,7,03-19-17_09.07 25degC_Cycle_3_Pan18650PF,test_id(25C),11.746121529869992
S4,A2-2,13,03-19-17_09.07 25degC_Cycle_3_Pan18650PF,test_id(25C),11.735643365437632
S4,A2-2,42,03-19-17_09.07 25degC_Cycle_3_Pan18650PF,test_id(25C),11.734974033877966
S4,A2-3,7,03-19-17_09.07 25degC_Cycle_3_Pan18650PF,test_id(25C),11.687924632689363
S4,A2-3,13,03-19-17_09.07 25degC_Cycle_3_Pan18650PF,test_id(25C),11.744029391903592
S4,A2-3,42,03-19-17_09.07 25degC_Cycle_3_Pan18650PF,test_id(25C),11.732853252954282
S4,A2-4,7,03-19-17_09.07 25degC_Cycle_3_Pan18650PF,test_id(25C),11.722983674895874
S4,A2-4,13,03-19-17_09.07 25degC_Cycle_3_Pan18650PF,test_id(25C),11.65747187063136
S4,A2-4,42,03-19-17_09.07 25degC_Cycle_3_Pan18650PF,test_id(25C),11.709709266239553
S5,A2-0,7,03-19-17_09.07 25degC_Cycle_3_Pan18650PF,test_id(25C),12.402597758039892
S5,A2-0,13,03-19-17_09.07 25degC_Cycle_3_Pan18650PF,test_id(25C),12.407323425241628
S5,A2-0,42,03-19-17_09.07 25degC_Cycle_3_Pan18650PF,test_id(25C),12.394020085235024
S5,A2-1,7,03-19-17_09.07 25degC_Cycle_3_Pan18650PF,test_id(25C),12.430567966330571
S5,A2-1,13,03-19-17_09.07 25degC_Cycle_3_Pan18650PF,test_id(25C),12.382712335750753
S5,A2-1,42,03-19-17_09.07 25degC_Cycle_3_Pan18650PF,test_id(25C),12.415485267181197
S5,A2-2,7,03-19-17_09.07 25degC_Cycle_3_Pan18650PF,test_id(25C),12.441011653002597
S5,A2-2,13,03-19-17_09.07 25degC_Cycle_3_Pan18650PF,test_id(25C),12.430109293236416
S5,A2-2,42,03-19-17_09.07 25degC_Cycle_3_Pan18650PF,test_id(25C),12.429434321175343
S5,A2-3,7,03-19-17_09.07 25degC_Cycle_3_Pan18650PF,test_id(25C),12.38259246065517
S5,A2-3,13,03-19-17_09.07 25degC_Cycle_3_Pan18650PF,test_id(25C),12.438919937381057
S5,A2-3,42,03-19-17_09.07 25degC_Cycle_3_Pan18650PF,test_id(25C),12.427517673208266
S5,A2-4,7,03-19-17_09.07 25degC_Cycle_3_Pan18650PF,test_id(25C),12.41733678321195
S5,A2-4,13,03-19-17_09.07 25degC_Cycle_3_Pan18650PF,test_id(25C),12.359390607034078
S5,A2-4,42,03-19-17_09.07 25degC_Cycle_3_Pan18650PF,test_id(25C),12.404047951655489
S0,A2-0,7,03-19-17_14.31 25degC_Cycle_4_Pan18650PF,test_id(25C),0.5927048135879802
S0,A2-0,13,03-19-17_14.31 25degC_Cycle_4_Pan18650PF,test_id(25C),0.6166596132956779
S0,A2-0,42,03-19-17_14.31 25degC_Cycle_4_Pan18650PF,test_id(25C),0.9239816876846787
S0,A2-1,7,03-19-17_14.31 25degC_Cycle_4_Pan18650PF,test_id(25C),0.6149118155312098
S0,A2-1,13,03-19-17_14.31 25degC_Cycle_4_Pan18650PF,test_id(25C),0.6146567869906434
S0,A2-1,42,03-19-17_14.31 25degC_Cycle_4_Pan18650PF,test_id(25C),0.6150041679697585
S0,A2-2,7,03-19-17_14.31 25degC_Cycle_4_Pan18650PF,test_id(25C),0.6941182792328281
S0,A2-2,13,03-19-17_14.31 25degC_Cycle_4_Pan18650PF,test_id(25C),0.8006114536324697
S0,A2-2,42,03-19-17_14.31 25degC_Cycle_4_Pan18650PF,test_id(25C),0.6774179216745926
S0,A2-3,7,03-19-17_14.31 25degC_Cycle_4_Pan18650PF,test_id(25C),0.7413388395240156
S0,A2-3,13,03-19-17_14.31 25degC_Cycle_4_Pan18650PF,test_id(25C),0.755495427872035
S0,A2-3,42,03-19-17_14.31 25degC_Cycle_4_Pan18650PF,test_id(25C),0.793376880421952
S0,A2-4,7,03-19-17_14.31 25degC_Cycle_4_Pan18650PF,test_id(25C),0.6261239889447142
S0,A2-4,13,03-19-17_14.31 25degC_Cycle_4_Pan18650PF,test_id(25C),0.9229430986432938
S0,A2-4,42,03-19-17_14.31 25degC_Cycle_4_Pan18650PF,test_id(25C),0.7730100215426525
S1,A2-0,7,03-19-17_14.31 25degC_Cycle_4_Pan18650PF,test_id(25C),3.289267876351816
S1,A2-0,13,03-19-17_14.31 25degC_Cycle_4_Pan18650PF,test_id(25C),3.341511057586169
S1,A2-0,42,03-19-17_14.31 25degC_Cycle_4_Pan18650PF,test_id(25C),3.5869071577103084
S1,A2-1,7,03-19-17_14.31 25degC_Cycle_4_Pan18650PF,test_id(25C),3.3319407293162673
S1,A2-1,13,03-19-17_14.31 25degC_Cycle_4_Pan18650PF,test_id(25C),3.3326585832105207
S1,A2-1,42,03-19-17_14.31 25degC_Cycle_4_Pan18650PF,test_id(25C),3.30941848288764
S1,A2-2,7,03-19-17_14.31 25degC_Cycle_4_Pan18650PF,test_id(25C),3.399831718474985
S1,A2-2,13,03-19-17_14.31 25degC_Cycle_4_Pan18650PF,test_id(25C),3.4945943960780186
S1,A2-2,42,03-19-17_14.31 25degC_Cycle_4_Pan18650PF,test_id(25C),3.401749023414574
S1,A2-3,7,03-19-17_14.31 25degC_Cycle_4_Pan18650PF,test_id(25C),3.389677522604888
S1,A2-3,13,03-19-17_14.31 25degC_Cycle_4_Pan18650PF,test_id(25C),3.499060514937264
S1,A2-3,42,03-19-17_14.31 25degC_Cycle_4_Pan18650PF,test_id(25C),3.5005228786512204
S1,A2-4,7,03-19-17_14.31 25degC_Cycle_4_Pan18650PF,test_id(25C),3.304245127555303
S1,A2-4,13,03-19-17_14.31 25degC_Cycle_4_Pan18650PF,test_id(25C),2.8729506414456214
S1,A2-4,42,03-19-17_14.31 25degC_Cycle_4_Pan18650PF,test_id(25C),3.478354195757825
S2,A2-0,7,03-19-17_14.31 25degC_Cycle_4_Pan18650PF,test_id(25C),2.4158019080098065
S2,A2-0,13,03-19-17_14.31 25degC_Cycle_4_Pan18650PF,test_id(25C),2.481470521477857
S2,A2-0,42,03-19-17_14.31 25degC_Cycle_4_Pan18650PF,test_id(25C),2.755073298392801
S2,A2-1,7,03-19-17_14.31 25degC_Cycle_4_Pan18650PF,test_id(25C),2.465914970098603
S2,A2-1,13,03-19-17_14.31 25degC_Cycle_4_Pan18650PF,test_id(25C),2.4737485957802927
S2,A2-1,42,03-19-17_14.31 25degC_Cycle_4_Pan18650PF,test_id(25C),2.442760248352807
S2,A2-2,7,03-19-17_14.31 25degC_Cycle_4_Pan18650PF,test_id(25C),2.5492074585482922
S2,A2-2,13,03-19-17_14.31 25degC_Cycle_4_Pan18650PF,test_id(25C),2.6379445005862303
S2,A2-2,42,03-19-17_14.31 25degC_Cycle_4_Pan18650PF,test_id(25C),2.5397052261810775
S2,A2-3,7,03-19-17_14.31 25degC_Cycle_4_Pan18650PF,test_id(25C),2.5349299244974994
S2,A2-3,13,03-19-17_14.31 25degC_Cycle_4_Pan18650PF,test_id(25C),2.646579461853749
S2,A2-3,42,03-19-17_14.31 25degC_Cycle_4_Pan18650PF,test_id(25C),2.6512230315301735
S2,A2-4,7,03-19-17_14.31 25degC_Cycle_4_Pan18650PF,test_id(25C),2.4273323137827334
S2,A2-4,13,03-19-17_14.31 25degC_Cycle_4_Pan18650PF,test_id(25C),2.032064233863316
S2,A2-4,42,03-19-17_14.31 25degC_Cycle_4_Pan18650PF,test_id(25C),2.6315637553613027
S3,A2-0,7,03-19-17_14.31 25degC_Cycle_4_Pan18650PF,test_id(25C),2.4158019080098065
S3,A2-0,13,03-19-17_14.31 25degC_Cycle_4_Pan18650PF,test_id(25C),2.481470521477857
S3,A2-0,42,03-19-17_14.31 25degC_Cycle_4_Pan18650PF,test_id(25C),2.755073298392801
S3,A2-1,7,03-19-17_14.31 25degC_Cycle_4_Pan18650PF,test_id(25C),2.465914970098603
S3,A2-1,13,03-19-17_14.31 25degC_Cycle_4_Pan18650PF,test_id(25C),2.4737485957802927
S3,A2-1,42,03-19-17_14.31 25degC_Cycle_4_Pan18650PF,test_id(25C),2.442760248352807
S3,A2-2,7,03-19-17_14.31 25degC_Cycle_4_Pan18650PF,test_id(25C),2.5492074585482922
S3,A2-2,13,03-19-17_14.31 25degC_Cycle_4_Pan18650PF,test_id(25C),2.6379445005862303
S3,A2-2,42,03-19-17_14.31 25degC_Cycle_4_Pan18650PF,test_id(25C),2.5397052261810775
S3,A2-3,7,03-19-17_14.31 25degC_Cycle_4_Pan18650PF,test_id(25C),2.5349299244974994
S3,A2-3,13,03-19-17_14.31 25degC_Cycle_4_Pan18650PF,test_id(25C),2.646579461853749
S3,A2-3,42,03-19-17_14.31 25degC_Cycle_4_Pan18650PF,test_id(25C),2.6512230315301735
S3,A2-4,7,03-19-17_14.31 25degC_Cycle_4_Pan18650PF,test_id(25C),2.4273323137827334
S3,A2-4,13,03-19-17_14.31 25degC_Cycle_4_Pan18650PF,test_id(25C),2.032064233863316
S3,A2-4,42,03-19-17_14.31 25degC_Cycle_4_Pan18650PF,test_id(25C),2.6315637553613027
S4,A2-0,7,03-19-17_14.31 25degC_Cycle_4_Pan18650PF,test_id(25C),10.78842689035045
S4,A2-0,13,03-19-17_14.31 25degC_Cycle_4_Pan18650PF,test_id(25C),10.78624862612795
S4,A2-0,42,03-19-17_14.31 25degC_Cycle_4_Pan18650PF,test_id(25C),10.912979102572331
S4,A2-1,7,03-19-17_14.31 25degC_Cycle_4_Pan18650PF,test_id(25C),10.806572794545984
S4,A2-1,13,03-19-17_14.31 25degC_Cycle_4_Pan18650PF,test_id(25C),10.777249298416585
S4,A2-1,42,03-19-17_14.31 25degC_Cycle_4_Pan18650PF,test_id(25C),10.809280655038988
S4,A2-2,7,03-19-17_14.31 25degC_Cycle_4_Pan18650PF,test_id(25C),10.831672024529016
S4,A2-2,13,03-19-17_14.31 25degC_Cycle_4_Pan18650PF,test_id(25C),10.871401707042702
S4,A2-2,42,03-19-17_14.31 25degC_Cycle_4_Pan18650PF,test_id(25C),10.845592456679128
S4,A2-3,7,03-19-17_14.31 25degC_Cycle_4_Pan18650PF,test_id(25C),10.778608831962174
S4,A2-3,13,03-19-17_14.31 25degC_Cycle_4_Pan18650PF,test_id(25C),10.886374326585806
S4,A2-3,42,03-19-17_14.31 25degC_Cycle_4_Pan18650PF,test_id(25C),10.869326150693107
S4,A2-4,7,03-19-17_14.31 25degC_Cycle_4_Pan18650PF,test_id(25C),10.797531242488052
S4,A2-4,13,03-19-17_14.31 25degC_Cycle_4_Pan18650PF,test_id(25C),10.530622241407345
S4,A2-4,42,03-19-17_14.31 25degC_Cycle_4_Pan18650PF,test_id(25C),10.869403431305866
S5,A2-0,7,03-19-17_14.31 25degC_Cycle_4_Pan18650PF,test_id(25C),11.351294164475163
S5,A2-0,13,03-19-17_14.31 25degC_Cycle_4_Pan18650PF,test_id(25C),11.346769107478057
S5,A2-0,42,03-19-17_14.31 25degC_Cycle_4_Pan18650PF,test_id(25C),11.470645553880244
S5,A2-1,7,03-19-17_14.31 25degC_Cycle_4_Pan18650PF,test_id(25C),11.368284055243722
S5,A2-1,13,03-19-17_14.31 25degC_Cycle_4_Pan18650PF,test_id(25C),11.337075411741367
S5,A2-1,42,03-19-17_14.31 25degC_Cycle_4_Pan18650PF,test_id(25C),11.371212939574066
S5,A2-2,7,03-19-17_14.31 25degC_Cycle_4_Pan18650PF,test_id(25C),11.392345083630467
S5,A2-2,13,03-19-17_14.31 25degC_Cycle_4_Pan18650PF,test_id(25C),11.430847014578637
S5,A2-2,42,03-19-17_14.31 25degC_Cycle_4_Pan18650PF,test_id(25C),11.40701634826026
S5,A2-3,7,03-19-17_14.31 25degC_Cycle_4_Pan18650PF,test_id(25C),11.339117498075089
S5,A2-3,13,03-19-17_14.31 25degC_Cycle_4_Pan18650PF,test_id(25C),11.445296472029188
S5,A2-3,42,03-19-17_14.31 25degC_Cycle_4_Pan18650PF,test_id(25C),11.428867908669712
S5,A2-4,7,03-19-17_14.31 25degC_Cycle_4_Pan18650PF,test_id(25C),11.360873996115375
S5,A2-4,13,03-19-17_14.31 25degC_Cycle_4_Pan18650PF,test_id(25C),11.102182876813917
S5,A2-4,42,03-19-17_14.31 25degC_Cycle_4_Pan18650PF,test_id(25C),11.429997409388006
S0,A2-0,7,03-27-17_09.06 10degC_HWFET_Pan18650PF,ood(10C),3.0105069637327286
S0,A2-0,13,03-27-17_09.06 10degC_HWFET_Pan18650PF,ood(10C),2.9517222375018446
S0,A2-0,42,03-27-17_09.06 10degC_HWFET_Pan18650PF,ood(10C),2.7588298033522594
S0,A2-1,7,03-27-17_09.06 10degC_HWFET_Pan18650PF,ood(10C),3.2035294520410136
S0,A2-1,13,03-27-17_09.06 10degC_HWFET_Pan18650PF,ood(10C),3.072146803584298
S0,A2-1,42,03-27-17_09.06 10degC_HWFET_Pan18650PF,ood(10C),3.429872467340397
S0,A2-2,7,03-27-17_09.06 10degC_HWFET_Pan18650PF,ood(10C),3.181955785079702
S0,A2-2,13,03-27-17_09.06 10degC_HWFET_Pan18650PF,ood(10C),3.321211315051706
S0,A2-2,42,03-27-17_09.06 10degC_HWFET_Pan18650PF,ood(10C),3.15442680640598
S0,A2-3,7,03-27-17_09.06 10degC_HWFET_Pan18650PF,ood(10C),3.0536740677421834
S0,A2-3,13,03-27-17_09.06 10degC_HWFET_Pan18650PF,ood(10C),3.052405144896049
S0,A2-3,42,03-27-17_09.06 10degC_HWFET_Pan18650PF,ood(10C),2.977846154341031
S0,A2-4,7,03-27-17_09.06 10degC_HWFET_Pan18650PF,ood(10C),3.114414880793568
S0,A2-4,13,03-27-17_09.06 10degC_HWFET_Pan18650PF,ood(10C),3.1517617999021814
S0,A2-4,42,03-27-17_09.06 10degC_HWFET_Pan18650PF,ood(10C),3.1261318048942273
S1,A2-0,7,03-27-17_09.06 10degC_HWFET_Pan18650PF,ood(10C),1.114900647430474
S1,A2-0,13,03-27-17_09.06 10degC_HWFET_Pan18650PF,ood(10C),1.3338190174579636
S1,A2-0,42,03-27-17_09.06 10degC_HWFET_Pan18650PF,ood(10C),1.2417794879528576
S1,A2-1,7,03-27-17_09.06 10degC_HWFET_Pan18650PF,ood(10C),1.3768967258906812
S1,A2-1,13,03-27-17_09.06 10degC_HWFET_Pan18650PF,ood(10C),1.270741349088425
S1,A2-1,42,03-27-17_09.06 10degC_HWFET_Pan18650PF,ood(10C),1.741935547913776
S1,A2-2,7,03-27-17_09.06 10degC_HWFET_Pan18650PF,ood(10C),1.5600608679289025
S1,A2-2,13,03-27-17_09.06 10degC_HWFET_Pan18650PF,ood(10C),1.5821146551454965
S1,A2-2,42,03-27-17_09.06 10degC_HWFET_Pan18650PF,ood(10C),1.3756526785594512
S1,A2-3,7,03-27-17_09.06 10degC_HWFET_Pan18650PF,ood(10C),0.9840637394028099
S1,A2-3,13,03-27-17_09.06 10degC_HWFET_Pan18650PF,ood(10C),1.2586743867906656
S1,A2-3,42,03-27-17_09.06 10degC_HWFET_Pan18650PF,ood(10C),1.2963869750510029
S1,A2-4,7,03-27-17_09.06 10degC_HWFET_Pan18650PF,ood(10C),1.337717973052508
S1,A2-4,13,03-27-17_09.06 10degC_HWFET_Pan18650PF,ood(10C),0.94827645973083
S1,A2-4,42,03-27-17_09.06 10degC_HWFET_Pan18650PF,ood(10C),1.2887273424373265
S2,A2-0,7,03-27-17_09.06 10degC_HWFET_Pan18650PF,ood(10C),1.6953150346379202
S2,A2-0,13,03-27-17_09.06 10degC_HWFET_Pan18650PF,ood(10C),1.7434858727174822
S2,A2-0,42,03-27-17_09.06 10degC_HWFET_Pan18650PF,ood(10C),1.5625290036426074
S2,A2-1,7,03-27-17_09.06 10degC_HWFET_Pan18650PF,ood(10C),1.9378639595338967
S2,A2-1,13,03-27-17_09.06 10degC_HWFET_Pan18650PF,ood(10C),1.801996352452882
S2,A2-1,42,03-27-17_09.06 10degC_HWFET_Pan18650PF,ood(10C),2.2462079157190433
S2,A2-2,7,03-27-17_09.06 10degC_HWFET_Pan18650PF,ood(10C),2.0027333526176094
S2,A2-2,13,03-27-17_09.06 10degC_HWFET_Pan18650PF,ood(10C),2.1046760079640188
S2,A2-2,42,03-27-17_09.06 10degC_HWFET_Pan18650PF,ood(10C),1.9033873797918006
S2,A2-3,7,03-27-17_09.06 10degC_HWFET_Pan18650PF,ood(10C),1.6803531217477488
S2,A2-3,13,03-27-17_09.06 10degC_HWFET_Pan18650PF,ood(10C),1.7829479527763428
S2,A2-3,42,03-27-17_09.06 10degC_HWFET_Pan18650PF,ood(10C),1.7456077307179705
S2,A2-4,7,03-27-17_09.06 10degC_HWFET_Pan18650PF,ood(10C),1.859612420830701
S2,A2-4,13,03-27-17_09.06 10degC_HWFET_Pan18650PF,ood(10C),1.7428835709829158
S2,A2-4,42,03-27-17_09.06 10degC_HWFET_Pan18650PF,ood(10C),1.8476469233565578
S3,A2-0,7,03-27-17_09.06 10degC_HWFET_Pan18650PF,ood(10C),1.6953150346379202
S3,A2-0,13,03-27-17_09.06 10degC_HWFET_Pan18650PF,ood(10C),1.7434858727174822
S3,A2-0,42,03-27-17_09.06 10degC_HWFET_Pan18650PF,ood(10C),1.5625290036426074
S3,A2-1,7,03-27-17_09.06 10degC_HWFET_Pan18650PF,ood(10C),1.9378639595338967
S3,A2-1,13,03-27-17_09.06 10degC_HWFET_Pan18650PF,ood(10C),1.801996352452882
S3,A2-1,42,03-27-17_09.06 10degC_HWFET_Pan18650PF,ood(10C),2.2462079157190433
S3,A2-2,7,03-27-17_09.06 10degC_HWFET_Pan18650PF,ood(10C),2.0027333526176094
S3,A2-2,13,03-27-17_09.06 10degC_HWFET_Pan18650PF,ood(10C),2.1046760079640188
S3,A2-2,42,03-27-17_09.06 10degC_HWFET_Pan18650PF,ood(10C),1.9033873797918006
S3,A2-3,7,03-27-17_09.06 10degC_HWFET_Pan18650PF,ood(10C),1.6803531217477488
S3,A2-3,13,03-27-17_09.06 10degC_HWFET_Pan18650PF,ood(10C),1.7829479527763428
S3,A2-3,42,03-27-17_09.06 10degC_HWFET_Pan18650PF,ood(10C),1.7456077307179705
S3,A2-4,7,03-27-17_09.06 10degC_HWFET_Pan18650PF,ood(10C),1.859612420830701
S3,A2-4,13,03-27-17_09.06 10degC_HWFET_Pan18650PF,ood(10C),1.7428835709829158
S3,A2-4,42,03-27-17_09.06 10degC_HWFET_Pan18650PF,ood(10C),1.8476469233565578
S4,A2-0,7,03-27-17_09.06 10degC_HWFET_Pan18650PF,ood(10C),6.512803329532241
S4,A2-0,13,03-27-17_09.06 10degC_HWFET_Pan18650PF,ood(10C),6.718519890713593
S4,A2-0,42,03-27-17_09.06 10degC_HWFET_Pan18650PF,ood(10C),6.891915126734771
S4,A2-1,7,03-27-17_09.06 10degC_HWFET_Pan18650PF,ood(10C),6.407285876722498
S4,A2-1,13,03-27-17_09.06 10degC_HWFET_Pan18650PF,ood(10C),6.504323816177811
S4,A2-1,42,03-27-17_09.06 10degC_HWFET_Pan18650PF,ood(10C),6.384601781395564
S4,A2-2,7,03-27-17_09.06 10degC_HWFET_Pan18650PF,ood(10C),6.626583865181766
S4,A2-2,13,03-27-17_09.06 10degC_HWFET_Pan18650PF,ood(10C),6.463099219088609
S4,A2-2,42,03-27-17_09.06 10degC_HWFET_Pan18650PF,ood(10C),6.502989900500358
S4,A2-3,7,03-27-17_09.06 10degC_HWFET_Pan18650PF,ood(10C),6.391148761193105
S4,A2-3,13,03-27-17_09.06 10degC_HWFET_Pan18650PF,ood(10C),6.537060623686693
S4,A2-3,42,03-27-17_09.06 10degC_HWFET_Pan18650PF,ood(10C),6.669590878331078
S4,A2-4,7,03-27-17_09.06 10degC_HWFET_Pan18650PF,ood(10C),6.542173830050755
S4,A2-4,13,03-27-17_09.06 10degC_HWFET_Pan18650PF,ood(10C),6.307830986157258
S4,A2-4,42,03-27-17_09.06 10degC_HWFET_Pan18650PF,ood(10C),6.489342340424304
S5,A2-0,7,03-27-17_09.06 10degC_HWFET_Pan18650PF,ood(10C),7.022191240571346
S5,A2-0,13,03-27-17_09.06 10degC_HWFET_Pan18650PF,ood(10C),7.223865399530108
S5,A2-0,42,03-27-17_09.06 10degC_HWFET_Pan18650PF,ood(10C),7.400799582422641
S5,A2-1,7,03-27-17_09.06 10degC_HWFET_Pan18650PF,ood(10C),6.907247964233124
S5,A2-1,13,03-27-17_09.06 10degC_HWFET_Pan18650PF,ood(10C),7.007229555884746
S5,A2-1,42,03-27-17_09.06 10degC_HWFET_Pan18650PF,ood(10C),6.874348329020674
S5,A2-2,7,03-27-17_09.06 10degC_HWFET_Pan18650PF,ood(10C),7.1259313379239
S5,A2-2,13,03-27-17_09.06 10degC_HWFET_Pan18650PF,ood(10C),6.9632286774798455
S5,A2-2,42,03-27-17_09.06 10degC_HWFET_Pan18650PF,ood(10C),7.006458121018701
S5,A2-3,7,03-27-17_09.06 10degC_HWFET_Pan18650PF,ood(10C),6.904726549828294
S5,A2-3,13,03-27-17_09.06 10degC_HWFET_Pan18650PF,ood(10C),7.041881900806772
S5,A2-3,42,03-27-17_09.06 10degC_HWFET_Pan18650PF,ood(10C),7.175315813836319
S5,A2-4,7,03-27-17_09.06 10degC_HWFET_Pan18650PF,ood(10C),7.048916744175837
S5,A2-4,13,03-27-17_09.06 10degC_HWFET_Pan18650PF,ood(10C),6.8291470967072785
S5,A2-4,42,03-27-17_09.06 10degC_HWFET_Pan18650PF,ood(10C),6.994718115367271
S0,A2-0,7,03-27-17_09.06 10degC_LA92_Pan18650PF,ood(10C),3.3022673442540866
S0,A2-0,13,03-27-17_09.06 10degC_LA92_Pan18650PF,ood(10C),3.441810798398235
S0,A2-0,42,03-27-17_09.06 10degC_LA92_Pan18650PF,ood(10C),3.1685940973284814
S0,A2-1,7,03-27-17_09.06 10degC_LA92_Pan18650PF,ood(10C),3.479137920796844
S0,A2-1,13,03-27-17_09.06 10degC_LA92_Pan18650PF,ood(10C),3.555162754061706
S0,A2-1,42,03-27-17_09.06 10degC_LA92_Pan18650PF,ood(10C),3.7752945528587665
S0,A2-2,7,03-27-17_09.06 10degC_LA92_Pan18650PF,ood(10C),3.300624326785898
S0,A2-2,13,03-27-17_09.06 10degC_LA92_Pan18650PF,ood(10C),3.3169001432142817
S0,A2-2,42,03-27-17_09.06 10degC_LA92_Pan18650PF,ood(10C),3.35765761034871
S0,A2-3,7,03-27-17_09.06 10degC_LA92_Pan18650PF,ood(10C),2.9462255524014775
S0,A2-3,13,03-27-17_09.06 10degC_LA92_Pan18650PF,ood(10C),3.3187564787125177
S0,A2-3,42,03-27-17_09.06 10degC_LA92_Pan18650PF,ood(10C),3.226588626180708
S0,A2-4,7,03-27-17_09.06 10degC_LA92_Pan18650PF,ood(10C),3.366417710535661
S0,A2-4,13,03-27-17_09.06 10degC_LA92_Pan18650PF,ood(10C),2.7674413327323584
S0,A2-4,42,03-27-17_09.06 10degC_LA92_Pan18650PF,ood(10C),3.3410829325492903
S1,A2-0,7,03-27-17_09.06 10degC_LA92_Pan18650PF,ood(10C),1.254243585116024
S1,A2-0,13,03-27-17_09.06 10degC_LA92_Pan18650PF,ood(10C),1.5348627147399683
S1,A2-0,42,03-27-17_09.06 10degC_LA92_Pan18650PF,ood(10C),1.333175481340211
S1,A2-1,7,03-27-17_09.06 10degC_LA92_Pan18650PF,ood(10C),1.4885090724307877
S1,A2-1,13,03-27-17_09.06 10degC_LA92_Pan18650PF,ood(10C),1.528896657558354
S1,A2-1,42,03-27-17_09.06 10degC_LA92_Pan18650PF,ood(10C),1.8270248437985388
S1,A2-2,7,03-27-17_09.06 10degC_LA92_Pan18650PF,ood(10C),1.462915369684456
S1,A2-2,13,03-27-17_09.06 10degC_LA92_Pan18650PF,ood(10C),1.534701771435703
S1,A2-2,42,03-27-17_09.06 10degC_LA92_Pan18650PF,ood(10C),1.390601156229967
S1,A2-3,7,03-27-17_09.06 10degC_LA92_Pan18650PF,ood(10C),1.0247358379746871
S1,A2-3,13,03-27-17_09.06 10degC_LA92_Pan18650PF,ood(10C),1.3762015377290828
S1,A2-3,42,03-27-17_09.06 10degC_LA92_Pan18650PF,ood(10C),1.3238435799644206
S1,A2-4,7,03-27-17_09.06 10degC_LA92_Pan18650PF,ood(10C),1.423916686910261
S1,A2-4,13,03-27-17_09.06 10degC_LA92_Pan18650PF,ood(10C),1.0190405129798972
S1,A2-4,42,03-27-17_09.06 10degC_LA92_Pan18650PF,ood(10C),1.3432647268554052
S2,A2-0,7,03-27-17_09.06 10degC_LA92_Pan18650PF,ood(10C),1.9579598405488245
S2,A2-0,13,03-27-17_09.06 10degC_LA92_Pan18650PF,ood(10C),2.163902058489206
S2,A2-0,42,03-27-17_09.06 10degC_LA92_Pan18650PF,ood(10C),1.8950200595324918
S2,A2-1,7,03-27-17_09.06 10degC_LA92_Pan18650PF,ood(10C),2.169981881869405
S2,A2-1,13,03-27-17_09.06 10degC_LA92_Pan18650PF,ood(10C),2.236785810722471
S2,A2-1,42,03-27-17_09.06 10degC_LA92_Pan18650PF,ood(10C),2.501979186459023
S2,A2-2,7,03-27-17_09.06 10degC_LA92_Pan18650PF,ood(10C),2.039403808801708
S2,A2-2,13,03-27-17_09.06 10degC_LA92_Pan18650PF,ood(10C),2.080732540164329
S2,A2-2,42,03-27-17_09.06 10degC_LA92_Pan18650PF,ood(10C),2.0488285707436225
S2,A2-3,7,03-27-17_09.06 10degC_LA92_Pan18650PF,ood(10C),1.6123182822188902
S2,A2-3,13,03-27-17_09.06 10degC_LA92_Pan18650PF,ood(10C),2.0164295508333367
S2,A2-3,42,03-27-17_09.06 10degC_LA92_Pan18650PF,ood(10C),1.9317423461476149
S2,A2-4,7,03-27-17_09.06 10degC_LA92_Pan18650PF,ood(10C),2.0680664967485476
S2,A2-4,13,03-27-17_09.06 10degC_LA92_Pan18650PF,ood(10C),1.471729228885023
S2,A2-4,42,03-27-17_09.06 10degC_LA92_Pan18650PF,ood(10C),2.0189025203856246
S3,A2-0,7,03-27-17_09.06 10degC_LA92_Pan18650PF,ood(10C),1.9579598405488245
S3,A2-0,13,03-27-17_09.06 10degC_LA92_Pan18650PF,ood(10C),2.163902058489206
S3,A2-0,42,03-27-17_09.06 10degC_LA92_Pan18650PF,ood(10C),1.8950200595324918
S3,A2-1,7,03-27-17_09.06 10degC_LA92_Pan18650PF,ood(10C),2.169981881869405
S3,A2-1,13,03-27-17_09.06 10degC_LA92_Pan18650PF,ood(10C),2.236785810722471
S3,A2-1,42,03-27-17_09.06 10degC_LA92_Pan18650PF,ood(10C),2.501979186459023
S3,A2-2,7,03-27-17_09.06 10degC_LA92_Pan18650PF,ood(10C),2.039403808801708
S3,A2-2,13,03-27-17_09.06 10degC_LA92_Pan18650PF,ood(10C),2.080732540164329
S3,A2-2,42,03-27-17_09.06 10degC_LA92_Pan18650PF,ood(10C),2.0488285707436225
S3,A2-3,7,03-27-17_09.06 10degC_LA92_Pan18650PF,ood(10C),1.6123182822188902
S3,A2-3,13,03-27-17_09.06 10degC_LA92_Pan18650PF,ood(10C),2.0164295508333367
S3,A2-3,42,03-27-17_09.06 10degC_LA92_Pan18650PF,ood(10C),1.9317423461476149
S3,A2-4,7,03-27-17_09.06 10degC_LA92_Pan18650PF,ood(10C),2.0680664967485476
S3,A2-4,13,03-27-17_09.06 10degC_LA92_Pan18650PF,ood(10C),1.471729228885023
S3,A2-4,42,03-27-17_09.06 10degC_LA92_Pan18650PF,ood(10C),2.0189025203856246
S4,A2-0,7,03-27-17_09.06 10degC_LA92_Pan18650PF,ood(10C),6.8649347678208485
S4,A2-0,13,03-27-17_09.06 10degC_LA92_Pan18650PF,ood(10C),6.888329242519008
S4,A2-0,42,03-27-17_09.06 10degC_LA92_Pan18650PF,ood(10C),7.0940522522024185
S4,A2-1,7,03-27-17_09.06 10degC_LA92_Pan18650PF,ood(10C),6.795786721365894
S4,A2-1,13,03-27-17_09.06 10degC_LA92_Pan18650PF,ood(10C),6.718942726736664
S4,A2-1,42,03-27-17_09.06 10degC_LA92_Pan18650PF,ood(10C),6.664879053655835
S4,A2-2,7,03-27-17_09.06 10degC_LA92_Pan18650PF,ood(10C),7.022623063256917
S4,A2-2,13,03-27-17_09.06 10degC_LA92_Pan18650PF,ood(10C),7.05994166956364
S4,A2-2,42,03-27-17_09.06 10degC_LA92_Pan18650PF,ood(10C),6.889384104995932
S4,A2-3,7,03-27-17_09.06 10degC_LA92_Pan18650PF,ood(10C),7.167517275158293
S4,A2-3,13,03-27-17_09.06 10degC_LA92_Pan18650PF,ood(10C),6.9292819073242535
S4,A2-3,42,03-27-17_09.06 10degC_LA92_Pan18650PF,ood(10C),7.012595303364379
S4,A2-4,7,03-27-17_09.06 10degC_LA92_Pan18650PF,ood(10C),6.90281136256634
S4,A2-4,13,03-27-17_09.06 10degC_LA92_Pan18650PF,ood(10C),7.361758408069758
S4,A2-4,42,03-27-17_09.06 10degC_LA92_Pan18650PF,ood(10C),6.875176146185279
S5,A2-0,7,03-27-17_09.06 10degC_LA92_Pan18650PF,ood(10C),7.447058290212935
S5,A2-0,13,03-27-17_09.06 10degC_LA92_Pan18650PF,ood(10C),7.464539533413771
S5,A2-0,42,03-27-17_09.06 10degC_LA92_Pan18650PF,ood(10C),7.674123305165509
S5,A2-1,7,03-27-17_09.06 10degC_LA92_Pan18650PF,ood(10C),7.371664627785133
S5,A2-1,13,03-27-17_09.06 10degC_LA92_Pan18650PF,ood(10C),7.294150189339418
S5,A2-1,42,03-27-17_09.06 10degC_LA92_Pan18650PF,ood(10C),7.233688234011761
S5,A2-2,7,03-27-17_09.06 10degC_LA92_Pan18650PF,ood(10C),7.601220489632904
S5,A2-2,13,03-27-17_09.06 10degC_LA92_Pan18650PF,ood(10C),7.637949188047071
S5,A2-2,42,03-27-17_09.06 10degC_LA92_Pan18650PF,ood(10C),7.469225050160732
S5,A2-3,7,03-27-17_09.06 10degC_LA92_Pan18650PF,ood(10C),7.752171113747567
S5,A2-3,13,03-27-17_09.06 10degC_LA92_Pan18650PF,ood(10C),7.506785091591513
S5,A2-3,42,03-27-17_09.06 10degC_LA92_Pan18650PF,ood(10C),7.591741323939191
S5,A2-4,7,03-27-17_09.06 10degC_LA92_Pan18650PF,ood(10C),7.480931847630779
S5,A2-4,13,03-27-17_09.06 10degC_LA92_Pan18650PF,ood(10C),7.947741896546609
S5,A2-4,42,03-27-17_09.06 10degC_LA92_Pan18650PF,ood(10C),7.453621608588286
S0,A2-0,7,03-27-17_09.06 10degC_NN_Pan18650PF,ood(10C),2.664272798813762
S0,A2-0,13,03-27-17_09.06 10degC_NN_Pan18650PF,ood(10C),2.7356831429831523
S0,A2-0,42,03-27-17_09.06 10degC_NN_Pan18650PF,ood(10C),2.5170104348308007
S0,A2-1,7,03-27-17_09.06 10degC_NN_Pan18650PF,ood(10C),2.8709259352509013
S0,A2-1,13,03-27-17_09.06 10degC_NN_Pan18650PF,ood(10C),2.836299427866171
S0,A2-1,42,03-27-17_09.06 10degC_NN_Pan18650PF,ood(10C),3.120323625268947
S0,A2-2,7,03-27-17_09.06 10degC_NN_Pan18650PF,ood(10C),2.768044768994152
S0,A2-2,13,03-27-17_09.06 10degC_NN_Pan18650PF,ood(10C),2.803630531626433
S0,A2-2,42,03-27-17_09.06 10degC_NN_Pan18650PF,ood(10C),2.7680632846339206
S0,A2-3,7,03-27-17_09.06 10degC_NN_Pan18650PF,ood(10C),2.525273122689645
S0,A2-3,13,03-27-17_09.06 10degC_NN_Pan18650PF,ood(10C),2.7062089593099667
S0,A2-3,42,03-27-17_09.06 10degC_NN_Pan18650PF,ood(10C),2.645500435013242
S0,A2-4,7,03-27-17_09.06 10degC_NN_Pan18650PF,ood(10C),2.745788516011248
S0,A2-4,13,03-27-17_09.06 10degC_NN_Pan18650PF,ood(10C),2.278384058898
S0,A2-4,42,03-27-17_09.06 10degC_NN_Pan18650PF,ood(10C),2.744279414577577
S1,A2-0,7,03-27-17_09.06 10degC_NN_Pan18650PF,ood(10C),0.8077483806192236
S1,A2-0,13,03-27-17_09.06 10degC_NN_Pan18650PF,ood(10C),1.142259233900687
S1,A2-0,42,03-27-17_09.06 10degC_NN_Pan18650PF,ood(10C),0.9997809966210387
S1,A2-1,7,03-27-17_09.06 10degC_NN_Pan18650PF,ood(10C),1.0452809447326001
S1,A2-1,13,03-27-17_09.06 10degC_NN_Pan18650PF,ood(10C),1.0243399167594966
S1,A2-1,42,03-27-17_09.06 10degC_NN_Pan18650PF,ood(10C),1.3928713851464076
S1,A2-2,7,03-27-17_09.06 10degC_NN_Pan18650PF,ood(10C),1.1356721904240852
S1,A2-2,13,03-27-17_09.06 10degC_NN_Pan18650PF,ood(10C),1.2561373990746294
S1,A2-2,42,03-27-17_09.06 10degC_NN_Pan18650PF,ood(10C),1.0042852918269434
S1,A2-3,7,03-27-17_09.06 10degC_NN_Pan18650PF,ood(10C),0.7209973062742485
S1,A2-3,13,03-27-17_09.06 10degC_NN_Pan18650PF,ood(10C),0.9771511477232315
S1,A2-3,42,03-27-17_09.06 10degC_NN_Pan18650PF,ood(10C),1.01450531942476
S1,A2-4,7,03-27-17_09.06 10degC_NN_Pan18650PF,ood(10C),1.0468200725612662
S1,A2-4,13,03-27-17_09.06 10degC_NN_Pan18650PF,ood(10C),0.8032456676315614
S1,A2-4,42,03-27-17_09.06 10degC_NN_Pan18650PF,ood(10C),0.9468073423212533
S2,A2-0,7,03-27-17_09.06 10degC_NN_Pan18650PF,ood(10C),1.3321859922830508
S2,A2-0,13,03-27-17_09.06 10degC_NN_Pan18650PF,ood(10C),1.521706940513275
S2,A2-0,42,03-27-17_09.06 10degC_NN_Pan18650PF,ood(10C),1.2876331224019104
S2,A2-1,7,03-27-17_09.06 10degC_NN_Pan18650PF,ood(10C),1.5839500049128004
S2,A2-1,13,03-27-17_09.06 10degC_NN_Pan18650PF,ood(10C),1.549547070996837
S2,A2-1,42,03-27-17_09.06 10degC_NN_Pan18650PF,ood(10C),1.9043606721857578
S2,A2-2,7,03-27-17_09.06 10degC_NN_Pan18650PF,ood(10C),1.5431376683026339
S2,A2-2,13,03-27-17_09.06 10degC_NN_Pan18650PF,ood(10C),1.622300715237237
S2,A2-2,42,03-27-17_09.06 10degC_NN_Pan18650PF,ood(10C),1.4891705821515118
S2,A2-3,7,03-27-17_09.06 10degC_NN_Pan18650PF,ood(10C),1.1815749347521156
S2,A2-3,13,03-27-17_09.06 10degC_NN_Pan18650PF,ood(10C),1.4299832067001146
S2,A2-3,42,03-27-17_09.06 10degC_NN_Pan18650PF,ood(10C),1.3972893936460389
S2,A2-4,7,03-27-17_09.06 10degC_NN_Pan18650PF,ood(10C),1.4889943569703779
S2,A2-4,13,03-27-17_09.06 10degC_NN_Pan18650PF,ood(10C),0.9867044238230185
S2,A2-4,42,03-27-17_09.06 10degC_NN_Pan18650PF,ood(10C),1.448296369203277
S3,A2-0,7,03-27-17_09.06 10degC_NN_Pan18650PF,ood(10C),1.3321859922830508
S3,A2-0,13,03-27-17_09.06 10degC_NN_Pan18650PF,ood(10C),1.521706940513275
S3,A2-0,42,03-27-17_09.06 10degC_NN_Pan18650PF,ood(10C),1.2876331224019104
S3,A2-1,7,03-27-17_09.06 10degC_NN_Pan18650PF,ood(10C),1.5839500049128004
S3,A2-1,13,03-27-17_09.06 10degC_NN_Pan18650PF,ood(10C),1.549547070996837
S3,A2-1,42,03-27-17_09.06 10degC_NN_Pan18650PF,ood(10C),1.9043606721857578
S3,A2-2,7,03-27-17_09.06 10degC_NN_Pan18650PF,ood(10C),1.5431376683026339
S3,A2-2,13,03-27-17_09.06 10degC_NN_Pan18650PF,ood(10C),1.622300715237237
S3,A2-2,42,03-27-17_09.06 10degC_NN_Pan18650PF,ood(10C),1.4891705821515118
S3,A2-3,7,03-27-17_09.06 10degC_NN_Pan18650PF,ood(10C),1.1815749347521156
S3,A2-3,13,03-27-17_09.06 10degC_NN_Pan18650PF,ood(10C),1.4299832067001146
S3,A2-3,42,03-27-17_09.06 10degC_NN_Pan18650PF,ood(10C),1.3972893936460389
S3,A2-4,7,03-27-17_09.06 10degC_NN_Pan18650PF,ood(10C),1.4889943569703779
S3,A2-4,13,03-27-17_09.06 10degC_NN_Pan18650PF,ood(10C),0.9867044238230185
S3,A2-4,42,03-27-17_09.06 10degC_NN_Pan18650PF,ood(10C),1.448296369203277
S4,A2-0,7,03-27-17_09.06 10degC_NN_Pan18650PF,ood(10C),7.179886778597239
S4,A2-0,13,03-27-17_09.06 10degC_NN_Pan18650PF,ood(10C),7.276242199464304
S4,A2-0,42,03-27-17_09.06 10degC_NN_Pan18650PF,ood(10C),7.4171146088823265
S4,A2-1,7,03-27-17_09.06 10degC_NN_Pan18650PF,ood(10C),7.07079419414433
S4,A2-1,13,03-27-17_09.06 10degC_NN_Pan18650PF,ood(10C),7.098478939113257
S4,A2-1,42,03-27-17_09.06 10degC_NN_Pan18650PF,ood(10C),7.001830743969388
S4,A2-2,7,03-27-17_09.06 10degC_NN_Pan18650PF,ood(10C),7.238315756988749
S4,A2-2,13,03-27-17_09.06 10degC_NN_Pan18650PF,ood(10C),7.275993301065244
S4,A2-2,42,03-27-17_09.06 10degC_NN_Pan18650PF,ood(10C),7.163824500728364
S4,A2-3,7,03-27-17_09.06 10degC_NN_Pan18650PF,ood(10C),7.284399763970245
S4,A2-3,13,03-27-17_09.06 10degC_NN_Pan18650PF,ood(10C),7.214799368333407
S4,A2-3,42,03-27-17_09.06 10degC_NN_Pan18650PF,ood(10C),7.297430797220657
S4,A2-4,7,03-27-17_09.06 10degC_NN_Pan18650PF,ood(10C),7.210736443409142
S4,A2-4,13,03-27-17_09.06 10degC_NN_Pan18650PF,ood(10C),7.541500687064575
S4,A2-4,42,03-27-17_09.06 10degC_NN_Pan18650PF,ood(10C),7.158997192247977
S5,A2-0,7,03-27-17_09.06 10degC_NN_Pan18650PF,ood(10C),7.774330113775608
S5,A2-0,13,03-27-17_09.06 10degC_NN_Pan18650PF,ood(10C),7.865898452169036
S5,A2-0,42,03-27-17_09.06 10degC_NN_Pan18650PF,ood(10C),8.0100853620376
S5,A2-1,7,03-27-17_09.06 10degC_NN_Pan18650PF,ood(10C),7.659286492590669
S5,A2-1,13,03-27-17_09.06 10degC_NN_Pan18650PF,ood(10C),7.687754816841691
S5,A2-1,42,03-27-17_09.06 10degC_NN_Pan18650PF,ood(10C),7.585203850680451
S5,A2-2,7,03-27-17_09.06 10degC_NN_Pan18650PF,ood(10C),7.8289688326431035
S5,A2-2,13,03-27-17_09.06 10degC_NN_Pan18650PF,ood(10C),7.866314388546287
S5,A2-2,42,03-27-17_09.06 10degC_NN_Pan18650PF,ood(10C),7.755606350437369
S5,A2-3,7,03-27-17_09.06 10degC_NN_Pan18650PF,ood(10C),7.878429571655599
S5,A2-3,13,03-27-17_09.06 10degC_NN_Pan18650PF,ood(10C),7.804883906528668
S5,A2-3,42,03-27-17_09.06 10degC_NN_Pan18650PF,ood(10C),7.887945629578412
S5,A2-4,7,03-27-17_09.06 10degC_NN_Pan18650PF,ood(10C),7.801706587525091
S5,A2-4,13,03-27-17_09.06 10degC_NN_Pan18650PF,ood(10C),8.136855045259228
S5,A2-4,42,03-27-17_09.06 10degC_NN_Pan18650PF,ood(10C),7.7495548529694585
S0,A2-0,7,03-27-17_09.06 10degC_UDDS_Pan18650PF,ood(10C),2.1851651395540497
S0,A2-0,13,03-27-17_09.06 10degC_UDDS_Pan18650PF,ood(10C),2.2976365312460336
S0,A2-0,42,03-27-17_09.06 10degC_UDDS_Pan18650PF,ood(10C),2.0464906528925657
S0,A2-1,7,03-27-17_09.06 10degC_UDDS_Pan18650PF,ood(10C),2.408636636002643
S0,A2-1,13,03-27-17_09.06 10degC_UDDS_Pan18650PF,ood(10C),2.3183597663384474
S0,A2-1,42,03-27-17_09.06 10degC_UDDS_Pan18650PF,ood(10C),2.69465666205552
S0,A2-2,7,03-27-17_09.06 10degC_UDDS_Pan18650PF,ood(10C),2.272414165795583
S0,A2-2,13,03-27-17_09.06 10degC_UDDS_Pan18650PF,ood(10C),2.222089366866483
S0,A2-2,42,03-27-17_09.06 10degC_UDDS_Pan18650PF,ood(10C),2.28438611983847
S0,A2-3,7,03-27-17_09.06 10degC_UDDS_Pan18650PF,ood(10C),1.8244484240418706
S0,A2-3,13,03-27-17_09.06 10degC_UDDS_Pan18650PF,ood(10C),2.080521113323305
S0,A2-3,42,03-27-17_09.06 10degC_UDDS_Pan18650PF,ood(10C),2.0382405229916967
S0,A2-4,7,03-27-17_09.06 10degC_UDDS_Pan18650PF,ood(10C),2.2673893786356434
S0,A2-4,13,03-27-17_09.06 10degC_UDDS_Pan18650PF,ood(10C),1.755451873056
S0,A2-4,42,03-27-17_09.06 10degC_UDDS_Pan18650PF,ood(10C),2.236407273402606
S1,A2-0,7,03-27-17_09.06 10degC_UDDS_Pan18650PF,ood(10C),1.360962968959455
S1,A2-0,13,03-27-17_09.06 10degC_UDDS_Pan18650PF,ood(10C),1.6822471686319787
S1,A2-0,42,03-27-17_09.06 10degC_UDDS_Pan18650PF,ood(10C),1.7351488332562595
S1,A2-1,7,03-27-17_09.06 10degC_UDDS_Pan18650PF,ood(10C),1.5424582219140868
S1,A2-1,13,03-27-17_09.06 10degC_UDDS_Pan18650PF,ood(10C),1.5441768424833953
S1,A2-1,42,03-27-17_09.06 10degC_UDDS_Pan18650PF,ood(10C),1.6387910338940952
S1,A2-2,7,03-27-17_09.06 10degC_UDDS_Pan18650PF,ood(10C),1.6346533167543456
S1,A2-2,13,03-27-17_09.06 10degC_UDDS_Pan18650PF,ood(10C),1.7130166177069257
S1,A2-2,42,03-27-17_09.06 10degC_UDDS_Pan18650PF,ood(10C),1.51934995043701
S1,A2-3,7,03-27-17_09.06 10degC_UDDS_Pan18650PF,ood(10C),1.5511022985804546
S1,A2-3,13,03-27-17_09.06 10degC_UDDS_Pan18650PF,ood(10C),1.6376713073583495
S1,A2-3,42,03-27-17_09.06 10degC_UDDS_Pan18650PF,ood(10C),1.673394204619253
S1,A2-4,7,03-27-17_09.06 10degC_UDDS_Pan18650PF,ood(10C),1.565810330105392
S1,A2-4,13,03-27-17_09.06 10degC_UDDS_Pan18650PF,ood(10C),1.7138901886253721
S1,A2-4,42,03-27-17_09.06 10degC_UDDS_Pan18650PF,ood(10C),1.44371798144024
S2,A2-0,7,03-27-17_09.06 10degC_UDDS_Pan18650PF,ood(10C),1.003030723599578
S2,A2-0,13,03-27-17_09.06 10degC_UDDS_Pan18650PF,ood(10C),1.3363939966789233
S2,A2-0,42,03-27-17_09.06 10degC_UDDS_Pan18650PF,ood(10C),1.1980633293992742
S2,A2-1,7,03-27-17_09.06 10degC_UDDS_Pan18650PF,ood(10C),1.3197654301669601
S2,A2-1,13,03-27-17_09.06 10degC_UDDS_Pan18650PF,ood(10C),1.2516269865131202
S2,A2-1,42,03-27-17_09.06 10degC_UDDS_Pan18650PF,ood(10C),1.590616583952395
S2,A2-2,7,03-27-17_09.06 10degC_UDDS_Pan18650PF,ood(10C),1.2829195077605327
S2,A2-2,13,03-27-17_09.06 10degC_UDDS_Pan18650PF,ood(10C),1.3054136121331195
S2,A2-2,42,03-27-17_09.06 10degC_UDDS_Pan18650PF,ood(10C),1.2070441329865702
S2,A2-3,7,03-27-17_09.06 10degC_UDDS_Pan18650PF,ood(10C),0.8509518404686834
S2,A2-3,13,03-27-17_09.06 10degC_UDDS_Pan18650PF,ood(10C),1.1413279235433835
S2,A2-3,42,03-27-17_09.06 10degC_UDDS_Pan18650PF,ood(10C),1.1396183769801997
S2,A2-4,7,03-27-17_09.06 10degC_UDDS_Pan18650PF,ood(10C),1.22803889912089
S2,A2-4,13,03-27-17_09.06 10degC_UDDS_Pan18650PF,ood(10C),0.9645455421726188
S2,A2-4,42,03-27-17_09.06 10degC_UDDS_Pan18650PF,ood(10C),1.1116929677310525
S3,A2-0,7,03-27-17_09.06 10degC_UDDS_Pan18650PF,ood(10C),1.003030723599578
S3,A2-0,13,03-27-17_09.06 10degC_UDDS_Pan18650PF,ood(10C),1.3363939966789233
S3,A2-0,42,03-27-17_09.06 10degC_UDDS_Pan18650PF,ood(10C),1.1980633293992742
S3,A2-1,7,03-27-17_09.06 10degC_UDDS_Pan18650PF,ood(10C),1.3197654301669601
S3,A2-1,13,03-27-17_09.06 10degC_UDDS_Pan18650PF,ood(10C),1.2516269865131202
S3,A2-1,42,03-27-17_09.06 10degC_UDDS_Pan18650PF,ood(10C),1.590616583952395
S3,A2-2,7,03-27-17_09.06 10degC_UDDS_Pan18650PF,ood(10C),1.2829195077605327
S3,A2-2,13,03-27-17_09.06 10degC_UDDS_Pan18650PF,ood(10C),1.3054136121331195
S3,A2-2,42,03-27-17_09.06 10degC_UDDS_Pan18650PF,ood(10C),1.2070441329865702
S3,A2-3,7,03-27-17_09.06 10degC_UDDS_Pan18650PF,ood(10C),0.8509518404686834
S3,A2-3,13,03-27-17_09.06 10degC_UDDS_Pan18650PF,ood(10C),1.1413279235433835
S3,A2-3,42,03-27-17_09.06 10degC_UDDS_Pan18650PF,ood(10C),1.1396183769801997
S3,A2-4,7,03-27-17_09.06 10degC_UDDS_Pan18650PF,ood(10C),1.22803889912089
S3,A2-4,13,03-27-17_09.06 10degC_UDDS_Pan18650PF,ood(10C),0.9645455421726188
S3,A2-4,42,03-27-17_09.06 10degC_UDDS_Pan18650PF,ood(10C),1.1116929677310525
S4,A2-0,7,03-27-17_09.06 10degC_UDDS_Pan18650PF,ood(10C),8.435686719506275
S4,A2-0,13,03-27-17_09.06 10degC_UDDS_Pan18650PF,ood(10C),8.53328811113907
S4,A2-0,42,03-27-17_09.06 10degC_UDDS_Pan18650PF,ood(10C),8.738713494717842
S4,A2-1,7,03-27-17_09.06 10degC_UDDS_Pan18650PF,ood(10C),8.352434764485407
S4,A2-1,13,03-27-17_09.06 10degC_UDDS_Pan18650PF,ood(10C),8.410816569834026
S4,A2-1,42,03-27-17_09.06 10degC_UDDS_Pan18650PF,ood(10C),8.191680168064948
S4,A2-2,7,03-27-17_09.06 10degC_UDDS_Pan18650PF,ood(10C),8.543275448342051
S4,A2-2,13,03-27-17_09.06 10degC_UDDS_Pan18650PF,ood(10C),8.630599238241896
S4,A2-2,42,03-27-17_09.06 10degC_UDDS_Pan18650PF,ood(10C),8.454321766433369
S4,A2-3,7,03-27-17_09.06 10degC_UDDS_Pan18650PF,ood(10C),8.767907688956605
S4,A2-3,13,03-27-17_09.06 10degC_UDDS_Pan18650PF,ood(10C),8.65047229536658
S4,A2-3,42,03-27-17_09.06 10degC_UDDS_Pan18650PF,ood(10C),8.708965973619286
S4,A2-4,7,03-27-17_09.06 10degC_UDDS_Pan18650PF,ood(10C),8.49994472695284
S4,A2-4,13,03-27-17_09.06 10degC_UDDS_Pan18650PF,ood(10C),8.90320052965453
S4,A2-4,42,03-27-17_09.06 10degC_UDDS_Pan18650PF,ood(10C),8.441507713691108
S5,A2-0,7,03-27-17_09.06 10degC_UDDS_Pan18650PF,ood(10C),9.013289047744411
S5,A2-0,13,03-27-17_09.06 10degC_UDDS_Pan18650PF,ood(10C),9.10371225367266
S5,A2-0,42,03-27-17_09.06 10degC_UDDS_Pan18650PF,ood(10C),9.310249862932622
S5,A2-1,7,03-27-17_09.06 10degC_UDDS_Pan18650PF,ood(10C),8.92199422043369
S5,A2-1,13,03-27-17_09.06 10degC_UDDS_Pan18650PF,ood(10C),8.980196826731238
S5,A2-1,42,03-27-17_09.06 10degC_UDDS_Pan18650PF,ood(10C),8.759345415416732
S5,A2-2,7,03-27-17_09.06 10degC_UDDS_Pan18650PF,ood(10C),9.116529115787245
S5,A2-2,13,03-27-17_09.06 10degC_UDDS_Pan18650PF,ood(10C),9.20352845221496
S5,A2-2,42,03-27-17_09.06 10degC_UDDS_Pan18650PF,ood(10C),9.028337835986795
S5,A2-3,7,03-27-17_09.06 10degC_UDDS_Pan18650PF,ood(10C),9.346081157199954
S5,A2-3,13,03-27-17_09.06 10degC_UDDS_Pan18650PF,ood(10C),9.222890490366112
S5,A2-3,42,03-27-17_09.06 10degC_UDDS_Pan18650PF,ood(10C),9.282037883821966
S5,A2-4,7,03-27-17_09.06 10degC_UDDS_Pan18650PF,ood(10C),9.07321429496834
S5,A2-4,13,03-27-17_09.06 10degC_UDDS_Pan18650PF,ood(10C),9.479959953814285
S5,A2-4,42,03-27-17_09.06 10degC_UDDS_Pan18650PF,ood(10C),9.015072234170749
S0,A2-0,7,03-27-17_09.06 10degC_US06_Pan18650PF,ood(10C),3.8886352065616228
S0,A2-0,13,03-27-17_09.06 10degC_US06_Pan18650PF,ood(10C),3.813828405723095
S0,A2-0,42,03-27-17_09.06 10degC_US06_Pan18650PF,ood(10C),3.6280085164242983
S0,A2-1,7,03-27-17_09.06 10degC_US06_Pan18650PF,ood(10C),4.079157446388893
S0,A2-1,13,03-27-17_09.06 10degC_US06_Pan18650PF,ood(10C),4.1003653302713
S0,A2-1,42,03-27-17_09.06 10degC_US06_Pan18650PF,ood(10C),4.2841704606780135
S0,A2-2,7,03-27-17_09.06 10degC_US06_Pan18650PF,ood(10C),3.849349247173763
S0,A2-2,13,03-27-17_09.06 10degC_US06_Pan18650PF,ood(10C),3.900487585005329
S0,A2-2,42,03-27-17_09.06 10degC_US06_Pan18650PF,ood(10C),3.8677511099347255
S0,A2-3,7,03-27-17_09.06 10degC_US06_Pan18650PF,ood(10C),3.790123085331993
S0,A2-3,13,03-27-17_09.06 10degC_US06_Pan18650PF,ood(10C),4.003568495436278
S0,A2-3,42,03-27-17_09.06 10degC_US06_Pan18650PF,ood(10C),3.870274768921522
S0,A2-4,7,03-27-17_09.06 10degC_US06_Pan18650PF,ood(10C),3.934444397988364
S0,A2-4,13,03-27-17_09.06 10degC_US06_Pan18650PF,ood(10C),3.329281250389148
S0,A2-4,42,03-27-17_09.06 10degC_US06_Pan18650PF,ood(10C),3.9535487441583927
S1,A2-0,7,03-27-17_09.06 10degC_US06_Pan18650PF,ood(10C),1.4403262186198695
S1,A2-0,13,03-27-17_09.06 10degC_US06_Pan18650PF,ood(10C),1.4822262347353388
S1,A2-0,42,03-27-17_09.06 10degC_US06_Pan18650PF,ood(10C),1.390881453164627
S1,A2-1,7,03-27-17_09.06 10degC_US06_Pan18650PF,ood(10C),1.6566230054718287
S1,A2-1,13,03-27-17_09.06 10degC_US06_Pan18650PF,ood(10C),1.7366423823170944
S1,A2-1,42,03-27-17_09.06 10degC_US06_Pan18650PF,ood(10C),1.8868564151696503
S1,A2-2,7,03-27-17_09.06 10degC_US06_Pan18650PF,ood(10C),1.5121617473322808
S1,A2-2,13,03-27-17_09.06 10degC_US06_Pan18650PF,ood(10C),1.5992347826009063
S1,A2-2,42,03-27-17_09.06 10degC_US06_Pan18650PF,ood(10C),1.4350633196639422
S1,A2-3,7,03-27-17_09.06 10degC_US06_Pan18650PF,ood(10C),1.24368541167153
S1,A2-3,13,03-27-17_09.06 10degC_US06_Pan18650PF,ood(10C),1.5855864269279387
S1,A2-3,42,03-27-17_09.06 10degC_US06_Pan18650PF,ood(10C),1.4465833574271385
S1,A2-4,7,03-27-17_09.06 10degC_US06_Pan18650PF,ood(10C),1.4748042423068901
S1,A2-4,13,03-27-17_09.06 10degC_US06_Pan18650PF,ood(10C),0.8923645472396294
S1,A2-4,42,03-27-17_09.06 10degC_US06_Pan18650PF,ood(10C),1.534022439057463
S2,A2-0,7,03-27-17_09.06 10degC_US06_Pan18650PF,ood(10C),2.2998501792359973
S2,A2-0,13,03-27-17_09.06 10degC_US06_Pan18650PF,ood(10C),2.2627100099871966
S2,A2-0,42,03-27-17_09.06 10degC_US06_Pan18650PF,ood(10C),2.0950634247489717
S2,A2-1,7,03-27-17_09.06 10degC_US06_Pan18650PF,ood(10C),2.5126791566629407
S2,A2-1,13,03-27-17_09.06 10degC_US06_Pan18650PF,ood(10C),2.558146537302893
S2,A2-1,42,03-27-17_09.06 10degC_US06_Pan18650PF,ood(10C),2.739507906584442
S2,A2-2,7,03-27-17_09.06 10degC_US06_Pan18650PF,ood(10C),2.2990810444623557
S2,A2-2,13,03-27-17_09.06 10degC_US06_Pan18650PF,ood(10C),2.368350627309897
S2,A2-2,42,03-27-17_09.06 10degC_US06_Pan18650PF,ood(10C),2.2831601896023637
S2,A2-3,7,03-27-17_09.06 10degC_US06_Pan18650PF,ood(10C),2.1600889940576087
S2,A2-3,13,03-27-17_09.06 10degC_US06_Pan18650PF,ood(10C),2.433967735602344
S2,A2-3,42,03-27-17_09.06 10degC_US06_Pan18650PF,ood(10C),2.2891715024423
S2,A2-4,7,03-27-17_09.06 10degC_US06_Pan18650PF,ood(10C),2.3446871353448344
S2,A2-4,13,03-27-17_09.06 10degC_US06_Pan18650PF,ood(10C),1.690640474569825
S2,A2-4,42,03-27-17_09.06 10degC_US06_Pan18650PF,ood(10C),2.3799689990899586
S3,A2-0,7,03-27-17_09.06 10degC_US06_Pan18650PF,ood(10C),2.2998501792359973
S3,A2-0,13,03-27-17_09.06 10degC_US06_Pan18650PF,ood(10C),2.2627100099871966
S3,A2-0,42,03-27-17_09.06 10degC_US06_Pan18650PF,ood(10C),2.0950634247489717
S3,A2-1,7,03-27-17_09.06 10degC_US06_Pan18650PF,ood(10C),2.5126791566629407
S3,A2-1,13,03-27-17_09.06 10degC_US06_Pan18650PF,ood(10C),2.558146537302893
S3,A2-1,42,03-27-17_09.06 10degC_US06_Pan18650PF,ood(10C),2.739507906584442
S3,A2-2,7,03-27-17_09.06 10degC_US06_Pan18650PF,ood(10C),2.2990810444623557
S3,A2-2,13,03-27-17_09.06 10degC_US06_Pan18650PF,ood(10C),2.368350627309897
S3,A2-2,42,03-27-17_09.06 10degC_US06_Pan18650PF,ood(10C),2.2831601896023637
S3,A2-3,7,03-27-17_09.06 10degC_US06_Pan18650PF,ood(10C),2.1600889940576087
S3,A2-3,13,03-27-17_09.06 10degC_US06_Pan18650PF,ood(10C),2.433967735602344
S3,A2-3,42,03-27-17_09.06 10degC_US06_Pan18650PF,ood(10C),2.2891715024423
S3,A2-4,7,03-27-17_09.06 10degC_US06_Pan18650PF,ood(10C),2.3446871353448344
S3,A2-4,13,03-27-17_09.06 10degC_US06_Pan18650PF,ood(10C),1.690640474569825
S3,A2-4,42,03-27-17_09.06 10degC_US06_Pan18650PF,ood(10C),2.3799689990899586
S4,A2-0,7,03-27-17_09.06 10degC_US06_Pan18650PF,ood(10C),8.005885662664594
S4,A2-0,13,03-27-17_09.06 10degC_US06_Pan18650PF,ood(10C),8.13532233172273
S4,A2-0,42,03-27-17_09.06 10degC_US06_Pan18650PF,ood(10C),8.311143978761287
S4,A2-1,7,03-27-17_09.06 10degC_US06_Pan18650PF,ood(10C),7.897867254317164
S4,A2-1,13,03-27-17_09.06 10degC_US06_Pan18650PF,ood(10C),7.932457262432608
S4,A2-1,42,03-27-17_09.06 10degC_US06_Pan18650PF,ood(10C),7.788580092361064
S4,A2-2,7,03-27-17_09.06 10degC_US06_Pan18650PF,ood(10C),8.109202364967953
S4,A2-2,13,03-27-17_09.06 10degC_US06_Pan18650PF,ood(10C),8.104139430342649
S4,A2-2,42,03-27-17_09.06 10degC_US06_Pan18650PF,ood(10C),8.030721227361926
S4,A2-3,7,03-27-17_09.06 10degC_US06_Pan18650PF,ood(10C),8.013123239412735
S4,A2-3,13,03-27-17_09.06 10degC_US06_Pan18650PF,ood(10C),7.950948157421704
S4,A2-3,42,03-27-17_09.06 10degC_US06_Pan18650PF,ood(10C),8.035182580398873
S4,A2-4,7,03-27-17_09.06 10degC_US06_Pan18650PF,ood(10C),7.966730555871273
S4,A2-4,13,03-27-17_09.06 10degC_US06_Pan18650PF,ood(10C),8.401391974772443
S4,A2-4,42,03-27-17_09.06 10degC_US06_Pan18650PF,ood(10C),7.982752654699562
S5,A2-0,7,03-27-17_09.06 10degC_US06_Pan18650PF,ood(10C),8.785209621220435
S5,A2-0,13,03-27-17_09.06 10degC_US06_Pan18650PF,ood(10C),8.913523896517924
S5,A2-0,42,03-27-17_09.06 10degC_US06_Pan18650PF,ood(10C),9.090324267213314
S5,A2-1,7,03-27-17_09.06 10degC_US06_Pan18650PF,ood(10C),8.674178794228505
S5,A2-1,13,03-27-17_09.06 10degC_US06_Pan18650PF,ood(10C),8.70714968704356
S5,A2-1,42,03-27-17_09.06 10degC_US06_Pan18650PF,ood(10C),8.56114831978274
S5,A2-2,7,03-27-17_09.06 10degC_US06_Pan18650PF,ood(10C),8.887019329407583
S5,A2-2,13,03-27-17_09.06 10degC_US06_Pan18650PF,ood(10C),8.880563452337613
S5,A2-2,42,03-27-17_09.06 10degC_US06_Pan18650PF,ood(10C),8.810016234253624
S5,A2-3,7,03-27-17_09.06 10degC_US06_Pan18650PF,ood(10C),8.79518777528184
S5,A2-3,13,03-27-17_09.06 10degC_US06_Pan18650PF,ood(10C),8.728210765002038
S5,A2-3,42,03-27-17_09.06 10degC_US06_Pan18650PF,ood(10C),8.814284839394448
S5,A2-4,7,03-27-17_09.06 10degC_US06_Pan18650PF,ood(10C),8.745708821582921
S5,A2-4,13,03-27-17_09.06 10degC_US06_Pan18650PF,ood(10C),9.186229335975883
S5,A2-4,42,03-27-17_09.06 10degC_US06_Pan18650PF,ood(10C),8.760714343037952
S0,A2-0,7,03-28-17_12.51 10degC_Cycle_1_Pan18650PF,ood(10C),3.5472232206649363
S0,A2-0,13,03-28-17_12.51 10degC_Cycle_1_Pan18650PF,ood(10C),3.621991469325823
S0,A2-0,42,03-28-17_12.51 10degC_Cycle_1_Pan18650PF,ood(10C),3.417344120274006
S0,A2-1,7,03-28-17_12.51 10degC_Cycle_1_Pan18650PF,ood(10C),3.7658817519657837
S0,A2-1,13,03-28-17_12.51 10degC_Cycle_1_Pan18650PF,ood(10C),3.7880178327194307
S0,A2-1,42,03-28-17_12.51 10degC_Cycle_1_Pan18650PF,ood(10C),4.032893061838962
S0,A2-2,7,03-28-17_12.51 10degC_Cycle_1_Pan18650PF,ood(10C),3.5877841427481694
S0,A2-2,13,03-28-17_12.51 10degC_Cycle_1_Pan18650PF,ood(10C),3.5687149287396545
S0,A2-2,42,03-28-17_12.51 10degC_Cycle_1_Pan18650PF,ood(10C),3.63544834326748
S0,A2-3,7,03-28-17_12.51 10degC_Cycle_1_Pan18650PF,ood(10C),3.2738805280044962
S0,A2-3,13,03-28-17_12.51 10degC_Cycle_1_Pan18650PF,ood(10C),3.567605516083292
S0,A2-3,42,03-28-17_12.51 10degC_Cycle_1_Pan18650PF,ood(10C),3.473599046747996
S0,A2-4,7,03-28-17_12.51 10degC_Cycle_1_Pan18650PF,ood(10C),3.6479181149455213
S0,A2-4,13,03-28-17_12.51 10degC_Cycle_1_Pan18650PF,ood(10C),2.9999502760728562
S0,A2-4,42,03-28-17_12.51 10degC_Cycle_1_Pan18650PF,ood(10C),3.675832212930087
S1,A2-0,7,03-28-17_12.51 10degC_Cycle_1_Pan18650PF,ood(10C),1.3455650113945552
S1,A2-0,13,03-28-17_12.51 10degC_Cycle_1_Pan18650PF,ood(10C),1.551956117738003
S1,A2-0,42,03-28-17_12.51 10degC_Cycle_1_Pan18650PF,ood(10C),1.39840671357622
S1,A2-1,7,03-28-17_12.51 10degC_Cycle_1_Pan18650PF,ood(10C),1.5712020468421786
S1,A2-1,13,03-28-17_12.51 10degC_Cycle_1_Pan18650PF,ood(10C),1.56200012636992
S1,A2-1,42,03-28-17_12.51 10degC_Cycle_1_Pan18650PF,ood(10C),1.8696207468960544
S1,A2-2,7,03-28-17_12.51 10degC_Cycle_1_Pan18650PF,ood(10C),1.4940031335998247
S1,A2-2,13,03-28-17_12.51 10degC_Cycle_1_Pan18650PF,ood(10C),1.5057141929067754
S1,A2-2,42,03-28-17_12.51 10degC_Cycle_1_Pan18650PF,ood(10C),1.4820242618789803
S1,A2-3,7,03-28-17_12.51 10degC_Cycle_1_Pan18650PF,ood(10C),1.1073463147845015
S1,A2-3,13,03-28-17_12.51 10degC_Cycle_1_Pan18650PF,ood(10C),1.437814557766421
S1,A2-3,42,03-28-17_12.51 10degC_Cycle_1_Pan18650PF,ood(10C),1.3603491929777827
S1,A2-4,7,03-28-17_12.51 10degC_Cycle_1_Pan18650PF,ood(10C),1.4824830874892483
S1,A2-4,13,03-28-17_12.51 10degC_Cycle_1_Pan18650PF,ood(10C),1.0583408222614363
S1,A2-4,42,03-28-17_12.51 10degC_Cycle_1_Pan18650PF,ood(10C),1.4072972747375951
S2,A2-0,7,03-28-17_12.51 10degC_Cycle_1_Pan18650PF,ood(10C),2.113459522398566
S2,A2-0,13,03-28-17_12.51 10degC_Cycle_1_Pan18650PF,ood(10C),2.244593933032957
S2,A2-0,42,03-28-17_12.51 10degC_Cycle_1_Pan18650PF,ood(10C),2.0402256215217465
S2,A2-1,7,03-28-17_12.51 10degC_Cycle_1_Pan18650PF,ood(10C),2.351073650782226
S2,A2-1,13,03-28-17_12.51 10degC_Cycle_1_Pan18650PF,ood(10C),2.362756755791388
S2,A2-1,42,03-28-17_12.51 10degC_Cycle_1_Pan18650PF,ood(10C),2.646905911780585
S2,A2-2,7,03-28-17_12.51 10degC_Cycle_1_Pan18650PF,ood(10C),2.198107367111804
S2,A2-2,13,03-28-17_12.51 10degC_Cycle_1_Pan18650PF,ood(10C),2.1893754509696985
S2,A2-2,42,03-28-17_12.51 10degC_Cycle_1_Pan18650PF,ood(10C),2.2267988902483444
S2,A2-3,7,03-28-17_12.51 10degC_Cycle_1_Pan18650PF,ood(10C),1.8260595262761525
S2,A2-3,13,03-28-17_12.51 10degC_Cycle_1_Pan18650PF,ood(10C),2.162325185286415
S2,A2-3,42,03-28-17_12.51 10degC_Cycle_1_Pan18650PF,ood(10C),2.0660034361809485
S2,A2-4,7,03-28-17_12.51 10degC_Cycle_1_Pan18650PF,ood(10C),2.235683658524289
S2,A2-4,13,03-28-17_12.51 10degC_Cycle_1_Pan18650PF,ood(10C),1.5931916752763544
S2,A2-4,42,03-28-17_12.51 10degC_Cycle_1_Pan18650PF,ood(10C),2.2274409780773436
S3,A2-0,7,03-28-17_12.51 10degC_Cycle_1_Pan18650PF,ood(10C),2.113459522398566
S3,A2-0,13,03-28-17_12.51 10degC_Cycle_1_Pan18650PF,ood(10C),2.244593933032957
S3,A2-0,42,03-28-17_12.51 10degC_Cycle_1_Pan18650PF,ood(10C),2.0402256215217465
S3,A2-1,7,03-28-17_12.51 10degC_Cycle_1_Pan18650PF,ood(10C),2.351073650782226
S3,A2-1,13,03-28-17_12.51 10degC_Cycle_1_Pan18650PF,ood(10C),2.362756755791388
S3,A2-1,42,03-28-17_12.51 10degC_Cycle_1_Pan18650PF,ood(10C),2.646905911780585
S3,A2-2,7,03-28-17_12.51 10degC_Cycle_1_Pan18650PF,ood(10C),2.198107367111804
S3,A2-2,13,03-28-17_12.51 10degC_Cycle_1_Pan18650PF,ood(10C),2.1893754509696985
S3,A2-2,42,03-28-17_12.51 10degC_Cycle_1_Pan18650PF,ood(10C),2.2267988902483444
S3,A2-3,7,03-28-17_12.51 10degC_Cycle_1_Pan18650PF,ood(10C),1.8260595262761525
S3,A2-3,13,03-28-17_12.51 10degC_Cycle_1_Pan18650PF,ood(10C),2.162325185286415
S3,A2-3,42,03-28-17_12.51 10degC_Cycle_1_Pan18650PF,ood(10C),2.0660034361809485
S3,A2-4,7,03-28-17_12.51 10degC_Cycle_1_Pan18650PF,ood(10C),2.235683658524289
S3,A2-4,13,03-28-17_12.51 10degC_Cycle_1_Pan18650PF,ood(10C),1.5931916752763544
S3,A2-4,42,03-28-17_12.51 10degC_Cycle_1_Pan18650PF,ood(10C),2.2274409780773436
S4,A2-0,7,03-28-17_12.51 10degC_Cycle_1_Pan18650PF,ood(10C),7.378607377542297
S4,A2-0,13,03-28-17_12.51 10degC_Cycle_1_Pan18650PF,ood(10C),7.43049528164328
S4,A2-0,42,03-28-17_12.51 10degC_Cycle_1_Pan18650PF,ood(10C),7.581132951741591
S4,A2-1,7,03-28-17_12.51 10degC_Cycle_1_Pan18650PF,ood(10C),7.24677527562651
S4,A2-1,13,03-28-17_12.51 10degC_Cycle_1_Pan18650PF,ood(10C),7.207501684983347
S4,A2-1,42,03-28-17_12.51 10degC_Cycle_1_Pan18650PF,ood(10C),7.116270964506018
S4,A2-2,7,03-28-17_12.51 10degC_Cycle_1_Pan18650PF,ood(10C),7.431582871010983
S4,A2-2,13,03-28-17_12.51 10degC_Cycle_1_Pan18650PF,ood(10C),7.465601196925701
S4,A2-2,42,03-28-17_12.51 10degC_Cycle_1_Pan18650PF,ood(10C),7.358565986844059
S4,A2-3,7,03-28-17_12.51 10degC_Cycle_1_Pan18650PF,ood(10C),7.574835066173735
S4,A2-3,13,03-28-17_12.51 10degC_Cycle_1_Pan18650PF,ood(10C),7.416721637009439
S4,A2-3,42,03-28-17_12.51 10degC_Cycle_1_Pan18650PF,ood(10C),7.484286051117529
S4,A2-4,7,03-28-17_12.51 10degC_Cycle_1_Pan18650PF,ood(10C),7.3419318732968115
S4,A2-4,13,03-28-17_12.51 10degC_Cycle_1_Pan18650PF,ood(10C),7.855184610798552
S4,A2-4,42,03-28-17_12.51 10degC_Cycle_1_Pan18650PF,ood(10C),7.2475935653840615
S5,A2-0,7,03-28-17_12.51 10degC_Cycle_1_Pan18650PF,ood(10C),8.09116258800749
S5,A2-0,13,03-28-17_12.51 10degC_Cycle_1_Pan18650PF,ood(10C),8.139482149709728
S5,A2-0,42,03-28-17_12.51 10degC_Cycle_1_Pan18650PF,ood(10C),8.292459738097474
S5,A2-1,7,03-28-17_12.51 10degC_Cycle_1_Pan18650PF,ood(10C),7.956024659356138
S5,A2-1,13,03-28-17_12.51 10degC_Cycle_1_Pan18650PF,ood(10C),7.917104977355134
S5,A2-1,42,03-28-17_12.51 10degC_Cycle_1_Pan18650PF,ood(10C),7.820109146972249
S5,A2-2,7,03-28-17_12.51 10degC_Cycle_1_Pan18650PF,ood(10C),8.141575466144497
S5,A2-2,13,03-28-17_12.51 10degC_Cycle_1_Pan18650PF,ood(10C),8.17532176863423
S5,A2-2,42,03-28-17_12.51 10degC_Cycle_1_Pan18650PF,ood(10C),8.068966139666234
S5,A2-3,7,03-28-17_12.51 10degC_Cycle_1_Pan18650PF,ood(10C),8.290258192833575
S5,A2-3,13,03-28-17_12.51 10degC_Cycle_1_Pan18650PF,ood(10C),8.12769254815528
S5,A2-3,42,03-28-17_12.51 10degC_Cycle_1_Pan18650PF,ood(10C),8.196336912424224
S5,A2-4,7,03-28-17_12.51 10degC_Cycle_1_Pan18650PF,ood(10C),8.052379767873639
S5,A2-4,13,03-28-17_12.51 10degC_Cycle_1_Pan18650PF,ood(10C),8.571248302606248
S5,A2-4,42,03-28-17_12.51 10degC_Cycle_1_Pan18650PF,ood(10C),7.959691441836112
S0,A2-0,7,03-28-17_18.18 10degC_Cycle_2_Pan18650PF,ood(10C),4.616703813630076
S0,A2-0,13,03-28-17_18.18 10degC_Cycle_2_Pan18650PF,ood(10C),4.748355158033229
S0,A2-0,42,03-28-17_18.18 10degC_Cycle_2_Pan18650PF,ood(10C),4.507599745472458
S0,A2-1,7,03-28-17_18.18 10degC_Cycle_2_Pan18650PF,ood(10C),4.868728220399513
S0,A2-1,13,03-28-17_18.18 10degC_Cycle_2_Pan18650PF,ood(10C),4.935619035684188
S0,A2-1,42,03-28-17_18.18 10degC_Cycle_2_Pan18650PF,ood(10C),5.133216005627465
S0,A2-2,7,03-28-17_18.18 10degC_Cycle_2_Pan18650PF,ood(10C),4.672186041183298
S0,A2-2,13,03-28-17_18.18 10degC_Cycle_2_Pan18650PF,ood(10C),4.663246981984998
S0,A2-2,42,03-28-17_18.18 10degC_Cycle_2_Pan18650PF,ood(10C),4.685346403378363
S0,A2-3,7,03-28-17_18.18 10degC_Cycle_2_Pan18650PF,ood(10C),4.286416156078469
S0,A2-3,13,03-28-17_18.18 10degC_Cycle_2_Pan18650PF,ood(10C),4.6631579681134685
S0,A2-3,42,03-28-17_18.18 10degC_Cycle_2_Pan18650PF,ood(10C),4.536162115737945
S0,A2-4,7,03-28-17_18.18 10degC_Cycle_2_Pan18650PF,ood(10C),4.6894265884075725
S0,A2-4,13,03-28-17_18.18 10degC_Cycle_2_Pan18650PF,ood(10C),4.141679505178085
S0,A2-4,42,03-28-17_18.18 10degC_Cycle_2_Pan18650PF,ood(10C),4.704627670018798
S1,A2-0,7,03-28-17_18.18 10degC_Cycle_2_Pan18650PF,ood(10C),2.458175148322805
S1,A2-0,13,03-28-17_18.18 10degC_Cycle_2_Pan18650PF,ood(10C),2.656301779195491
S1,A2-0,42,03-28-17_18.18 10degC_Cycle_2_Pan18650PF,ood(10C),2.438527198362816
S1,A2-1,7,03-28-17_18.18 10degC_Cycle_2_Pan18650PF,ood(10C),2.7144412988454634
S1,A2-1,13,03-28-17_18.18 10degC_Cycle_2_Pan18650PF,ood(10C),2.767347477152534
S1,A2-1,42,03-28-17_18.18 10degC_Cycle_2_Pan18650PF,ood(10C),3.014965936334016
S1,A2-2,7,03-28-17_18.18 10degC_Cycle_2_Pan18650PF,ood(10C),2.573856089104217
S1,A2-2,13,03-28-17_18.18 10degC_Cycle_2_Pan18650PF,ood(10C),2.577096047190495
S1,A2-2,42,03-28-17_18.18 10degC_Cycle_2_Pan18650PF,ood(10C),2.5504397731793462
S1,A2-3,7,03-28-17_18.18 10degC_Cycle_2_Pan18650PF,ood(10C),2.099374812442733
S1,A2-3,13,03-28-17_18.18 10degC_Cycle_2_Pan18650PF,ood(10C),2.515744996327273
S1,A2-3,42,03-28-17_18.18 10degC_Cycle_2_Pan18650PF,ood(10C),2.3977173068390796
S1,A2-4,7,03-28-17_18.18 10degC_Cycle_2_Pan18650PF,ood(10C),2.546809384245665
S1,A2-4,13,03-28-17_18.18 10degC_Cycle_2_Pan18650PF,ood(10C),2.0167512878150586
S1,A2-4,42,03-28-17_18.18 10degC_Cycle_2_Pan18650PF,ood(10C),2.523506130883304
S2,A2-0,7,03-28-17_18.18 10degC_Cycle_2_Pan18650PF,ood(10C),3.3035978701845616
S2,A2-0,13,03-28-17_18.18 10degC_Cycle_2_Pan18650PF,ood(10C),3.467140215923713
S2,A2-0,42,03-28-17_18.18 10degC_Cycle_2_Pan18650PF,ood(10C),3.2299644291765963
S2,A2-1,7,03-28-17_18.18 10degC_Cycle_2_Pan18650PF,ood(10C),3.5630215677086774
S2,A2-1,13,03-28-17_18.18 10degC_Cycle_2_Pan18650PF,ood(10C),3.6251481089944977
S2,A2-1,42,03-28-17_18.18 10degC_Cycle_2_Pan18650PF,ood(10C),3.8486645374358015
S2,A2-2,7,03-28-17_18.18 10degC_Cycle_2_Pan18650PF,ood(10C),3.3863409102587263
S2,A2-2,13,03-28-17_18.18 10degC_Cycle_2_Pan18650PF,ood(10C),3.3824748464107732
S2,A2-2,42,03-28-17_18.18 10degC_Cycle_2_Pan18650PF,ood(10C),3.383987624430323
S2,A2-3,7,03-28-17_18.18 10degC_Cycle_2_Pan18650PF,ood(10C),2.952938781030773
S2,A2-3,13,03-28-17_18.18 10degC_Cycle_2_Pan18650PF,ood(10C),3.3558982160644404
S2,A2-3,42,03-28-17_18.18 10degC_Cycle_2_Pan18650PF,ood(10C),3.229601391003066
S2,A2-4,7,03-28-17_18.18 10degC_Cycle_2_Pan18650PF,ood(10C),3.3848423390085745
S2,A2-4,13,03-28-17_18.18 10degC_Cycle_2_Pan18650PF,ood(10C),2.8289990376109166
S2,A2-4,42,03-28-17_18.18 10degC_Cycle_2_Pan18650PF,ood(10C),3.3838862976456032
S3,A2-0,7,03-28-17_18.18 10degC_Cycle_2_Pan18650PF,ood(10C),3.3035978701845616
S3,A2-0,13,03-28-17_18.18 10degC_Cycle_2_Pan18650PF,ood(10C),3.467140215923713
S3,A2-0,42,03-28-17_18.18 10degC_Cycle_2_Pan18650PF,ood(10C),3.2299644291765963
S3,A2-1,7,03-28-17_18.18 10degC_Cycle_2_Pan18650PF,ood(10C),3.5630215677086774
S3,A2-1,13,03-28-17_18.18 10degC_Cycle_2_Pan18650PF,ood(10C),3.6251481089944977
S3,A2-1,42,03-28-17_18.18 10degC_Cycle_2_Pan18650PF,ood(10C),3.8486645374358015
S3,A2-2,7,03-28-17_18.18 10degC_Cycle_2_Pan18650PF,ood(10C),3.3863409102587263
S3,A2-2,13,03-28-17_18.18 10degC_Cycle_2_Pan18650PF,ood(10C),3.3824748464107732
S3,A2-2,42,03-28-17_18.18 10degC_Cycle_2_Pan18650PF,ood(10C),3.383987624430323
S3,A2-3,7,03-28-17_18.18 10degC_Cycle_2_Pan18650PF,ood(10C),2.952938781030773
S3,A2-3,13,03-28-17_18.18 10degC_Cycle_2_Pan18650PF,ood(10C),3.3558982160644404
S3,A2-3,42,03-28-17_18.18 10degC_Cycle_2_Pan18650PF,ood(10C),3.229601391003066
S3,A2-4,7,03-28-17_18.18 10degC_Cycle_2_Pan18650PF,ood(10C),3.3848423390085745
S3,A2-4,13,03-28-17_18.18 10degC_Cycle_2_Pan18650PF,ood(10C),2.8289990376109166
S3,A2-4,42,03-28-17_18.18 10degC_Cycle_2_Pan18650PF,ood(10C),3.3838862976456032
S4,A2-0,7,03-28-17_18.18 10degC_Cycle_2_Pan18650PF,ood(10C),5.84196305838565
S4,A2-0,13,03-28-17_18.18 10degC_Cycle_2_Pan18650PF,ood(10C),5.8769245065289795
S4,A2-0,42,03-28-17_18.18 10degC_Cycle_2_Pan18650PF,ood(10C),6.041859045974672
S4,A2-1,7,03-28-17_18.18 10degC_Cycle_2_Pan18650PF,ood(10C),5.703236881932005
S4,A2-1,13,03-28-17_18.18 10degC_Cycle_2_Pan18650PF,ood(10C),5.640169446069843
S4,A2-1,42,03-28-17_18.18 10degC_Cycle_2_Pan18650PF,ood(10C),5.631187960953394
S4,A2-2,7,03-28-17_18.18 10degC_Cycle_2_Pan18650PF,ood(10C),5.907121601579947
S4,A2-2,13,03-28-17_18.18 10degC_Cycle_2_Pan18650PF,ood(10C),5.931779754036378
S4,A2-2,42,03-28-17_18.18 10degC_Cycle_2_Pan18650PF,ood(10C),5.84001793498984
S4,A2-3,7,03-28-17_18.18 10degC_Cycle_2_Pan18650PF,ood(10C),6.006752324715684
S4,A2-3,13,03-28-17_18.18 10degC_Cycle_2_Pan18650PF,ood(10C),5.832414111304374
S4,A2-3,42,03-28-17_18.18 10degC_Cycle_2_Pan18650PF,ood(10C),5.920662215675978
S4,A2-4,7,03-28-17_18.18 10degC_Cycle_2_Pan18650PF,ood(10C),5.825058657812009
S4,A2-4,13,03-28-17_18.18 10degC_Cycle_2_Pan18650PF,ood(10C),6.1773022663532595
S4,A2-4,42,03-28-17_18.18 10degC_Cycle_2_Pan18650PF,ood(10C),5.752904214587607
S5,A2-0,7,03-28-17_18.18 10degC_Cycle_2_Pan18650PF,ood(10C),6.47774592485182
S5,A2-0,13,03-28-17_18.18 10degC_Cycle_2_Pan18650PF,ood(10C),6.504980658360295
S5,A2-0,42,03-28-17_18.18 10degC_Cycle_2_Pan18650PF,ood(10C),6.67581930345332
S5,A2-1,7,03-28-17_18.18 10degC_Cycle_2_Pan18650PF,ood(10C),6.331459279459218
S5,A2-1,13,03-28-17_18.18 10degC_Cycle_2_Pan18650PF,ood(10C),6.267254962183485
S5,A2-1,42,03-28-17_18.18 10degC_Cycle_2_Pan18650PF,ood(10C),6.24777531269084
S5,A2-2,7,03-28-17_18.18 10degC_Cycle_2_Pan18650PF,ood(10C),6.537874545394129
S5,A2-2,13,03-28-17_18.18 10degC_Cycle_2_Pan18650PF,ood(10C),6.562112676927713
S5,A2-2,42,03-28-17_18.18 10degC_Cycle_2_Pan18650PF,ood(10C),6.472509934068639
S5,A2-3,7,03-28-17_18.18 10degC_Cycle_2_Pan18650PF,ood(10C),6.651868609759436
S5,A2-3,13,03-28-17_18.18 10degC_Cycle_2_Pan18650PF,ood(10C),6.466275675460195
S5,A2-3,42,03-28-17_18.18 10degC_Cycle_2_Pan18650PF,ood(10C),6.557459892388453
S5,A2-4,7,03-28-17_18.18 10degC_Cycle_2_Pan18650PF,ood(10C),6.457892684124557
S5,A2-4,13,03-28-17_18.18 10degC_Cycle_2_Pan18650PF,ood(10C),6.822770611004655
S5,A2-4,42,03-28-17_18.18 10degC_Cycle_2_Pan18650PF,ood(10C),6.387666312132636
S0,A2-0,7,04-05-17_17.04 10degC_Cycle_3_Pan18650PF,ood(10C),4.64280970412742
S0,A2-0,13,04-05-17_17.04 10degC_Cycle_3_Pan18650PF,ood(10C),4.655554482448765
S0,A2-0,42,04-05-17_17.04 10degC_Cycle_3_Pan18650PF,ood(10C),4.489155718285889
S0,A2-1,7,04-05-17_17.04 10degC_Cycle_3_Pan18650PF,ood(10C),4.848139288549094
S0,A2-1,13,04-05-17_17.04 10degC_Cycle_3_Pan18650PF,ood(10C),4.824667792314824
S0,A2-1,42,04-05-17_17.04 10degC_Cycle_3_Pan18650PF,ood(10C),5.0619307199286006
S0,A2-2,7,04-05-17_17.04 10degC_Cycle_3_Pan18650PF,ood(10C),4.653955951940577
S0,A2-2,13,04-05-17_17.04 10degC_Cycle_3_Pan18650PF,ood(10C),4.61539338247699
S0,A2-2,42,04-05-17_17.04 10degC_Cycle_3_Pan18650PF,ood(10C),4.706391223200263
S0,A2-3,7,04-05-17_17.04 10degC_Cycle_3_Pan18650PF,ood(10C),4.252882889881291
S0,A2-3,13,04-05-17_17.04 10degC_Cycle_3_Pan18650PF,ood(10C),4.6510170812825615
S0,A2-3,42,04-05-17_17.04 10degC_Cycle_3_Pan18650PF,ood(10C),4.538094136864497
S0,A2-4,7,04-05-17_17.04 10degC_Cycle_3_Pan18650PF,ood(10C),4.682845806434686
S0,A2-4,13,04-05-17_17.04 10degC_Cycle_3_Pan18650PF,ood(10C),4.130104789580816
S0,A2-4,42,04-05-17_17.04 10degC_Cycle_3_Pan18650PF,ood(10C),4.728131915504067
S1,A2-0,7,04-05-17_17.04 10degC_Cycle_3_Pan18650PF,ood(10C),2.4300654829554276
S1,A2-0,13,04-05-17_17.04 10degC_Cycle_3_Pan18650PF,ood(10C),2.6267307387167147
S1,A2-0,42,04-05-17_17.04 10degC_Cycle_3_Pan18650PF,ood(10C),2.603172694222472
S1,A2-1,7,04-05-17_17.04 10degC_Cycle_3_Pan18650PF,ood(10C),2.678011914269858
S1,A2-1,13,04-05-17_17.04 10degC_Cycle_3_Pan18650PF,ood(10C),2.697882204030962
S1,A2-1,42,04-05-17_17.04 10degC_Cycle_3_Pan18650PF,ood(10C),2.8576062838966396
S1,A2-2,7,04-05-17_17.04 10degC_Cycle_3_Pan18650PF,ood(10C),2.630025215421398
S1,A2-2,13,04-05-17_17.04 10degC_Cycle_3_Pan18650PF,ood(10C),2.5193086418841033
S1,A2-2,42,04-05-17_17.04 10degC_Cycle_3_Pan18650PF,ood(10C),2.560315041960027
S1,A2-3,7,04-05-17_17.04 10degC_Cycle_3_Pan18650PF,ood(10C),2.0630538120838997
S1,A2-3,13,04-05-17_17.04 10degC_Cycle_3_Pan18650PF,ood(10C),2.5573343027548647
S1,A2-3,42,04-05-17_17.04 10degC_Cycle_3_Pan18650PF,ood(10C),2.472422899639092
S1,A2-4,7,04-05-17_17.04 10degC_Cycle_3_Pan18650PF,ood(10C),2.4874172893988176
S1,A2-4,13,04-05-17_17.04 10degC_Cycle_3_Pan18650PF,ood(10C),2.0487996094153766
S1,A2-4,42,04-05-17_17.04 10degC_Cycle_3_Pan18650PF,ood(10C),2.5165677474484394
S2,A2-0,7,04-05-17_17.04 10degC_Cycle_3_Pan18650PF,ood(10C),3.1981876870427275
S2,A2-0,13,04-05-17_17.04 10degC_Cycle_3_Pan18650PF,ood(10C),3.2842180105975314
S2,A2-0,42,04-05-17_17.04 10degC_Cycle_3_Pan18650PF,ood(10C),3.1568241167088416
S2,A2-1,7,04-05-17_17.04 10degC_Cycle_3_Pan18650PF,ood(10C),3.440223034614208
S2,A2-1,13,04-05-17_17.04 10degC_Cycle_3_Pan18650PF,ood(10C),3.4315416213163896
S2,A2-1,42,04-05-17_17.04 10degC_Cycle_3_Pan18650PF,ood(10C),3.65924081727141
S2,A2-2,7,04-05-17_17.04 10degC_Cycle_3_Pan18650PF,ood(10C),3.284410110391676
S2,A2-2,13,04-05-17_17.04 10degC_Cycle_3_Pan18650PF,ood(10C),3.2129860574232585
S2,A2-2,42,04-05-17_17.04 10degC_Cycle_3_Pan18650PF,ood(10C),3.294039331331032
S2,A2-3,7,04-05-17_17.04 10degC_Cycle_3_Pan18650PF,ood(10C),2.7698398662467216
S2,A2-3,13,04-05-17_17.04 10degC_Cycle_3_Pan18650PF,ood(10C),3.25340861702794
S2,A2-3,42,04-05-17_17.04 10degC_Cycle_3_Pan18650PF,ood(10C),3.1389678721135916
S2,A2-4,7,04-05-17_17.04 10degC_Cycle_3_Pan18650PF,ood(10C),3.248996134945588
S2,A2-4,13,04-05-17_17.04 10degC_Cycle_3_Pan18650PF,ood(10C),2.6700925104085864
S2,A2-4,42,04-05-17_17.04 10degC_Cycle_3_Pan18650PF,ood(10C),3.292662290614302
S3,A2-0,7,04-05-17_17.04 10degC_Cycle_3_Pan18650PF,ood(10C),3.1981876870427275
S3,A2-0,13,04-05-17_17.04 10degC_Cycle_3_Pan18650PF,ood(10C),3.2842180105975314
S3,A2-0,42,04-05-17_17.04 10degC_Cycle_3_Pan18650PF,ood(10C),3.1568241167088416
S3,A2-1,7,04-05-17_17.04 10degC_Cycle_3_Pan18650PF,ood(10C),3.440223034614208
S3,A2-1,13,04-05-17_17.04 10degC_Cycle_3_Pan18650PF,ood(10C),3.4315416213163896
S3,A2-1,42,04-05-17_17.04 10degC_Cycle_3_Pan18650PF,ood(10C),3.65924081727141
S3,A2-2,7,04-05-17_17.04 10degC_Cycle_3_Pan18650PF,ood(10C),3.284410110391676
S3,A2-2,13,04-05-17_17.04 10degC_Cycle_3_Pan18650PF,ood(10C),3.2129860574232585
S3,A2-2,42,04-05-17_17.04 10degC_Cycle_3_Pan18650PF,ood(10C),3.294039331331032
S3,A2-3,7,04-05-17_17.04 10degC_Cycle_3_Pan18650PF,ood(10C),2.7698398662467216
S3,A2-3,13,04-05-17_17.04 10degC_Cycle_3_Pan18650PF,ood(10C),3.25340861702794
S3,A2-3,42,04-05-17_17.04 10degC_Cycle_3_Pan18650PF,ood(10C),3.1389678721135916
S3,A2-4,7,04-05-17_17.04 10degC_Cycle_3_Pan18650PF,ood(10C),3.248996134945588
S3,A2-4,13,04-05-17_17.04 10degC_Cycle_3_Pan18650PF,ood(10C),2.6700925104085864
S3,A2-4,42,04-05-17_17.04 10degC_Cycle_3_Pan18650PF,ood(10C),3.292662290614302
S4,A2-0,7,04-05-17_17.04 10degC_Cycle_3_Pan18650PF,ood(10C),8.054089936206148
S4,A2-0,13,04-05-17_17.04 10degC_Cycle_3_Pan18650PF,ood(10C),8.205893557648631
S4,A2-0,42,04-05-17_17.04 10degC_Cycle_3_Pan18650PF,ood(10C),8.39916610633765
S4,A2-1,7,04-05-17_17.04 10degC_Cycle_3_Pan18650PF,ood(10C),7.9964931645029305
S4,A2-1,13,04-05-17_17.04 10degC_Cycle_3_Pan18650PF,ood(10C),8.047770485367826
S4,A2-1,42,04-05-17_17.04 10degC_Cycle_3_Pan18650PF,ood(10C),7.877157640869445
S4,A2-2,7,04-05-17_17.04 10degC_Cycle_3_Pan18650PF,ood(10C),8.231579640733269
S4,A2-2,13,04-05-17_17.04 10degC_Cycle_3_Pan18650PF,ood(10C),8.177404021786163
S4,A2-2,42,04-05-17_17.04 10degC_Cycle_3_Pan18650PF,ood(10C),8.08357796642639
S4,A2-3,7,04-05-17_17.04 10degC_Cycle_3_Pan18650PF,ood(10C),8.197791475593135
S4,A2-3,13,04-05-17_17.04 10degC_Cycle_3_Pan18650PF,ood(10C),8.148934803011038
S4,A2-3,42,04-05-17_17.04 10degC_Cycle_3_Pan18650PF,ood(10C),8.215924854162152
S4,A2-4,7,04-05-17_17.04 10degC_Cycle_3_Pan18650PF,ood(10C),8.075942187881074
S4,A2-4,13,04-05-17_17.04 10degC_Cycle_3_Pan18650PF,ood(10C),8.364243279571403
S4,A2-4,42,04-05-17_17.04 10degC_Cycle_3_Pan18650PF,ood(10C),8.031663451436028
S5,A2-0,7,04-05-17_17.04 10degC_Cycle_3_Pan18650PF,ood(10C),8.727492048652975
S5,A2-0,13,04-05-17_17.04 10degC_Cycle_3_Pan18650PF,ood(10C),8.872086906265244
S5,A2-0,42,04-05-17_17.04 10degC_Cycle_3_Pan18650PF,ood(10C),9.068408356968616
S5,A2-1,7,04-05-17_17.04 10degC_Cycle_3_Pan18650PF,ood(10C),8.658662750162206
S5,A2-1,13,04-05-17_17.04 10degC_Cycle_3_Pan18650PF,ood(10C),8.708902336619891
S5,A2-1,42,04-05-17_17.04 10degC_Cycle_3_Pan18650PF,ood(10C),8.530764942082891
S5,A2-2,7,04-05-17_17.04 10degC_Cycle_3_Pan18650PF,ood(10C),8.898399454445185
S5,A2-2,13,04-05-17_17.04 10degC_Cycle_3_Pan18650PF,ood(10C),8.849755336288354
S5,A2-2,42,04-05-17_17.04 10degC_Cycle_3_Pan18650PF,ood(10C),8.750997611258592
S5,A2-3,7,04-05-17_17.04 10degC_Cycle_3_Pan18650PF,ood(10C),8.882545033351521
S5,A2-3,13,04-05-17_17.04 10degC_Cycle_3_Pan18650PF,ood(10C),8.817052881991952
S5,A2-3,42,04-05-17_17.04 10degC_Cycle_3_Pan18650PF,ood(10C),8.887416456869095
S5,A2-4,7,04-05-17_17.04 10degC_Cycle_3_Pan18650PF,ood(10C),8.749329734389232
S5,A2-4,13,04-05-17_17.04 10degC_Cycle_3_Pan18650PF,ood(10C),9.057006819415522
S5,A2-4,42,04-05-17_17.04 10degC_Cycle_3_Pan18650PF,ood(10C),8.701383807694974
S0,A2-0,7,04-05-17_22.50 10degC_Cycle_4_Pan18650PF,ood(10C),2.942955665507059
S0,A2-0,13,04-05-17_22.50 10degC_Cycle_4_Pan18650PF,ood(10C),3.0200943562201763
S0,A2-0,42,04-05-17_22.50 10degC_Cycle_4_Pan18650PF,ood(10C),2.758263711951082
S0,A2-1,7,04-05-17_22.50 10degC_Cycle_4_Pan18650PF,ood(10C),3.200556290385371
S0,A2-1,13,04-05-17_22.50 10degC_Cycle_4_Pan18650PF,ood(10C),3.139802880622568
S0,A2-1,42,04-05-17_22.50 10degC_Cycle_4_Pan18650PF,ood(10C),3.4836767355831917
S0,A2-2,7,04-05-17_22.50 10degC_Cycle_4_Pan18650PF,ood(10C),3.0223262890880265
S0,A2-2,13,04-05-17_22.50 10degC_Cycle_4_Pan18650PF,ood(10C),3.028452085622857
S0,A2-2,42,04-05-17_22.50 10degC_Cycle_4_Pan18650PF,ood(10C),3.002582634383009
S0,A2-3,7,04-05-17_22.50 10degC_Cycle_4_Pan18650PF,ood(10C),2.7700799639389984
S0,A2-3,13,04-05-17_22.50 10degC_Cycle_4_Pan18650PF,ood(10C),2.958801213504845
S0,A2-3,42,04-05-17_22.50 10degC_Cycle_4_Pan18650PF,ood(10C),2.841152489763103
S0,A2-4,7,04-05-17_22.50 10degC_Cycle_4_Pan18650PF,ood(10C),3.043312354874079
S0,A2-4,13,04-05-17_22.50 10degC_Cycle_4_Pan18650PF,ood(10C),2.5964745613257376
S0,A2-4,42,04-05-17_22.50 10degC_Cycle_4_Pan18650PF,ood(10C),3.005420524895651
S1,A2-0,7,04-05-17_22.50 10degC_Cycle_4_Pan18650PF,ood(10C),1.7237866784573623
S1,A2-0,13,04-05-17_22.50 10degC_Cycle_4_Pan18650PF,ood(10C),2.0071615976710184
S1,A2-0,42,04-05-17_22.50 10degC_Cycle_4_Pan18650PF,ood(10C),2.0553445815609215
S1,A2-1,7,04-05-17_22.50 10degC_Cycle_4_Pan18650PF,ood(10C),1.8577419701237041
S1,A2-1,13,04-05-17_22.50 10degC_Cycle_4_Pan18650PF,ood(10C),1.8932382477740597
S1,A2-1,42,04-05-17_22.50 10degC_Cycle_4_Pan18650PF,ood(10C),2.02359375556361
S1,A2-2,7,04-05-17_22.50 10degC_Cycle_4_Pan18650PF,ood(10C),1.9741433627317262
S1,A2-2,13,04-05-17_22.50 10degC_Cycle_4_Pan18650PF,ood(10C),1.8888522522484492
S1,A2-2,42,04-05-17_22.50 10degC_Cycle_4_Pan18650PF,ood(10C),1.8601791356210349
S1,A2-3,7,04-05-17_22.50 10degC_Cycle_4_Pan18650PF,ood(10C),1.6651293746365212
S1,A2-3,13,04-05-17_22.50 10degC_Cycle_4_Pan18650PF,ood(10C),1.8791011178434405
S1,A2-3,42,04-05-17_22.50 10degC_Cycle_4_Pan18650PF,ood(10C),1.8842042421660856
S1,A2-4,7,04-05-17_22.50 10degC_Cycle_4_Pan18650PF,ood(10C),1.8389816681395124
S1,A2-4,13,04-05-17_22.50 10degC_Cycle_4_Pan18650PF,ood(10C),1.6583425034438817
S1,A2-4,42,04-05-17_22.50 10degC_Cycle_4_Pan18650PF,ood(10C),1.7569563020494112
S2,A2-0,7,04-05-17_22.50 10degC_Cycle_4_Pan18650PF,ood(10C),1.672416617483292
S2,A2-0,13,04-05-17_22.50 10degC_Cycle_4_Pan18650PF,ood(10C),1.8858428338221545
S2,A2-0,42,04-05-17_22.50 10degC_Cycle_4_Pan18650PF,ood(10C),1.7029698148585262
S2,A2-1,7,04-05-17_22.50 10degC_Cycle_4_Pan18650PF,ood(10C),1.9561843339573897
S2,A2-1,13,04-05-17_22.50 10degC_Cycle_4_Pan18650PF,ood(10C),1.9238842535246532
S2,A2-1,42,04-05-17_22.50 10degC_Cycle_4_Pan18650PF,ood(10C),2.256780029864141
S2,A2-2,7,04-05-17_22.50 10degC_Cycle_4_Pan18650PF,ood(10C),1.8700863153731555
S2,A2-2,13,04-05-17_22.50 10degC_Cycle_4_Pan18650PF,ood(10C),1.8304429273108118
S2,A2-2,42,04-05-17_22.50 10degC_Cycle_4_Pan18650PF,ood(10C),1.7941094812909015
S2,A2-3,7,04-05-17_22.50 10degC_Cycle_4_Pan18650PF,ood(10C),1.484866141396221
S2,A2-3,13,04-05-17_22.50 10degC_Cycle_4_Pan18650PF,ood(10C),1.767527955185684
S2,A2-3,42,04-05-17_22.50 10degC_Cycle_4_Pan18650PF,ood(10C),1.67138443384635
S2,A2-4,7,04-05-17_22.50 10degC_Cycle_4_Pan18650PF,ood(10C),1.8172253353339427
S2,A2-4,13,04-05-17_22.50 10degC_Cycle_4_Pan18650PF,ood(10C),1.3148936654967283
S2,A2-4,42,04-05-17_22.50 10degC_Cycle_4_Pan18650PF,ood(10C),1.7436000969972836
S3,A2-0,7,04-05-17_22.50 10degC_Cycle_4_Pan18650PF,ood(10C),1.672416617483292
S3,A2-0,13,04-05-17_22.50 10degC_Cycle_4_Pan18650PF,ood(10C),1.8858428338221545
S3,A2-0,42,04-05-17_22.50 10degC_Cycle_4_Pan18650PF,ood(10C),1.7029698148585262
S3,A2-1,7,04-05-17_22.50 10degC_Cycle_4_Pan18650PF,ood(10C),1.9561843339573897
S3,A2-1,13,04-05-17_22.50 10degC_Cycle_4_Pan18650PF,ood(10C),1.9238842535246532
S3,A2-1,42,04-05-17_22.50 10degC_Cycle_4_Pan18650PF,ood(10C),2.256780029864141
S3,A2-2,7,04-05-17_22.50 10degC_Cycle_4_Pan18650PF,ood(10C),1.8700863153731555
S3,A2-2,13,04-05-17_22.50 10degC_Cycle_4_Pan18650PF,ood(10C),1.8304429273108118
S3,A2-2,42,04-05-17_22.50 10degC_Cycle_4_Pan18650PF,ood(10C),1.7941094812909015
S3,A2-3,7,04-05-17_22.50 10degC_Cycle_4_Pan18650PF,ood(10C),1.484866141396221
S3,A2-3,13,04-05-17_22.50 10degC_Cycle_4_Pan18650PF,ood(10C),1.767527955185684
S3,A2-3,42,04-05-17_22.50 10degC_Cycle_4_Pan18650PF,ood(10C),1.67138443384635
S3,A2-4,7,04-05-17_22.50 10degC_Cycle_4_Pan18650PF,ood(10C),1.8172253353339427
S3,A2-4,13,04-05-17_22.50 10degC_Cycle_4_Pan18650PF,ood(10C),1.3148936654967283
S3,A2-4,42,04-05-17_22.50 10degC_Cycle_4_Pan18650PF,ood(10C),1.7436000969972836
S4,A2-0,7,04-05-17_22.50 10degC_Cycle_4_Pan18650PF,ood(10C),8.437912075564068
S4,A2-0,13,04-05-17_22.50 10degC_Cycle_4_Pan18650PF,ood(10C),8.56175525330189
S4,A2-0,42,04-05-17_22.50 10degC_Cycle_4_Pan18650PF,ood(10C),8.792752703272418
S4,A2-1,7,04-05-17_22.50 10degC_Cycle_4_Pan18650PF,ood(10C),8.297819853851905
S4,A2-1,13,04-05-17_22.50 10degC_Cycle_4_Pan18650PF,ood(10C),8.373809002984377
S4,A2-1,42,04-05-17_22.50 10degC_Cycle_4_Pan18650PF,ood(10C),8.169050704276579
S4,A2-2,7,04-05-17_22.50 10degC_Cycle_4_Pan18650PF,ood(10C),8.54318317395885
S4,A2-2,13,04-05-17_22.50 10degC_Cycle_4_Pan18650PF,ood(10C),8.47645378987279
S4,A2-2,42,04-05-17_22.50 10degC_Cycle_4_Pan18650PF,ood(10C),8.472723873099849
S4,A2-3,7,04-05-17_22.50 10degC_Cycle_4_Pan18650PF,ood(10C),8.521609735272902
S4,A2-3,13,04-05-17_22.50 10degC_Cycle_4_Pan18650PF,ood(10C),8.510320020881801
S4,A2-3,42,04-05-17_22.50 10degC_Cycle_4_Pan18650PF,ood(10C),8.605578468862827
S4,A2-4,7,04-05-17_22.50 10degC_Cycle_4_Pan18650PF,ood(10C),8.435248417340723
S4,A2-4,13,04-05-17_22.50 10degC_Cycle_4_Pan18650PF,ood(10C),8.63612779121677
S4,A2-4,42,04-05-17_22.50 10degC_Cycle_4_Pan18650PF,ood(10C),8.398144394776125
S5,A2-0,7,04-05-17_22.50 10degC_Cycle_4_Pan18650PF,ood(10C),9.014299540815449
S5,A2-0,13,04-05-17_22.50 10degC_Cycle_4_Pan18650PF,ood(10C),9.130785278207862
S5,A2-0,42,04-05-17_22.50 10degC_Cycle_4_Pan18650PF,ood(10C),9.36449295799758
S5,A2-1,7,04-05-17_22.50 10degC_Cycle_4_Pan18650PF,ood(10C),8.863541278778046
S5,A2-1,13,04-05-17_22.50 10degC_Cycle_4_Pan18650PF,ood(10C),8.93962000513655
S5,A2-1,42,04-05-17_22.50 10degC_Cycle_4_Pan18650PF,ood(10C),8.730572697520897
S5,A2-2,7,04-05-17_22.50 10degC_Cycle_4_Pan18650PF,ood(10C),9.113517218220322
S5,A2-2,13,04-05-17_22.50 10degC_Cycle_4_Pan18650PF,ood(10C),9.047586801925636
S5,A2-2,42,04-05-17_22.50 10degC_Cycle_4_Pan18650PF,ood(10C),9.044351115547398
S5,A2-3,7,04-05-17_22.50 10degC_Cycle_4_Pan18650PF,ood(10C),9.0990562442502
S5,A2-3,13,04-05-17_22.50 10degC_Cycle_4_Pan18650PF,ood(10C),9.079756121666234
S5,A2-3,42,04-05-17_22.50 10degC_Cycle_4_Pan18650PF,ood(10C),9.176878523885412
S5,A2-4,7,04-05-17_22.50 10degC_Cycle_4_Pan18650PF,ood(10C),9.007348577615785
S5,A2-4,13,04-05-17_22.50 10degC_Cycle_4_Pan18650PF,ood(10C),9.21564039881967
S5,A2-4,42,04-05-17_22.50 10degC_Cycle_4_Pan18650PF,ood(10C),8.968084793187673
S0,A2-0,7,05-30-17_12.56 0degC_Cycle_1_Pan18650PF,ood(0C),9.956090658548503
S0,A2-0,13,05-30-17_12.56 0degC_Cycle_1_Pan18650PF,ood(0C),9.790477720366136
S0,A2-0,42,05-30-17_12.56 0degC_Cycle_1_Pan18650PF,ood(0C),9.340661333146954
S0,A2-1,7,05-30-17_12.56 0degC_Cycle_1_Pan18650PF,ood(0C),10.097594831978826
S0,A2-1,13,05-30-17_12.56 0degC_Cycle_1_Pan18650PF,ood(0C),9.95828972625382
S0,A2-1,42,05-30-17_12.56 0degC_Cycle_1_Pan18650PF,ood(0C),10.393236242464855
S0,A2-2,7,05-30-17_12.56 0degC_Cycle_1_Pan18650PF,ood(0C),9.722252741025214
S0,A2-2,13,05-30-17_12.56 0degC_Cycle_1_Pan18650PF,ood(0C),9.589482948096597
S0,A2-2,42,05-30-17_12.56 0degC_Cycle_1_Pan18650PF,ood(0C),9.677987702222113
S0,A2-3,7,05-30-17_12.56 0degC_Cycle_1_Pan18650PF,ood(0C),9.709956567791975
S0,A2-3,13,05-30-17_12.56 0degC_Cycle_1_Pan18650PF,ood(0C),9.659294215910725
S0,A2-3,42,05-30-17_12.56 0degC_Cycle_1_Pan18650PF,ood(0C),9.452716293462933
S0,A2-4,7,05-30-17_12.56 0degC_Cycle_1_Pan18650PF,ood(0C),10.250944095666329
S0,A2-4,13,05-30-17_12.56 0degC_Cycle_1_Pan18650PF,ood(0C),9.768153071025898
S0,A2-4,42,05-30-17_12.56 0degC_Cycle_1_Pan18650PF,ood(0C),9.827701383422768
S1,A2-0,7,05-30-17_12.56 0degC_Cycle_1_Pan18650PF,ood(0C),4.378182044070614
S1,A2-0,13,05-30-17_12.56 0degC_Cycle_1_Pan18650PF,ood(0C),4.7195893441281145
S1,A2-0,42,05-30-17_12.56 0degC_Cycle_1_Pan18650PF,ood(0C),4.617627817129762
S1,A2-1,7,05-30-17_12.56 0degC_Cycle_1_Pan18650PF,ood(0C),4.748547562430546
S1,A2-1,13,05-30-17_12.56 0degC_Cycle_1_Pan18650PF,ood(0C),4.672073892496349
S1,A2-1,42,05-30-17_12.56 0degC_Cycle_1_Pan18650PF,ood(0C),5.237257775718772
S1,A2-2,7,05-30-17_12.56 0degC_Cycle_1_Pan18650PF,ood(0C),4.907666689180153
S1,A2-2,13,05-30-17_12.56 0degC_Cycle_1_Pan18650PF,ood(0C),4.678200565553895
S1,A2-2,42,05-30-17_12.56 0degC_Cycle_1_Pan18650PF,ood(0C),4.721618683037314
S1,A2-3,7,05-30-17_12.56 0degC_Cycle_1_Pan18650PF,ood(0C),3.806951436684065
S1,A2-3,13,05-30-17_12.56 0degC_Cycle_1_Pan18650PF,ood(0C),4.624544405298126
S1,A2-3,42,05-30-17_12.56 0degC_Cycle_1_Pan18650PF,ood(0C),4.499851175139936
S1,A2-4,7,05-30-17_12.56 0degC_Cycle_1_Pan18650PF,ood(0C),4.537030480602281
S1,A2-4,13,05-30-17_12.56 0degC_Cycle_1_Pan18650PF,ood(0C),3.9686129976342763
S1,A2-4,42,05-30-17_12.56 0degC_Cycle_1_Pan18650PF,ood(0C),4.382782666515675
S2,A2-0,7,05-30-17_12.56 0degC_Cycle_1_Pan18650PF,ood(0C),4.338803307489832
S2,A2-0,13,05-30-17_12.56 0degC_Cycle_1_Pan18650PF,ood(0C),4.812044222855675
S2,A2-0,42,05-30-17_12.56 0degC_Cycle_1_Pan18650PF,ood(0C),4.9623395031292565
S2,A2-1,7,05-30-17_12.56 0degC_Cycle_1_Pan18650PF,ood(0C),4.4327750041950145
S2,A2-1,13,05-30-17_12.56 0degC_Cycle_1_Pan18650PF,ood(0C),4.4895251805948515
S2,A2-1,42,05-30-17_12.56 0degC_Cycle_1_Pan18650PF,ood(0C),4.720860933187053
S2,A2-2,7,05-30-17_12.56 0degC_Cycle_1_Pan18650PF,ood(0C),4.891604730104014
S2,A2-2,13,05-30-17_12.56 0degC_Cycle_1_Pan18650PF,ood(0C),4.769308829554355
S2,A2-2,42,05-30-17_12.56 0degC_Cycle_1_Pan18650PF,ood(0C),4.664391847618019
S2,A2-3,7,05-30-17_12.56 0degC_Cycle_1_Pan18650PF,ood(0C),4.0048992791980185
S2,A2-3,13,05-30-17_12.56 0degC_Cycle_1_Pan18650PF,ood(0C),4.608246614841265
S2,A2-3,42,05-30-17_12.56 0degC_Cycle_1_Pan18650PF,ood(0C),4.656281878812683
S2,A2-4,7,05-30-17_12.56 0degC_Cycle_1_Pan18650PF,ood(0C),4.463584392040737
S2,A2-4,13,05-30-17_12.56 0degC_Cycle_1_Pan18650PF,ood(0C),4.398012498172755
S2,A2-4,42,05-30-17_12.56 0degC_Cycle_1_Pan18650PF,ood(0C),4.323057013768866
S3,A2-0,7,05-30-17_12.56 0degC_Cycle_1_Pan18650PF,ood(0C),8.131698299776117
S3,A2-0,13,05-30-17_12.56 0degC_Cycle_1_Pan18650PF,ood(0C),8.042501180949483
S3,A2-0,42,05-30-17_12.56 0degC_Cycle_1_Pan18650PF,ood(0C),7.625968280754087
S3,A2-1,7,05-30-17_12.56 0degC_Cycle_1_Pan18650PF,ood(0C),8.324993512471206
S3,A2-1,13,05-30-17_12.56 0degC_Cycle_1_Pan18650PF,ood(0C),8.187628779787211
S3,A2-1,42,05-30-17_12.56 0degC_Cycle_1_Pan18650PF,ood(0C),8.668137646663993
S3,A2-2,7,05-30-17_12.56 0degC_Cycle_1_Pan18650PF,ood(0C),8.020618417434353
S3,A2-2,13,05-30-17_12.56 0degC_Cycle_1_Pan18650PF,ood(0C),7.862721347138025
S3,A2-2,42,05-30-17_12.56 0degC_Cycle_1_Pan18650PF,ood(0C),7.946149024927547
S3,A2-3,7,05-30-17_12.56 0degC_Cycle_1_Pan18650PF,ood(0C),7.829845246527904
S3,A2-3,13,05-30-17_12.56 0degC_Cycle_1_Pan18650PF,ood(0C),7.91625290913016
S3,A2-3,42,05-30-17_12.56 0degC_Cycle_1_Pan18650PF,ood(0C),7.709166208021949
S3,A2-4,7,05-30-17_12.56 0degC_Cycle_1_Pan18650PF,ood(0C),8.410946719441501
S3,A2-4,13,05-30-17_12.56 0degC_Cycle_1_Pan18650PF,ood(0C),7.899771290269483
S3,A2-4,42,05-30-17_12.56 0degC_Cycle_1_Pan18650PF,ood(0C),8.023077508590768
S4,A2-0,7,05-30-17_12.56 0degC_Cycle_1_Pan18650PF,ood(0C),4.338803307489832
S4,A2-0,13,05-30-17_12.56 0degC_Cycle_1_Pan18650PF,ood(0C),4.812044222855675
S4,A2-0,42,05-30-17_12.56 0degC_Cycle_1_Pan18650PF,ood(0C),4.9623395031292565
S4,A2-1,7,05-30-17_12.56 0degC_Cycle_1_Pan18650PF,ood(0C),4.4327750041950145
S4,A2-1,13,05-30-17_12.56 0degC_Cycle_1_Pan18650PF,ood(0C),4.4895251805948515
S4,A2-1,42,05-30-17_12.56 0degC_Cycle_1_Pan18650PF,ood(0C),4.720860933187053
S4,A2-2,7,05-30-17_12.56 0degC_Cycle_1_Pan18650PF,ood(0C),4.891604730104014
S4,A2-2,13,05-30-17_12.56 0degC_Cycle_1_Pan18650PF,ood(0C),4.769308829554355
S4,A2-2,42,05-30-17_12.56 0degC_Cycle_1_Pan18650PF,ood(0C),4.664391847618019
S4,A2-3,7,05-30-17_12.56 0degC_Cycle_1_Pan18650PF,ood(0C),4.0048992791980185
S4,A2-3,13,05-30-17_12.56 0degC_Cycle_1_Pan18650PF,ood(0C),4.608246614841265
S4,A2-3,42,05-30-17_12.56 0degC_Cycle_1_Pan18650PF,ood(0C),4.656281878812683
S4,A2-4,7,05-30-17_12.56 0degC_Cycle_1_Pan18650PF,ood(0C),4.463584392040737
S4,A2-4,13,05-30-17_12.56 0degC_Cycle_1_Pan18650PF,ood(0C),4.398012498172755
S4,A2-4,42,05-30-17_12.56 0degC_Cycle_1_Pan18650PF,ood(0C),4.323057013768866
S5,A2-0,7,05-30-17_12.56 0degC_Cycle_1_Pan18650PF,ood(0C),4.6253763070505105
S5,A2-0,13,05-30-17_12.56 0degC_Cycle_1_Pan18650PF,ood(0C),5.079341472600481
S5,A2-0,42,05-30-17_12.56 0degC_Cycle_1_Pan18650PF,ood(0C),5.2523643754368
S5,A2-1,7,05-30-17_12.56 0degC_Cycle_1_Pan18650PF,ood(0C),4.66490545079238
S5,A2-1,13,05-30-17_12.56 0degC_Cycle_1_Pan18650PF,ood(0C),4.741474896762149
S5,A2-1,42,05-30-17_12.56 0degC_Cycle_1_Pan18650PF,ood(0C),4.899859097243346
S5,A2-2,7,05-30-17_12.56 0degC_Cycle_1_Pan18650PF,ood(0C),5.139180750158786
S5,A2-2,13,05-30-17_12.56 0degC_Cycle_1_Pan18650PF,ood(0C),5.033924212099841
S5,A2-2,42,05-30-17_12.56 0degC_Cycle_1_Pan18650PF,ood(0C),4.910794731814307
S5,A2-3,7,05-30-17_12.56 0degC_Cycle_1_Pan18650PF,ood(0C),4.3555422272551345
S5,A2-3,13,05-30-17_12.56 0degC_Cycle_1_Pan18650PF,ood(0C),4.870500449873091
S5,A2-3,42,05-30-17_12.56 0degC_Cycle_1_Pan18650PF,ood(0C),4.934229220622375
S5,A2-4,7,05-30-17_12.56 0degC_Cycle_1_Pan18650PF,ood(0C),4.742127990780356
S5,A2-4,13,05-30-17_12.56 0degC_Cycle_1_Pan18650PF,ood(0C),4.757136768068604
S5,A2-4,42,05-30-17_12.56 0degC_Cycle_1_Pan18650PF,ood(0C),4.610186583753776
S0,A2-0,7,05-30-17_20.16 0degC_Cycle_2_Pan18650PF,ood(0C),9.970987091152088
S0,A2-0,13,05-30-17_20.16 0degC_Cycle_2_Pan18650PF,ood(0C),9.994706823591407
S0,A2-0,42,05-30-17_20.16 0degC_Cycle_2_Pan18650PF,ood(0C),9.53354834914529
S0,A2-1,7,05-30-17_20.16 0degC_Cycle_2_Pan18650PF,ood(0C),10.342425155502275
S0,A2-1,13,05-30-17_20.16 0degC_Cycle_2_Pan18650PF,ood(0C),10.246774347369538
S0,A2-1,42,05-30-17_20.16 0degC_Cycle_2_Pan18650PF,ood(0C),10.68041606745458
S0,A2-2,7,05-30-17_20.16 0degC_Cycle_2_Pan18650PF,ood(0C),9.859165236405579
S0,A2-2,13,05-30-17_20.16 0degC_Cycle_2_Pan18650PF,ood(0C),9.825787251116369
S0,A2-2,42,05-30-17_20.16 0degC_Cycle_2_Pan18650PF,ood(0C),9.890788947042564
S0,A2-3,7,05-30-17_20.16 0degC_Cycle_2_Pan18650PF,ood(0C),9.872403399711528
S0,A2-3,13,05-30-17_20.16 0degC_Cycle_2_Pan18650PF,ood(0C),9.905699526980674
S0,A2-3,42,05-30-17_20.16 0degC_Cycle_2_Pan18650PF,ood(0C),9.71549530335032
S0,A2-4,7,05-30-17_20.16 0degC_Cycle_2_Pan18650PF,ood(0C),10.415690666514168
S0,A2-4,13,05-30-17_20.16 0degC_Cycle_2_Pan18650PF,ood(0C),9.930367634756935
S0,A2-4,42,05-30-17_20.16 0degC_Cycle_2_Pan18650PF,ood(0C),10.033092336594773
S1,A2-0,7,05-30-17_20.16 0degC_Cycle_2_Pan18650PF,ood(0C),4.836373508482705
S1,A2-0,13,05-30-17_20.16 0degC_Cycle_2_Pan18650PF,ood(0C),5.181064412346592
S1,A2-0,42,05-30-17_20.16 0degC_Cycle_2_Pan18650PF,ood(0C),5.0465639700267815
S1,A2-1,7,05-30-17_20.16 0degC_Cycle_2_Pan18650PF,ood(0C),5.176451441067799
S1,A2-1,13,05-30-17_20.16 0degC_Cycle_2_Pan18650PF,ood(0C),5.095320689259647
S1,A2-1,42,05-30-17_20.16 0degC_Cycle_2_Pan18650PF,ood(0C),5.620130506432769
S1,A2-2,7,05-30-17_20.16 0degC_Cycle_2_Pan18650PF,ood(0C),5.303514183549398
S1,A2-2,13,05-30-17_20.16 0degC_Cycle_2_Pan18650PF,ood(0C),5.06697620341686
S1,A2-2,42,05-30-17_20.16 0degC_Cycle_2_Pan18650PF,ood(0C),5.08537719300745
S1,A2-3,7,05-30-17_20.16 0degC_Cycle_2_Pan18650PF,ood(0C),4.244096432715578
S1,A2-3,13,05-30-17_20.16 0degC_Cycle_2_Pan18650PF,ood(0C),5.001445035834676
S1,A2-3,42,05-30-17_20.16 0degC_Cycle_2_Pan18650PF,ood(0C),4.873715112481933
S1,A2-4,7,05-30-17_20.16 0degC_Cycle_2_Pan18650PF,ood(0C),4.944506669859564
S1,A2-4,13,05-30-17_20.16 0degC_Cycle_2_Pan18650PF,ood(0C),4.374445366103735
S1,A2-4,42,05-30-17_20.16 0degC_Cycle_2_Pan18650PF,ood(0C),4.872470193069703
S2,A2-0,7,05-30-17_20.16 0degC_Cycle_2_Pan18650PF,ood(0C),5.057926648931441
S2,A2-0,13,05-30-17_20.16 0degC_Cycle_2_Pan18650PF,ood(0C),5.441332519880883
S2,A2-0,42,05-30-17_20.16 0degC_Cycle_2_Pan18650PF,ood(0C),5.54510633004202
S2,A2-1,7,05-30-17_20.16 0degC_Cycle_2_Pan18650PF,ood(0C),5.029442109649057
S2,A2-1,13,05-30-17_20.16 0degC_Cycle_2_Pan18650PF,ood(0C),5.022378761210295
S2,A2-1,42,05-30-17_20.16 0degC_Cycle_2_Pan18650PF,ood(0C),5.256988702621887
S2,A2-2,7,05-30-17_20.16 0degC_Cycle_2_Pan18650PF,ood(0C),5.517686234453463
S2,A2-2,13,05-30-17_20.16 0degC_Cycle_2_Pan18650PF,ood(0C),5.348622618769563
S2,A2-2,42,05-30-17_20.16 0degC_Cycle_2_Pan18650PF,ood(0C),5.267075846393681
S2,A2-3,7,05-30-17_20.16 0degC_Cycle_2_Pan18650PF,ood(0C),4.642622862550518
S2,A2-3,13,05-30-17_20.16 0degC_Cycle_2_Pan18650PF,ood(0C),5.166089032396958
S2,A2-3,42,05-30-17_20.16 0degC_Cycle_2_Pan18650PF,ood(0C),5.211748219699319
S2,A2-4,7,05-30-17_20.16 0degC_Cycle_2_Pan18650PF,ood(0C),5.028365591774531
S2,A2-4,13,05-30-17_20.16 0degC_Cycle_2_Pan18650PF,ood(0C),4.941418295801753
S2,A2-4,42,05-30-17_20.16 0degC_Cycle_2_Pan18650PF,ood(0C),4.9456906021575575
S3,A2-0,7,05-30-17_20.16 0degC_Cycle_2_Pan18650PF,ood(0C),8.23876419947517
S3,A2-0,13,05-30-17_20.16 0degC_Cycle_2_Pan18650PF,ood(0C),8.31869162921788
S3,A2-0,42,05-30-17_20.16 0degC_Cycle_2_Pan18650PF,ood(0C),7.892795163586256
S3,A2-1,7,05-30-17_20.16 0degC_Cycle_2_Pan18650PF,ood(0C),8.625357761443627
S3,A2-1,13,05-30-17_20.16 0degC_Cycle_2_Pan18650PF,ood(0C),8.527645671433493
S3,A2-1,42,05-30-17_20.16 0degC_Cycle_2_Pan18650PF,ood(0C),8.995561966831334
S3,A2-2,7,05-30-17_20.16 0degC_Cycle_2_Pan18650PF,ood(0C),8.226773750550024
S3,A2-2,13,05-30-17_20.16 0degC_Cycle_2_Pan18650PF,ood(0C),8.153792586574852
S3,A2-2,42,05-30-17_20.16 0degC_Cycle_2_Pan18650PF,ood(0C),8.215424144343777
S3,A2-3,7,05-30-17_20.16 0degC_Cycle_2_Pan18650PF,ood(0C),8.058379789199268
S3,A2-3,13,05-30-17_20.16 0degC_Cycle_2_Pan18650PF,ood(0C),8.213316537890979
S3,A2-3,42,05-30-17_20.16 0degC_Cycle_2_Pan18650PF,ood(0C),8.023022270220382
S3,A2-4,7,05-30-17_20.16 0degC_Cycle_2_Pan18650PF,ood(0C),8.643816880501408
S3,A2-4,13,05-30-17_20.16 0degC_Cycle_2_Pan18650PF,ood(0C),8.125372995497681
S3,A2-4,42,05-30-17_20.16 0degC_Cycle_2_Pan18650PF,ood(0C),8.30341082093222
S4,A2-0,7,05-30-17_20.16 0degC_Cycle_2_Pan18650PF,ood(0C),5.057926648931441
S4,A2-0,13,05-30-17_20.16 0degC_Cycle_2_Pan18650PF,ood(0C),5.441332519880883
S4,A2-0,42,05-30-17_20.16 0degC_Cycle_2_Pan18650PF,ood(0C),5.54510633004202
S4,A2-1,7,05-30-17_20.16 0degC_Cycle_2_Pan18650PF,ood(0C),5.029442109649057
S4,A2-1,13,05-30-17_20.16 0degC_Cycle_2_Pan18650PF,ood(0C),5.022378761210295
S4,A2-1,42,05-30-17_20.16 0degC_Cycle_2_Pan18650PF,ood(0C),5.256988702621887
S4,A2-2,7,05-30-17_20.16 0degC_Cycle_2_Pan18650PF,ood(0C),5.517686234453463
S4,A2-2,13,05-30-17_20.16 0degC_Cycle_2_Pan18650PF,ood(0C),5.348622618769563
S4,A2-2,42,05-30-17_20.16 0degC_Cycle_2_Pan18650PF,ood(0C),5.267075846393681
S4,A2-3,7,05-30-17_20.16 0degC_Cycle_2_Pan18650PF,ood(0C),4.642622862550518
S4,A2-3,13,05-30-17_20.16 0degC_Cycle_2_Pan18650PF,ood(0C),5.166089032396958
S4,A2-3,42,05-30-17_20.16 0degC_Cycle_2_Pan18650PF,ood(0C),5.211748219699319
S4,A2-4,7,05-30-17_20.16 0degC_Cycle_2_Pan18650PF,ood(0C),5.028365591774531
S4,A2-4,13,05-30-17_20.16 0degC_Cycle_2_Pan18650PF,ood(0C),4.941418295801753
S4,A2-4,42,05-30-17_20.16 0degC_Cycle_2_Pan18650PF,ood(0C),4.9456906021575575
S5,A2-0,7,05-30-17_20.16 0degC_Cycle_2_Pan18650PF,ood(0C),5.321760154991726
S5,A2-0,13,05-30-17_20.16 0degC_Cycle_2_Pan18650PF,ood(0C),5.686057012724205
S5,A2-0,42,05-30-17_20.16 0degC_Cycle_2_Pan18650PF,ood(0C),5.818063708089823
S5,A2-1,7,05-30-17_20.16 0degC_Cycle_2_Pan18650PF,ood(0C),5.239121983350057
S5,A2-1,13,05-30-17_20.16 0degC_Cycle_2_Pan18650PF,ood(0C),5.247902718082075
S5,A2-1,42,05-30-17_20.16 0degC_Cycle_2_Pan18650PF,ood(0C),5.422329505603422
S5,A2-2,7,05-30-17_20.16 0degC_Cycle_2_Pan18650PF,ood(0C),5.757341454493308
S5,A2-2,13,05-30-17_20.16 0degC_Cycle_2_Pan18650PF,ood(0C),5.605363201841048
S5,A2-2,42,05-30-17_20.16 0degC_Cycle_2_Pan18650PF,ood(0C),5.508436848548481
S5,A2-3,7,05-30-17_20.16 0degC_Cycle_2_Pan18650PF,ood(0C),4.963713173647762
S5,A2-3,13,05-30-17_20.16 0degC_Cycle_2_Pan18650PF,ood(0C),5.414443761977465
S5,A2-3,42,05-30-17_20.16 0degC_Cycle_2_Pan18650PF,ood(0C),5.4790830827124415
S5,A2-4,7,05-30-17_20.16 0degC_Cycle_2_Pan18650PF,ood(0C),5.285137188842008
S5,A2-4,13,05-30-17_20.16 0degC_Cycle_2_Pan18650PF,ood(0C),5.27274837578875
S5,A2-4,42,05-30-17_20.16 0degC_Cycle_2_Pan18650PF,ood(0C),5.197876284291969
S0,A2-0,7,06-01-17_10.36 0degC_LA92_Pan18650PF,ood(0C),6.033118676288158
S0,A2-0,13,06-01-17_10.36 0degC_LA92_Pan18650PF,ood(0C),6.259621789562954
S0,A2-0,42,06-01-17_10.36 0degC_LA92_Pan18650PF,ood(0C),5.905523445205514
S0,A2-1,7,06-01-17_10.36 0degC_LA92_Pan18650PF,ood(0C),6.346038773620255
S0,A2-1,13,06-01-17_10.36 0degC_LA92_Pan18650PF,ood(0C),6.3416725263974865
S0,A2-1,42,06-01-17_10.36 0degC_LA92_Pan18650PF,ood(0C),6.752718666745564
S0,A2-2,7,06-01-17_10.36 0degC_LA92_Pan18650PF,ood(0C),6.272018270832709
S0,A2-2,13,06-01-17_10.36 0degC_LA92_Pan18650PF,ood(0C),6.263187551685577
S0,A2-2,42,06-01-17_10.36 0degC_LA92_Pan18650PF,ood(0C),6.249163971647318
S0,A2-3,7,06-01-17_10.36 0degC_LA92_Pan18650PF,ood(0C),5.647425483504425
S0,A2-3,13,06-01-17_10.36 0degC_LA92_Pan18650PF,ood(0C),6.132721574929633
S0,A2-3,42,06-01-17_10.36 0degC_LA92_Pan18650PF,ood(0C),6.064753852524233
S0,A2-4,7,06-01-17_10.36 0degC_LA92_Pan18650PF,ood(0C),6.1520179374622215
S0,A2-4,13,06-01-17_10.36 0degC_LA92_Pan18650PF,ood(0C),5.468021792238852
S0,A2-4,42,06-01-17_10.36 0degC_LA92_Pan18650PF,ood(0C),6.0392129334173035
S1,A2-0,7,06-01-17_10.36 0degC_LA92_Pan18650PF,ood(0C),1.811849291220926
S1,A2-0,13,06-01-17_10.36 0degC_LA92_Pan18650PF,ood(0C),2.3568626912990083
S1,A2-0,42,06-01-17_10.36 0degC_LA92_Pan18650PF,ood(0C),1.9336562780803657
S1,A2-1,7,06-01-17_10.36 0degC_LA92_Pan18650PF,ood(0C),2.1502526246930747
S1,A2-1,13,06-01-17_10.36 0degC_LA92_Pan18650PF,ood(0C),2.1491372523985057
S1,A2-1,42,06-01-17_10.36 0degC_LA92_Pan18650PF,ood(0C),2.814533634675738
S1,A2-2,7,06-01-17_10.36 0degC_LA92_Pan18650PF,ood(0C),2.3673984962927577
S1,A2-2,13,06-01-17_10.36 0degC_LA92_Pan18650PF,ood(0C),2.533514762417561
S1,A2-2,42,06-01-17_10.36 0degC_LA92_Pan18650PF,ood(0C),2.157134684133404
S1,A2-3,7,06-01-17_10.36 0degC_LA92_Pan18650PF,ood(0C),1.4252013906022363
S1,A2-3,13,06-01-17_10.36 0degC_LA92_Pan18650PF,ood(0C),2.060323322586178
S1,A2-3,42,06-01-17_10.36 0degC_LA92_Pan18650PF,ood(0C),2.057521018063904
S1,A2-4,7,06-01-17_10.36 0degC_LA92_Pan18650PF,ood(0C),2.2030384968158625
S1,A2-4,13,06-01-17_10.36 0degC_LA92_Pan18650PF,ood(0C),1.4783517884271609
S1,A2-4,42,06-01-17_10.36 0degC_LA92_Pan18650PF,ood(0C),1.8298000284249893
S2,A2-0,7,06-01-17_10.36 0degC_LA92_Pan18650PF,ood(0C),2.695952821735293
S2,A2-0,13,06-01-17_10.36 0degC_LA92_Pan18650PF,ood(0C),3.03088660370058
S2,A2-0,42,06-01-17_10.36 0degC_LA92_Pan18650PF,ood(0C),3.0152499515914135
S2,A2-1,7,06-01-17_10.36 0degC_LA92_Pan18650PF,ood(0C),2.619042773972205
S2,A2-1,13,06-01-17_10.36 0degC_LA92_Pan18650PF,ood(0C),2.6247937923454425
S2,A2-1,42,06-01-17_10.36 0degC_LA92_Pan18650PF,ood(0C),2.9590374409009743
S2,A2-2,7,06-01-17_10.36 0degC_LA92_Pan18650PF,ood(0C),3.0270651570357288
S2,A2-2,13,06-01-17_10.36 0degC_LA92_Pan18650PF,ood(0C),3.2582279026469183
S2,A2-2,42,06-01-17_10.36 0degC_LA92_Pan18650PF,ood(0C),2.784297397066287
S2,A2-3,7,06-01-17_10.36 0degC_LA92_Pan18650PF,ood(0C),2.874696250147224
S2,A2-3,13,06-01-17_10.36 0degC_LA92_Pan18650PF,ood(0C),2.83863969488521
S2,A2-3,42,06-01-17_10.36 0degC_LA92_Pan18650PF,ood(0C),2.9344521561942667
S2,A2-4,7,06-01-17_10.36 0degC_LA92_Pan18650PF,ood(0C),2.9871153631536447
S2,A2-4,13,06-01-17_10.36 0degC_LA92_Pan18650PF,ood(0C),3.1467816565938933
S2,A2-4,42,06-01-17_10.36 0degC_LA92_Pan18650PF,ood(0C),2.7070032807440314
S3,A2-0,7,06-01-17_10.36 0degC_LA92_Pan18650PF,ood(0C),4.842697264129957
S3,A2-0,13,06-01-17_10.36 0degC_LA92_Pan18650PF,ood(0C),5.109195242418702
S3,A2-0,42,06-01-17_10.36 0degC_LA92_Pan18650PF,ood(0C),4.736995763789389
S3,A2-1,7,06-01-17_10.36 0degC_LA92_Pan18650PF,ood(0C),5.164485560620018
S3,A2-1,13,06-01-17_10.36 0degC_LA92_Pan18650PF,ood(0C),5.160384569518508
S3,A2-1,42,06-01-17_10.36 0degC_LA92_Pan18650PF,ood(0C),5.6102967365099925
S3,A2-2,7,06-01-17_10.36 0degC_LA92_Pan18650PF,ood(0C),5.121717082889086
S3,A2-2,13,06-01-17_10.36 0degC_LA92_Pan18650PF,ood(0C),5.134188876482681
S3,A2-2,42,06-01-17_10.36 0degC_LA92_Pan18650PF,ood(0C),5.07683016981061
S3,A2-3,7,06-01-17_10.36 0degC_LA92_Pan18650PF,ood(0C),4.448148127801081
S3,A2-3,13,06-01-17_10.36 0degC_LA92_Pan18650PF,ood(0C),4.959744716376924
S3,A2-3,42,06-01-17_10.36 0degC_LA92_Pan18650PF,ood(0C),4.897034652827425
S3,A2-4,7,06-01-17_10.36 0degC_LA92_Pan18650PF,ood(0C),4.9931892858712335
S3,A2-4,13,06-01-17_10.36 0degC_LA92_Pan18650PF,ood(0C),4.283244198370924
S3,A2-4,42,06-01-17_10.36 0degC_LA92_Pan18650PF,ood(0C),4.850069345406934
S4,A2-0,7,06-01-17_10.36 0degC_LA92_Pan18650PF,ood(0C),2.695952821735293
S4,A2-0,13,06-01-17_10.36 0degC_LA92_Pan18650PF,ood(0C),3.03088660370058
S4,A2-0,42,06-01-17_10.36 0degC_LA92_Pan18650PF,ood(0C),3.0152499515914135
S4,A2-1,7,06-01-17_10.36 0degC_LA92_Pan18650PF,ood(0C),2.619042773972205
S4,A2-1,13,06-01-17_10.36 0degC_LA92_Pan18650PF,ood(0C),2.6247937923454425
S4,A2-1,42,06-01-17_10.36 0degC_LA92_Pan18650PF,ood(0C),2.9590374409009743
S4,A2-2,7,06-01-17_10.36 0degC_LA92_Pan18650PF,ood(0C),3.0270651570357288
S4,A2-2,13,06-01-17_10.36 0degC_LA92_Pan18650PF,ood(0C),3.2582279026469183
S4,A2-2,42,06-01-17_10.36 0degC_LA92_Pan18650PF,ood(0C),2.784297397066287
S4,A2-3,7,06-01-17_10.36 0degC_LA92_Pan18650PF,ood(0C),2.874696250147224
S4,A2-3,13,06-01-17_10.36 0degC_LA92_Pan18650PF,ood(0C),2.83863969488521
S4,A2-3,42,06-01-17_10.36 0degC_LA92_Pan18650PF,ood(0C),2.9344521561942667
S4,A2-4,7,06-01-17_10.36 0degC_LA92_Pan18650PF,ood(0C),2.9871153631536447
S4,A2-4,13,06-01-17_10.36 0degC_LA92_Pan18650PF,ood(0C),3.1467816565938933
S4,A2-4,42,06-01-17_10.36 0degC_LA92_Pan18650PF,ood(0C),2.7070032807440314
S5,A2-0,7,06-01-17_10.36 0degC_LA92_Pan18650PF,ood(0C),3.173312934092921
S5,A2-0,13,06-01-17_10.36 0degC_LA92_Pan18650PF,ood(0C),3.4538310218736923
S5,A2-0,42,06-01-17_10.36 0degC_LA92_Pan18650PF,ood(0C),3.4816190144158488
S5,A2-1,7,06-01-17_10.36 0degC_LA92_Pan18650PF,ood(0C),3.0609047397245397
S5,A2-1,13,06-01-17_10.36 0degC_LA92_Pan18650PF,ood(0C),3.066777586600032
S5,A2-1,42,06-01-17_10.36 0degC_LA92_Pan18650PF,ood(0C),3.321410023770397
S5,A2-2,7,06-01-17_10.36 0degC_LA92_Pan18650PF,ood(0C),3.4487157690018777
S5,A2-2,13,06-01-17_10.36 0degC_LA92_Pan18650PF,ood(0C),3.6678576045975193
S5,A2-2,42,06-01-17_10.36 0degC_LA92_Pan18650PF,ood(0C),3.2258589038464707
S5,A2-3,7,06-01-17_10.36 0degC_LA92_Pan18650PF,ood(0C),3.382403964677673
S5,A2-3,13,06-01-17_10.36 0degC_LA92_Pan18650PF,ood(0C),3.29102183633183
S5,A2-3,42,06-01-17_10.36 0degC_LA92_Pan18650PF,ood(0C),3.387950217668185
S5,A2-4,7,06-01-17_10.36 0degC_LA92_Pan18650PF,ood(0C),3.4261701156745508
S5,A2-4,13,06-01-17_10.36 0degC_LA92_Pan18650PF,ood(0C),3.6505708073184513
S5,A2-4,42,06-01-17_10.36 0degC_LA92_Pan18650PF,ood(0C),3.182556693065205
S0,A2-0,7,06-01-17_10.36 0degC_NN_Pan18650PF,ood(0C),4.959604987320168
S0,A2-0,13,06-01-17_10.36 0degC_NN_Pan18650PF,ood(0C),5.146330030652401
S0,A2-0,42,06-01-17_10.36 0degC_NN_Pan18650PF,ood(0C),4.853038380046907
S0,A2-1,7,06-01-17_10.36 0degC_NN_Pan18650PF,ood(0C),5.200378917460756
S0,A2-1,13,06-01-17_10.36 0degC_NN_Pan18650PF,ood(0C),5.1632303079483695
S0,A2-1,42,06-01-17_10.36 0degC_NN_Pan18650PF,ood(0C),5.6384903097584536
S0,A2-2,7,06-01-17_10.36 0degC_NN_Pan18650PF,ood(0C),5.2569124766223885
S0,A2-2,13,06-01-17_10.36 0degC_NN_Pan18650PF,ood(0C),5.318388016974418
S0,A2-2,42,06-01-17_10.36 0degC_NN_Pan18650PF,ood(0C),5.143044207184551
S0,A2-3,7,06-01-17_10.36 0degC_NN_Pan18650PF,ood(0C),4.7554192243417965
S0,A2-3,13,06-01-17_10.36 0degC_NN_Pan18650PF,ood(0C),5.062527546593549
S0,A2-3,42,06-01-17_10.36 0degC_NN_Pan18650PF,ood(0C),5.048416636729513
S0,A2-4,7,06-01-17_10.36 0degC_NN_Pan18650PF,ood(0C),5.166626566719225
S0,A2-4,13,06-01-17_10.36 0degC_NN_Pan18650PF,ood(0C),4.562564440541035
S0,A2-4,42,06-01-17_10.36 0degC_NN_Pan18650PF,ood(0C),5.021678384181992
S1,A2-0,7,06-01-17_10.36 0degC_NN_Pan18650PF,ood(0C),1.1953999406705536
S1,A2-0,13,06-01-17_10.36 0degC_NN_Pan18650PF,ood(0C),1.8466026287337372
S1,A2-0,42,06-01-17_10.36 0degC_NN_Pan18650PF,ood(0C),1.4326622495557233
S1,A2-1,7,06-01-17_10.36 0degC_NN_Pan18650PF,ood(0C),1.490099361559843
S1,A2-1,13,06-01-17_10.36 0degC_NN_Pan18650PF,ood(0C),1.4461541807606282
S1,A2-1,42,06-01-17_10.36 0degC_NN_Pan18650PF,ood(0C),2.255193976188417
S1,A2-2,7,06-01-17_10.36 0degC_NN_Pan18650PF,ood(0C),1.8847709306321563
S1,A2-2,13,06-01-17_10.36 0degC_NN_Pan18650PF,ood(0C),2.1620956866353422
S1,A2-2,42,06-01-17_10.36 0degC_NN_Pan18650PF,ood(0C),1.61472575110074
S1,A2-3,7,06-01-17_10.36 0degC_NN_Pan18650PF,ood(0C),0.9420243332181171
S1,A2-3,13,06-01-17_10.36 0degC_NN_Pan18650PF,ood(0C),1.4643460136360023
S1,A2-3,42,06-01-17_10.36 0degC_NN_Pan18650PF,ood(0C),1.595066380777223
S1,A2-4,7,06-01-17_10.36 0degC_NN_Pan18650PF,ood(0C),1.716581854510668
S1,A2-4,13,06-01-17_10.36 0degC_NN_Pan18650PF,ood(0C),1.0856141920383915
S1,A2-4,42,06-01-17_10.36 0degC_NN_Pan18650PF,ood(0C),1.2608862581255391
S2,A2-0,7,06-01-17_10.36 0degC_NN_Pan18650PF,ood(0C),3.1819713460415935
S2,A2-0,13,06-01-17_10.36 0degC_NN_Pan18650PF,ood(0C),3.488664806793537
S2,A2-0,42,06-01-17_10.36 0degC_NN_Pan18650PF,ood(0C),3.4498531228411657
S2,A2-1,7,06-01-17_10.36 0degC_NN_Pan18650PF,ood(0C),3.126227085672891
S2,A2-1,13,06-01-17_10.36 0degC_NN_Pan18650PF,ood(0C),3.133857384051223
S2,A2-1,42,06-01-17_10.36 0degC_NN_Pan18650PF,ood(0C),3.3672027637599182
S2,A2-2,7,06-01-17_10.36 0degC_NN_Pan18650PF,ood(0C),3.4083636873249934
S2,A2-2,13,06-01-17_10.36 0degC_NN_Pan18650PF,ood(0C),3.6146074525681207
S2,A2-2,42,06-01-17_10.36 0degC_NN_Pan18650PF,ood(0C),3.291982216723277
S2,A2-3,7,06-01-17_10.36 0degC_NN_Pan18650PF,ood(0C),3.252611294570042
S2,A2-3,13,06-01-17_10.36 0degC_NN_Pan18650PF,ood(0C),3.259121985714966
S2,A2-3,42,06-01-17_10.36 0degC_NN_Pan18650PF,ood(0C),3.3758848650600926
S2,A2-4,7,06-01-17_10.36 0degC_NN_Pan18650PF,ood(0C),3.3530435768933398
S2,A2-4,13,06-01-17_10.36 0degC_NN_Pan18650PF,ood(0C),3.508988553525004
S2,A2-4,42,06-01-17_10.36 0degC_NN_Pan18650PF,ood(0C),3.1573629660672755
S3,A2-0,7,06-01-17_10.36 0degC_NN_Pan18650PF,ood(0C),3.817241016151061
S3,A2-0,13,06-01-17_10.36 0degC_NN_Pan18650PF,ood(0C),4.05987610910131
S3,A2-0,42,06-01-17_10.36 0degC_NN_Pan18650PF,ood(0C),3.7358126458715795
S3,A2-1,7,06-01-17_10.36 0degC_NN_Pan18650PF,ood(0C),4.07316034274249
S3,A2-1,13,06-01-17_10.36 0degC_NN_Pan18650PF,ood(0C),4.033816995729882
S3,A2-1,42,06-01-17_10.36 0degC_NN_Pan18650PF,ood(0C),4.566554111209229
S3,A2-2,7,06-01-17_10.36 0degC_NN_Pan18650PF,ood(0C),4.168086505860686
S3,A2-2,13,06-01-17_10.36 0degC_NN_Pan18650PF,ood(0C),4.259681825001668
S3,A2-2,42,06-01-17_10.36 0degC_NN_Pan18650PF,ood(0C),4.031182811452426
S3,A2-3,7,06-01-17_10.36 0degC_NN_Pan18650PF,ood(0C),3.59996160887358
S3,A2-3,13,06-01-17_10.36 0degC_NN_Pan18650PF,ood(0C),3.9397028638257754
S3,A2-3,42,06-01-17_10.36 0degC_NN_Pan18650PF,ood(0C),3.939362442307398
S3,A2-4,7,06-01-17_10.36 0degC_NN_Pan18650PF,ood(0C),4.064280726654112
S3,A2-4,13,06-01-17_10.36 0degC_NN_Pan18650PF,ood(0C),3.420739220293593
S3,A2-4,42,06-01-17_10.36 0degC_NN_Pan18650PF,ood(0C),3.8823383066760115
S4,A2-0,7,06-01-17_10.36 0degC_NN_Pan18650PF,ood(0C),3.1819713460415935
S4,A2-0,13,06-01-17_10.36 0degC_NN_Pan18650PF,ood(0C),3.488664806793537
S4,A2-0,42,06-01-17_10.36 0degC_NN_Pan18650PF,ood(0C),3.4498531228411657
S4,A2-1,7,06-01-17_10.36 0degC_NN_Pan18650PF,ood(0C),3.126227085672891
S4,A2-1,13,06-01-17_10.36 0degC_NN_Pan18650PF,ood(0C),3.133857384051223
S4,A2-1,42,06-01-17_10.36 0degC_NN_Pan18650PF,ood(0C),3.3672027637599182
S4,A2-2,7,06-01-17_10.36 0degC_NN_Pan18650PF,ood(0C),3.4083636873249934
S4,A2-2,13,06-01-17_10.36 0degC_NN_Pan18650PF,ood(0C),3.6146074525681207
S4,A2-2,42,06-01-17_10.36 0degC_NN_Pan18650PF,ood(0C),3.291982216723277
S4,A2-3,7,06-01-17_10.36 0degC_NN_Pan18650PF,ood(0C),3.252611294570042
S4,A2-3,13,06-01-17_10.36 0degC_NN_Pan18650PF,ood(0C),3.259121985714966
S4,A2-3,42,06-01-17_10.36 0degC_NN_Pan18650PF,ood(0C),3.3758848650600926
S4,A2-4,7,06-01-17_10.36 0degC_NN_Pan18650PF,ood(0C),3.3530435768933398
S4,A2-4,13,06-01-17_10.36 0degC_NN_Pan18650PF,ood(0C),3.508988553525004
S4,A2-4,42,06-01-17_10.36 0degC_NN_Pan18650PF,ood(0C),3.1573629660672755
S5,A2-0,7,06-01-17_10.36 0degC_NN_Pan18650PF,ood(0C),3.679792705029746
S5,A2-0,13,06-01-17_10.36 0degC_NN_Pan18650PF,ood(0C),3.9493698924735186
S5,A2-0,42,06-01-17_10.36 0degC_NN_Pan18650PF,ood(0C),3.9382517393649077
S5,A2-1,7,06-01-17_10.36 0degC_NN_Pan18650PF,ood(0C),3.605336029914272
S5,A2-1,13,06-01-17_10.36 0degC_NN_Pan18650PF,ood(0C),3.616035370637521
S5,A2-1,42,06-01-17_10.36 0degC_NN_Pan18650PF,ood(0C),3.7876278821390463
S5,A2-2,7,06-01-17_10.36 0degC_NN_Pan18650PF,ood(0C),3.8636124547153408
S5,A2-2,13,06-01-17_10.36 0degC_NN_Pan18650PF,ood(0C),4.053441306094543
S5,A2-2,42,06-01-17_10.36 0degC_NN_Pan18650PF,ood(0C),3.7650083766987232
S5,A2-3,7,06-01-17_10.36 0degC_NN_Pan18650PF,ood(0C),3.76319504830906
S5,A2-3,13,06-01-17_10.36 0degC_NN_Pan18650PF,ood(0C),3.7418361777135796
S5,A2-3,42,06-01-17_10.36 0degC_NN_Pan18650PF,ood(0C),3.8520926898053753
S5,A2-4,7,06-01-17_10.36 0degC_NN_Pan18650PF,ood(0C),3.819964250959991
S5,A2-4,13,06-01-17_10.36 0degC_NN_Pan18650PF,ood(0C),4.016945416591125
S5,A2-4,42,06-01-17_10.36 0degC_NN_Pan18650PF,ood(0C),3.651300498028614
S0,A2-0,7,06-01-17_15.36 0degC_Cycle_3_Pan18650PF,ood(0C),10.307238990080831
S0,A2-0,13,06-01-17_15.36 0degC_Cycle_3_Pan18650PF,ood(0C),10.4989713892221
S0,A2-0,42,06-01-17_15.36 0degC_Cycle_3_Pan18650PF,ood(0C),10.250712274768656
S0,A2-1,7,06-01-17_15.36 0degC_Cycle_3_Pan18650PF,ood(0C),10.856115396691013
S0,A2-1,13,06-01-17_15.36 0degC_Cycle_3_Pan18650PF,ood(0C),10.750715633313881
S0,A2-1,42,06-01-17_15.36 0degC_Cycle_3_Pan18650PF,ood(0C),11.245373245698177
S0,A2-2,7,06-01-17_15.36 0degC_Cycle_3_Pan18650PF,ood(0C),10.527270914315746
S0,A2-2,13,06-01-17_15.36 0degC_Cycle_3_Pan18650PF,ood(0C),10.307828445417616
S0,A2-2,42,06-01-17_15.36 0degC_Cycle_3_Pan18650PF,ood(0C),10.484386421051076
S0,A2-3,7,06-01-17_15.36 0degC_Cycle_3_Pan18650PF,ood(0C),9.711879416926894
S0,A2-3,13,06-01-17_15.36 0degC_Cycle_3_Pan18650PF,ood(0C),10.428151444418921
S0,A2-3,42,06-01-17_15.36 0degC_Cycle_3_Pan18650PF,ood(0C),10.120371930740754
S0,A2-4,7,06-01-17_15.36 0degC_Cycle_3_Pan18650PF,ood(0C),10.32020790523864
S0,A2-4,13,06-01-17_15.36 0degC_Cycle_3_Pan18650PF,ood(0C),9.770172572333067
S0,A2-4,42,06-01-17_15.36 0degC_Cycle_3_Pan18650PF,ood(0C),10.234910860451253
S1,A2-0,7,06-01-17_15.36 0degC_Cycle_3_Pan18650PF,ood(0C),6.227544814923512
S1,A2-0,13,06-01-17_15.36 0degC_Cycle_3_Pan18650PF,ood(0C),6.567710510435021
S1,A2-0,42,06-01-17_15.36 0degC_Cycle_3_Pan18650PF,ood(0C),6.377780648302733
S1,A2-1,7,06-01-17_15.36 0degC_Cycle_3_Pan18650PF,ood(0C),6.687420303952393
S1,A2-1,13,06-01-17_15.36 0degC_Cycle_3_Pan18650PF,ood(0C),6.6112147263443894
S1,A2-1,42,06-01-17_15.36 0degC_Cycle_3_Pan18650PF,ood(0C),7.039663586514571
S1,A2-2,7,06-01-17_15.36 0degC_Cycle_3_Pan18650PF,ood(0C),6.548121522581489
S1,A2-2,13,06-01-17_15.36 0degC_Cycle_3_Pan18650PF,ood(0C),6.297815730664342
S1,A2-2,42,06-01-17_15.36 0degC_Cycle_3_Pan18650PF,ood(0C),6.411827301135747
S1,A2-3,7,06-01-17_15.36 0degC_Cycle_3_Pan18650PF,ood(0C),5.55902966607341
S1,A2-3,13,06-01-17_15.36 0degC_Cycle_3_Pan18650PF,ood(0C),6.391517831762596
S1,A2-3,42,06-01-17_15.36 0degC_Cycle_3_Pan18650PF,ood(0C),6.144275735798762
S1,A2-4,7,06-01-17_15.36 0degC_Cycle_3_Pan18650PF,ood(0C),6.190745736548816
S1,A2-4,13,06-01-17_15.36 0degC_Cycle_3_Pan18650PF,ood(0C),5.740751495152473
S1,A2-4,42,06-01-17_15.36 0degC_Cycle_3_Pan18650PF,ood(0C),6.2006165523151155
S2,A2-0,7,06-01-17_15.36 0degC_Cycle_3_Pan18650PF,ood(0C),6.165149242924772
S2,A2-0,13,06-01-17_15.36 0degC_Cycle_3_Pan18650PF,ood(0C),6.527825394727589
S2,A2-0,42,06-01-17_15.36 0degC_Cycle_3_Pan18650PF,ood(0C),6.4817914092039395
S2,A2-1,7,06-01-17_15.36 0degC_Cycle_3_Pan18650PF,ood(0C),6.326703417347352
S2,A2-1,13,06-01-17_15.36 0degC_Cycle_3_Pan18650PF,ood(0C),6.315598519095637
S2,A2-1,42,06-01-17_15.36 0degC_Cycle_3_Pan18650PF,ood(0C),6.500755383266799
S2,A2-2,7,06-01-17_15.36 0degC_Cycle_3_Pan18650PF,ood(0C),6.462747079317596
S2,A2-2,13,06-01-17_15.36 0degC_Cycle_3_Pan18650PF,ood(0C),6.284011817733486
S2,A2-2,42,06-01-17_15.36 0degC_Cycle_3_Pan18650PF,ood(0C),6.277184494314684
S2,A2-3,7,06-01-17_15.36 0degC_Cycle_3_Pan18650PF,ood(0C),5.737551221409702
S2,A2-3,13,06-01-17_15.36 0degC_Cycle_3_Pan18650PF,ood(0C),6.306799620981558
S2,A2-3,42,06-01-17_15.36 0degC_Cycle_3_Pan18650PF,ood(0C),6.237306860192052
S2,A2-4,7,06-01-17_15.36 0degC_Cycle_3_Pan18650PF,ood(0C),6.087006405648433
S2,A2-4,13,06-01-17_15.36 0degC_Cycle_3_Pan18650PF,ood(0C),5.967146036950854
S2,A2-4,42,06-01-17_15.36 0degC_Cycle_3_Pan18650PF,ood(0C),6.202379175323673
S3,A2-0,7,06-01-17_15.36 0degC_Cycle_3_Pan18650PF,ood(0C),9.01798143320992
S3,A2-0,13,06-01-17_15.36 0degC_Cycle_3_Pan18650PF,ood(0C),9.24158759682561
S3,A2-0,42,06-01-17_15.36 0degC_Cycle_3_Pan18650PF,ood(0C),8.997240116060329
S3,A2-1,7,06-01-17_15.36 0degC_Cycle_3_Pan18650PF,ood(0C),9.564278960778013
S3,A2-1,13,06-01-17_15.36 0degC_Cycle_3_Pan18650PF,ood(0C),9.461721419813665
S3,A2-1,42,06-01-17_15.36 0degC_Cycle_3_Pan18650PF,ood(0C),9.95522391019293
S3,A2-2,7,06-01-17_15.36 0degC_Cycle_3_Pan18650PF,ood(0C),9.261866280581755
S3,A2-2,13,06-01-17_15.36 0degC_Cycle_3_Pan18650PF,ood(0C),9.031062554247614
S3,A2-2,42,06-01-17_15.36 0degC_Cycle_3_Pan18650PF,ood(0C),9.2009698249263
S3,A2-3,7,06-01-17_15.36 0degC_Cycle_3_Pan18650PF,ood(0C),8.393301102797425
S3,A2-3,13,06-01-17_15.36 0degC_Cycle_3_Pan18650PF,ood(0C),9.149762623852235
S3,A2-3,42,06-01-17_15.36 0degC_Cycle_3_Pan18650PF,ood(0C),8.844535480378564
S3,A2-4,7,06-01-17_15.36 0degC_Cycle_3_Pan18650PF,ood(0C),9.022448837210494
S3,A2-4,13,06-01-17_15.36 0degC_Cycle_3_Pan18650PF,ood(0C),8.474665428220847
S3,A2-4,42,06-01-17_15.36 0degC_Cycle_3_Pan18650PF,ood(0C),8.951826718136566
S4,A2-0,7,06-01-17_15.36 0degC_Cycle_3_Pan18650PF,ood(0C),6.165149242924772
S4,A2-0,13,06-01-17_15.36 0degC_Cycle_3_Pan18650PF,ood(0C),6.527825394727589
S4,A2-0,42,06-01-17_15.36 0degC_Cycle_3_Pan18650PF,ood(0C),6.4817914092039395
S4,A2-1,7,06-01-17_15.36 0degC_Cycle_3_Pan18650PF,ood(0C),6.326703417347352
S4,A2-1,13,06-01-17_15.36 0degC_Cycle_3_Pan18650PF,ood(0C),6.315598519095637
S4,A2-1,42,06-01-17_15.36 0degC_Cycle_3_Pan18650PF,ood(0C),6.500755383266799
S4,A2-2,7,06-01-17_15.36 0degC_Cycle_3_Pan18650PF,ood(0C),6.462747079317596
S4,A2-2,13,06-01-17_15.36 0degC_Cycle_3_Pan18650PF,ood(0C),6.284011817733486
S4,A2-2,42,06-01-17_15.36 0degC_Cycle_3_Pan18650PF,ood(0C),6.277184494314684
S4,A2-3,7,06-01-17_15.36 0degC_Cycle_3_Pan18650PF,ood(0C),5.737551221409702
S4,A2-3,13,06-01-17_15.36 0degC_Cycle_3_Pan18650PF,ood(0C),6.306799620981558
S4,A2-3,42,06-01-17_15.36 0degC_Cycle_3_Pan18650PF,ood(0C),6.237306860192052
S4,A2-4,7,06-01-17_15.36 0degC_Cycle_3_Pan18650PF,ood(0C),6.087006405648433
S4,A2-4,13,06-01-17_15.36 0degC_Cycle_3_Pan18650PF,ood(0C),5.967146036950854
S4,A2-4,42,06-01-17_15.36 0degC_Cycle_3_Pan18650PF,ood(0C),6.202379175323673
S5,A2-0,7,06-01-17_15.36 0degC_Cycle_3_Pan18650PF,ood(0C),6.44343965206217
S5,A2-0,13,06-01-17_15.36 0degC_Cycle_3_Pan18650PF,ood(0C),6.794330857055984
S5,A2-0,42,06-01-17_15.36 0degC_Cycle_3_Pan18650PF,ood(0C),6.7730686106616105
S5,A2-1,7,06-01-17_15.36 0degC_Cycle_3_Pan18650PF,ood(0C),6.548380835556056
S5,A2-1,13,06-01-17_15.36 0degC_Cycle_3_Pan18650PF,ood(0C),6.548786302700108
S5,A2-1,42,06-01-17_15.36 0degC_Cycle_3_Pan18650PF,ood(0C),6.684284228262515
S5,A2-2,7,06-01-17_15.36 0degC_Cycle_3_Pan18650PF,ood(0C),6.724545298890631
S5,A2-2,13,06-01-17_15.36 0degC_Cycle_3_Pan18650PF,ood(0C),6.5648844195024045
S5,A2-2,42,06-01-17_15.36 0degC_Cycle_3_Pan18650PF,ood(0C),6.538793301627121
S5,A2-3,7,06-01-17_15.36 0degC_Cycle_3_Pan18650PF,ood(0C),6.074008645288283
S5,A2-3,13,06-01-17_15.36 0degC_Cycle_3_Pan18650PF,ood(0C),6.575227023053458
S5,A2-3,42,06-01-17_15.36 0degC_Cycle_3_Pan18650PF,ood(0C),6.537105682621121
S5,A2-4,7,06-01-17_15.36 0degC_Cycle_3_Pan18650PF,ood(0C),6.362156856377527
S5,A2-4,13,06-01-17_15.36 0degC_Cycle_3_Pan18650PF,ood(0C),6.299720714502719
S5,A2-4,42,06-01-17_15.36 0degC_Cycle_3_Pan18650PF,ood(0C),6.489300779032583
S0,A2-0,7,06-01-17_22.03 0degC_Cycle_4_Pan18650PF,ood(0C),8.474520427244332
S0,A2-0,13,06-01-17_22.03 0degC_Cycle_4_Pan18650PF,ood(0C),8.553623256264252
S0,A2-0,42,06-01-17_22.03 0degC_Cycle_4_Pan18650PF,ood(0C),8.225227780127785
S0,A2-1,7,06-01-17_22.03 0degC_Cycle_4_Pan18650PF,ood(0C),8.854121350555074
S0,A2-1,13,06-01-17_22.03 0degC_Cycle_4_Pan18650PF,ood(0C),8.763902824230675
S0,A2-1,42,06-01-17_22.03 0degC_Cycle_4_Pan18650PF,ood(0C),9.326435204273391
S0,A2-2,7,06-01-17_22.03 0degC_Cycle_4_Pan18650PF,ood(0C),8.65175326970348
S0,A2-2,13,06-01-17_22.03 0degC_Cycle_4_Pan18650PF,ood(0C),8.581376245238886
S0,A2-2,42,06-01-17_22.03 0degC_Cycle_4_Pan18650PF,ood(0C),8.647352986170706
S0,A2-3,7,06-01-17_22.03 0degC_Cycle_4_Pan18650PF,ood(0C),8.03582596256604
S0,A2-3,13,06-01-17_22.03 0degC_Cycle_4_Pan18650PF,ood(0C),8.490623275969112
S0,A2-3,42,06-01-17_22.03 0degC_Cycle_4_Pan18650PF,ood(0C),8.356899275210104
S0,A2-4,7,06-01-17_22.03 0degC_Cycle_4_Pan18650PF,ood(0C),8.567417141828667
S0,A2-4,13,06-01-17_22.03 0degC_Cycle_4_Pan18650PF,ood(0C),7.783121255375798
S0,A2-4,42,06-01-17_22.03 0degC_Cycle_4_Pan18650PF,ood(0C),8.52087224832601
S1,A2-0,7,06-01-17_22.03 0degC_Cycle_4_Pan18650PF,ood(0C),2.979479490681142
S1,A2-0,13,06-01-17_22.03 0degC_Cycle_4_Pan18650PF,ood(0C),3.3042422980825004
S1,A2-0,42,06-01-17_22.03 0degC_Cycle_4_Pan18650PF,ood(0C),3.047160232769859
S1,A2-1,7,06-01-17_22.03 0degC_Cycle_4_Pan18650PF,ood(0C),3.304435807192826
S1,A2-1,13,06-01-17_22.03 0degC_Cycle_4_Pan18650PF,ood(0C),3.2799580671150195
S1,A2-1,42,06-01-17_22.03 0degC_Cycle_4_Pan18650PF,ood(0C),3.8361760096117377
S1,A2-2,7,06-01-17_22.03 0degC_Cycle_4_Pan18650PF,ood(0C),3.3801314010463375
S1,A2-2,13,06-01-17_22.03 0degC_Cycle_4_Pan18650PF,ood(0C),3.297875468878201
S1,A2-2,42,06-01-17_22.03 0degC_Cycle_4_Pan18650PF,ood(0C),3.187227228946075
S1,A2-3,7,06-01-17_22.03 0degC_Cycle_4_Pan18650PF,ood(0C),2.519020498188975
S1,A2-3,13,06-01-17_22.03 0degC_Cycle_4_Pan18650PF,ood(0C),3.108991357653828
S1,A2-3,42,06-01-17_22.03 0degC_Cycle_4_Pan18650PF,ood(0C),2.998160495302502
S1,A2-4,7,06-01-17_22.03 0degC_Cycle_4_Pan18650PF,ood(0C),3.1760304337166865
S1,A2-4,13,06-01-17_22.03 0degC_Cycle_4_Pan18650PF,ood(0C),2.5901230294630824
S1,A2-4,42,06-01-17_22.03 0degC_Cycle_4_Pan18650PF,ood(0C),2.99856584494311
S2,A2-0,7,06-01-17_22.03 0degC_Cycle_4_Pan18650PF,ood(0C),4.499319490921855
S2,A2-0,13,06-01-17_22.03 0degC_Cycle_4_Pan18650PF,ood(0C),4.771141343960166
S2,A2-0,42,06-01-17_22.03 0degC_Cycle_4_Pan18650PF,ood(0C),4.879459723348591
S2,A2-1,7,06-01-17_22.03 0degC_Cycle_4_Pan18650PF,ood(0C),4.376381425324474
S2,A2-1,13,06-01-17_22.03 0degC_Cycle_4_Pan18650PF,ood(0C),4.469689331494361
S2,A2-1,42,06-01-17_22.03 0degC_Cycle_4_Pan18650PF,ood(0C),4.431822740160374
S2,A2-2,7,06-01-17_22.03 0degC_Cycle_4_Pan18650PF,ood(0C),4.738695731532266
S2,A2-2,13,06-01-17_22.03 0degC_Cycle_4_Pan18650PF,ood(0C),4.72908474058098
S2,A2-2,42,06-01-17_22.03 0degC_Cycle_4_Pan18650PF,ood(0C),4.5128563200325225
S2,A2-3,7,06-01-17_22.03 0degC_Cycle_4_Pan18650PF,ood(0C),4.578887855978721
S2,A2-3,13,06-01-17_22.03 0degC_Cycle_4_Pan18650PF,ood(0C),4.6247562741204655
S2,A2-3,42,06-01-17_22.03 0degC_Cycle_4_Pan18650PF,ood(0C),4.669063034949354
S2,A2-4,7,06-01-17_22.03 0degC_Cycle_4_Pan18650PF,ood(0C),4.603902355454163
S2,A2-4,13,06-01-17_22.03 0degC_Cycle_4_Pan18650PF,ood(0C),4.933725446465591
S2,A2-4,42,06-01-17_22.03 0degC_Cycle_4_Pan18650PF,ood(0C),4.460117466318233
S3,A2-0,7,06-01-17_22.03 0degC_Cycle_4_Pan18650PF,ood(0C),6.82561641998481
S3,A2-0,13,06-01-17_22.03 0degC_Cycle_4_Pan18650PF,ood(0C),6.936497774298973
S3,A2-0,42,06-01-17_22.03 0degC_Cycle_4_Pan18650PF,ood(0C),6.603426772614971
S3,A2-1,7,06-01-17_22.03 0degC_Cycle_4_Pan18650PF,ood(0C),7.210875024943932
S3,A2-1,13,06-01-17_22.03 0degC_Cycle_4_Pan18650PF,ood(0C),7.12571055700307
S3,A2-1,42,06-01-17_22.03 0degC_Cycle_4_Pan18650PF,ood(0C),7.703753858261557
S3,A2-2,7,06-01-17_22.03 0degC_Cycle_4_Pan18650PF,ood(0C),7.035527056254261
S3,A2-2,13,06-01-17_22.03 0degC_Cycle_4_Pan18650PF,ood(0C),6.961107070572039
S3,A2-2,42,06-01-17_22.03 0degC_Cycle_4_Pan18650PF,ood(0C),7.008231172463322
S3,A2-3,7,06-01-17_22.03 0degC_Cycle_4_Pan18650PF,ood(0C),6.368793565373622
S3,A2-3,13,06-01-17_22.03 0degC_Cycle_4_Pan18650PF,ood(0C),6.855303489095742
S3,A2-3,42,06-01-17_22.03 0degC_Cycle_4_Pan18650PF,ood(0C),6.719292646747874
S3,A2-4,7,06-01-17_22.03 0degC_Cycle_4_Pan18650PF,ood(0C),6.933676907380941
S3,A2-4,13,06-01-17_22.03 0degC_Cycle_4_Pan18650PF,ood(0C),6.139145125163686
S3,A2-4,42,06-01-17_22.03 0degC_Cycle_4_Pan18650PF,ood(0C),6.870443884001033
S4,A2-0,7,06-01-17_22.03 0degC_Cycle_4_Pan18650PF,ood(0C),4.499319490921855
S4,A2-0,13,06-01-17_22.03 0degC_Cycle_4_Pan18650PF,ood(0C),4.771141343960166
S4,A2-0,42,06-01-17_22.03 0degC_Cycle_4_Pan18650PF,ood(0C),4.879459723348591
S4,A2-1,7,06-01-17_22.03 0degC_Cycle_4_Pan18650PF,ood(0C),4.376381425324474
S4,A2-1,13,06-01-17_22.03 0degC_Cycle_4_Pan18650PF,ood(0C),4.469689331494361
S4,A2-1,42,06-01-17_22.03 0degC_Cycle_4_Pan18650PF,ood(0C),4.431822740160374
S4,A2-2,7,06-01-17_22.03 0degC_Cycle_4_Pan18650PF,ood(0C),4.738695731532266
S4,A2-2,13,06-01-17_22.03 0degC_Cycle_4_Pan18650PF,ood(0C),4.72908474058098
S4,A2-2,42,06-01-17_22.03 0degC_Cycle_4_Pan18650PF,ood(0C),4.5128563200325225
S4,A2-3,7,06-01-17_22.03 0degC_Cycle_4_Pan18650PF,ood(0C),4.578887855978721
S4,A2-3,13,06-01-17_22.03 0degC_Cycle_4_Pan18650PF,ood(0C),4.6247562741204655
S4,A2-3,42,06-01-17_22.03 0degC_Cycle_4_Pan18650PF,ood(0C),4.669063034949354
S4,A2-4,7,06-01-17_22.03 0degC_Cycle_4_Pan18650PF,ood(0C),4.603902355454163
S4,A2-4,13,06-01-17_22.03 0degC_Cycle_4_Pan18650PF,ood(0C),4.933725446465591
S4,A2-4,42,06-01-17_22.03 0degC_Cycle_4_Pan18650PF,ood(0C),4.460117466318233
S5,A2-0,7,06-01-17_22.03 0degC_Cycle_4_Pan18650PF,ood(0C),5.147722021069769
S5,A2-0,13,06-01-17_22.03 0degC_Cycle_4_Pan18650PF,ood(0C),5.394321919796165
S5,A2-0,42,06-01-17_22.03 0degC_Cycle_4_Pan18650PF,ood(0C),5.5309195726672895
S5,A2-1,7,06-01-17_22.03 0degC_Cycle_4_Pan18650PF,ood(0C),4.98846916917244
S5,A2-1,13,06-01-17_22.03 0degC_Cycle_4_Pan18650PF,ood(0C),5.086731306406603
S5,A2-1,42,06-01-17_22.03 0degC_Cycle_4_Pan18650PF,ood(0C),4.982072343468106
S5,A2-2,7,06-01-17_22.03 0degC_Cycle_4_Pan18650PF,ood(0C),5.352964861278216
S5,A2-2,13,06-01-17_22.03 0degC_Cycle_4_Pan18650PF,ood(0C),5.351613984148808
S5,A2-2,42,06-01-17_22.03 0degC_Cycle_4_Pan18650PF,ood(0C),5.1407846899092196
S5,A2-3,7,06-01-17_22.03 0degC_Cycle_4_Pan18650PF,ood(0C),5.269177953706839
S5,A2-3,13,06-01-17_22.03 0degC_Cycle_4_Pan18650PF,ood(0C),5.263333715431067
S5,A2-3,42,06-01-17_22.03 0degC_Cycle_4_Pan18650PF,ood(0C),5.319420169407559
S5,A2-4,7,06-01-17_22.03 0degC_Cycle_4_Pan18650PF,ood(0C),5.235263310152546
S5,A2-4,13,06-01-17_22.03 0degC_Cycle_4_Pan18650PF,ood(0C),5.625132763320041
S5,A2-4,42,06-01-17_22.03 0degC_Cycle_4_Pan18650PF,ood(0C),5.1058861908107875
S0,A2-0,7,06-02-17_04.58 0degC_US06_Pan18650PF,ood(0C),11.125539688967862
S0,A2-0,13,06-02-17_04.58 0degC_US06_Pan18650PF,ood(0C),10.979880693582038
S0,A2-0,42,06-02-17_04.58 0degC_US06_Pan18650PF,ood(0C),10.790639661296279
S0,A2-1,7,06-02-17_04.58 0degC_US06_Pan18650PF,ood(0C),11.56020985457293
S0,A2-1,13,06-02-17_04.58 0degC_US06_Pan18650PF,ood(0C),11.570175101816874
S0,A2-1,42,06-02-17_04.58 0degC_US06_Pan18650PF,ood(0C),11.816745757615044
S0,A2-2,7,06-02-17_04.58 0degC_US06_Pan18650PF,ood(0C),11.101002665497449
S0,A2-2,13,06-02-17_04.58 0degC_US06_Pan18650PF,ood(0C),11.056964998314845
S0,A2-2,42,06-02-17_04.58 0degC_US06_Pan18650PF,ood(0C),11.107732611665751
S0,A2-3,7,06-02-17_04.58 0degC_US06_Pan18650PF,ood(0C),10.837941914700977
S0,A2-3,13,06-02-17_04.58 0degC_US06_Pan18650PF,ood(0C),11.262982643781635
S0,A2-3,42,06-02-17_04.58 0degC_US06_Pan18650PF,ood(0C),11.033985365886522
S0,A2-4,7,06-02-17_04.58 0degC_US06_Pan18650PF,ood(0C),11.12224384154253
S0,A2-4,13,06-02-17_04.58 0degC_US06_Pan18650PF,ood(0C),10.324373406444408
S0,A2-4,42,06-02-17_04.58 0degC_US06_Pan18650PF,ood(0C),11.09715773769593
S1,A2-0,7,06-02-17_04.58 0degC_US06_Pan18650PF,ood(0C),6.246516410356646
S1,A2-0,13,06-02-17_04.58 0degC_US06_Pan18650PF,ood(0C),6.337718435274276
S1,A2-0,42,06-02-17_04.58 0degC_US06_Pan18650PF,ood(0C),6.242662866078946
S1,A2-1,7,06-02-17_04.58 0degC_US06_Pan18650PF,ood(0C),6.577260026458301
S1,A2-1,13,06-02-17_04.58 0degC_US06_Pan18650PF,ood(0C),6.701085873302337
S1,A2-1,42,06-02-17_04.58 0degC_US06_Pan18650PF,ood(0C),6.89907153067076
S1,A2-2,7,06-02-17_04.58 0degC_US06_Pan18650PF,ood(0C),6.4557319705137015
S1,A2-2,13,06-02-17_04.58 0degC_US06_Pan18650PF,ood(0C),6.352381166501578
S1,A2-2,42,06-02-17_04.58 0degC_US06_Pan18650PF,ood(0C),6.300002351564137
S1,A2-3,7,06-02-17_04.58 0degC_US06_Pan18650PF,ood(0C),5.798230575525591
S1,A2-3,13,06-02-17_04.58 0degC_US06_Pan18650PF,ood(0C),6.483113374438028
S1,A2-3,42,06-02-17_04.58 0degC_US06_Pan18650PF,ood(0C),6.219147406511523
S1,A2-4,7,06-02-17_04.58 0degC_US06_Pan18650PF,ood(0C),6.152574633929651
S1,A2-4,13,06-02-17_04.58 0degC_US06_Pan18650PF,ood(0C),5.442694468642325
S1,A2-4,42,06-02-17_04.58 0degC_US06_Pan18650PF,ood(0C),6.253104130825793
S2,A2-0,7,06-02-17_04.58 0degC_US06_Pan18650PF,ood(0C),6.213302913599734
S2,A2-0,13,06-02-17_04.58 0degC_US06_Pan18650PF,ood(0C),6.534781911048322
S2,A2-0,42,06-02-17_04.58 0degC_US06_Pan18650PF,ood(0C),6.594156016506374
S2,A2-1,7,06-02-17_04.58 0degC_US06_Pan18650PF,ood(0C),6.249021450064598
S2,A2-1,13,06-02-17_04.58 0degC_US06_Pan18650PF,ood(0C),6.453642942979979
S2,A2-1,42,06-02-17_04.58 0degC_US06_Pan18650PF,ood(0C),6.501196482090343
S2,A2-2,7,06-02-17_04.58 0degC_US06_Pan18650PF,ood(0C),6.589868588939644
S2,A2-2,13,06-02-17_04.58 0degC_US06_Pan18650PF,ood(0C),6.470516494921996
S2,A2-2,42,06-02-17_04.58 0degC_US06_Pan18650PF,ood(0C),6.324317766034504
S2,A2-3,7,06-02-17_04.58 0degC_US06_Pan18650PF,ood(0C),5.815946720291471
S2,A2-3,13,06-02-17_04.58 0degC_US06_Pan18650PF,ood(0C),6.447695346809849
S2,A2-3,42,06-02-17_04.58 0degC_US06_Pan18650PF,ood(0C),6.277264362276021
S2,A2-4,7,06-02-17_04.58 0degC_US06_Pan18650PF,ood(0C),6.0582994895335815
S2,A2-4,13,06-02-17_04.58 0degC_US06_Pan18650PF,ood(0C),5.871195124714841
S2,A2-4,42,06-02-17_04.58 0degC_US06_Pan18650PF,ood(0C),6.258529734233373
S3,A2-0,7,06-02-17_04.58 0degC_US06_Pan18650PF,ood(0C),9.620224355478523
S3,A2-0,13,06-02-17_04.58 0degC_US06_Pan18650PF,ood(0C),9.510288407349664
S3,A2-0,42,06-02-17_04.58 0degC_US06_Pan18650PF,ood(0C),9.331309916065987
S3,A2-1,7,06-02-17_04.58 0degC_US06_Pan18650PF,ood(0C),10.048518620369014
S3,A2-1,13,06-02-17_04.58 0degC_US06_Pan18650PF,ood(0C),10.077930827185327
S3,A2-1,42,06-02-17_04.58 0degC_US06_Pan18650PF,ood(0C),10.3220767439707
S3,A2-2,7,06-02-17_04.58 0degC_US06_Pan18650PF,ood(0C),9.634431686269597
S3,A2-2,13,06-02-17_04.58 0degC_US06_Pan18650PF,ood(0C),9.579014801279788
S3,A2-2,42,06-02-17_04.58 0degC_US06_Pan18650PF,ood(0C),9.613824232339054
S3,A2-3,7,06-02-17_04.58 0degC_US06_Pan18650PF,ood(0C),9.298740373036983
S3,A2-3,13,06-02-17_04.58 0degC_US06_Pan18650PF,ood(0C),9.777993225602499
S3,A2-3,42,06-02-17_04.58 0degC_US06_Pan18650PF,ood(0C),9.536845301889086
S3,A2-4,7,06-02-17_04.58 0degC_US06_Pan18650PF,ood(0C),9.601891423929265
S3,A2-4,13,06-02-17_04.58 0degC_US06_Pan18650PF,ood(0C),8.795185017469148
S3,A2-4,42,06-02-17_04.58 0degC_US06_Pan18650PF,ood(0C),9.596890861084878
S4,A2-0,7,06-02-17_04.58 0degC_US06_Pan18650PF,ood(0C),6.213302913599734
S4,A2-0,13,06-02-17_04.58 0degC_US06_Pan18650PF,ood(0C),6.534781911048322
S4,A2-0,42,06-02-17_04.58 0degC_US06_Pan18650PF,ood(0C),6.594156016506374
S4,A2-1,7,06-02-17_04.58 0degC_US06_Pan18650PF,ood(0C),6.249021450064598
S4,A2-1,13,06-02-17_04.58 0degC_US06_Pan18650PF,ood(0C),6.453642942979979
S4,A2-1,42,06-02-17_04.58 0degC_US06_Pan18650PF,ood(0C),6.501196482090343
S4,A2-2,7,06-02-17_04.58 0degC_US06_Pan18650PF,ood(0C),6.589868588939644
S4,A2-2,13,06-02-17_04.58 0degC_US06_Pan18650PF,ood(0C),6.470516494921996
S4,A2-2,42,06-02-17_04.58 0degC_US06_Pan18650PF,ood(0C),6.324317766034504
S4,A2-3,7,06-02-17_04.58 0degC_US06_Pan18650PF,ood(0C),5.815946720291471
S4,A2-3,13,06-02-17_04.58 0degC_US06_Pan18650PF,ood(0C),6.447695346809849
S4,A2-3,42,06-02-17_04.58 0degC_US06_Pan18650PF,ood(0C),6.277264362276021
S4,A2-4,7,06-02-17_04.58 0degC_US06_Pan18650PF,ood(0C),6.0582994895335815
S4,A2-4,13,06-02-17_04.58 0degC_US06_Pan18650PF,ood(0C),5.871195124714841
S4,A2-4,42,06-02-17_04.58 0degC_US06_Pan18650PF,ood(0C),6.258529734233373
S5,A2-0,7,06-02-17_04.58 0degC_US06_Pan18650PF,ood(0C),6.561897048201188
S5,A2-0,13,06-02-17_04.58 0degC_US06_Pan18650PF,ood(0C),6.903293470803771
S5,A2-0,42,06-02-17_04.58 0degC_US06_Pan18650PF,ood(0C),6.983486779826423
S5,A2-1,7,06-02-17_04.58 0degC_US06_Pan18650PF,ood(0C),6.546862236312828
S5,A2-1,13,06-02-17_04.58 0degC_US06_Pan18650PF,ood(0C),6.754413469879646
S5,A2-1,42,06-02-17_04.58 0degC_US06_Pan18650PF,ood(0C),6.773998038792052
S5,A2-2,7,06-02-17_04.58 0degC_US06_Pan18650PF,ood(0C),6.945916137111101
S5,A2-2,13,06-02-17_04.58 0degC_US06_Pan18650PF,ood(0C),6.829878411632543
S5,A2-2,42,06-02-17_04.58 0degC_US06_Pan18650PF,ood(0C),6.676245773701443
S5,A2-3,7,06-02-17_04.58 0degC_US06_Pan18650PF,ood(0C),6.195418922520325
S5,A2-3,13,06-02-17_04.58 0degC_US06_Pan18650PF,ood(0C),6.783678841365872
S5,A2-3,42,06-02-17_04.58 0degC_US06_Pan18650PF,ood(0C),6.63701393419621
S5,A2-4,7,06-02-17_04.58 0degC_US06_Pan18650PF,ood(0C),6.405601104365363
S5,A2-4,13,06-02-17_04.58 0degC_US06_Pan18650PF,ood(0C),6.309806440961628
S5,A2-4,42,06-02-17_04.58 0degC_US06_Pan18650PF,ood(0C),6.610909001236757
S0,A2-0,7,06-02-17_10.43 0degC_HWFET_Pan18650PF,ood(0C),11.78377694844378
S0,A2-0,13,06-02-17_10.43 0degC_HWFET_Pan18650PF,ood(0C),11.551215566537799
S0,A2-0,42,06-02-17_10.43 0degC_HWFET_Pan18650PF,ood(0C),11.276835020312634
S0,A2-1,7,06-02-17_10.43 0degC_HWFET_Pan18650PF,ood(0C),12.196605477251786
S0,A2-1,13,06-02-17_10.43 0degC_HWFET_Pan18650PF,ood(0C),11.907726382482473
S0,A2-1,42,06-02-17_10.43 0degC_HWFET_Pan18650PF,ood(0C),12.75228899217802
S0,A2-2,7,06-02-17_10.43 0degC_HWFET_Pan18650PF,ood(0C),11.77676788363122
S0,A2-2,13,06-02-17_10.43 0degC_HWFET_Pan18650PF,ood(0C),11.839478468117113
S0,A2-2,42,06-02-17_10.43 0degC_HWFET_Pan18650PF,ood(0C),11.92905667348198
S0,A2-3,7,06-02-17_10.43 0degC_HWFET_Pan18650PF,ood(0C),11.335949025925155
S0,A2-3,13,06-02-17_10.43 0degC_HWFET_Pan18650PF,ood(0C),11.733008672749598
S0,A2-3,42,06-02-17_10.43 0degC_HWFET_Pan18650PF,ood(0C),11.431038548057664
S0,A2-4,7,06-02-17_10.43 0degC_HWFET_Pan18650PF,ood(0C),11.775380991045282
S0,A2-4,13,06-02-17_10.43 0degC_HWFET_Pan18650PF,ood(0C),11.393751985044949
S0,A2-4,42,06-02-17_10.43 0degC_HWFET_Pan18650PF,ood(0C),11.729703674977522
S1,A2-0,7,06-02-17_10.43 0degC_HWFET_Pan18650PF,ood(0C),6.464963767209347
S1,A2-0,13,06-02-17_10.43 0degC_HWFET_Pan18650PF,ood(0C),6.477430511432174
S1,A2-0,42,06-02-17_10.43 0degC_HWFET_Pan18650PF,ood(0C),6.266593402964665
S1,A2-1,7,06-02-17_10.43 0degC_HWFET_Pan18650PF,ood(0C),6.9574332305624
S1,A2-1,13,06-02-17_10.43 0degC_HWFET_Pan18650PF,ood(0C),6.730679018355335
S1,A2-1,42,06-02-17_10.43 0degC_HWFET_Pan18650PF,ood(0C),7.493072774066777
S1,A2-2,7,06-02-17_10.43 0degC_HWFET_Pan18650PF,ood(0C),6.68101714745345
S1,A2-2,13,06-02-17_10.43 0degC_HWFET_Pan18650PF,ood(0C),6.58242874915414
S1,A2-2,42,06-02-17_10.43 0degC_HWFET_Pan18650PF,ood(0C),6.6977597982405515
S1,A2-3,7,06-02-17_10.43 0degC_HWFET_Pan18650PF,ood(0C),5.839666112808826
S1,A2-3,13,06-02-17_10.43 0degC_HWFET_Pan18650PF,ood(0C),6.508382783293283
S1,A2-3,42,06-02-17_10.43 0degC_HWFET_Pan18650PF,ood(0C),6.203750467887401
S1,A2-4,7,06-02-17_10.43 0degC_HWFET_Pan18650PF,ood(0C),6.479712301493698
S1,A2-4,13,06-02-17_10.43 0degC_HWFET_Pan18650PF,ood(0C),6.140708006413251
S1,A2-4,42,06-02-17_10.43 0degC_HWFET_Pan18650PF,ood(0C),6.447561849524245
S2,A2-0,7,06-02-17_10.43 0degC_HWFET_Pan18650PF,ood(0C),5.360593595263598
S2,A2-0,13,06-02-17_10.43 0degC_HWFET_Pan18650PF,ood(0C),5.7159807250400165
S2,A2-0,42,06-02-17_10.43 0degC_HWFET_Pan18650PF,ood(0C),5.692254207358541
S2,A2-1,7,06-02-17_10.43 0degC_HWFET_Pan18650PF,ood(0C),5.755321871027571
S2,A2-1,13,06-02-17_10.43 0degC_HWFET_Pan18650PF,ood(0C),5.712016756964799
S2,A2-1,42,06-02-17_10.43 0degC_HWFET_Pan18650PF,ood(0C),6.060302961781175
S2,A2-2,7,06-02-17_10.43 0degC_HWFET_Pan18650PF,ood(0C),5.797110912967862
S2,A2-2,13,06-02-17_10.43 0degC_HWFET_Pan18650PF,ood(0C),5.514980450036008
S2,A2-2,42,06-02-17_10.43 0degC_HWFET_Pan18650PF,ood(0C),5.616312477059837
S2,A2-3,7,06-02-17_10.43 0degC_HWFET_Pan18650PF,ood(0C),4.778976783653835
S2,A2-3,13,06-02-17_10.43 0degC_HWFET_Pan18650PF,ood(0C),5.521443566185416
S2,A2-3,42,06-02-17_10.43 0degC_HWFET_Pan18650PF,ood(0C),5.359395320914445
S2,A2-4,7,06-02-17_10.43 0degC_HWFET_Pan18650PF,ood(0C),5.402728823395158
S2,A2-4,13,06-02-17_10.43 0degC_HWFET_Pan18650PF,ood(0C),5.290944709505183
S2,A2-4,42,06-02-17_10.43 0degC_HWFET_Pan18650PF,ood(0C),5.4054045556770385
S3,A2-0,7,06-02-17_10.43 0degC_HWFET_Pan18650PF,ood(0C),10.25726867117703
S3,A2-0,13,06-02-17_10.43 0degC_HWFET_Pan18650PF,ood(0C),10.060494830266082
S3,A2-0,42,06-02-17_10.43 0degC_HWFET_Pan18650PF,ood(0C),9.791040981303897
S3,A2-1,7,06-02-17_10.43 0degC_HWFET_Pan18650PF,ood(0C),10.689725285401767
S3,A2-1,13,06-02-17_10.43 0degC_HWFET_Pan18650PF,ood(0C),10.406429842145508
S3,A2-1,42,06-02-17_10.43 0degC_HWFET_Pan18650PF,ood(0C),11.250255296355734
S3,A2-2,7,06-02-17_10.43 0degC_HWFET_Pan18650PF,ood(0C),10.286634685850995
S3,A2-2,13,06-02-17_10.43 0degC_HWFET_Pan18650PF,ood(0C),10.323896277466725
S3,A2-2,42,06-02-17_10.43 0degC_HWFET_Pan18650PF,ood(0C),10.419174566600992
S3,A2-3,7,06-02-17_10.43 0degC_HWFET_Pan18650PF,ood(0C),9.774350296630908
S3,A2-3,13,06-02-17_10.43 0degC_HWFET_Pan18650PF,ood(0C),10.220907186993587
S3,A2-3,42,06-02-17_10.43 0degC_HWFET_Pan18650PF,ood(0C),9.913144130500346
S3,A2-4,7,06-02-17_10.43 0degC_HWFET_Pan18650PF,ood(0C),10.252470343671904
S3,A2-4,13,06-02-17_10.43 0degC_HWFET_Pan18650PF,ood(0C),9.871068376473362
S3,A2-4,42,06-02-17_10.43 0degC_HWFET_Pan18650PF,ood(0C),10.208219634662873
S4,A2-0,7,06-02-17_10.43 0degC_HWFET_Pan18650PF,ood(0C),5.360593595263598
S4,A2-0,13,06-02-17_10.43 0degC_HWFET_Pan18650PF,ood(0C),5.7159807250400165
S4,A2-0,42,06-02-17_10.43 0degC_HWFET_Pan18650PF,ood(0C),5.692254207358541
S4,A2-1,7,06-02-17_10.43 0degC_HWFET_Pan18650PF,ood(0C),5.755321871027571
S4,A2-1,13,06-02-17_10.43 0degC_HWFET_Pan18650PF,ood(0C),5.712016756964799
S4,A2-1,42,06-02-17_10.43 0degC_HWFET_Pan18650PF,ood(0C),6.060302961781175
S4,A2-2,7,06-02-17_10.43 0degC_HWFET_Pan18650PF,ood(0C),5.797110912967862
S4,A2-2,13,06-02-17_10.43 0degC_HWFET_Pan18650PF,ood(0C),5.514980450036008
S4,A2-2,42,06-02-17_10.43 0degC_HWFET_Pan18650PF,ood(0C),5.616312477059837
S4,A2-3,7,06-02-17_10.43 0degC_HWFET_Pan18650PF,ood(0C),4.778976783653835
S4,A2-3,13,06-02-17_10.43 0degC_HWFET_Pan18650PF,ood(0C),5.521443566185416
S4,A2-3,42,06-02-17_10.43 0degC_HWFET_Pan18650PF,ood(0C),5.359395320914445
S4,A2-4,7,06-02-17_10.43 0degC_HWFET_Pan18650PF,ood(0C),5.402728823395158
S4,A2-4,13,06-02-17_10.43 0degC_HWFET_Pan18650PF,ood(0C),5.290944709505183
S4,A2-4,42,06-02-17_10.43 0degC_HWFET_Pan18650PF,ood(0C),5.4054045556770385
S5,A2-0,7,06-02-17_10.43 0degC_HWFET_Pan18650PF,ood(0C),5.541787682145062
S5,A2-0,13,06-02-17_10.43 0degC_HWFET_Pan18650PF,ood(0C),5.940212847939118
S5,A2-0,42,06-02-17_10.43 0degC_HWFET_Pan18650PF,ood(0C),5.95181664418156
S5,A2-1,7,06-02-17_10.43 0degC_HWFET_Pan18650PF,ood(0C),5.892643209257528
S5,A2-1,13,06-02-17_10.43 0degC_HWFET_Pan18650PF,ood(0C),5.887916289144181
S5,A2-1,42,06-02-17_10.43 0degC_HWFET_Pan18650PF,ood(0C),6.1341056824739555
S5,A2-2,7,06-02-17_10.43 0degC_HWFET_Pan18650PF,ood(0C),5.993764667048181
S5,A2-2,13,06-02-17_10.43 0degC_HWFET_Pan18650PF,ood(0C),5.693434190383302
S5,A2-2,42,06-02-17_10.43 0degC_HWFET_Pan18650PF,ood(0C),5.785753590636968
S5,A2-3,7,06-02-17_10.43 0degC_HWFET_Pan18650PF,ood(0C),5.011764191437549
S5,A2-3,13,06-02-17_10.43 0degC_HWFET_Pan18650PF,ood(0C),5.7151017754392015
S5,A2-3,42,06-02-17_10.43 0degC_HWFET_Pan18650PF,ood(0C),5.5906979632207605
S5,A2-4,7,06-02-17_10.43 0degC_HWFET_Pan18650PF,ood(0C),5.586530461276472
S5,A2-4,13,06-02-17_10.43 0degC_HWFET_Pan18650PF,ood(0C),5.525856560672811
S5,A2-4,42,06-02-17_10.43 0degC_HWFET_Pan18650PF,ood(0C),5.595836994569985
S0,A2-0,7,06-02-17_17.14 0degC_UDDS_Pan18650PF,ood(0C),8.41268836104732
S0,A2-0,13,06-02-17_17.14 0degC_UDDS_Pan18650PF,ood(0C),8.68671713060239
S0,A2-0,42,06-02-17_17.14 0degC_UDDS_Pan18650PF,ood(0C),8.333589656576827
S0,A2-1,7,06-02-17_17.14 0degC_UDDS_Pan18650PF,ood(0C),8.891619420005199
S0,A2-1,13,06-02-17_17.14 0degC_UDDS_Pan18650PF,ood(0C),8.692556544838434
S0,A2-1,42,06-02-17_17.14 0degC_UDDS_Pan18650PF,ood(0C),9.354691390558095
S0,A2-2,7,06-02-17_17.14 0degC_UDDS_Pan18650PF,ood(0C),8.732852650651123
S0,A2-2,13,06-02-17_17.14 0degC_UDDS_Pan18650PF,ood(0C),8.504219322791647
S0,A2-2,42,06-02-17_17.14 0degC_UDDS_Pan18650PF,ood(0C),8.692939208505292
S0,A2-3,7,06-02-17_17.14 0degC_UDDS_Pan18650PF,ood(0C),7.77947411589487
S0,A2-3,13,06-02-17_17.14 0degC_UDDS_Pan18650PF,ood(0C),8.410028963729008
S0,A2-3,42,06-02-17_17.14 0degC_UDDS_Pan18650PF,ood(0C),8.246368160296997
S0,A2-4,7,06-02-17_17.14 0degC_UDDS_Pan18650PF,ood(0C),8.495901055972665
S0,A2-4,13,06-02-17_17.14 0degC_UDDS_Pan18650PF,ood(0C),7.768793900301191
S0,A2-4,42,06-02-17_17.14 0degC_UDDS_Pan18650PF,ood(0C),8.397103880983511
S1,A2-0,7,06-02-17_17.14 0degC_UDDS_Pan18650PF,ood(0C),3.383299976092888
S1,A2-0,13,06-02-17_17.14 0degC_UDDS_Pan18650PF,ood(0C),3.858924290329094
S1,A2-0,42,06-02-17_17.14 0degC_UDDS_Pan18650PF,ood(0C),3.581287816591822
S1,A2-1,7,06-02-17_17.14 0degC_UDDS_Pan18650PF,ood(0C),3.779227691189169
S1,A2-1,13,06-02-17_17.14 0degC_UDDS_Pan18650PF,ood(0C),3.6363052623898873
S1,A2-1,42,06-02-17_17.14 0degC_UDDS_Pan18650PF,ood(0C),4.2829165661278275
S1,A2-2,7,06-02-17_17.14 0degC_UDDS_Pan18650PF,ood(0C),3.8622495979522333
S1,A2-2,13,06-02-17_17.14 0degC_UDDS_Pan18650PF,ood(0C),3.673985961974435
S1,A2-2,42,06-02-17_17.14 0degC_UDDS_Pan18650PF,ood(0C),3.6546663749863337
S1,A2-3,7,06-02-17_17.14 0degC_UDDS_Pan18650PF,ood(0C),2.822518772179967
S1,A2-3,13,06-02-17_17.14 0degC_UDDS_Pan18650PF,ood(0C),3.5327513282132865
S1,A2-3,42,06-02-17_17.14 0degC_UDDS_Pan18650PF,ood(0C),3.3937258695218717
S1,A2-4,7,06-02-17_17.14 0degC_UDDS_Pan18650PF,ood(0C),3.606109041208134
S1,A2-4,13,06-02-17_17.14 0degC_UDDS_Pan18650PF,ood(0C),3.107711313244428
S1,A2-4,42,06-02-17_17.14 0degC_UDDS_Pan18650PF,ood(0C),3.3606137937806624
S2,A2-0,7,06-02-17_17.14 0degC_UDDS_Pan18650PF,ood(0C),4.466664411469588
S2,A2-0,13,06-02-17_17.14 0degC_UDDS_Pan18650PF,ood(0C),4.749442213657822
S2,A2-0,42,06-02-17_17.14 0degC_UDDS_Pan18650PF,ood(0C),4.812106598183696
S2,A2-1,7,06-02-17_17.14 0degC_UDDS_Pan18650PF,ood(0C),4.370810556469645
S2,A2-1,13,06-02-17_17.14 0degC_UDDS_Pan18650PF,ood(0C),4.437661719809605
S2,A2-1,42,06-02-17_17.14 0degC_UDDS_Pan18650PF,ood(0C),4.494450927101594
S2,A2-2,7,06-02-17_17.14 0degC_UDDS_Pan18650PF,ood(0C),4.696520354639814
S2,A2-2,13,06-02-17_17.14 0degC_UDDS_Pan18650PF,ood(0C),4.7267718843863165
S2,A2-2,42,06-02-17_17.14 0degC_UDDS_Pan18650PF,ood(0C),4.462359748375483
S2,A2-3,7,06-02-17_17.14 0degC_UDDS_Pan18650PF,ood(0C),4.587649611703987
S2,A2-3,13,06-02-17_17.14 0degC_UDDS_Pan18650PF,ood(0C),4.659741564995735
S2,A2-3,42,06-02-17_17.14 0degC_UDDS_Pan18650PF,ood(0C),4.684150888894878
S2,A2-4,7,06-02-17_17.14 0degC_UDDS_Pan18650PF,ood(0C),4.6486478674535405
S2,A2-4,13,06-02-17_17.14 0degC_UDDS_Pan18650PF,ood(0C),4.898214800491391
S2,A2-4,42,06-02-17_17.14 0degC_UDDS_Pan18650PF,ood(0C),4.45777054574506
S3,A2-0,7,06-02-17_17.14 0degC_UDDS_Pan18650PF,ood(0C),6.8873940561485485
S3,A2-0,13,06-02-17_17.14 0degC_UDDS_Pan18650PF,ood(0C),7.197539963356301
S3,A2-0,42,06-02-17_17.14 0degC_UDDS_Pan18650PF,ood(0C),6.8412599064607855
S3,A2-1,7,06-02-17_17.14 0degC_UDDS_Pan18650PF,ood(0C),7.370877792243745
S3,A2-1,13,06-02-17_17.14 0degC_UDDS_Pan18650PF,ood(0C),7.17310853973928
S3,A2-1,42,06-02-17_17.14 0degC_UDDS_Pan18650PF,ood(0C),7.8522039928028455
S3,A2-2,7,06-02-17_17.14 0degC_UDDS_Pan18650PF,ood(0C),7.239428343897261
S3,A2-2,13,06-02-17_17.14 0degC_UDDS_Pan18650PF,ood(0C),7.008083622574989
S3,A2-2,42,06-02-17_17.14 0degC_UDDS_Pan18650PF,ood(0C),7.175839087611587
S3,A2-3,7,06-02-17_17.14 0degC_UDDS_Pan18650PF,ood(0C),6.2381766228147075
S3,A2-3,13,06-02-17_17.14 0degC_UDDS_Pan18650PF,ood(0C),6.9041420538429765
S3,A2-3,42,06-02-17_17.14 0degC_UDDS_Pan18650PF,ood(0C),6.73735576523815
S3,A2-4,7,06-02-17_17.14 0degC_UDDS_Pan18650PF,ood(0C),6.9915401939478015
S3,A2-4,13,06-02-17_17.14 0degC_UDDS_Pan18650PF,ood(0C),6.262880939136525
S3,A2-4,42,06-02-17_17.14 0degC_UDDS_Pan18650PF,ood(0C),6.870377658322566
S4,A2-0,7,06-02-17_17.14 0degC_UDDS_Pan18650PF,ood(0C),4.466664411469588
S4,A2-0,13,06-02-17_17.14 0degC_UDDS_Pan18650PF,ood(0C),4.749442213657822
S4,A2-0,42,06-02-17_17.14 0degC_UDDS_Pan18650PF,ood(0C),4.812106598183696
S4,A2-1,7,06-02-17_17.14 0degC_UDDS_Pan18650PF,ood(0C),4.370810556469645
S4,A2-1,13,06-02-17_17.14 0degC_UDDS_Pan18650PF,ood(0C),4.437661719809605
S4,A2-1,42,06-02-17_17.14 0degC_UDDS_Pan18650PF,ood(0C),4.494450927101594
S4,A2-2,7,06-02-17_17.14 0degC_UDDS_Pan18650PF,ood(0C),4.696520354639814
S4,A2-2,13,06-02-17_17.14 0degC_UDDS_Pan18650PF,ood(0C),4.7267718843863165
S4,A2-2,42,06-02-17_17.14 0degC_UDDS_Pan18650PF,ood(0C),4.462359748375483
S4,A2-3,7,06-02-17_17.14 0degC_UDDS_Pan18650PF,ood(0C),4.587649611703987
S4,A2-3,13,06-02-17_17.14 0degC_UDDS_Pan18650PF,ood(0C),4.659741564995735
S4,A2-3,42,06-02-17_17.14 0degC_UDDS_Pan18650PF,ood(0C),4.684150888894878
S4,A2-4,7,06-02-17_17.14 0degC_UDDS_Pan18650PF,ood(0C),4.6486478674535405
S4,A2-4,13,06-02-17_17.14 0degC_UDDS_Pan18650PF,ood(0C),4.898214800491391
S4,A2-4,42,06-02-17_17.14 0degC_UDDS_Pan18650PF,ood(0C),4.45777054574506
S5,A2-0,7,06-02-17_17.14 0degC_UDDS_Pan18650PF,ood(0C),5.025904266251936
S5,A2-0,13,06-02-17_17.14 0degC_UDDS_Pan18650PF,ood(0C),5.26535167454485
S5,A2-0,42,06-02-17_17.14 0degC_UDDS_Pan18650PF,ood(0C),5.364117353022464
S5,A2-1,7,06-02-17_17.14 0degC_UDDS_Pan18650PF,ood(0C),4.877471442860051
S5,A2-1,13,06-02-17_17.14 0degC_UDDS_Pan18650PF,ood(0C),4.965615498711429
S5,A2-1,42,06-02-17_17.14 0degC_UDDS_Pan18650PF,ood(0C),4.938064037933249
S5,A2-2,7,06-02-17_17.14 0degC_UDDS_Pan18650PF,ood(0C),5.2091496792429455
S5,A2-2,13,06-02-17_17.14 0degC_UDDS_Pan18650PF,ood(0C),5.263882670646839
S5,A2-2,42,06-02-17_17.14 0degC_UDDS_Pan18650PF,ood(0C),4.989172832244762
S5,A2-3,7,06-02-17_17.14 0degC_UDDS_Pan18650PF,ood(0C),5.208529013227283
S5,A2-3,13,06-02-17_17.14 0degC_UDDS_Pan18650PF,ood(0C),5.210074028999735
S5,A2-3,42,06-02-17_17.14 0degC_UDDS_Pan18650PF,ood(0C),5.251134524977054
S5,A2-4,7,06-02-17_17.14 0degC_UDDS_Pan18650PF,ood(0C),5.1899595137728065
S5,A2-4,13,06-02-17_17.14 0degC_UDDS_Pan18650PF,ood(0C),5.503345420926952
S5,A2-4,42,06-02-17_17.14 0degC_UDDS_Pan18650PF,ood(0C),5.019237796135063
S0,A2-0,7,06-07-17_08.39 n10degC_HWFET_Pan18650PF,ood(-10C),6.87654452566323
S0,A2-0,13,06-07-17_08.39 n10degC_HWFET_Pan18650PF,ood(-10C),6.9645110873301865
S0,A2-0,42,06-07-17_08.39 n10degC_HWFET_Pan18650PF,ood(-10C),6.518976012181156
S0,A2-1,7,06-07-17_08.39 n10degC_HWFET_Pan18650PF,ood(-10C),7.16267052525572
S0,A2-1,13,06-07-17_08.39 n10degC_HWFET_Pan18650PF,ood(-10C),6.943020582492375
S0,A2-1,42,06-07-17_08.39 n10degC_HWFET_Pan18650PF,ood(-10C),7.843848437694421
S0,A2-2,7,06-07-17_08.39 n10degC_HWFET_Pan18650PF,ood(-10C),7.171440193126943
S0,A2-2,13,06-07-17_08.39 n10degC_HWFET_Pan18650PF,ood(-10C),7.279235396622482
S0,A2-2,42,06-07-17_08.39 n10degC_HWFET_Pan18650PF,ood(-10C),7.140763054258989
S0,A2-3,7,06-07-17_08.39 n10degC_HWFET_Pan18650PF,ood(-10C),6.533112296734395
S0,A2-3,13,06-07-17_08.39 n10degC_HWFET_Pan18650PF,ood(-10C),6.921971968723182
S0,A2-3,42,06-07-17_08.39 n10degC_HWFET_Pan18650PF,ood(-10C),6.743031149823517
S0,A2-4,7,06-07-17_08.39 n10degC_HWFET_Pan18650PF,ood(-10C),7.063890151816619
S0,A2-4,13,06-07-17_08.39 n10degC_HWFET_Pan18650PF,ood(-10C),6.433513486350414
S0,A2-4,42,06-07-17_08.39 n10degC_HWFET_Pan18650PF,ood(-10C),6.791713543053409
S1,A2-0,7,06-07-17_08.39 n10degC_HWFET_Pan18650PF,ood(-10C),2.980008638276351
S1,A2-0,13,06-07-17_08.39 n10degC_HWFET_Pan18650PF,ood(-10C),3.3184508644373594
S1,A2-0,42,06-07-17_08.39 n10degC_HWFET_Pan18650PF,ood(-10C),2.738079227414423
S1,A2-1,7,06-07-17_08.39 n10degC_HWFET_Pan18650PF,ood(-10C),3.285933816688925
S1,A2-1,13,06-07-17_08.39 n10degC_HWFET_Pan18650PF,ood(-10C),3.073981401588106
S1,A2-1,42,06-07-17_08.39 n10degC_HWFET_Pan18650PF,ood(-10C),4.189055128084595
S1,A2-2,7,06-07-17_08.39 n10degC_HWFET_Pan18650PF,ood(-10C),3.4709314559195654
S1,A2-2,13,06-07-17_08.39 n10degC_HWFET_Pan18650PF,ood(-10C),3.7568692158980554
S1,A2-2,42,06-07-17_08.39 n10degC_HWFET_Pan18650PF,ood(-10C),3.3619628520246487
S1,A2-3,7,06-07-17_08.39 n10degC_HWFET_Pan18650PF,ood(-10C),2.5950166575680886
S1,A2-3,13,06-07-17_08.39 n10degC_HWFET_Pan18650PF,ood(-10C),3.1302015280802844
S1,A2-3,42,06-07-17_08.39 n10degC_HWFET_Pan18650PF,ood(-10C),3.0190998654148067
S1,A2-4,7,06-07-17_08.39 n10degC_HWFET_Pan18650PF,ood(-10C),3.3786240708845545
S1,A2-4,13,06-07-17_08.39 n10degC_HWFET_Pan18650PF,ood(-10C),2.5419912541187517
S1,A2-4,42,06-07-17_08.39 n10degC_HWFET_Pan18650PF,ood(-10C),2.8927327695118863
S2,A2-0,7,06-07-17_08.39 n10degC_HWFET_Pan18650PF,ood(-10C),1.1104103171993294
S2,A2-0,13,06-07-17_08.39 n10degC_HWFET_Pan18650PF,ood(-10C),1.9788858896448267
S2,A2-0,42,06-07-17_08.39 n10degC_HWFET_Pan18650PF,ood(-10C),1.3798929445503059
S2,A2-1,7,06-07-17_08.39 n10degC_HWFET_Pan18650PF,ood(-10C),1.3723483179670226
S2,A2-1,13,06-07-17_08.39 n10degC_HWFET_Pan18650PF,ood(-10C),1.2613392553954994
S2,A2-1,42,06-07-17_08.39 n10degC_HWFET_Pan18650PF,ood(-10C),2.557456939830122
S2,A2-2,7,06-07-17_08.39 n10degC_HWFET_Pan18650PF,ood(-10C),1.9522864253392433
S2,A2-2,13,06-07-17_08.39 n10degC_HWFET_Pan18650PF,ood(-10C),2.486986137954912
S2,A2-2,42,06-07-17_08.39 n10degC_HWFET_Pan18650PF,ood(-10C),1.697819901272829
S2,A2-3,7,06-07-17_08.39 n10degC_HWFET_Pan18650PF,ood(-10C),0.7547878945714545
S2,A2-3,13,06-07-17_08.39 n10degC_HWFET_Pan18650PF,ood(-10C),1.5251733478155338
S2,A2-3,42,06-07-17_08.39 n10degC_HWFET_Pan18650PF,ood(-10C),1.6448882703360173
S2,A2-4,7,06-07-17_08.39 n10degC_HWFET_Pan18650PF,ood(-10C),1.929041800343744
S2,A2-4,13,06-07-17_08.39 n10degC_HWFET_Pan18650PF,ood(-10C),0.9549479157214262
S2,A2-4,42,06-07-17_08.39 n10degC_HWFET_Pan18650PF,ood(-10C),1.0538698961926913
S3,A2-0,7,06-07-17_08.39 n10degC_HWFET_Pan18650PF,ood(-10C),5.909826920855882
S3,A2-0,13,06-07-17_08.39 n10degC_HWFET_Pan18650PF,ood(-10C),6.030524425503091
S3,A2-0,42,06-07-17_08.39 n10degC_HWFET_Pan18650PF,ood(-10C),5.565029966191177
S3,A2-1,7,06-07-17_08.39 n10degC_HWFET_Pan18650PF,ood(-10C),6.199136695814641
S3,A2-1,13,06-07-17_08.39 n10degC_HWFET_Pan18650PF,ood(-10C),5.979896518492299
S3,A2-1,42,06-07-17_08.39 n10degC_HWFET_Pan18650PF,ood(-10C),6.913915053605414
S3,A2-2,7,06-07-17_08.39 n10degC_HWFET_Pan18650PF,ood(-10C),6.231375386772808
S3,A2-2,13,06-07-17_08.39 n10degC_HWFET_Pan18650PF,ood(-10C),6.364924724737578
S3,A2-2,42,06-07-17_08.39 n10degC_HWFET_Pan18650PF,ood(-10C),6.190011612651166
S3,A2-3,7,06-07-17_08.39 n10degC_HWFET_Pan18650PF,ood(-10C),5.560780985871052
S3,A2-3,13,06-07-17_08.39 n10degC_HWFET_Pan18650PF,ood(-10C),5.968588062266673
S3,A2-3,42,06-07-17_08.39 n10degC_HWFET_Pan18650PF,ood(-10C),5.797401413611275
S3,A2-4,7,06-07-17_08.39 n10degC_HWFET_Pan18650PF,ood(-10C),6.125266501054499
S3,A2-4,13,06-07-17_08.39 n10degC_HWFET_Pan18650PF,ood(-10C),5.466271140995095
S3,A2-4,42,06-07-17_08.39 n10degC_HWFET_Pan18650PF,ood(-10C),5.824502095775519
S4,A2-0,7,06-07-17_08.39 n10degC_HWFET_Pan18650PF,ood(-10C),1.1104103171993294
S4,A2-0,13,06-07-17_08.39 n10degC_HWFET_Pan18650PF,ood(-10C),1.9788858896448267
S4,A2-0,42,06-07-17_08.39 n10degC_HWFET_Pan18650PF,ood(-10C),1.3798929445503059
S4,A2-1,7,06-07-17_08.39 n10degC_HWFET_Pan18650PF,ood(-10C),1.3723483179670226
S4,A2-1,13,06-07-17_08.39 n10degC_HWFET_Pan18650PF,ood(-10C),1.2613392553954994
S4,A2-1,42,06-07-17_08.39 n10degC_HWFET_Pan18650PF,ood(-10C),2.557456939830122
S4,A2-2,7,06-07-17_08.39 n10degC_HWFET_Pan18650PF,ood(-10C),1.9522864253392433
S4,A2-2,13,06-07-17_08.39 n10degC_HWFET_Pan18650PF,ood(-10C),2.486986137954912
S4,A2-2,42,06-07-17_08.39 n10degC_HWFET_Pan18650PF,ood(-10C),1.697819901272829
S4,A2-3,7,06-07-17_08.39 n10degC_HWFET_Pan18650PF,ood(-10C),0.7547878945714545
S4,A2-3,13,06-07-17_08.39 n10degC_HWFET_Pan18650PF,ood(-10C),1.5251733478155338
S4,A2-3,42,06-07-17_08.39 n10degC_HWFET_Pan18650PF,ood(-10C),1.6448882703360173
S4,A2-4,7,06-07-17_08.39 n10degC_HWFET_Pan18650PF,ood(-10C),1.929041800343744
S4,A2-4,13,06-07-17_08.39 n10degC_HWFET_Pan18650PF,ood(-10C),0.9549479157214262
S4,A2-4,42,06-07-17_08.39 n10degC_HWFET_Pan18650PF,ood(-10C),1.0538698961926913
S5,A2-0,7,06-07-17_08.39 n10degC_HWFET_Pan18650PF,ood(-10C),1.0472260184655733
S5,A2-0,13,06-07-17_08.39 n10degC_HWFET_Pan18650PF,ood(-10C),1.969663977908316
S5,A2-0,42,06-07-17_08.39 n10degC_HWFET_Pan18650PF,ood(-10C),1.4629116722806705
S5,A2-1,7,06-07-17_08.39 n10degC_HWFET_Pan18650PF,ood(-10C),1.231854888605707
S5,A2-1,13,06-07-17_08.39 n10degC_HWFET_Pan18650PF,ood(-10C),1.1901336574822827
S5,A2-1,42,06-07-17_08.39 n10degC_HWFET_Pan18650PF,ood(-10C),2.407340871415622
S5,A2-2,7,06-07-17_08.39 n10degC_HWFET_Pan18650PF,ood(-10C),1.8890310181626488
S5,A2-2,13,06-07-17_08.39 n10degC_HWFET_Pan18650PF,ood(-10C),2.4490303953594865
S5,A2-2,42,06-07-17_08.39 n10degC_HWFET_Pan18650PF,ood(-10C),1.614377509719329
S5,A2-3,7,06-07-17_08.39 n10degC_HWFET_Pan18650PF,ood(-10C),0.837943251262683
S5,A2-3,13,06-07-17_08.39 n10degC_HWFET_Pan18650PF,ood(-10C),1.4905096301276815
S5,A2-3,42,06-07-17_08.39 n10degC_HWFET_Pan18650PF,ood(-10C),1.6714418631430132
S5,A2-4,7,06-07-17_08.39 n10degC_HWFET_Pan18650PF,ood(-10C),1.891151467758889
S5,A2-4,13,06-07-17_08.39 n10degC_HWFET_Pan18650PF,ood(-10C),1.0750613967719727
S5,A2-4,42,06-07-17_08.39 n10degC_HWFET_Pan18650PF,ood(-10C),1.0222650896405732
S0,A2-0,7,06-07-17_08.39 n10degC_LA92_Pan18650PF,ood(-10C),7.483275860658272
S0,A2-0,13,06-07-17_08.39 n10degC_LA92_Pan18650PF,ood(-10C),7.8441529205471925
S0,A2-0,42,06-07-17_08.39 n10degC_LA92_Pan18650PF,ood(-10C),7.419490290503325
S0,A2-1,7,06-07-17_08.39 n10degC_LA92_Pan18650PF,ood(-10C),7.87019733629129
S0,A2-1,13,06-07-17_08.39 n10degC_LA92_Pan18650PF,ood(-10C),7.796702143543357
S0,A2-1,42,06-07-17_08.39 n10degC_LA92_Pan18650PF,ood(-10C),8.39770049290207
S0,A2-2,7,06-07-17_08.39 n10degC_LA92_Pan18650PF,ood(-10C),7.914496027648327
S0,A2-2,13,06-07-17_08.39 n10degC_LA92_Pan18650PF,ood(-10C),7.8372386576507305
S0,A2-2,42,06-07-17_08.39 n10degC_LA92_Pan18650PF,ood(-10C),7.766532951376831
S0,A2-3,7,06-07-17_08.39 n10degC_LA92_Pan18650PF,ood(-10C),7.081614465218765
S0,A2-3,13,06-07-17_08.39 n10degC_LA92_Pan18650PF,ood(-10C),7.680135882074524
S0,A2-3,42,06-07-17_08.39 n10degC_LA92_Pan18650PF,ood(-10C),7.504371398445816
S0,A2-4,7,06-07-17_08.39 n10degC_LA92_Pan18650PF,ood(-10C),7.668138538923565
S0,A2-4,13,06-07-17_08.39 n10degC_LA92_Pan18650PF,ood(-10C),7.005357662256448
S0,A2-4,42,06-07-17_08.39 n10degC_LA92_Pan18650PF,ood(-10C),7.479795978643354
S1,A2-0,7,06-07-17_08.39 n10degC_LA92_Pan18650PF,ood(-10C),3.35338637574939
S1,A2-0,13,06-07-17_08.39 n10degC_LA92_Pan18650PF,ood(-10C),3.8992070991086574
S1,A2-0,42,06-07-17_08.39 n10degC_LA92_Pan18650PF,ood(-10C),3.3652667133565233
S1,A2-1,7,06-07-17_08.39 n10degC_LA92_Pan18650PF,ood(-10C),3.7451101223351997
S1,A2-1,13,06-07-17_08.39 n10degC_LA92_Pan18650PF,ood(-10C),3.671188567760959
S1,A2-1,42,06-07-17_08.39 n10degC_LA92_Pan18650PF,ood(-10C),4.4688205689822915
S1,A2-2,7,06-07-17_08.39 n10degC_LA92_Pan18650PF,ood(-10C),3.944120150751459
S1,A2-2,13,06-07-17_08.39 n10degC_LA92_Pan18650PF,ood(-10C),4.025374448229712
S1,A2-2,42,06-07-17_08.39 n10degC_LA92_Pan18650PF,ood(-10C),3.721910313861728
S1,A2-3,7,06-07-17_08.39 n10degC_LA92_Pan18650PF,ood(-10C),2.913488270663042
S1,A2-3,13,06-07-17_08.39 n10degC_LA92_Pan18650PF,ood(-10C),3.6227862106940827
S1,A2-3,42,06-07-17_08.39 n10degC_LA92_Pan18650PF,ood(-10C),3.483402649829463
S1,A2-4,7,06-07-17_08.39 n10degC_LA92_Pan18650PF,ood(-10C),3.703602605016103
S1,A2-4,13,06-07-17_08.39 n10degC_LA92_Pan18650PF,ood(-10C),2.8800095347974604
S1,A2-4,42,06-07-17_08.39 n10degC_LA92_Pan18650PF,ood(-10C),3.347309852404746
S2,A2-0,7,06-07-17_08.39 n10degC_LA92_Pan18650PF,ood(-10C),1.2657499336990252
S2,A2-0,13,06-07-17_08.39 n10degC_LA92_Pan18650PF,ood(-10C),2.147608720261248
S2,A2-0,42,06-07-17_08.39 n10degC_LA92_Pan18650PF,ood(-10C),1.5176924373277392
S2,A2-1,7,06-07-17_08.39 n10degC_LA92_Pan18650PF,ood(-10C),1.5738408218029813
S2,A2-1,13,06-07-17_08.39 n10degC_LA92_Pan18650PF,ood(-10C),1.5141196797558438
S2,A2-1,42,06-07-17_08.39 n10degC_LA92_Pan18650PF,ood(-10C),2.613648791061555
S2,A2-2,7,06-07-17_08.39 n10degC_LA92_Pan18650PF,ood(-10C),2.1232971221728794
S2,A2-2,13,06-07-17_08.39 n10degC_LA92_Pan18650PF,ood(-10C),2.5060815937200878
S2,A2-2,42,06-07-17_08.39 n10degC_LA92_Pan18650PF,ood(-10C),1.7823833080503027
S2,A2-3,7,06-07-17_08.39 n10degC_LA92_Pan18650PF,ood(-10C),0.843198941653616
S2,A2-3,13,06-07-17_08.39 n10degC_LA92_Pan18650PF,ood(-10C),1.6776911651306337
S2,A2-3,42,06-07-17_08.39 n10degC_LA92_Pan18650PF,ood(-10C),1.68417099920262
S2,A2-4,7,06-07-17_08.39 n10degC_LA92_Pan18650PF,ood(-10C),1.968475106814831
S2,A2-4,13,06-07-17_08.39 n10degC_LA92_Pan18650PF,ood(-10C),1.023682621036196
S2,A2-4,42,06-07-17_08.39 n10degC_LA92_Pan18650PF,ood(-10C),1.2522990705101635
S3,A2-0,7,06-07-17_08.39 n10degC_LA92_Pan18650PF,ood(-10C),6.460298161339495
S3,A2-0,13,06-07-17_08.39 n10degC_LA92_Pan18650PF,ood(-10C),6.847045975069478
S3,A2-0,42,06-07-17_08.39 n10degC_LA92_Pan18650PF,ood(-10C),6.406008019465289
S3,A2-1,7,06-07-17_08.39 n10degC_LA92_Pan18650PF,ood(-10C),6.848578145253358
S3,A2-1,13,06-07-17_08.39 n10degC_LA92_Pan18650PF,ood(-10C),6.774890874320242
S3,A2-1,42,06-07-17_08.39 n10degC_LA92_Pan18650PF,ood(-10C),7.405358398862491
S3,A2-2,7,06-07-17_08.39 n10degC_LA92_Pan18650PF,ood(-10C),6.914155786222758
S3,A2-2,13,06-07-17_08.39 n10degC_LA92_Pan18650PF,ood(-10C),6.858915733463309
S3,A2-2,42,06-07-17_08.39 n10degC_LA92_Pan18650PF,ood(-10C),6.755457939022448
S3,A2-3,7,06-07-17_08.39 n10degC_LA92_Pan18650PF,ood(-10C),6.053266149858829
S3,A2-3,13,06-07-17_08.39 n10degC_LA92_Pan18650PF,ood(-10C),6.667086032136087
S3,A2-3,42,06-07-17_08.39 n10degC_LA92_Pan18650PF,ood(-10C),6.495516151158914
S3,A2-4,7,06-07-17_08.39 n10degC_LA92_Pan18650PF,ood(-10C),6.667517347661807
S3,A2-4,13,06-07-17_08.39 n10degC_LA92_Pan18650PF,ood(-10C),5.981901400405321
S3,A2-4,42,06-07-17_08.39 n10degC_LA92_Pan18650PF,ood(-10C),6.456482002592452
S4,A2-0,7,06-07-17_08.39 n10degC_LA92_Pan18650PF,ood(-10C),1.2657499336990252
S4,A2-0,13,06-07-17_08.39 n10degC_LA92_Pan18650PF,ood(-10C),2.147608720261248
S4,A2-0,42,06-07-17_08.39 n10degC_LA92_Pan18650PF,ood(-10C),1.5176924373277392
S4,A2-1,7,06-07-17_08.39 n10degC_LA92_Pan18650PF,ood(-10C),1.5738408218029813
S4,A2-1,13,06-07-17_08.39 n10degC_LA92_Pan18650PF,ood(-10C),1.5141196797558438
S4,A2-1,42,06-07-17_08.39 n10degC_LA92_Pan18650PF,ood(-10C),2.613648791061555
S4,A2-2,7,06-07-17_08.39 n10degC_LA92_Pan18650PF,ood(-10C),2.1232971221728794
S4,A2-2,13,06-07-17_08.39 n10degC_LA92_Pan18650PF,ood(-10C),2.5060815937200878
S4,A2-2,42,06-07-17_08.39 n10degC_LA92_Pan18650PF,ood(-10C),1.7823833080503027
S4,A2-3,7,06-07-17_08.39 n10degC_LA92_Pan18650PF,ood(-10C),0.843198941653616
S4,A2-3,13,06-07-17_08.39 n10degC_LA92_Pan18650PF,ood(-10C),1.6776911651306337
S4,A2-3,42,06-07-17_08.39 n10degC_LA92_Pan18650PF,ood(-10C),1.68417099920262
S4,A2-4,7,06-07-17_08.39 n10degC_LA92_Pan18650PF,ood(-10C),1.968475106814831
S4,A2-4,13,06-07-17_08.39 n10degC_LA92_Pan18650PF,ood(-10C),1.023682621036196
S4,A2-4,42,06-07-17_08.39 n10degC_LA92_Pan18650PF,ood(-10C),1.2522990705101635
S5,A2-0,7,06-07-17_08.39 n10degC_LA92_Pan18650PF,ood(-10C),1.1188084806508756
S5,A2-0,13,06-07-17_08.39 n10degC_LA92_Pan18650PF,ood(-10C),2.022357923372478
S5,A2-0,42,06-07-17_08.39 n10degC_LA92_Pan18650PF,ood(-10C),1.4372285537562417
S5,A2-1,7,06-07-17_08.39 n10degC_LA92_Pan18650PF,ood(-10C),1.334613551291223
S5,A2-1,13,06-07-17_08.39 n10degC_LA92_Pan18650PF,ood(-10C),1.2894612613910232
S5,A2-1,42,06-07-17_08.39 n10degC_LA92_Pan18650PF,ood(-10C),2.418090449319999
S5,A2-2,7,06-07-17_08.39 n10degC_LA92_Pan18650PF,ood(-10C),1.9757123135549028
S5,A2-2,13,06-07-17_08.39 n10degC_LA92_Pan18650PF,ood(-10C),2.4247243827287557
S5,A2-2,42,06-07-17_08.39 n10degC_LA92_Pan18650PF,ood(-10C),1.6246079450664606
S5,A2-3,7,06-07-17_08.39 n10degC_LA92_Pan18650PF,ood(-10C),0.8358879625937008
S5,A2-3,13,06-07-17_08.39 n10degC_LA92_Pan18650PF,ood(-10C),1.5308173762251425
S5,A2-3,42,06-07-17_08.39 n10degC_LA92_Pan18650PF,ood(-10C),1.5964465846655327
S5,A2-4,7,06-07-17_08.39 n10degC_LA92_Pan18650PF,ood(-10C),1.8677507541545364
S5,A2-4,13,06-07-17_08.39 n10degC_LA92_Pan18650PF,ood(-10C),1.0638921069276543
S5,A2-4,42,06-07-17_08.39 n10degC_LA92_Pan18650PF,ood(-10C),1.1041301456901251
S0,A2-0,7,06-07-17_08.39 n10degC_UDDS_Pan18650PF,ood(-10C),9.140503371524424
S0,A2-0,13,06-07-17_08.39 n10degC_UDDS_Pan18650PF,ood(-10C),9.605251294390905
S0,A2-0,42,06-07-17_08.39 n10degC_UDDS_Pan18650PF,ood(-10C),9.189176193949963
S0,A2-1,7,06-07-17_08.39 n10degC_UDDS_Pan18650PF,ood(-10C),9.589263426839695
S0,A2-1,13,06-07-17_08.39 n10degC_UDDS_Pan18650PF,ood(-10C),9.434993950041367
S0,A2-1,42,06-07-17_08.39 n10degC_UDDS_Pan18650PF,ood(-10C),10.164723093392219
S0,A2-2,7,06-07-17_08.39 n10degC_UDDS_Pan18650PF,ood(-10C),9.664681458860064
S0,A2-2,13,06-07-17_08.39 n10degC_UDDS_Pan18650PF,ood(-10C),9.418622286842318
S0,A2-2,42,06-07-17_08.39 n10degC_UDDS_Pan18650PF,ood(-10C),9.479042232451198
S0,A2-3,7,06-07-17_08.39 n10degC_UDDS_Pan18650PF,ood(-10C),8.520352285878266
S0,A2-3,13,06-07-17_08.39 n10degC_UDDS_Pan18650PF,ood(-10C),9.268042074093604
S0,A2-3,42,06-07-17_08.39 n10degC_UDDS_Pan18650PF,ood(-10C),9.01614896822163
S0,A2-4,7,06-07-17_08.39 n10degC_UDDS_Pan18650PF,ood(-10C),9.262863764924436
S0,A2-4,13,06-07-17_08.39 n10degC_UDDS_Pan18650PF,ood(-10C),8.617922962573747
S0,A2-4,42,06-07-17_08.39 n10degC_UDDS_Pan18650PF,ood(-10C),9.047993737902065
S1,A2-0,7,06-07-17_08.39 n10degC_UDDS_Pan18650PF,ood(-10C),4.6622614964312135
S1,A2-0,13,06-07-17_08.39 n10degC_UDDS_Pan18650PF,ood(-10C),5.254928538740337
S1,A2-0,42,06-07-17_08.39 n10degC_UDDS_Pan18650PF,ood(-10C),4.766396001197777
S1,A2-1,7,06-07-17_08.39 n10degC_UDDS_Pan18650PF,ood(-10C),5.102270691681777
S1,A2-1,13,06-07-17_08.39 n10degC_UDDS_Pan18650PF,ood(-10C),4.949499308413549
S1,A2-1,42,06-07-17_08.39 n10degC_UDDS_Pan18650PF,ood(-10C),5.805830695412399
S1,A2-2,7,06-07-17_08.39 n10degC_UDDS_Pan18650PF,ood(-10C),5.291236503159944
S1,A2-2,13,06-07-17_08.39 n10degC_UDDS_Pan18650PF,ood(-10C),5.150764577653371
S1,A2-2,42,06-07-17_08.39 n10degC_UDDS_Pan18650PF,ood(-10C),5.038542241530661
S1,A2-3,7,06-07-17_08.39 n10degC_UDDS_Pan18650PF,ood(-10C),4.013806236862496
S1,A2-3,13,06-07-17_08.39 n10degC_UDDS_Pan18650PF,ood(-10C),4.858250449555512
S1,A2-3,42,06-07-17_08.39 n10degC_UDDS_Pan18650PF,ood(-10C),4.627932796428451
S1,A2-4,7,06-07-17_08.39 n10degC_UDDS_Pan18650PF,ood(-10C),4.915900392175676
S1,A2-4,13,06-07-17_08.39 n10degC_UDDS_Pan18650PF,ood(-10C),4.163933190630608
S1,A2-4,42,06-07-17_08.39 n10degC_UDDS_Pan18650PF,ood(-10C),4.576732453240107
S2,A2-0,7,06-07-17_08.39 n10degC_UDDS_Pan18650PF,ood(-10C),2.3544536950892527
S2,A2-0,13,06-07-17_08.39 n10degC_UDDS_Pan18650PF,ood(-10C),3.116335546276223
S2,A2-0,42,06-07-17_08.39 n10degC_UDDS_Pan18650PF,ood(-10C),2.5650330838158406
S2,A2-1,7,06-07-17_08.39 n10degC_UDDS_Pan18650PF,ood(-10C),2.713288936094523
S2,A2-1,13,06-07-17_08.39 n10degC_UDDS_Pan18650PF,ood(-10C),2.5826754304140334
S2,A2-1,42,06-07-17_08.39 n10degC_UDDS_Pan18650PF,ood(-10C),3.578976931912075
S2,A2-2,7,06-07-17_08.39 n10degC_UDDS_Pan18650PF,ood(-10C),3.103981523786147
S2,A2-2,13,06-07-17_08.39 n10degC_UDDS_Pan18650PF,ood(-10C),3.180444983712816
S2,A2-2,42,06-07-17_08.39 n10degC_UDDS_Pan18650PF,ood(-10C),2.755629171144935
S2,A2-3,7,06-07-17_08.39 n10degC_UDDS_Pan18650PF,ood(-10C),1.7691244292866268
S2,A2-3,13,06-07-17_08.39 n10degC_UDDS_Pan18650PF,ood(-10C),2.6680958669271138
S2,A2-3,42,06-07-17_08.39 n10degC_UDDS_Pan18650PF,ood(-10C),2.528622126078439
S2,A2-4,7,06-07-17_08.39 n10degC_UDDS_Pan18650PF,ood(-10C),2.8425217457048513
S2,A2-4,13,06-07-17_08.39 n10degC_UDDS_Pan18650PF,ood(-10C),2.022231591257192
S2,A2-4,42,06-07-17_08.39 n10degC_UDDS_Pan18650PF,ood(-10C),2.300320099180872
S3,A2-0,7,06-07-17_08.39 n10degC_UDDS_Pan18650PF,ood(-10C),8.024811580904487
S3,A2-0,13,06-07-17_08.39 n10degC_UDDS_Pan18650PF,ood(-10C),8.509774124170027
S3,A2-0,42,06-07-17_08.39 n10degC_UDDS_Pan18650PF,ood(-10C),8.081565405780474
S3,A2-1,7,06-07-17_08.39 n10degC_UDDS_Pan18650PF,ood(-10C),8.473350036223474
S3,A2-1,13,06-07-17_08.39 n10degC_UDDS_Pan18650PF,ood(-10C),8.318960007129835
S3,A2-1,42,06-07-17_08.39 n10degC_UDDS_Pan18650PF,ood(-10C),9.069830920866659
S3,A2-2,7,06-07-17_08.39 n10degC_UDDS_Pan18650PF,ood(-10C),8.565920122835399
S3,A2-2,13,06-07-17_08.39 n10degC_UDDS_Pan18650PF,ood(-10C),8.334820502962868
S3,A2-2,42,06-07-17_08.39 n10degC_UDDS_Pan18650PF,ood(-10C),8.369706261393434
S3,A2-3,7,06-07-17_08.39 n10degC_UDDS_Pan18650PF,ood(-10C),7.399202176146892
S3,A2-3,13,06-07-17_08.39 n10degC_UDDS_Pan18650PF,ood(-10C),8.162568135823612
S3,A2-3,42,06-07-17_08.39 n10degC_UDDS_Pan18650PF,ood(-10C),7.912904993935265
S3,A2-4,7,06-07-17_08.39 n10degC_UDDS_Pan18650PF,ood(-10C),8.166570799692758
S3,A2-4,13,06-07-17_08.39 n10degC_UDDS_Pan18650PF,ood(-10C),7.504108811399216
S3,A2-4,42,06-07-17_08.39 n10degC_UDDS_Pan18650PF,ood(-10C),7.933051138460604
S4,A2-0,7,06-07-17_08.39 n10degC_UDDS_Pan18650PF,ood(-10C),2.3544536950892527
S4,A2-0,13,06-07-17_08.39 n10degC_UDDS_Pan18650PF,ood(-10C),3.116335546276223
S4,A2-0,42,06-07-17_08.39 n10degC_UDDS_Pan18650PF,ood(-10C),2.5650330838158406
S4,A2-1,7,06-07-17_08.39 n10degC_UDDS_Pan18650PF,ood(-10C),2.713288936094523
S4,A2-1,13,06-07-17_08.39 n10degC_UDDS_Pan18650PF,ood(-10C),2.5826754304140334
S4,A2-1,42,06-07-17_08.39 n10degC_UDDS_Pan18650PF,ood(-10C),3.578976931912075
S4,A2-2,7,06-07-17_08.39 n10degC_UDDS_Pan18650PF,ood(-10C),3.103981523786147
S4,A2-2,13,06-07-17_08.39 n10degC_UDDS_Pan18650PF,ood(-10C),3.180444983712816
S4,A2-2,42,06-07-17_08.39 n10degC_UDDS_Pan18650PF,ood(-10C),2.755629171144935
S4,A2-3,7,06-07-17_08.39 n10degC_UDDS_Pan18650PF,ood(-10C),1.7691244292866268
S4,A2-3,13,06-07-17_08.39 n10degC_UDDS_Pan18650PF,ood(-10C),2.6680958669271138
S4,A2-3,42,06-07-17_08.39 n10degC_UDDS_Pan18650PF,ood(-10C),2.528622126078439
S4,A2-4,7,06-07-17_08.39 n10degC_UDDS_Pan18650PF,ood(-10C),2.8425217457048513
S4,A2-4,13,06-07-17_08.39 n10degC_UDDS_Pan18650PF,ood(-10C),2.022231591257192
S4,A2-4,42,06-07-17_08.39 n10degC_UDDS_Pan18650PF,ood(-10C),2.300320099180872
S5,A2-0,7,06-07-17_08.39 n10degC_UDDS_Pan18650PF,ood(-10C),2.075329537962142
S5,A2-0,13,06-07-17_08.39 n10degC_UDDS_Pan18650PF,ood(-10C),2.8574941080377534
S5,A2-0,42,06-07-17_08.39 n10degC_UDDS_Pan18650PF,ood(-10C),2.313598658306244
S5,A2-1,7,06-07-17_08.39 n10degC_UDDS_Pan18650PF,ood(-10C),2.3825165425929837
S5,A2-1,13,06-07-17_08.39 n10degC_UDDS_Pan18650PF,ood(-10C),2.2666278509669806
S5,A2-1,42,06-07-17_08.39 n10degC_UDDS_Pan18650PF,ood(-10C),3.2741189313797636
S5,A2-2,7,06-07-17_08.39 n10degC_UDDS_Pan18650PF,ood(-10C),2.8293292995473167
S5,A2-2,13,06-07-17_08.39 n10degC_UDDS_Pan18650PF,ood(-10C),2.972970342966372
S5,A2-2,42,06-07-17_08.39 n10degC_UDDS_Pan18650PF,ood(-10C),2.463133793280812
S5,A2-3,7,06-07-17_08.39 n10degC_UDDS_Pan18650PF,ood(-10C),1.5733814187143194
S5,A2-3,13,06-07-17_08.39 n10degC_UDDS_Pan18650PF,ood(-10C),2.4144573547338206
S5,A2-3,42,06-07-17_08.39 n10degC_UDDS_Pan18650PF,ood(-10C),2.3171971075933415
S5,A2-4,7,06-07-17_08.39 n10degC_UDDS_Pan18650PF,ood(-10C),2.619709383989673
S5,A2-4,13,06-07-17_08.39 n10degC_UDDS_Pan18650PF,ood(-10C),1.840261904513372
S5,A2-4,42,06-07-17_08.39 n10degC_UDDS_Pan18650PF,ood(-10C),2.037782154311604
S0,A2-0,7,06-07-17_08.39 n10degC_US06_Pan18650PF,ood(-10C),4.261930780567413
S0,A2-0,13,06-07-17_08.39 n10degC_US06_Pan18650PF,ood(-10C),4.579203282338608
S0,A2-0,42,06-07-17_08.39 n10degC_US06_Pan18650PF,ood(-10C),4.117923421009809
S0,A2-1,7,06-07-17_08.39 n10degC_US06_Pan18650PF,ood(-10C),4.42874366549786
S0,A2-1,13,06-07-17_08.39 n10degC_US06_Pan18650PF,ood(-10C),4.555167679064135
S0,A2-1,42,06-07-17_08.39 n10degC_US06_Pan18650PF,ood(-10C),5.028095981592664
S0,A2-2,7,06-07-17_08.39 n10degC_US06_Pan18650PF,ood(-10C),4.612040777130229
S0,A2-2,13,06-07-17_08.39 n10degC_US06_Pan18650PF,ood(-10C),4.966209489631675
S0,A2-2,42,06-07-17_08.39 n10degC_US06_Pan18650PF,ood(-10C),4.467750338754906
S0,A2-3,7,06-07-17_08.39 n10degC_US06_Pan18650PF,ood(-10C),4.164861086160019
S0,A2-3,13,06-07-17_08.39 n10degC_US06_Pan18650PF,ood(-10C),4.540684177692909
S0,A2-3,42,06-07-17_08.39 n10degC_US06_Pan18650PF,ood(-10C),4.560537489134742
S0,A2-4,7,06-07-17_08.39 n10degC_US06_Pan18650PF,ood(-10C),4.611619658486152
S0,A2-4,13,06-07-17_08.39 n10degC_US06_Pan18650PF,ood(-10C),3.92274459118567
S0,A2-4,42,06-07-17_08.39 n10degC_US06_Pan18650PF,ood(-10C),4.340386105759169
S1,A2-0,7,06-07-17_08.39 n10degC_US06_Pan18650PF,ood(-10C),0.9382995324182629
S1,A2-0,13,06-07-17_08.39 n10degC_US06_Pan18650PF,ood(-10C),1.914713747084121
S1,A2-0,42,06-07-17_08.39 n10degC_US06_Pan18650PF,ood(-10C),1.1393126478240427
S1,A2-1,7,06-07-17_08.39 n10degC_US06_Pan18650PF,ood(-10C),1.1692374178274159
S1,A2-1,13,06-07-17_08.39 n10degC_US06_Pan18650PF,ood(-10C),1.2553386997001095
S1,A2-1,42,06-07-17_08.39 n10degC_US06_Pan18650PF,ood(-10C),2.391850337818259
S1,A2-2,7,06-07-17_08.39 n10degC_US06_Pan18650PF,ood(-10C),1.8544805847739385
S1,A2-2,13,06-07-17_08.39 n10degC_US06_Pan18650PF,ood(-10C),2.545529814276686
S1,A2-2,42,06-07-17_08.39 n10degC_US06_Pan18650PF,ood(-10C),1.584000560394704
S1,A2-3,7,06-07-17_08.39 n10degC_US06_Pan18650PF,ood(-10C),0.7188186046587245
S1,A2-3,13,06-07-17_08.39 n10degC_US06_Pan18650PF,ood(-10C),1.4593811915228314
S1,A2-3,42,06-07-17_08.39 n10degC_US06_Pan18650PF,ood(-10C),1.6735777879891545
S1,A2-4,7,06-07-17_08.39 n10degC_US06_Pan18650PF,ood(-10C),1.8499306114096385
S1,A2-4,13,06-07-17_08.39 n10degC_US06_Pan18650PF,ood(-10C),0.6495509707978666
S1,A2-4,42,06-07-17_08.39 n10degC_US06_Pan18650PF,ood(-10C),0.996374557718803
S2,A2-0,7,06-07-17_08.39 n10degC_US06_Pan18650PF,ood(-10C),1.5353982968404085
S2,A2-0,13,06-07-17_08.39 n10degC_US06_Pan18650PF,ood(-10C),2.265284729036241
S2,A2-0,42,06-07-17_08.39 n10degC_US06_Pan18650PF,ood(-10C),1.9377211857866827
S2,A2-1,7,06-07-17_08.39 n10degC_US06_Pan18650PF,ood(-10C),1.504445811874219
S2,A2-1,13,06-07-17_08.39 n10degC_US06_Pan18650PF,ood(-10C),1.3831187375896958
S2,A2-1,42,06-07-17_08.39 n10degC_US06_Pan18650PF,ood(-10C),2.4134231156469514
S2,A2-2,7,06-07-17_08.39 n10degC_US06_Pan18650PF,ood(-10C),2.1413850162136416
S2,A2-2,13,06-07-17_08.39 n10degC_US06_Pan18650PF,ood(-10C),2.722874105114545
S2,A2-2,42,06-07-17_08.39 n10degC_US06_Pan18650PF,ood(-10C),1.9709703615756315
S2,A2-3,7,06-07-17_08.39 n10degC_US06_Pan18650PF,ood(-10C),1.5058964358447968
S2,A2-3,13,06-07-17_08.39 n10degC_US06_Pan18650PF,ood(-10C),1.6971930764645746
S2,A2-3,42,06-07-17_08.39 n10degC_US06_Pan18650PF,ood(-10C),1.9614503549182754
S2,A2-4,7,06-07-17_08.39 n10degC_US06_Pan18650PF,ood(-10C),2.1356151381016657
S2,A2-4,13,06-07-17_08.39 n10degC_US06_Pan18650PF,ood(-10C),1.81569679885959
S2,A2-4,42,06-07-17_08.39 n10degC_US06_Pan18650PF,ood(-10C),1.459633055064341
S3,A2-0,7,06-07-17_08.39 n10degC_US06_Pan18650PF,ood(-10C),3.4148803129937817
S3,A2-0,13,06-07-17_08.39 n10degC_US06_Pan18650PF,ood(-10C),3.802857943742409
S3,A2-0,42,06-07-17_08.39 n10degC_US06_Pan18650PF,ood(-10C),3.2942407517212473
S3,A2-1,7,06-07-17_08.39 n10degC_US06_Pan18650PF,ood(-10C),3.5882506961964973
S3,A2-1,13,06-07-17_08.39 n10degC_US06_Pan18650PF,ood(-10C),3.712754617310501
S3,A2-1,42,06-07-17_08.39 n10degC_US06_Pan18650PF,ood(-10C),4.268728273151955
S3,A2-2,7,06-07-17_08.39 n10degC_US06_Pan18650PF,ood(-10C),3.825463828472719
S3,A2-2,13,06-07-17_08.39 n10degC_US06_Pan18650PF,ood(-10C),4.235617452110342
S3,A2-2,42,06-07-17_08.39 n10degC_US06_Pan18650PF,ood(-10C),3.6629260610028735
S3,A2-3,7,06-07-17_08.39 n10degC_US06_Pan18650PF,ood(-10C),3.309766210708142
S3,A2-3,13,06-07-17_08.39 n10degC_US06_Pan18650PF,ood(-10C),3.7175987004734337
S3,A2-3,42,06-07-17_08.39 n10degC_US06_Pan18650PF,ood(-10C),3.7578173794196394
S3,A2-4,7,06-07-17_08.39 n10degC_US06_Pan18650PF,ood(-10C),3.824541307309859
S3,A2-4,13,06-07-17_08.39 n10degC_US06_Pan18650PF,ood(-10C),3.0744502845029613
S3,A2-4,42,06-07-17_08.39 n10degC_US06_Pan18650PF,ood(-10C),3.4926623388036435
S4,A2-0,7,06-07-17_08.39 n10degC_US06_Pan18650PF,ood(-10C),1.5353982968404085
S4,A2-0,13,06-07-17_08.39 n10degC_US06_Pan18650PF,ood(-10C),2.265284729036241
S4,A2-0,42,06-07-17_08.39 n10degC_US06_Pan18650PF,ood(-10C),1.9377211857866827
S4,A2-1,7,06-07-17_08.39 n10degC_US06_Pan18650PF,ood(-10C),1.504445811874219
S4,A2-1,13,06-07-17_08.39 n10degC_US06_Pan18650PF,ood(-10C),1.3831187375896958
S4,A2-1,42,06-07-17_08.39 n10degC_US06_Pan18650PF,ood(-10C),2.4134231156469514
S4,A2-2,7,06-07-17_08.39 n10degC_US06_Pan18650PF,ood(-10C),2.1413850162136416
S4,A2-2,13,06-07-17_08.39 n10degC_US06_Pan18650PF,ood(-10C),2.722874105114545
S4,A2-2,42,06-07-17_08.39 n10degC_US06_Pan18650PF,ood(-10C),1.9709703615756315
S4,A2-3,7,06-07-17_08.39 n10degC_US06_Pan18650PF,ood(-10C),1.5058964358447968
S4,A2-3,13,06-07-17_08.39 n10degC_US06_Pan18650PF,ood(-10C),1.6971930764645746
S4,A2-3,42,06-07-17_08.39 n10degC_US06_Pan18650PF,ood(-10C),1.9614503549182754
S4,A2-4,7,06-07-17_08.39 n10degC_US06_Pan18650PF,ood(-10C),2.1356151381016657
S4,A2-4,13,06-07-17_08.39 n10degC_US06_Pan18650PF,ood(-10C),1.81569679885959
S4,A2-4,42,06-07-17_08.39 n10degC_US06_Pan18650PF,ood(-10C),1.459633055064341
S5,A2-0,7,06-07-17_08.39 n10degC_US06_Pan18650PF,ood(-10C),1.8930466453410892
S5,A2-0,13,06-07-17_08.39 n10degC_US06_Pan18650PF,ood(-10C),2.5210276045942863
S5,A2-0,42,06-07-17_08.39 n10degC_US06_Pan18650PF,ood(-10C),2.2712313205213905
S5,A2-1,7,06-07-17_08.39 n10degC_US06_Pan18650PF,ood(-10C),1.8396399892846649
S5,A2-1,13,06-07-17_08.39 n10degC_US06_Pan18650PF,ood(-10C),1.7124862157685274
S5,A2-1,42,06-07-17_08.39 n10degC_US06_Pan18650PF,ood(-10C),2.608043116287697
S5,A2-2,7,06-07-17_08.39 n10degC_US06_Pan18650PF,ood(-10C),2.3982890460112127
S5,A2-2,13,06-07-17_08.39 n10degC_US06_Pan18650PF,ood(-10C),2.9226465475529193
S5,A2-2,42,06-07-17_08.39 n10degC_US06_Pan18650PF,ood(-10C),2.2566633264552474
S5,A2-3,7,06-07-17_08.39 n10degC_US06_Pan18650PF,ood(-10C),1.8824335291782754
S5,A2-3,13,06-07-17_08.39 n10degC_US06_Pan18650PF,ood(-10C),1.9937403246273797
S5,A2-3,42,06-07-17_08.39 n10degC_US06_Pan18650PF,ood(-10C),2.2350444442280852
S5,A2-4,7,06-07-17_08.39 n10degC_US06_Pan18650PF,ood(-10C),2.3928424183463437
S5,A2-4,13,06-07-17_08.39 n10degC_US06_Pan18650PF,ood(-10C),2.1854651001837455
S5,A2-4,42,06-07-17_08.39 n10degC_US06_Pan18650PF,ood(-10C),1.8152737575625437
S0,A2-0,7,06-10-17_11.25 n10degC_Cycle_1_Pan18650PF,ood(-10C),12.109968869600744
S0,A2-0,13,06-10-17_11.25 n10degC_Cycle_1_Pan18650PF,ood(-10C),12.352432384021201
S0,A2-0,42,06-10-17_11.25 n10degC_Cycle_1_Pan18650PF,ood(-10C),11.929123607666195
S0,A2-1,7,06-10-17_11.25 n10degC_Cycle_1_Pan18650PF,ood(-10C),12.580253102887987
S0,A2-1,13,06-10-17_11.25 n10degC_Cycle_1_Pan18650PF,ood(-10C),12.412709625037834
S0,A2-1,42,06-10-17_11.25 n10degC_Cycle_1_Pan18650PF,ood(-10C),13.192800840750767
S0,A2-2,7,06-10-17_11.25 n10degC_Cycle_1_Pan18650PF,ood(-10C),12.551753030519633
S0,A2-2,13,06-10-17_11.25 n10degC_Cycle_1_Pan18650PF,ood(-10C),12.333343987927078
S0,A2-2,42,06-10-17_11.25 n10degC_Cycle_1_Pan18650PF,ood(-10C),12.376056528546505
S0,A2-3,7,06-10-17_11.25 n10degC_Cycle_1_Pan18650PF,ood(-10C),11.45385717196268
S0,A2-3,13,06-10-17_11.25 n10degC_Cycle_1_Pan18650PF,ood(-10C),12.228528583074105
S0,A2-3,42,06-10-17_11.25 n10degC_Cycle_1_Pan18650PF,ood(-10C),11.928183112863005
S0,A2-4,7,06-10-17_11.25 n10degC_Cycle_1_Pan18650PF,ood(-10C),12.157692249926157
S0,A2-4,13,06-10-17_11.25 n10degC_Cycle_1_Pan18650PF,ood(-10C),11.42459361856203
S0,A2-4,42,06-10-17_11.25 n10degC_Cycle_1_Pan18650PF,ood(-10C),11.999987546655213
S1,A2-0,7,06-10-17_11.25 n10degC_Cycle_1_Pan18650PF,ood(-10C),6.359267410276832
S1,A2-0,13,06-10-17_11.25 n10degC_Cycle_1_Pan18650PF,ood(-10C),6.737243461336189
S1,A2-0,42,06-10-17_11.25 n10degC_Cycle_1_Pan18650PF,ood(-10C),6.325823838867651
S1,A2-1,7,06-10-17_11.25 n10degC_Cycle_1_Pan18650PF,ood(-10C),6.817185146239967
S1,A2-1,13,06-10-17_11.25 n10degC_Cycle_1_Pan18650PF,ood(-10C),6.699905217808263
S1,A2-1,42,06-10-17_11.25 n10degC_Cycle_1_Pan18650PF,ood(-10C),7.490863183049814
S1,A2-2,7,06-10-17_11.25 n10degC_Cycle_1_Pan18650PF,ood(-10C),6.910369258213883
S1,A2-2,13,06-10-17_11.25 n10degC_Cycle_1_Pan18650PF,ood(-10C),6.6583944012575
S1,A2-2,42,06-10-17_11.25 n10degC_Cycle_1_Pan18650PF,ood(-10C),6.625702774195526
S1,A2-3,7,06-10-17_11.25 n10degC_Cycle_1_Pan18650PF,ood(-10C),5.629547940361333
S1,A2-3,13,06-10-17_11.25 n10degC_Cycle_1_Pan18650PF,ood(-10C),6.546699436402672
S1,A2-3,42,06-10-17_11.25 n10degC_Cycle_1_Pan18650PF,ood(-10C),6.228346794936376
S1,A2-4,7,06-10-17_11.25 n10degC_Cycle_1_Pan18650PF,ood(-10C),6.480490007504022
S1,A2-4,13,06-10-17_11.25 n10degC_Cycle_1_Pan18650PF,ood(-10C),5.721613269660085
S1,A2-4,42,06-10-17_11.25 n10degC_Cycle_1_Pan18650PF,ood(-10C),6.270814361634309
S2,A2-0,7,06-10-17_11.25 n10degC_Cycle_1_Pan18650PF,ood(-10C),3.858180801977315
S2,A2-0,13,06-10-17_11.25 n10degC_Cycle_1_Pan18650PF,ood(-10C),4.391371413134059
S2,A2-0,42,06-10-17_11.25 n10degC_Cycle_1_Pan18650PF,ood(-10C),4.082524015577618
S2,A2-1,7,06-10-17_11.25 n10degC_Cycle_1_Pan18650PF,ood(-10C),4.217033503069444
S2,A2-1,13,06-10-17_11.25 n10degC_Cycle_1_Pan18650PF,ood(-10C),4.202507394185146
S2,A2-1,42,06-10-17_11.25 n10degC_Cycle_1_Pan18650PF,ood(-10C),4.895478671043832
S2,A2-2,7,06-10-17_11.25 n10degC_Cycle_1_Pan18650PF,ood(-10C),4.492711456072458
S2,A2-2,13,06-10-17_11.25 n10degC_Cycle_1_Pan18650PF,ood(-10C),4.230720447348415
S2,A2-2,42,06-10-17_11.25 n10degC_Cycle_1_Pan18650PF,ood(-10C),4.077644045222167
S2,A2-3,7,06-10-17_11.25 n10degC_Cycle_1_Pan18650PF,ood(-10C),3.148135977596095
S2,A2-3,13,06-10-17_11.25 n10degC_Cycle_1_Pan18650PF,ood(-10C),4.128223714886997
S2,A2-3,42,06-10-17_11.25 n10degC_Cycle_1_Pan18650PF,ood(-10C),3.8428966162028178
S2,A2-4,7,06-10-17_11.25 n10degC_Cycle_1_Pan18650PF,ood(-10C),4.082398957652489
S2,A2-4,13,06-10-17_11.25 n10degC_Cycle_1_Pan18650PF,ood(-10C),3.452502525384695
S2,A2-4,42,06-10-17_11.25 n10degC_Cycle_1_Pan18650PF,ood(-10C),3.825063515763657
S3,A2-0,7,06-10-17_11.25 n10degC_Cycle_1_Pan18650PF,ood(-10C),10.68972576964377
S3,A2-0,13,06-10-17_11.25 n10degC_Cycle_1_Pan18650PF,ood(-10C),10.952972084593428
S3,A2-0,42,06-10-17_11.25 n10degC_Cycle_1_Pan18650PF,ood(-10C),10.528918268054479
S3,A2-1,7,06-10-17_11.25 n10degC_Cycle_1_Pan18650PF,ood(-10C),11.160286060006337
S3,A2-1,13,06-10-17_11.25 n10degC_Cycle_1_Pan18650PF,ood(-10C),10.999313681632444
S3,A2-1,42,06-10-17_11.25 n10degC_Cycle_1_Pan18650PF,ood(-10C),11.784461386523606
S3,A2-2,7,06-10-17_11.25 n10degC_Cycle_1_Pan18650PF,ood(-10C),11.149503139394294
S3,A2-2,13,06-10-17_11.25 n10degC_Cycle_1_Pan18650PF,ood(-10C),10.925059332747988
S3,A2-2,42,06-10-17_11.25 n10degC_Cycle_1_Pan18650PF,ood(-10C),10.957061449508222
S3,A2-3,7,06-10-17_11.25 n10degC_Cycle_1_Pan18650PF,ood(-10C),10.020470356036638
S3,A2-3,13,06-10-17_11.25 n10degC_Cycle_1_Pan18650PF,ood(-10C),10.81871411413284
S3,A2-3,42,06-10-17_11.25 n10degC_Cycle_1_Pan18650PF,ood(-10C),10.514242774017545
S3,A2-4,7,06-10-17_11.25 n10degC_Cycle_1_Pan18650PF,ood(-10C),10.748178044731315
S3,A2-4,13,06-10-17_11.25 n10degC_Cycle_1_Pan18650PF,ood(-10C),10.007450041261148
S3,A2-4,42,06-10-17_11.25 n10degC_Cycle_1_Pan18650PF,ood(-10C),10.58226809892669
S4,A2-0,7,06-10-17_11.25 n10degC_Cycle_1_Pan18650PF,ood(-10C),3.858180801977315
S4,A2-0,13,06-10-17_11.25 n10degC_Cycle_1_Pan18650PF,ood(-10C),4.391371413134059
S4,A2-0,42,06-10-17_11.25 n10degC_Cycle_1_Pan18650PF,ood(-10C),4.082524015577618
S4,A2-1,7,06-10-17_11.25 n10degC_Cycle_1_Pan18650PF,ood(-10C),4.217033503069444
S4,A2-1,13,06-10-17_11.25 n10degC_Cycle_1_Pan18650PF,ood(-10C),4.202507394185146
S4,A2-1,42,06-10-17_11.25 n10degC_Cycle_1_Pan18650PF,ood(-10C),4.895478671043832
S4,A2-2,7,06-10-17_11.25 n10degC_Cycle_1_Pan18650PF,ood(-10C),4.492711456072458
S4,A2-2,13,06-10-17_11.25 n10degC_Cycle_1_Pan18650PF,ood(-10C),4.230720447348415
S4,A2-2,42,06-10-17_11.25 n10degC_Cycle_1_Pan18650PF,ood(-10C),4.077644045222167
S4,A2-3,7,06-10-17_11.25 n10degC_Cycle_1_Pan18650PF,ood(-10C),3.148135977596095
S4,A2-3,13,06-10-17_11.25 n10degC_Cycle_1_Pan18650PF,ood(-10C),4.128223714886997
S4,A2-3,42,06-10-17_11.25 n10degC_Cycle_1_Pan18650PF,ood(-10C),3.8428966162028178
S4,A2-4,7,06-10-17_11.25 n10degC_Cycle_1_Pan18650PF,ood(-10C),4.082398957652489
S4,A2-4,13,06-10-17_11.25 n10degC_Cycle_1_Pan18650PF,ood(-10C),3.452502525384695
S4,A2-4,42,06-10-17_11.25 n10degC_Cycle_1_Pan18650PF,ood(-10C),3.825063515763657
S5,A2-0,7,06-10-17_11.25 n10degC_Cycle_1_Pan18650PF,ood(-10C),3.579729917979104
S5,A2-0,13,06-10-17_11.25 n10degC_Cycle_1_Pan18650PF,ood(-10C),4.136248396899432
S5,A2-0,42,06-10-17_11.25 n10degC_Cycle_1_Pan18650PF,ood(-10C),3.8747622115805247
S5,A2-1,7,06-10-17_11.25 n10degC_Cycle_1_Pan18650PF,ood(-10C),3.8882089710343686
S5,A2-1,13,06-10-17_11.25 n10degC_Cycle_1_Pan18650PF,ood(-10C),3.9080726792310183
S5,A2-1,42,06-10-17_11.25 n10degC_Cycle_1_Pan18650PF,ood(-10C),4.543746280498372
S5,A2-2,7,06-10-17_11.25 n10degC_Cycle_1_Pan18650PF,ood(-10C),4.210914409383859
S5,A2-2,13,06-10-17_11.25 n10degC_Cycle_1_Pan18650PF,ood(-10C),3.9574094597087406
S5,A2-2,42,06-10-17_11.25 n10degC_Cycle_1_Pan18650PF,ood(-10C),3.7723469196230934
S5,A2-3,7,06-10-17_11.25 n10degC_Cycle_1_Pan18650PF,ood(-10C),2.9248250562562212
S5,A2-3,13,06-10-17_11.25 n10degC_Cycle_1_Pan18650PF,ood(-10C),3.8628281027718914
S5,A2-3,42,06-10-17_11.25 n10degC_Cycle_1_Pan18650PF,ood(-10C),3.6037031985843146
S5,A2-4,7,06-10-17_11.25 n10degC_Cycle_1_Pan18650PF,ood(-10C),3.825874686367761
S5,A2-4,13,06-10-17_11.25 n10degC_Cycle_1_Pan18650PF,ood(-10C),3.278146032927979
S5,A2-4,42,06-10-17_11.25 n10degC_Cycle_1_Pan18650PF,ood(-10C),3.5669963995238168
S0,A2-0,7,06-10-17_18.35 n10degC_Cycle_2_Pan18650PF,ood(-10C),17.558613056809623
S0,A2-0,13,06-10-17_18.35 n10degC_Cycle_2_Pan18650PF,ood(-10C),17.788402232898626
S0,A2-0,42,06-10-17_18.35 n10degC_Cycle_2_Pan18650PF,ood(-10C),17.396171558517846
S0,A2-1,7,06-10-17_18.35 n10degC_Cycle_2_Pan18650PF,ood(-10C),18.171447398066917
S0,A2-1,13,06-10-17_18.35 n10degC_Cycle_2_Pan18650PF,ood(-10C),17.979298687886814
S0,A2-1,42,06-10-17_18.35 n10degC_Cycle_2_Pan18650PF,ood(-10C),18.732689207942723
S0,A2-2,7,06-10-17_18.35 n10degC_Cycle_2_Pan18650PF,ood(-10C),17.97154588715023
S0,A2-2,13,06-10-17_18.35 n10degC_Cycle_2_Pan18650PF,ood(-10C),17.605176993198057
S0,A2-2,42,06-10-17_18.35 n10degC_Cycle_2_Pan18650PF,ood(-10C),17.80502975069158
S0,A2-3,7,06-10-17_18.35 n10degC_Cycle_2_Pan18650PF,ood(-10C),16.844566464823
S0,A2-3,13,06-10-17_18.35 n10degC_Cycle_2_Pan18650PF,ood(-10C),17.66452820231303
S0,A2-3,42,06-10-17_18.35 n10degC_Cycle_2_Pan18650PF,ood(-10C),17.327026737011387
S0,A2-4,7,06-10-17_18.35 n10degC_Cycle_2_Pan18650PF,ood(-10C),17.482845296325586
S0,A2-4,13,06-10-17_18.35 n10degC_Cycle_2_Pan18650PF,ood(-10C),16.726505411898643
S0,A2-4,42,06-10-17_18.35 n10degC_Cycle_2_Pan18650PF,ood(-10C),17.44326915076681
S1,A2-0,7,06-10-17_18.35 n10degC_Cycle_2_Pan18650PF,ood(-10C),11.74992871910667
S1,A2-0,13,06-10-17_18.35 n10degC_Cycle_2_Pan18650PF,ood(-10C),12.062373499173065
S1,A2-0,42,06-10-17_18.35 n10degC_Cycle_2_Pan18650PF,ood(-10C),11.683008838469581
S1,A2-1,7,06-10-17_18.35 n10degC_Cycle_2_Pan18650PF,ood(-10C),12.334634524634936
S1,A2-1,13,06-10-17_18.35 n10degC_Cycle_2_Pan18650PF,ood(-10C),12.179444818841482
S1,A2-1,42,06-10-17_18.35 n10degC_Cycle_2_Pan18650PF,ood(-10C),12.943415475633174
S1,A2-2,7,06-10-17_18.35 n10degC_Cycle_2_Pan18650PF,ood(-10C),12.234957898181417
S1,A2-2,13,06-10-17_18.35 n10degC_Cycle_2_Pan18650PF,ood(-10C),11.862045848812686
S1,A2-2,42,06-10-17_18.35 n10degC_Cycle_2_Pan18650PF,ood(-10C),11.981286420920613
S1,A2-3,7,06-10-17_18.35 n10degC_Cycle_2_Pan18650PF,ood(-10C),10.991310430618286
S1,A2-3,13,06-10-17_18.35 n10degC_Cycle_2_Pan18650PF,ood(-10C),11.896319020199796
S1,A2-3,42,06-10-17_18.35 n10degC_Cycle_2_Pan18650PF,ood(-10C),11.551562172380091
S1,A2-4,7,06-10-17_18.35 n10degC_Cycle_2_Pan18650PF,ood(-10C),11.725323399014744
S1,A2-4,13,06-10-17_18.35 n10degC_Cycle_2_Pan18650PF,ood(-10C),10.964838539218489
S1,A2-4,42,06-10-17_18.35 n10degC_Cycle_2_Pan18650PF,ood(-10C),11.64781144225245
S2,A2-0,7,06-10-17_18.35 n10degC_Cycle_2_Pan18650PF,ood(-10C),8.93308869543621
S2,A2-0,13,06-10-17_18.35 n10degC_Cycle_2_Pan18650PF,ood(-10C),9.319682337068134
S2,A2-0,42,06-10-17_18.35 n10degC_Cycle_2_Pan18650PF,ood(-10C),8.974557257572815
S2,A2-1,7,06-10-17_18.35 n10degC_Cycle_2_Pan18650PF,ood(-10C),9.459868028925872
S2,A2-1,13,06-10-17_18.35 n10degC_Cycle_2_Pan18650PF,ood(-10C),9.351538624176458
S2,A2-1,42,06-10-17_18.35 n10degC_Cycle_2_Pan18650PF,ood(-10C),10.093808840829373
S2,A2-2,7,06-10-17_18.35 n10degC_Cycle_2_Pan18650PF,ood(-10C),9.472343482156523
S2,A2-2,13,06-10-17_18.35 n10degC_Cycle_2_Pan18650PF,ood(-10C),9.111267506942852
S2,A2-2,42,06-10-17_18.35 n10degC_Cycle_2_Pan18650PF,ood(-10C),9.136628224617471
S2,A2-3,7,06-10-17_18.35 n10degC_Cycle_2_Pan18650PF,ood(-10C),8.16455867261633
S2,A2-3,13,06-10-17_18.35 n10degC_Cycle_2_Pan18650PF,ood(-10C),9.116488896872468
S2,A2-3,42,06-10-17_18.35 n10degC_Cycle_2_Pan18650PF,ood(-10C),8.781875547441368
S2,A2-4,7,06-10-17_18.35 n10degC_Cycle_2_Pan18650PF,ood(-10C),8.9660706299465
S2,A2-4,13,06-10-17_18.35 n10degC_Cycle_2_Pan18650PF,ood(-10C),8.245020589982088
S2,A2-4,42,06-10-17_18.35 n10degC_Cycle_2_Pan18650PF,ood(-10C),8.850834641790478
S3,A2-0,7,06-10-17_18.35 n10degC_Cycle_2_Pan18650PF,ood(-10C),16.12382550567214
S3,A2-0,13,06-10-17_18.35 n10degC_Cycle_2_Pan18650PF,ood(-10C),16.368794955516456
S3,A2-0,42,06-10-17_18.35 n10degC_Cycle_2_Pan18650PF,ood(-10C),15.97746617311181
S3,A2-1,7,06-10-17_18.35 n10degC_Cycle_2_Pan18650PF,ood(-10C),16.733544520403846
S3,A2-1,13,06-10-17_18.35 n10degC_Cycle_2_Pan18650PF,ood(-10C),16.547332592371937
S3,A2-1,42,06-10-17_18.35 n10degC_Cycle_2_Pan18650PF,ood(-10C),17.30475701475003
S3,A2-2,7,06-10-17_18.35 n10degC_Cycle_2_Pan18650PF,ood(-10C),16.55068086492421
S3,A2-2,13,06-10-17_18.35 n10degC_Cycle_2_Pan18650PF,ood(-10C),16.18196141111062
S3,A2-2,42,06-10-17_18.35 n10degC_Cycle_2_Pan18650PF,ood(-10C),16.36836632250442
S3,A2-3,7,06-10-17_18.35 n10degC_Cycle_2_Pan18650PF,ood(-10C),15.399862496839894
S3,A2-3,13,06-10-17_18.35 n10degC_Cycle_2_Pan18650PF,ood(-10C),16.237126162263873
S3,A2-3,42,06-10-17_18.35 n10degC_Cycle_2_Pan18650PF,ood(-10C),15.89725712109583
S3,A2-4,7,06-10-17_18.35 n10degC_Cycle_2_Pan18650PF,ood(-10C),16.056711054367554
S3,A2-4,13,06-10-17_18.35 n10degC_Cycle_2_Pan18650PF,ood(-10C),15.297013443267993
S3,A2-4,42,06-10-17_18.35 n10degC_Cycle_2_Pan18650PF,ood(-10C),16.010413802351913
S4,A2-0,7,06-10-17_18.35 n10degC_Cycle_2_Pan18650PF,ood(-10C),8.93308869543621
S4,A2-0,13,06-10-17_18.35 n10degC_Cycle_2_Pan18650PF,ood(-10C),9.319682337068134
S4,A2-0,42,06-10-17_18.35 n10degC_Cycle_2_Pan18650PF,ood(-10C),8.974557257572815
S4,A2-1,7,06-10-17_18.35 n10degC_Cycle_2_Pan18650PF,ood(-10C),9.459868028925872
S4,A2-1,13,06-10-17_18.35 n10degC_Cycle_2_Pan18650PF,ood(-10C),9.351538624176458
S4,A2-1,42,06-10-17_18.35 n10degC_Cycle_2_Pan18650PF,ood(-10C),10.093808840829373
S4,A2-2,7,06-10-17_18.35 n10degC_Cycle_2_Pan18650PF,ood(-10C),9.472343482156523
S4,A2-2,13,06-10-17_18.35 n10degC_Cycle_2_Pan18650PF,ood(-10C),9.111267506942852
S4,A2-2,42,06-10-17_18.35 n10degC_Cycle_2_Pan18650PF,ood(-10C),9.136628224617471
S4,A2-3,7,06-10-17_18.35 n10degC_Cycle_2_Pan18650PF,ood(-10C),8.16455867261633
S4,A2-3,13,06-10-17_18.35 n10degC_Cycle_2_Pan18650PF,ood(-10C),9.116488896872468
S4,A2-3,42,06-10-17_18.35 n10degC_Cycle_2_Pan18650PF,ood(-10C),8.781875547441368
S4,A2-4,7,06-10-17_18.35 n10degC_Cycle_2_Pan18650PF,ood(-10C),8.9660706299465
S4,A2-4,13,06-10-17_18.35 n10degC_Cycle_2_Pan18650PF,ood(-10C),8.245020589982088
S4,A2-4,42,06-10-17_18.35 n10degC_Cycle_2_Pan18650PF,ood(-10C),8.850834641790478
S5,A2-0,7,06-10-17_18.35 n10degC_Cycle_2_Pan18650PF,ood(-10C),8.473484370146764
S5,A2-0,13,06-10-17_18.35 n10degC_Cycle_2_Pan18650PF,ood(-10C),8.876016209764316
S5,A2-0,42,06-10-17_18.35 n10degC_Cycle_2_Pan18650PF,ood(-10C),8.542851837201848
S5,A2-1,7,06-10-17_18.35 n10degC_Cycle_2_Pan18650PF,ood(-10C),8.980903738057458
S5,A2-1,13,06-10-17_18.35 n10degC_Cycle_2_Pan18650PF,ood(-10C),8.885576699950304
S5,A2-1,42,06-10-17_18.35 n10degC_Cycle_2_Pan18650PF,ood(-10C),9.616937521410343
S5,A2-2,7,06-10-17_18.35 n10degC_Cycle_2_Pan18650PF,ood(-10C),9.022280193303134
S5,A2-2,13,06-10-17_18.35 n10degC_Cycle_2_Pan18650PF,ood(-10C),8.667331405103937
S5,A2-2,42,06-10-17_18.35 n10degC_Cycle_2_Pan18650PF,ood(-10C),8.6680133605097
S5,A2-3,7,06-10-17_18.35 n10degC_Cycle_2_Pan18650PF,ood(-10C),7.709661977425626
S5,A2-3,13,06-10-17_18.35 n10degC_Cycle_2_Pan18650PF,ood(-10C),8.66496232451199
S5,A2-3,42,06-10-17_18.35 n10degC_Cycle_2_Pan18650PF,ood(-10C),8.336030484058325
S5,A2-4,7,06-10-17_18.35 n10degC_Cycle_2_Pan18650PF,ood(-10C),8.52124174840687
S5,A2-4,13,06-10-17_18.35 n10degC_Cycle_2_Pan18650PF,ood(-10C),7.817895618462406
S5,A2-4,42,06-10-17_18.35 n10degC_Cycle_2_Pan18650PF,ood(-10C),8.397182178766611
S0,A2-0,7,06-11-17_01.39 n10degC_Cycle_3_Pan18650PF,ood(-10C),17.94562586883819
S0,A2-0,13,06-11-17_01.39 n10degC_Cycle_3_Pan18650PF,ood(-10C),18.233625546438294
S0,A2-0,42,06-11-17_01.39 n10degC_Cycle_3_Pan18650PF,ood(-10C),17.89305348666831
S0,A2-1,7,06-11-17_01.39 n10degC_Cycle_3_Pan18650PF,ood(-10C),18.545906657914195
S0,A2-1,13,06-11-17_01.39 n10degC_Cycle_3_Pan18650PF,ood(-10C),18.44609139473819
S0,A2-1,42,06-11-17_01.39 n10degC_Cycle_3_Pan18650PF,ood(-10C),19.059998551353026
S0,A2-2,7,06-11-17_01.39 n10degC_Cycle_3_Pan18650PF,ood(-10C),18.342208879916512
S0,A2-2,13,06-11-17_01.39 n10degC_Cycle_3_Pan18650PF,ood(-10C),17.935898553996072
S0,A2-2,42,06-11-17_01.39 n10degC_Cycle_3_Pan18650PF,ood(-10C),18.127738139192356
S0,A2-3,7,06-11-17_01.39 n10degC_Cycle_3_Pan18650PF,ood(-10C),17.127269363164565
S0,A2-3,13,06-11-17_01.39 n10degC_Cycle_3_Pan18650PF,ood(-10C),18.13382036716391
S0,A2-3,42,06-11-17_01.39 n10degC_Cycle_3_Pan18650PF,ood(-10C),17.705489591556695
S0,A2-4,7,06-11-17_01.39 n10degC_Cycle_3_Pan18650PF,ood(-10C),17.850545269287842
S0,A2-4,13,06-11-17_01.39 n10degC_Cycle_3_Pan18650PF,ood(-10C),17.16391374501958
S0,A2-4,42,06-11-17_01.39 n10degC_Cycle_3_Pan18650PF,ood(-10C),17.75317881770451
S1,A2-0,7,06-11-17_01.39 n10degC_Cycle_3_Pan18650PF,ood(-10C),12.294996825935756
S1,A2-0,13,06-11-17_01.39 n10degC_Cycle_3_Pan18650PF,ood(-10C),12.649961595480141
S1,A2-0,42,06-11-17_01.39 n10degC_Cycle_3_Pan18650PF,ood(-10C),12.335491215748199
S1,A2-1,7,06-11-17_01.39 n10degC_Cycle_3_Pan18650PF,ood(-10C),12.868048458235904
S1,A2-1,13,06-11-17_01.39 n10degC_Cycle_3_Pan18650PF,ood(-10C),12.810596278248465
S1,A2-1,42,06-11-17_01.39 n10degC_Cycle_3_Pan18650PF,ood(-10C),13.410232305167938
S1,A2-2,7,06-11-17_01.39 n10degC_Cycle_3_Pan18650PF,ood(-10C),12.747811599367818
S1,A2-2,13,06-11-17_01.39 n10degC_Cycle_3_Pan18650PF,ood(-10C),12.315765118720675
S1,A2-2,42,06-11-17_01.39 n10degC_Cycle_3_Pan18650PF,ood(-10C),12.465591243771744
S1,A2-3,7,06-11-17_01.39 n10degC_Cycle_3_Pan18650PF,ood(-10C),11.421160259415474
S1,A2-3,13,06-11-17_01.39 n10degC_Cycle_3_Pan18650PF,ood(-10C),12.49724766520402
S1,A2-3,42,06-11-17_01.39 n10degC_Cycle_3_Pan18650PF,ood(-10C),12.056293439724131
S1,A2-4,7,06-11-17_01.39 n10degC_Cycle_3_Pan18650PF,ood(-10C),12.211503515784775
S1,A2-4,13,06-11-17_01.39 n10degC_Cycle_3_Pan18650PF,ood(-10C),11.536397926536415
S1,A2-4,42,06-11-17_01.39 n10degC_Cycle_3_Pan18650PF,ood(-10C),12.086993857724563
S2,A2-0,7,06-11-17_01.39 n10degC_Cycle_3_Pan18650PF,ood(-10C),9.554716079448458
S2,A2-0,13,06-11-17_01.39 n10degC_Cycle_3_Pan18650PF,ood(-10C),9.964335504424568
S2,A2-0,42,06-11-17_01.39 n10degC_Cycle_3_Pan18650PF,ood(-10C),9.688753520005013
S2,A2-1,7,06-11-17_01.39 n10degC_Cycle_3_Pan18650PF,ood(-10C),10.079823043248515
S2,A2-1,13,06-11-17_01.39 n10degC_Cycle_3_Pan18650PF,ood(-10C),10.067010779137807
S2,A2-1,42,06-11-17_01.39 n10degC_Cycle_3_Pan18650PF,ood(-10C),10.632906988283402
S2,A2-2,7,06-11-17_01.39 n10degC_Cycle_3_Pan18650PF,ood(-10C),10.047743492703379
S2,A2-2,13,06-11-17_01.39 n10degC_Cycle_3_Pan18650PF,ood(-10C),9.606036941742177
S2,A2-2,42,06-11-17_01.39 n10degC_Cycle_3_Pan18650PF,ood(-10C),9.707162653603692
S2,A2-3,7,06-11-17_01.39 n10degC_Cycle_3_Pan18650PF,ood(-10C),8.657280520543148
S2,A2-3,13,06-11-17_01.39 n10degC_Cycle_3_Pan18650PF,ood(-10C),9.763810510400608
S2,A2-3,42,06-11-17_01.39 n10degC_Cycle_3_Pan18650PF,ood(-10C),9.326774593711189
S2,A2-4,7,06-11-17_01.39 n10degC_Cycle_3_Pan18650PF,ood(-10C),9.486394259399177
S2,A2-4,13,06-11-17_01.39 n10degC_Cycle_3_Pan18650PF,ood(-10C),8.851928451965088
S2,A2-4,42,06-11-17_01.39 n10degC_Cycle_3_Pan18650PF,ood(-10C),9.338549251914808
S3,A2-0,7,06-11-17_01.39 n10degC_Cycle_3_Pan18650PF,ood(-10C),16.566562293140795
S3,A2-0,13,06-11-17_01.39 n10degC_Cycle_3_Pan18650PF,ood(-10C),16.86714758771757
S3,A2-0,42,06-11-17_01.39 n10degC_Cycle_3_Pan18650PF,ood(-10C),16.530214016097073
S3,A2-1,7,06-11-17_01.39 n10degC_Cycle_3_Pan18650PF,ood(-10C),17.16353097519859
S3,A2-1,13,06-11-17_01.39 n10degC_Cycle_3_Pan18650PF,ood(-10C),17.070983730817687
S3,A2-1,42,06-11-17_01.39 n10degC_Cycle_3_Pan18650PF,ood(-10C),17.683825233554746
S3,A2-2,7,06-11-17_01.39 n10degC_Cycle_3_Pan18650PF,ood(-10C),16.974123241083525
S3,A2-2,13,06-11-17_01.39 n10degC_Cycle_3_Pan18650PF,ood(-10C),16.56216388747021
S3,A2-2,42,06-11-17_01.39 n10degC_Cycle_3_Pan18650PF,ood(-10C),16.74711924069597
S3,A2-3,7,06-11-17_01.39 n10degC_Cycle_3_Pan18650PF,ood(-10C),15.736411878951861
S3,A2-3,13,06-11-17_01.39 n10degC_Cycle_3_Pan18650PF,ood(-10C),16.757720956292317
S3,A2-3,42,06-11-17_01.39 n10degC_Cycle_3_Pan18650PF,ood(-10C),16.32603765543273
S3,A2-4,7,06-11-17_01.39 n10degC_Cycle_3_Pan18650PF,ood(-10C),16.473260630723825
S3,A2-4,13,06-11-17_01.39 n10degC_Cycle_3_Pan18650PF,ood(-10C),15.786689307577868
S3,A2-4,42,06-11-17_01.39 n10degC_Cycle_3_Pan18650PF,ood(-10C),16.370888730882022
S4,A2-0,7,06-11-17_01.39 n10degC_Cycle_3_Pan18650PF,ood(-10C),9.554716079448458
S4,A2-0,13,06-11-17_01.39 n10degC_Cycle_3_Pan18650PF,ood(-10C),9.964335504424568
S4,A2-0,42,06-11-17_01.39 n10degC_Cycle_3_Pan18650PF,ood(-10C),9.688753520005013
S4,A2-1,7,06-11-17_01.39 n10degC_Cycle_3_Pan18650PF,ood(-10C),10.079823043248515
S4,A2-1,13,06-11-17_01.39 n10degC_Cycle_3_Pan18650PF,ood(-10C),10.067010779137807
S4,A2-1,42,06-11-17_01.39 n10degC_Cycle_3_Pan18650PF,ood(-10C),10.632906988283402
S4,A2-2,7,06-11-17_01.39 n10degC_Cycle_3_Pan18650PF,ood(-10C),10.047743492703379
S4,A2-2,13,06-11-17_01.39 n10degC_Cycle_3_Pan18650PF,ood(-10C),9.606036941742177
S4,A2-2,42,06-11-17_01.39 n10degC_Cycle_3_Pan18650PF,ood(-10C),9.707162653603692
S4,A2-3,7,06-11-17_01.39 n10degC_Cycle_3_Pan18650PF,ood(-10C),8.657280520543148
S4,A2-3,13,06-11-17_01.39 n10degC_Cycle_3_Pan18650PF,ood(-10C),9.763810510400608
S4,A2-3,42,06-11-17_01.39 n10degC_Cycle_3_Pan18650PF,ood(-10C),9.326774593711189
S4,A2-4,7,06-11-17_01.39 n10degC_Cycle_3_Pan18650PF,ood(-10C),9.486394259399177
S4,A2-4,13,06-11-17_01.39 n10degC_Cycle_3_Pan18650PF,ood(-10C),8.851928451965088
S4,A2-4,42,06-11-17_01.39 n10degC_Cycle_3_Pan18650PF,ood(-10C),9.338549251914808
S5,A2-0,7,06-11-17_01.39 n10degC_Cycle_3_Pan18650PF,ood(-10C),9.084785983746517
S5,A2-0,13,06-11-17_01.39 n10degC_Cycle_3_Pan18650PF,ood(-10C),9.505968159179142
S5,A2-0,42,06-11-17_01.39 n10degC_Cycle_3_Pan18650PF,ood(-10C),9.242132291518574
S5,A2-1,7,06-11-17_01.39 n10degC_Cycle_3_Pan18650PF,ood(-10C),9.594425777532335
S5,A2-1,13,06-11-17_01.39 n10degC_Cycle_3_Pan18650PF,ood(-10C),9.593176331927427
S5,A2-1,42,06-11-17_01.39 n10degC_Cycle_3_Pan18650PF,ood(-10C),10.147502914492751
S5,A2-2,7,06-11-17_01.39 n10degC_Cycle_3_Pan18650PF,ood(-10C),9.585177039902677
S5,A2-2,13,06-11-17_01.39 n10degC_Cycle_3_Pan18650PF,ood(-10C),9.143715144364952
S5,A2-2,42,06-11-17_01.39 n10degC_Cycle_3_Pan18650PF,ood(-10C),9.23157839183599
S5,A2-3,7,06-11-17_01.39 n10degC_Cycle_3_Pan18650PF,ood(-10C),8.187297268727393
S5,A2-3,13,06-11-17_01.39 n10degC_Cycle_3_Pan18650PF,ood(-10C),9.29436359951892
S5,A2-3,42,06-11-17_01.39 n10degC_Cycle_3_Pan18650PF,ood(-10C),8.861135844499918
S5,A2-4,7,06-11-17_01.39 n10degC_Cycle_3_Pan18650PF,ood(-10C),9.020852067165526
S5,A2-4,13,06-11-17_01.39 n10degC_Cycle_3_Pan18650PF,ood(-10C),8.401587029120419
S5,A2-4,42,06-11-17_01.39 n10degC_Cycle_3_Pan18650PF,ood(-10C),8.867874373312413
S0,A2-0,7,06-11-17_08.42 n10degC_Cycle_4_Pan18650PF,ood(-10C),11.004298573679174
S0,A2-0,13,06-11-17_08.42 n10degC_Cycle_4_Pan18650PF,ood(-10C),11.230431907250022
S0,A2-0,42,06-11-17_08.42 n10degC_Cycle_4_Pan18650PF,ood(-10C),10.796338376644893
S0,A2-1,7,06-11-17_08.42 n10degC_Cycle_4_Pan18650PF,ood(-10C),11.548081368100895
S0,A2-1,13,06-11-17_08.42 n10degC_Cycle_4_Pan18650PF,ood(-10C),11.458100846358713
S0,A2-1,42,06-11-17_08.42 n10degC_Cycle_4_Pan18650PF,ood(-10C),12.060024284848081
S0,A2-2,7,06-11-17_08.42 n10degC_Cycle_4_Pan18650PF,ood(-10C),11.437670626974013
S0,A2-2,13,06-11-17_08.42 n10degC_Cycle_4_Pan18650PF,ood(-10C),11.156618926699352
S0,A2-2,42,06-11-17_08.42 n10degC_Cycle_4_Pan18650PF,ood(-10C),11.288427536011632
S0,A2-3,7,06-11-17_08.42 n10degC_Cycle_4_Pan18650PF,ood(-10C),10.496107929304328
S0,A2-3,13,06-11-17_08.42 n10degC_Cycle_4_Pan18650PF,ood(-10C),11.199880633964604
S0,A2-3,42,06-11-17_08.42 n10degC_Cycle_4_Pan18650PF,ood(-10C),10.89055294012024
S0,A2-4,7,06-11-17_08.42 n10degC_Cycle_4_Pan18650PF,ood(-10C),11.053469263953197
S0,A2-4,13,06-11-17_08.42 n10degC_Cycle_4_Pan18650PF,ood(-10C),10.254435591794023
S0,A2-4,42,06-11-17_08.42 n10degC_Cycle_4_Pan18650PF,ood(-10C),10.977791487621733
S1,A2-0,7,06-11-17_08.42 n10degC_Cycle_4_Pan18650PF,ood(-10C),4.8171779189136315
S1,A2-0,13,06-11-17_08.42 n10degC_Cycle_4_Pan18650PF,ood(-10C),5.127742431595586
S1,A2-0,42,06-11-17_08.42 n10degC_Cycle_4_Pan18650PF,ood(-10C),4.677304542510416
S1,A2-1,7,06-11-17_08.42 n10degC_Cycle_4_Pan18650PF,ood(-10C),5.350268563997766
S1,A2-1,13,06-11-17_08.42 n10degC_Cycle_4_Pan18650PF,ood(-10C),5.2783042442496555
S1,A2-1,42,06-11-17_08.42 n10degC_Cycle_4_Pan18650PF,ood(-10C),5.932206475476437
S1,A2-2,7,06-11-17_08.42 n10degC_Cycle_4_Pan18650PF,ood(-10C),5.329634935645321
S1,A2-2,13,06-11-17_08.42 n10degC_Cycle_4_Pan18650PF,ood(-10C),5.0527624537988105
S1,A2-2,42,06-11-17_08.42 n10degC_Cycle_4_Pan18650PF,ood(-10C),5.1034589690438725
S1,A2-3,7,06-11-17_08.42 n10degC_Cycle_4_Pan18650PF,ood(-10C),4.280679053747863
S1,A2-3,13,06-11-17_08.42 n10degC_Cycle_4_Pan18650PF,ood(-10C),5.06244758543554
S1,A2-3,42,06-11-17_08.42 n10degC_Cycle_4_Pan18650PF,ood(-10C),4.7375877528352515
S1,A2-4,7,06-11-17_08.42 n10degC_Cycle_4_Pan18650PF,ood(-10C),4.933075518026644
S1,A2-4,13,06-11-17_08.42 n10degC_Cycle_4_Pan18650PF,ood(-10C),4.093939003496641
S1,A2-4,42,06-11-17_08.42 n10degC_Cycle_4_Pan18650PF,ood(-10C),4.800203256633691
S2,A2-0,7,06-11-17_08.42 n10degC_Cycle_4_Pan18650PF,ood(-10C),2.0024653680649873
S2,A2-0,13,06-11-17_08.42 n10degC_Cycle_4_Pan18650PF,ood(-10C),2.456346830680207
S2,A2-0,42,06-11-17_08.42 n10degC_Cycle_4_Pan18650PF,ood(-10C),2.1075415017172756
S2,A2-1,7,06-11-17_08.42 n10degC_Cycle_4_Pan18650PF,ood(-10C),2.3818086969263397
S2,A2-1,13,06-11-17_08.42 n10degC_Cycle_4_Pan18650PF,ood(-10C),2.371645669611309
S2,A2-1,42,06-11-17_08.42 n10degC_Cycle_4_Pan18650PF,ood(-10C),3.034481633012634
S2,A2-2,7,06-11-17_08.42 n10degC_Cycle_4_Pan18650PF,ood(-10C),2.593251758221445
S2,A2-2,13,06-11-17_08.42 n10degC_Cycle_4_Pan18650PF,ood(-10C),2.3996731312115727
S2,A2-2,42,06-11-17_08.42 n10degC_Cycle_4_Pan18650PF,ood(-10C),2.2207665837132162
S2,A2-3,7,06-11-17_08.42 n10degC_Cycle_4_Pan18650PF,ood(-10C),1.5645262621130938
S2,A2-3,13,06-11-17_08.42 n10degC_Cycle_4_Pan18650PF,ood(-10C),2.3193107072201586
S2,A2-3,42,06-11-17_08.42 n10degC_Cycle_4_Pan18650PF,ood(-10C),2.0491843394758553
S2,A2-4,7,06-11-17_08.42 n10degC_Cycle_4_Pan18650PF,ood(-10C),2.2726289600228795
S2,A2-4,13,06-11-17_08.42 n10degC_Cycle_4_Pan18650PF,ood(-10C),1.6668631907575602
S2,A2-4,42,06-11-17_08.42 n10degC_Cycle_4_Pan18650PF,ood(-10C),2.0191289062291022
S3,A2-0,7,06-11-17_08.42 n10degC_Cycle_4_Pan18650PF,ood(-10C),9.519646863966196
S3,A2-0,13,06-11-17_08.42 n10degC_Cycle_4_Pan18650PF,ood(-10C),9.756702859379722
S3,A2-0,42,06-11-17_08.42 n10degC_Cycle_4_Pan18650PF,ood(-10C),9.319213399923417
S3,A2-1,7,06-11-17_08.42 n10degC_Cycle_4_Pan18650PF,ood(-10C),10.063283326082768
S3,A2-1,13,06-11-17_08.42 n10degC_Cycle_4_Pan18650PF,ood(-10C),9.975373891055673
S3,A2-1,42,06-11-17_08.42 n10degC_Cycle_4_Pan18650PF,ood(-10C),10.585406137243297
S3,A2-2,7,06-11-17_08.42 n10degC_Cycle_4_Pan18650PF,ood(-10C),9.963914590861144
S3,A2-2,13,06-11-17_08.42 n10degC_Cycle_4_Pan18650PF,ood(-10C),9.682507937069497
S3,A2-2,42,06-11-17_08.42 n10degC_Cycle_4_Pan18650PF,ood(-10C),9.804683439583
S3,A2-3,7,06-11-17_08.42 n10degC_Cycle_4_Pan18650PF,ood(-10C),9.007015075609122
S3,A2-3,13,06-11-17_08.42 n10degC_Cycle_4_Pan18650PF,ood(-10C),9.721763303325897
S3,A2-3,42,06-11-17_08.42 n10degC_Cycle_4_Pan18650PF,ood(-10C),9.409683995846125
S3,A2-4,7,06-11-17_08.42 n10degC_Cycle_4_Pan18650PF,ood(-10C),9.577004320950884
S3,A2-4,13,06-11-17_08.42 n10degC_Cycle_4_Pan18650PF,ood(-10C),8.770815304985051
S3,A2-4,42,06-11-17_08.42 n10degC_Cycle_4_Pan18650PF,ood(-10C),9.49421597884166
S4,A2-0,7,06-11-17_08.42 n10degC_Cycle_4_Pan18650PF,ood(-10C),2.0024653680649873
S4,A2-0,13,06-11-17_08.42 n10degC_Cycle_4_Pan18650PF,ood(-10C),2.456346830680207
S4,A2-0,42,06-11-17_08.42 n10degC_Cycle_4_Pan18650PF,ood(-10C),2.1075415017172756
S4,A2-1,7,06-11-17_08.42 n10degC_Cycle_4_Pan18650PF,ood(-10C),2.3818086969263397
S4,A2-1,13,06-11-17_08.42 n10degC_Cycle_4_Pan18650PF,ood(-10C),2.371645669611309
S4,A2-1,42,06-11-17_08.42 n10degC_Cycle_4_Pan18650PF,ood(-10C),3.034481633012634
S4,A2-2,7,06-11-17_08.42 n10degC_Cycle_4_Pan18650PF,ood(-10C),2.593251758221445
S4,A2-2,13,06-11-17_08.42 n10degC_Cycle_4_Pan18650PF,ood(-10C),2.3996731312115727
S4,A2-2,42,06-11-17_08.42 n10degC_Cycle_4_Pan18650PF,ood(-10C),2.2207665837132162
S4,A2-3,7,06-11-17_08.42 n10degC_Cycle_4_Pan18650PF,ood(-10C),1.5645262621130938
S4,A2-3,13,06-11-17_08.42 n10degC_Cycle_4_Pan18650PF,ood(-10C),2.3193107072201586
S4,A2-3,42,06-11-17_08.42 n10degC_Cycle_4_Pan18650PF,ood(-10C),2.0491843394758553
S4,A2-4,7,06-11-17_08.42 n10degC_Cycle_4_Pan18650PF,ood(-10C),2.2726289600228795
S4,A2-4,13,06-11-17_08.42 n10degC_Cycle_4_Pan18650PF,ood(-10C),1.6668631907575602
S4,A2-4,42,06-11-17_08.42 n10degC_Cycle_4_Pan18650PF,ood(-10C),2.0191289062291022
S5,A2-0,7,06-11-17_08.42 n10degC_Cycle_4_Pan18650PF,ood(-10C),1.7679569737353145
S5,A2-0,13,06-11-17_08.42 n10degC_Cycle_4_Pan18650PF,ood(-10C),2.2236477720217365
S5,A2-0,42,06-11-17_08.42 n10degC_Cycle_4_Pan18650PF,ood(-10C),1.9738526403425956
S5,A2-1,7,06-11-17_08.42 n10degC_Cycle_4_Pan18650PF,ood(-10C),2.01644711116561
S5,A2-1,13,06-11-17_08.42 n10degC_Cycle_4_Pan18650PF,ood(-10C),2.0385287300459782
S5,A2-1,42,06-11-17_08.42 n10degC_Cycle_4_Pan18650PF,ood(-10C),2.649170941381047
S5,A2-2,7,06-11-17_08.42 n10degC_Cycle_4_Pan18650PF,ood(-10C),2.315763619555909
S5,A2-2,13,06-11-17_08.42 n10degC_Cycle_4_Pan18650PF,ood(-10C),2.182499474701814
S5,A2-2,42,06-11-17_08.42 n10degC_Cycle_4_Pan18650PF,ood(-10C),1.9179686100174163
S5,A2-3,7,06-11-17_08.42 n10degC_Cycle_4_Pan18650PF,ood(-10C),1.4839183181068758
S5,A2-3,13,06-11-17_08.42 n10degC_Cycle_4_Pan18650PF,ood(-10C),2.071780476213739
S5,A2-3,42,06-11-17_08.42 n10degC_Cycle_4_Pan18650PF,ood(-10C),1.8702058210537738
S5,A2-4,7,06-11-17_08.42 n10degC_Cycle_4_Pan18650PF,ood(-10C),2.0701317060345317
S5,A2-4,13,06-11-17_08.42 n10degC_Cycle_4_Pan18650PF,ood(-10C),1.7021079614120487
S5,A2-4,42,06-11-17_08.42 n10degC_Cycle_4_Pan18650PF,ood(-10C),1.7991618178305209
S0,A2-0,7,06-14-17_13.12 n10degC_NN_Pan18650PF,ood(-10C),16.900705081167235
S0,A2-0,13,06-14-17_13.12 n10degC_NN_Pan18650PF,ood(-10C),17.178313020693402
S0,A2-0,42,06-14-17_13.12 n10degC_NN_Pan18650PF,ood(-10C),16.8603203715816
S0,A2-1,7,06-14-17_13.12 n10degC_NN_Pan18650PF,ood(-10C),17.475511875552407
S0,A2-1,13,06-14-17_13.12 n10degC_NN_Pan18650PF,ood(-10C),17.377887798165595
S0,A2-1,42,06-14-17_13.12 n10degC_NN_Pan18650PF,ood(-10C),17.943128786153068
S0,A2-2,7,06-14-17_13.12 n10degC_NN_Pan18650PF,ood(-10C),17.354071918136647
S0,A2-2,13,06-14-17_13.12 n10degC_NN_Pan18650PF,ood(-10C),16.980140651892278
S0,A2-2,42,06-14-17_13.12 n10degC_NN_Pan18650PF,ood(-10C),17.13098776101412
S0,A2-3,7,06-14-17_13.12 n10degC_NN_Pan18650PF,ood(-10C),16.35478222501681
S0,A2-3,13,06-14-17_13.12 n10degC_NN_Pan18650PF,ood(-10C),17.13830438324663
S0,A2-3,42,06-14-17_13.12 n10degC_NN_Pan18650PF,ood(-10C),16.847517963243373
S0,A2-4,7,06-14-17_13.12 n10degC_NN_Pan18650PF,ood(-10C),16.946243010656335
S0,A2-4,13,06-14-17_13.12 n10degC_NN_Pan18650PF,ood(-10C),16.227550747088333
S0,A2-4,42,06-14-17_13.12 n10degC_NN_Pan18650PF,ood(-10C),16.940604165773536
S1,A2-0,7,06-14-17_13.12 n10degC_NN_Pan18650PF,ood(-10C),10.995499687856267
S1,A2-0,13,06-14-17_13.12 n10degC_NN_Pan18650PF,ood(-10C),11.353153215924788
S1,A2-0,42,06-14-17_13.12 n10degC_NN_Pan18650PF,ood(-10C),11.035275567374024
S1,A2-1,7,06-14-17_13.12 n10degC_NN_Pan18650PF,ood(-10C),11.553284308593128
S1,A2-1,13,06-14-17_13.12 n10degC_NN_Pan18650PF,ood(-10C),11.469309878895789
S1,A2-1,42,06-14-17_13.12 n10degC_NN_Pan18650PF,ood(-10C),12.075323953051695
S1,A2-2,7,06-14-17_13.12 n10degC_NN_Pan18650PF,ood(-10C),11.526550655684511
S1,A2-2,13,06-14-17_13.12 n10degC_NN_Pan18650PF,ood(-10C),11.12390127254226
S1,A2-2,42,06-14-17_13.12 n10degC_NN_Pan18650PF,ood(-10C),11.220298339859713
S1,A2-3,7,06-14-17_13.12 n10degC_NN_Pan18650PF,ood(-10C),10.378522864845806
S1,A2-3,13,06-14-17_13.12 n10degC_NN_Pan18650PF,ood(-10C),11.25843778978913
S1,A2-3,42,06-14-17_13.12 n10degC_NN_Pan18650PF,ood(-10C),10.945789040988869
S1,A2-4,7,06-14-17_13.12 n10degC_NN_Pan18650PF,ood(-10C),11.07128501942867
S1,A2-4,13,06-14-17_13.12 n10degC_NN_Pan18650PF,ood(-10C),10.347905061287689
S1,A2-4,42,06-14-17_13.12 n10degC_NN_Pan18650PF,ood(-10C),11.03589389103378
S2,A2-0,7,06-14-17_13.12 n10degC_NN_Pan18650PF,ood(-10C),8.456620561976095
S2,A2-0,13,06-14-17_13.12 n10degC_NN_Pan18650PF,ood(-10C),8.874592467717886
S2,A2-0,42,06-14-17_13.12 n10degC_NN_Pan18650PF,ood(-10C),8.575197435920693
S2,A2-1,7,06-14-17_13.12 n10degC_NN_Pan18650PF,ood(-10C),8.968027561942868
S2,A2-1,13,06-14-17_13.12 n10degC_NN_Pan18650PF,ood(-10C),8.901808041040166
S2,A2-1,42,06-14-17_13.12 n10degC_NN_Pan18650PF,ood(-10C),9.518546816886484
S2,A2-2,7,06-14-17_13.12 n10degC_NN_Pan18650PF,ood(-10C),9.036185154711156
S2,A2-2,13,06-14-17_13.12 n10degC_NN_Pan18650PF,ood(-10C),8.627315044670706
S2,A2-2,42,06-14-17_13.12 n10degC_NN_Pan18650PF,ood(-10C),8.663565435776203
S2,A2-3,7,06-14-17_13.12 n10degC_NN_Pan18650PF,ood(-10C),7.801470234723567
S2,A2-3,13,06-14-17_13.12 n10degC_NN_Pan18650PF,ood(-10C),8.730654759195616
S2,A2-3,42,06-14-17_13.12 n10degC_NN_Pan18650PF,ood(-10C),8.413275753691098
S2,A2-4,7,06-14-17_13.12 n10degC_NN_Pan18650PF,ood(-10C),8.558834591255675
S2,A2-4,13,06-14-17_13.12 n10degC_NN_Pan18650PF,ood(-10C),7.875310182545359
S2,A2-4,42,06-14-17_13.12 n10degC_NN_Pan18650PF,ood(-10C),8.49525805403686
S3,A2-0,7,06-14-17_13.12 n10degC_NN_Pan18650PF,ood(-10C),15.481643037413985
S3,A2-0,13,06-14-17_13.12 n10degC_NN_Pan18650PF,ood(-10C),15.773510158931316
S3,A2-0,42,06-14-17_13.12 n10degC_NN_Pan18650PF,ood(-10C),15.454257675718546
S3,A2-1,7,06-14-17_13.12 n10degC_NN_Pan18650PF,ood(-10C),16.05569950612291
S3,A2-1,13,06-14-17_13.12 n10degC_NN_Pan18650PF,ood(-10C),15.959999989113939
S3,A2-1,42,06-14-17_13.12 n10degC_NN_Pan18650PF,ood(-10C),16.534009983957077
S3,A2-2,7,06-14-17_13.12 n10degC_NN_Pan18650PF,ood(-10C),15.949560529382152
S3,A2-2,13,06-14-17_13.12 n10degC_NN_Pan18650PF,ood(-10C),15.569422523282515
S3,A2-2,42,06-14-17_13.12 n10degC_NN_Pan18650PF,ood(-10C),15.71187230026388
S3,A2-3,7,06-14-17_13.12 n10degC_NN_Pan18650PF,ood(-10C),14.922176300329305
S3,A2-3,13,06-14-17_13.12 n10degC_NN_Pan18650PF,ood(-10C),15.724295886153266
S3,A2-3,42,06-14-17_13.12 n10degC_NN_Pan18650PF,ood(-10C),15.42882450630294
S3,A2-4,7,06-14-17_13.12 n10degC_NN_Pan18650PF,ood(-10C),15.532314374858123
S3,A2-4,13,06-14-17_13.12 n10degC_NN_Pan18650PF,ood(-10C),14.809965632105053
S3,A2-4,42,06-14-17_13.12 n10degC_NN_Pan18650PF,ood(-10C),15.521772245878301
S4,A2-0,7,06-14-17_13.12 n10degC_NN_Pan18650PF,ood(-10C),8.456620561976095
S4,A2-0,13,06-14-17_13.12 n10degC_NN_Pan18650PF,ood(-10C),8.874592467717886
S4,A2-0,42,06-14-17_13.12 n10degC_NN_Pan18650PF,ood(-10C),8.575197435920693
S4,A2-1,7,06-14-17_13.12 n10degC_NN_Pan18650PF,ood(-10C),8.968027561942868
S4,A2-1,13,06-14-17_13.12 n10degC_NN_Pan18650PF,ood(-10C),8.901808041040166
S4,A2-1,42,06-14-17_13.12 n10degC_NN_Pan18650PF,ood(-10C),9.518546816886484
S4,A2-2,7,06-14-17_13.12 n10degC_NN_Pan18650PF,ood(-10C),9.036185154711156
S4,A2-2,13,06-14-17_13.12 n10degC_NN_Pan18650PF,ood(-10C),8.627315044670706
S4,A2-2,42,06-14-17_13.12 n10degC_NN_Pan18650PF,ood(-10C),8.663565435776203
S4,A2-3,7,06-14-17_13.12 n10degC_NN_Pan18650PF,ood(-10C),7.801470234723567
S4,A2-3,13,06-14-17_13.12 n10degC_NN_Pan18650PF,ood(-10C),8.730654759195616
S4,A2-3,42,06-14-17_13.12 n10degC_NN_Pan18650PF,ood(-10C),8.413275753691098
S4,A2-4,7,06-14-17_13.12 n10degC_NN_Pan18650PF,ood(-10C),8.558834591255675
S4,A2-4,13,06-14-17_13.12 n10degC_NN_Pan18650PF,ood(-10C),7.875310182545359
S4,A2-4,42,06-14-17_13.12 n10degC_NN_Pan18650PF,ood(-10C),8.49525805403686
S5,A2-0,7,06-14-17_13.12 n10degC_NN_Pan18650PF,ood(-10C),8.024591877368534
S5,A2-0,13,06-14-17_13.12 n10degC_NN_Pan18650PF,ood(-10C),8.454992607467972
S5,A2-0,42,06-14-17_13.12 n10degC_NN_Pan18650PF,ood(-10C),8.163596893210782
S5,A2-1,7,06-14-17_13.12 n10degC_NN_Pan18650PF,ood(-10C),8.518537715916239
S5,A2-1,13,06-14-17_13.12 n10degC_NN_Pan18650PF,ood(-10C),8.45774567425275
S5,A2-1,42,06-14-17_13.12 n10degC_NN_Pan18650PF,ood(-10C),9.07233980320491
S5,A2-2,7,06-14-17_13.12 n10degC_NN_Pan18650PF,ood(-10C),8.611890907364113
S5,A2-2,13,06-14-17_13.12 n10degC_NN_Pan18650PF,ood(-10C),8.205213884337725
S5,A2-2,42,06-14-17_13.12 n10degC_NN_Pan18650PF,ood(-10C),8.224611755397433
S5,A2-3,7,06-14-17_13.12 n10degC_NN_Pan18650PF,ood(-10C),7.365743633668757
S5,A2-3,13,06-14-17_13.12 n10degC_NN_Pan18650PF,ood(-10C),8.29901652527157
S5,A2-3,42,06-14-17_13.12 n10degC_NN_Pan18650PF,ood(-10C),7.98344416086999
S5,A2-4,7,06-14-17_13.12 n10degC_NN_Pan18650PF,ood(-10C),8.133067446860176
S5,A2-4,13,06-14-17_13.12 n10degC_NN_Pan18650PF,ood(-10C),7.4681540523402115
S5,A2-4,42,06-14-17_13.12 n10degC_NN_Pan18650PF,ood(-10C),8.062360004266914
S0,A2-0,7,06-23-17_23.35 n20degC_HWFET_Pan18650PF,ood(-20C),4.735891847971631
S0,A2-0,13,06-23-17_23.35 n20degC_HWFET_Pan18650PF,ood(-20C),5.230860322730834
S0,A2-0,42,06-23-17_23.35 n20degC_HWFET_Pan18650PF,ood(-20C),4.587840162998841
S0,A2-1,7,06-23-17_23.35 n20degC_HWFET_Pan18650PF,ood(-20C),5.019466215816163
S0,A2-1,13,06-23-17_23.35 n20degC_HWFET_Pan18650PF,ood(-20C),4.909573574734241
S0,A2-1,42,06-23-17_23.35 n20degC_HWFET_Pan18650PF,ood(-20C),5.927366446702077
S0,A2-2,7,06-23-17_23.35 n20degC_HWFET_Pan18650PF,ood(-20C),5.339381858037634
S0,A2-2,13,06-23-17_23.35 n20degC_HWFET_Pan18650PF,ood(-20C),5.582903517709059
S0,A2-2,42,06-23-17_23.35 n20degC_HWFET_Pan18650PF,ood(-20C),5.109627955670137
S0,A2-3,7,06-23-17_23.35 n20degC_HWFET_Pan18650PF,ood(-20C),4.3118705855434705
S0,A2-3,13,06-23-17_23.35 n20degC_HWFET_Pan18650PF,ood(-20C),5.031670812046037
S0,A2-3,42,06-23-17_23.35 n20degC_HWFET_Pan18650PF,ood(-20C),4.831234611085764
S0,A2-4,7,06-23-17_23.35 n20degC_HWFET_Pan18650PF,ood(-20C),5.2989862893945885
S0,A2-4,13,06-23-17_23.35 n20degC_HWFET_Pan18650PF,ood(-20C),4.38832648994433
S0,A2-4,42,06-23-17_23.35 n20degC_HWFET_Pan18650PF,ood(-20C),4.676587587772817
S1,A2-0,7,06-23-17_23.35 n20degC_HWFET_Pan18650PF,ood(-20C),1.3158987863441505
S1,A2-0,13,06-23-17_23.35 n20degC_HWFET_Pan18650PF,ood(-20C),2.4073308245944443
S1,A2-0,42,06-23-17_23.35 n20degC_HWFET_Pan18650PF,ood(-20C),1.4614335800685923
S1,A2-1,7,06-23-17_23.35 n20degC_HWFET_Pan18650PF,ood(-20C),1.578002128244363
S1,A2-1,13,06-23-17_23.35 n20degC_HWFET_Pan18650PF,ood(-20C),1.434160262836238
S1,A2-1,42,06-23-17_23.35 n20degC_HWFET_Pan18650PF,ood(-20C),2.952121420046257
S1,A2-2,7,06-23-17_23.35 n20degC_HWFET_Pan18650PF,ood(-20C),2.256748877185591
S1,A2-2,13,06-23-17_23.35 n20degC_HWFET_Pan18650PF,ood(-20C),3.023073454989429
S1,A2-2,42,06-23-17_23.35 n20degC_HWFET_Pan18650PF,ood(-20C),1.9916875304887633
S1,A2-3,7,06-23-17_23.35 n20degC_HWFET_Pan18650PF,ood(-20C),0.9588146598633912
S1,A2-3,13,06-23-17_23.35 n20degC_HWFET_Pan18650PF,ood(-20C),1.9122394425190343
S1,A2-3,42,06-23-17_23.35 n20degC_HWFET_Pan18650PF,ood(-20C),1.9914512812483345
S1,A2-4,7,06-23-17_23.35 n20degC_HWFET_Pan18650PF,ood(-20C),2.5386378822825537
S1,A2-4,13,06-23-17_23.35 n20degC_HWFET_Pan18650PF,ood(-20C),1.0375433503920608
S1,A2-4,42,06-23-17_23.35 n20degC_HWFET_Pan18650PF,ood(-20C),1.2060056072381071
S2,A2-0,7,06-23-17_23.35 n20degC_HWFET_Pan18650PF,ood(-20C),1.1255873687452151
S2,A2-0,13,06-23-17_23.35 n20degC_HWFET_Pan18650PF,ood(-20C),2.2313876757024227
S2,A2-0,42,06-23-17_23.35 n20degC_HWFET_Pan18650PF,ood(-20C),1.5467805128525949
S2,A2-1,7,06-23-17_23.35 n20degC_HWFET_Pan18650PF,ood(-20C),1.1017299750597755
S2,A2-1,13,06-23-17_23.35 n20degC_HWFET_Pan18650PF,ood(-20C),1.0229650193313116
S2,A2-1,42,06-23-17_23.35 n20degC_HWFET_Pan18650PF,ood(-20C),2.436709321914549
S2,A2-2,7,06-23-17_23.35 n20degC_HWFET_Pan18650PF,ood(-20C),1.878609345267126
S2,A2-2,13,06-23-17_23.35 n20degC_HWFET_Pan18650PF,ood(-20C),2.8522957869783436
S2,A2-2,42,06-23-17_23.35 n20degC_HWFET_Pan18650PF,ood(-20C),1.708305941346348
S2,A2-3,7,06-23-17_23.35 n20degC_HWFET_Pan18650PF,ood(-20C),1.295046189988162
S2,A2-3,13,06-23-17_23.35 n20degC_HWFET_Pan18650PF,ood(-20C),1.6740228048389323
S2,A2-3,42,06-23-17_23.35 n20degC_HWFET_Pan18650PF,ood(-20C),2.00890020611402
S2,A2-4,7,06-23-17_23.35 n20degC_HWFET_Pan18650PF,ood(-20C),2.366659708472685
S2,A2-4,13,06-23-17_23.35 n20degC_HWFET_Pan18650PF,ood(-20C),1.276308144662545
S2,A2-4,42,06-23-17_23.35 n20degC_HWFET_Pan18650PF,ood(-20C),1.050437773155284
S3,A2-0,7,06-23-17_23.35 n20degC_HWFET_Pan18650PF,ood(-20C),3.955999541091042
S3,A2-0,13,06-23-17_23.35 n20degC_HWFET_Pan18650PF,ood(-20C),4.516284560291432
S3,A2-0,42,06-23-17_23.35 n20degC_HWFET_Pan18650PF,ood(-20C),3.827785751086147
S3,A2-1,7,06-23-17_23.35 n20degC_HWFET_Pan18650PF,ood(-20C),4.240996621865395
S3,A2-1,13,06-23-17_23.35 n20degC_HWFET_Pan18650PF,ood(-20C),4.127455620115405
S3,A2-1,42,06-23-17_23.35 n20degC_HWFET_Pan18650PF,ood(-20C),5.208541619822621
S3,A2-2,7,06-23-17_23.35 n20degC_HWFET_Pan18650PF,ood(-20C),4.598654925279564
S3,A2-2,13,06-23-17_23.35 n20degC_HWFET_Pan18650PF,ood(-20C),4.909632070678272
S3,A2-2,42,06-23-17_23.35 n20degC_HWFET_Pan18650PF,ood(-20C),4.361198321893058
S3,A2-3,7,06-23-17_23.35 n20degC_HWFET_Pan18650PF,ood(-20C),3.5300871322120044
S3,A2-3,13,06-23-17_23.35 n20degC_HWFET_Pan18650PF,ood(-20C),4.28163647226107
S3,A2-3,42,06-23-17_23.35 n20degC_HWFET_Pan18650PF,ood(-20C),4.104314491429611
S3,A2-4,7,06-23-17_23.35 n20degC_HWFET_Pan18650PF,ood(-20C),4.593433267535348
S3,A2-4,13,06-23-17_23.35 n20degC_HWFET_Pan18650PF,ood(-20C),3.6080242745785456
S3,A2-4,42,06-23-17_23.35 n20degC_HWFET_Pan18650PF,ood(-20C),3.892551640185721
S4,A2-0,7,06-23-17_23.35 n20degC_HWFET_Pan18650PF,ood(-20C),1.1255873687452151
S4,A2-0,13,06-23-17_23.35 n20degC_HWFET_Pan18650PF,ood(-20C),2.2313876757024227
S4,A2-0,42,06-23-17_23.35 n20degC_HWFET_Pan18650PF,ood(-20C),1.5467805128525949
S4,A2-1,7,06-23-17_23.35 n20degC_HWFET_Pan18650PF,ood(-20C),1.1017299750597755
S4,A2-1,13,06-23-17_23.35 n20degC_HWFET_Pan18650PF,ood(-20C),1.0229650193313116
S4,A2-1,42,06-23-17_23.35 n20degC_HWFET_Pan18650PF,ood(-20C),2.436709321914549
S4,A2-2,7,06-23-17_23.35 n20degC_HWFET_Pan18650PF,ood(-20C),1.878609345267126
S4,A2-2,13,06-23-17_23.35 n20degC_HWFET_Pan18650PF,ood(-20C),2.8522957869783436
S4,A2-2,42,06-23-17_23.35 n20degC_HWFET_Pan18650PF,ood(-20C),1.708305941346348
S4,A2-3,7,06-23-17_23.35 n20degC_HWFET_Pan18650PF,ood(-20C),1.295046189988162
S4,A2-3,13,06-23-17_23.35 n20degC_HWFET_Pan18650PF,ood(-20C),1.6740228048389323
S4,A2-3,42,06-23-17_23.35 n20degC_HWFET_Pan18650PF,ood(-20C),2.00890020611402
S4,A2-4,7,06-23-17_23.35 n20degC_HWFET_Pan18650PF,ood(-20C),2.366659708472685
S4,A2-4,13,06-23-17_23.35 n20degC_HWFET_Pan18650PF,ood(-20C),1.276308144662545
S4,A2-4,42,06-23-17_23.35 n20degC_HWFET_Pan18650PF,ood(-20C),1.050437773155284
S5,A2-0,7,06-23-17_23.35 n20degC_HWFET_Pan18650PF,ood(-20C),1.3502793012158454
S5,A2-0,13,06-23-17_23.35 n20degC_HWFET_Pan18650PF,ood(-20C),2.3349823324338397
S5,A2-0,42,06-23-17_23.35 n20degC_HWFET_Pan18650PF,ood(-20C),1.7662670544922328
S5,A2-1,7,06-23-17_23.35 n20degC_HWFET_Pan18650PF,ood(-20C),1.2561357641616364
S5,A2-1,13,06-23-17_23.35 n20degC_HWFET_Pan18650PF,ood(-20C),1.213882341659289
S5,A2-1,42,06-23-17_23.35 n20degC_HWFET_Pan18650PF,ood(-20C),2.438454399541355
S5,A2-2,7,06-23-17_23.35 n20degC_HWFET_Pan18650PF,ood(-20C),1.9558004188941385
S5,A2-2,13,06-23-17_23.35 n20degC_HWFET_Pan18650PF,ood(-20C),2.926481939009427
S5,A2-2,42,06-23-17_23.35 n20degC_HWFET_Pan18650PF,ood(-20C),1.8265611759790974
S5,A2-3,7,06-23-17_23.35 n20degC_HWFET_Pan18650PF,ood(-20C),1.588394041105849
S5,A2-3,13,06-23-17_23.35 n20degC_HWFET_Pan18650PF,ood(-20C),1.8073091547951863
S5,A2-3,42,06-23-17_23.35 n20degC_HWFET_Pan18650PF,ood(-20C),2.1722274488194744
S5,A2-4,7,06-23-17_23.35 n20degC_HWFET_Pan18650PF,ood(-20C),2.4632554259681014
S5,A2-4,13,06-23-17_23.35 n20degC_HWFET_Pan18650PF,ood(-20C),1.5576183900951601
S5,A2-4,42,06-23-17_23.35 n20degC_HWFET_Pan18650PF,ood(-20C),1.2987056192733946
S0,A2-0,7,06-23-17_23.35 n20degC_LA92_Pan18650PF,ood(-20C),5.541930189595775
S0,A2-0,13,06-23-17_23.35 n20degC_LA92_Pan18650PF,ood(-20C),6.228817661356496
S0,A2-0,42,06-23-17_23.35 n20degC_LA92_Pan18650PF,ood(-20C),5.596515607928937
S0,A2-1,7,06-23-17_23.35 n20degC_LA92_Pan18650PF,ood(-20C),5.918394711613146
S0,A2-1,13,06-23-17_23.35 n20degC_LA92_Pan18650PF,ood(-20C),5.902676674425857
S0,A2-1,42,06-23-17_23.35 n20degC_LA92_Pan18650PF,ood(-20C),6.676751601975795
S0,A2-2,7,06-23-17_23.35 n20degC_LA92_Pan18650PF,ood(-20C),6.2470442097111345
S0,A2-2,13,06-23-17_23.35 n20degC_LA92_Pan18650PF,ood(-20C),6.338681480333918
S0,A2-2,42,06-23-17_23.35 n20degC_LA92_Pan18650PF,ood(-20C),5.8941199986581445
S0,A2-3,7,06-23-17_23.35 n20degC_LA92_Pan18650PF,ood(-20C),5.13870980154937
S0,A2-3,13,06-23-17_23.35 n20degC_LA92_Pan18650PF,ood(-20C),5.969521191430593
S0,A2-3,42,06-23-17_23.35 n20degC_LA92_Pan18650PF,ood(-20C),5.708538038161134
S0,A2-4,7,06-23-17_23.35 n20degC_LA92_Pan18650PF,ood(-20C),6.072483080924121
S0,A2-4,13,06-23-17_23.35 n20degC_LA92_Pan18650PF,ood(-20C),5.214587008938484
S0,A2-4,42,06-23-17_23.35 n20degC_LA92_Pan18650PF,ood(-20C),5.537461335690247
S1,A2-0,7,06-23-17_23.35 n20degC_LA92_Pan18650PF,ood(-20C),1.7216248833672168
S1,A2-0,13,06-23-17_23.35 n20degC_LA92_Pan18650PF,ood(-20C),2.814255639048601
S1,A2-0,42,06-23-17_23.35 n20degC_LA92_Pan18650PF,ood(-20C),1.917031265128715
S1,A2-1,7,06-23-17_23.35 n20degC_LA92_Pan18650PF,ood(-20C),2.0913909951784198
S1,A2-1,13,06-23-17_23.35 n20degC_LA92_Pan18650PF,ood(-20C),2.0453366628835563
S1,A2-1,42,06-23-17_23.35 n20degC_LA92_Pan18650PF,ood(-20C),3.2552903826627433
S1,A2-2,7,06-23-17_23.35 n20degC_LA92_Pan18650PF,ood(-20C),2.685562562755782
S1,A2-2,13,06-23-17_23.35 n20degC_LA92_Pan18650PF,ood(-20C),3.213226349130931
S1,A2-2,42,06-23-17_23.35 n20degC_LA92_Pan18650PF,ood(-20C),2.298245689876469
S1,A2-3,7,06-23-17_23.35 n20degC_LA92_Pan18650PF,ood(-20C),1.3045410603810843
S1,A2-3,13,06-23-17_23.35 n20degC_LA92_Pan18650PF,ood(-20C),2.355269660591214
S1,A2-3,42,06-23-17_23.35 n20degC_LA92_Pan18650PF,ood(-20C),2.2467761948730645
S1,A2-4,7,06-23-17_23.35 n20degC_LA92_Pan18650PF,ood(-20C),2.7715938406595
S1,A2-4,13,06-23-17_23.35 n20degC_LA92_Pan18650PF,ood(-20C),1.408557486689834
S1,A2-4,42,06-23-17_23.35 n20degC_LA92_Pan18650PF,ood(-20C),1.6712522736602882
S2,A2-0,7,06-23-17_23.35 n20degC_LA92_Pan18650PF,ood(-20C),0.896879635653247
S2,A2-0,13,06-23-17_23.35 n20degC_LA92_Pan18650PF,ood(-20C),2.120270536859278
S2,A2-0,42,06-23-17_23.35 n20degC_LA92_Pan18650PF,ood(-20C),1.2478194466341204
S2,A2-1,7,06-23-17_23.35 n20degC_LA92_Pan18650PF,ood(-20C),1.0199219355076088
S2,A2-1,13,06-23-17_23.35 n20degC_LA92_Pan18650PF,ood(-20C),0.920772788300981
S2,A2-1,42,06-23-17_23.35 n20degC_LA92_Pan18650PF,ood(-20C),2.4326355537843027
S2,A2-2,7,06-23-17_23.35 n20degC_LA92_Pan18650PF,ood(-20C),1.8465457934487537
S2,A2-2,13,06-23-17_23.35 n20degC_LA92_Pan18650PF,ood(-20C),2.7044957185509797
S2,A2-2,42,06-23-17_23.35 n20degC_LA92_Pan18650PF,ood(-20C),1.5592355739689354
S2,A2-3,7,06-23-17_23.35 n20degC_LA92_Pan18650PF,ood(-20C),0.8791466431652097
S2,A2-3,13,06-23-17_23.35 n20degC_LA92_Pan18650PF,ood(-20C),1.5627694274588275
S2,A2-3,42,06-23-17_23.35 n20degC_LA92_Pan18650PF,ood(-20C),1.7242762031558785
S2,A2-4,7,06-23-17_23.35 n20degC_LA92_Pan18650PF,ood(-20C),2.222227881358994
S2,A2-4,13,06-23-17_23.35 n20degC_LA92_Pan18650PF,ood(-20C),0.9228368142627925
S2,A2-4,42,06-23-17_23.35 n20degC_LA92_Pan18650PF,ood(-20C),0.7644692508228826
S3,A2-0,7,06-23-17_23.35 n20degC_LA92_Pan18650PF,ood(-20C),4.698976612564879
S3,A2-0,13,06-23-17_23.35 n20degC_LA92_Pan18650PF,ood(-20C),5.430933953807137
S3,A2-0,42,06-23-17_23.35 n20degC_LA92_Pan18650PF,ood(-20C),4.765548574242239
S3,A2-1,7,06-23-17_23.35 n20degC_LA92_Pan18650PF,ood(-20C),5.076653383367976
S3,A2-1,13,06-23-17_23.35 n20degC_LA92_Pan18650PF,ood(-20C),5.058220658238715
S3,A2-1,42,06-23-17_23.35 n20degC_LA92_Pan18650PF,ood(-20C),5.883091346354008
S3,A2-2,7,06-23-17_23.35 n20degC_LA92_Pan18650PF,ood(-20C),5.433419128776645
S3,A2-2,13,06-23-17_23.35 n20degC_LA92_Pan18650PF,ood(-20C),5.5763068149768955
S3,A2-2,42,06-23-17_23.35 n20degC_LA92_Pan18650PF,ood(-20C),5.0736259144257065
S3,A2-3,7,06-23-17_23.35 n20degC_LA92_Pan18650PF,ood(-20C),4.292564191726526
S3,A2-3,13,06-23-17_23.35 n20degC_LA92_Pan18650PF,ood(-20C),5.147950350626176
S3,A2-3,42,06-23-17_23.35 n20degC_LA92_Pan18650PF,ood(-20C),4.898949870412417
S3,A2-4,7,06-23-17_23.35 n20degC_LA92_Pan18650PF,ood(-20C),5.285163221452043
S3,A2-4,13,06-23-17_23.35 n20degC_LA92_Pan18650PF,ood(-20C),4.370792041727491
S3,A2-4,42,06-23-17_23.35 n20degC_LA92_Pan18650PF,ood(-20C),4.690933393333946
S4,A2-0,7,06-23-17_23.35 n20degC_LA92_Pan18650PF,ood(-20C),0.896879635653247
S4,A2-0,13,06-23-17_23.35 n20degC_LA92_Pan18650PF,ood(-20C),2.120270536859278
S4,A2-0,42,06-23-17_23.35 n20degC_LA92_Pan18650PF,ood(-20C),1.2478194466341204
S4,A2-1,7,06-23-17_23.35 n20degC_LA92_Pan18650PF,ood(-20C),1.0199219355076088
S4,A2-1,13,06-23-17_23.35 n20degC_LA92_Pan18650PF,ood(-20C),0.920772788300981
S4,A2-1,42,06-23-17_23.35 n20degC_LA92_Pan18650PF,ood(-20C),2.4326355537843027
S4,A2-2,7,06-23-17_23.35 n20degC_LA92_Pan18650PF,ood(-20C),1.8465457934487537
S4,A2-2,13,06-23-17_23.35 n20degC_LA92_Pan18650PF,ood(-20C),2.7044957185509797
S4,A2-2,42,06-23-17_23.35 n20degC_LA92_Pan18650PF,ood(-20C),1.5592355739689354
S4,A2-3,7,06-23-17_23.35 n20degC_LA92_Pan18650PF,ood(-20C),0.8791466431652097
S4,A2-3,13,06-23-17_23.35 n20degC_LA92_Pan18650PF,ood(-20C),1.5627694274588275
S4,A2-3,42,06-23-17_23.35 n20degC_LA92_Pan18650PF,ood(-20C),1.7242762031558785
S4,A2-4,7,06-23-17_23.35 n20degC_LA92_Pan18650PF,ood(-20C),2.222227881358994
S4,A2-4,13,06-23-17_23.35 n20degC_LA92_Pan18650PF,ood(-20C),0.9228368142627925
S4,A2-4,42,06-23-17_23.35 n20degC_LA92_Pan18650PF,ood(-20C),0.7644692508228826
S5,A2-0,7,06-23-17_23.35 n20degC_LA92_Pan18650PF,ood(-20C),1.0279593778123748
S5,A2-0,13,06-23-17_23.35 n20degC_LA92_Pan18650PF,ood(-20C),2.1090903077573
S5,A2-0,42,06-23-17_23.35 n20degC_LA92_Pan18650PF,ood(-20C),1.348786194328586
S5,A2-1,7,06-23-17_23.35 n20degC_LA92_Pan18650PF,ood(-20C),1.0072063601153258
S5,A2-1,13,06-23-17_23.35 n20degC_LA92_Pan18650PF,ood(-20C),0.9064190298601689
S5,A2-1,42,06-23-17_23.35 n20degC_LA92_Pan18650PF,ood(-20C),2.360772797714505
S5,A2-2,7,06-23-17_23.35 n20degC_LA92_Pan18650PF,ood(-20C),1.809118364482574
S5,A2-2,13,06-23-17_23.35 n20degC_LA92_Pan18650PF,ood(-20C),2.713864368582947
S5,A2-2,42,06-23-17_23.35 n20degC_LA92_Pan18650PF,ood(-20C),1.5873970794234606
S5,A2-3,7,06-23-17_23.35 n20degC_LA92_Pan18650PF,ood(-20C),1.1474729783053985
S5,A2-3,13,06-23-17_23.35 n20degC_LA92_Pan18650PF,ood(-20C),1.5718217330475115
S5,A2-3,42,06-23-17_23.35 n20degC_LA92_Pan18650PF,ood(-20C),1.8015279718700814
S5,A2-4,7,06-23-17_23.35 n20degC_LA92_Pan18650PF,ood(-20C),2.2477368030078697
S5,A2-4,13,06-23-17_23.35 n20degC_LA92_Pan18650PF,ood(-20C),1.1607018842008665
S5,A2-4,42,06-23-17_23.35 n20degC_LA92_Pan18650PF,ood(-20C),0.9083489647768176
S0,A2-0,7,06-23-17_23.35 n20degC_NN_Pan18650PF,ood(-20C),4.257527536162063
S0,A2-0,13,06-23-17_23.35 n20degC_NN_Pan18650PF,ood(-20C),4.951629440586017
S0,A2-0,42,06-23-17_23.35 n20degC_NN_Pan18650PF,ood(-20C),4.327730780723397
S0,A2-1,7,06-23-17_23.35 n20degC_NN_Pan18650PF,ood(-20C),4.628753667918251
S0,A2-1,13,06-23-17_23.35 n20degC_NN_Pan18650PF,ood(-20C),4.569886714439186
S0,A2-1,42,06-23-17_23.35 n20degC_NN_Pan18650PF,ood(-20C),5.399601180277063
S0,A2-2,7,06-23-17_23.35 n20degC_NN_Pan18650PF,ood(-20C),4.971629146126035
S0,A2-2,13,06-23-17_23.35 n20degC_NN_Pan18650PF,ood(-20C),5.091707012067846
S0,A2-2,42,06-23-17_23.35 n20degC_NN_Pan18650PF,ood(-20C),4.679963432625335
S0,A2-3,7,06-23-17_23.35 n20degC_NN_Pan18650PF,ood(-20C),3.941882356207999
S0,A2-3,13,06-23-17_23.35 n20degC_NN_Pan18650PF,ood(-20C),4.624072203155198
S0,A2-3,42,06-23-17_23.35 n20degC_NN_Pan18650PF,ood(-20C),4.466267089728249
S0,A2-4,7,06-23-17_23.35 n20degC_NN_Pan18650PF,ood(-20C),4.8498318150604645
S0,A2-4,13,06-23-17_23.35 n20degC_NN_Pan18650PF,ood(-20C),3.9813069592215173
S0,A2-4,42,06-23-17_23.35 n20degC_NN_Pan18650PF,ood(-20C),4.286607478786678
S1,A2-0,7,06-23-17_23.35 n20degC_NN_Pan18650PF,ood(-20C),0.9057892355783644
S1,A2-0,13,06-23-17_23.35 n20degC_NN_Pan18650PF,ood(-20C),2.118848126765303
S1,A2-0,42,06-23-17_23.35 n20degC_NN_Pan18650PF,ood(-20C),1.2065286725097968
S1,A2-1,7,06-23-17_23.35 n20degC_NN_Pan18650PF,ood(-20C),1.10304098125862
S1,A2-1,13,06-23-17_23.35 n20degC_NN_Pan18650PF,ood(-20C),0.9249725716047456
S1,A2-1,42,06-23-17_23.35 n20degC_NN_Pan18650PF,ood(-20C),2.4108882015013107
S1,A2-2,7,06-23-17_23.35 n20degC_NN_Pan18650PF,ood(-20C),1.8444104431966175
S1,A2-2,13,06-23-17_23.35 n20degC_NN_Pan18650PF,ood(-20C),2.630226664369232
S1,A2-2,42,06-23-17_23.35 n20degC_NN_Pan18650PF,ood(-20C),1.6072729482562873
S1,A2-3,7,06-23-17_23.35 n20degC_NN_Pan18650PF,ood(-20C),0.8420521581244168
S1,A2-3,13,06-23-17_23.35 n20degC_NN_Pan18650PF,ood(-20C),1.4853339608294183
S1,A2-3,42,06-23-17_23.35 n20degC_NN_Pan18650PF,ood(-20C),1.6698410753548127
S1,A2-4,7,06-23-17_23.35 n20degC_NN_Pan18650PF,ood(-20C),2.1871616324645076
S1,A2-4,13,06-23-17_23.35 n20degC_NN_Pan18650PF,ood(-20C),0.8655021643080898
S1,A2-4,42,06-23-17_23.35 n20degC_NN_Pan18650PF,ood(-20C),0.8546822100178554
S2,A2-0,7,06-23-17_23.35 n20degC_NN_Pan18650PF,ood(-20C),1.6699163112194242
S2,A2-0,13,06-23-17_23.35 n20degC_NN_Pan18650PF,ood(-20C),2.314509745263589
S2,A2-0,42,06-23-17_23.35 n20degC_NN_Pan18650PF,ood(-20C),1.8539237162408349
S2,A2-1,7,06-23-17_23.35 n20degC_NN_Pan18650PF,ood(-20C),1.4182948556056834
S2,A2-1,13,06-23-17_23.35 n20degC_NN_Pan18650PF,ood(-20C),1.3127628472456654
S2,A2-1,42,06-23-17_23.35 n20degC_NN_Pan18650PF,ood(-20C),2.3108712033491763
S2,A2-2,7,06-23-17_23.35 n20degC_NN_Pan18650PF,ood(-20C),1.936335876240037
S2,A2-2,13,06-23-17_23.35 n20degC_NN_Pan18650PF,ood(-20C),2.863309780865886
S2,A2-2,42,06-23-17_23.35 n20degC_NN_Pan18650PF,ood(-20C),1.933370843853
S2,A2-3,7,06-23-17_23.35 n20degC_NN_Pan18650PF,ood(-20C),1.917908621420456
S2,A2-3,13,06-23-17_23.35 n20degC_NN_Pan18650PF,ood(-20C),1.8489401545652986
S2,A2-3,42,06-23-17_23.35 n20degC_NN_Pan18650PF,ood(-20C),2.1945210251490708
S2,A2-4,7,06-23-17_23.35 n20degC_NN_Pan18650PF,ood(-20C),2.484622197484553
S2,A2-4,13,06-23-17_23.35 n20degC_NN_Pan18650PF,ood(-20C),1.8995613535471385
S2,A2-4,42,06-23-17_23.35 n20degC_NN_Pan18650PF,ood(-20C),1.6005756905976625
S3,A2-0,7,06-23-17_23.35 n20degC_NN_Pan18650PF,ood(-20C),3.4291994757153677
S3,A2-0,13,06-23-17_23.35 n20degC_NN_Pan18650PF,ood(-20C),4.191420620916386
S3,A2-0,42,06-23-17_23.35 n20degC_NN_Pan18650PF,ood(-20C),3.5169725168699553
S3,A2-1,7,06-23-17_23.35 n20degC_NN_Pan18650PF,ood(-20C),3.7995078815753485
S3,A2-1,13,06-23-17_23.35 n20degC_NN_Pan18650PF,ood(-20C),3.7327489028207603
S3,A2-1,42,06-23-17_23.35 n20degC_NN_Pan18650PF,ood(-20C),4.636258655852863
S3,A2-2,7,06-23-17_23.35 n20degC_NN_Pan18650PF,ood(-20C),4.1822093395502895
S3,A2-2,13,06-23-17_23.35 n20degC_NN_Pan18650PF,ood(-20C),4.38107187869645
S3,A2-2,42,06-23-17_23.35 n20degC_NN_Pan18650PF,ood(-20C),3.8863418577134747
S3,A2-3,7,06-23-17_23.35 n20degC_NN_Pan18650PF,ood(-20C),3.114806062868837
S3,A2-3,13,06-23-17_23.35 n20degC_NN_Pan18650PF,ood(-20C),3.822860303127728
S3,A2-3,42,06-23-17_23.35 n20degC_NN_Pan18650PF,ood(-20C),3.6894296366640735
S3,A2-4,7,06-23-17_23.35 n20degC_NN_Pan18650PF,ood(-20C),4.104519103918977
S3,A2-4,13,06-23-17_23.35 n20degC_NN_Pan18650PF,ood(-20C),3.1553178639495756
S3,A2-4,42,06-23-17_23.35 n20degC_NN_Pan18650PF,ood(-20C),3.454757802384089
S4,A2-0,7,06-23-17_23.35 n20degC_NN_Pan18650PF,ood(-20C),1.6699163112194242
S4,A2-0,13,06-23-17_23.35 n20degC_NN_Pan18650PF,ood(-20C),2.314509745263589
S4,A2-0,42,06-23-17_23.35 n20degC_NN_Pan18650PF,ood(-20C),1.8539237162408349
S4,A2-1,7,06-23-17_23.35 n20degC_NN_Pan18650PF,ood(-20C),1.4182948556056834
S4,A2-1,13,06-23-17_23.35 n20degC_NN_Pan18650PF,ood(-20C),1.3127628472456654
S4,A2-1,42,06-23-17_23.35 n20degC_NN_Pan18650PF,ood(-20C),2.3108712033491763
S4,A2-2,7,06-23-17_23.35 n20degC_NN_Pan18650PF,ood(-20C),1.936335876240037
S4,A2-2,13,06-23-17_23.35 n20degC_NN_Pan18650PF,ood(-20C),2.863309780865886
S4,A2-2,42,06-23-17_23.35 n20degC_NN_Pan18650PF,ood(-20C),1.933370843853
S4,A2-3,7,06-23-17_23.35 n20degC_NN_Pan18650PF,ood(-20C),1.917908621420456
S4,A2-3,13,06-23-17_23.35 n20degC_NN_Pan18650PF,ood(-20C),1.8489401545652986
S4,A2-3,42,06-23-17_23.35 n20degC_NN_Pan18650PF,ood(-20C),2.1945210251490708
S4,A2-4,7,06-23-17_23.35 n20degC_NN_Pan18650PF,ood(-20C),2.484622197484553
S4,A2-4,13,06-23-17_23.35 n20degC_NN_Pan18650PF,ood(-20C),1.8995613535471385
S4,A2-4,42,06-23-17_23.35 n20degC_NN_Pan18650PF,ood(-20C),1.6005756905976625
S5,A2-0,7,06-23-17_23.35 n20degC_NN_Pan18650PF,ood(-20C),2.002675990543441
S5,A2-0,13,06-23-17_23.35 n20degC_NN_Pan18650PF,ood(-20C),2.5136298831122876
S5,A2-0,42,06-23-17_23.35 n20degC_NN_Pan18650PF,ood(-20C),2.159222005456645
S5,A2-1,7,06-23-17_23.35 n20degC_NN_Pan18650PF,ood(-20C),1.719229486111422
S5,A2-1,13,06-23-17_23.35 n20degC_NN_Pan18650PF,ood(-20C),1.6385375321191096
S5,A2-1,42,06-23-17_23.35 n20degC_NN_Pan18650PF,ood(-20C),2.4462614275543113
S5,A2-2,7,06-23-17_23.35 n20degC_NN_Pan18650PF,ood(-20C),2.1418773679963246
S5,A2-2,13,06-23-17_23.35 n20degC_NN_Pan18650PF,ood(-20C),3.0426544338999904
S5,A2-2,42,06-23-17_23.35 n20degC_NN_Pan18650PF,ood(-20C),2.1834186500283037
S5,A2-3,7,06-23-17_23.35 n20degC_NN_Pan18650PF,ood(-20C),2.266625408913046
S5,A2-3,13,06-23-17_23.35 n20degC_NN_Pan18650PF,ood(-20C),2.1122632366956373
S5,A2-3,42,06-23-17_23.35 n20degC_NN_Pan18650PF,ood(-20C),2.4600973856681074
S5,A2-4,7,06-23-17_23.35 n20degC_NN_Pan18650PF,ood(-20C),2.694145477745657
S5,A2-4,13,06-23-17_23.35 n20degC_NN_Pan18650PF,ood(-20C),2.245323423715078
S5,A2-4,42,06-23-17_23.35 n20degC_NN_Pan18650PF,ood(-20C),1.9368867775994172
S0,A2-0,7,06-23-17_23.35 n20degC_UDDS_Pan18650PF,ood(-20C),9.608463917169697
S0,A2-0,13,06-23-17_23.35 n20degC_UDDS_Pan18650PF,ood(-20C),10.32360161683258
S0,A2-0,42,06-23-17_23.35 n20degC_UDDS_Pan18650PF,ood(-20C),9.782246278923688
S0,A2-1,7,06-23-17_23.35 n20degC_UDDS_Pan18650PF,ood(-20C),9.977792018425408
S0,A2-1,13,06-23-17_23.35 n20degC_UDDS_Pan18650PF,ood(-20C),9.926120439800417
S0,A2-1,42,06-23-17_23.35 n20degC_UDDS_Pan18650PF,ood(-20C),10.700502386451337
S0,A2-2,7,06-23-17_23.35 n20degC_UDDS_Pan18650PF,ood(-20C),10.338913419118485
S0,A2-2,13,06-23-17_23.35 n20degC_UDDS_Pan18650PF,ood(-20C),10.20620660665283
S0,A2-2,42,06-23-17_23.35 n20degC_UDDS_Pan18650PF,ood(-20C),9.936705108502368
S0,A2-3,7,06-23-17_23.35 n20degC_UDDS_Pan18650PF,ood(-20C),8.972472664380183
S0,A2-3,13,06-23-17_23.35 n20degC_UDDS_Pan18650PF,ood(-20C),9.995438764507405
S0,A2-3,42,06-23-17_23.35 n20degC_UDDS_Pan18650PF,ood(-20C),9.654695856655378
S0,A2-4,7,06-23-17_23.35 n20degC_UDDS_Pan18650PF,ood(-20C),9.978796731745545
S0,A2-4,13,06-23-17_23.35 n20degC_UDDS_Pan18650PF,ood(-20C),9.222675071858372
S0,A2-4,42,06-23-17_23.35 n20degC_UDDS_Pan18650PF,ood(-20C),9.539118393232547
S1,A2-0,7,06-23-17_23.35 n20degC_UDDS_Pan18650PF,ood(-20C),5.366240900025784
S1,A2-0,13,06-23-17_23.35 n20degC_UDDS_Pan18650PF,ood(-20C),6.196681380256902
S1,A2-0,42,06-23-17_23.35 n20degC_UDDS_Pan18650PF,ood(-20C),5.570223794025959
S1,A2-1,7,06-23-17_23.35 n20degC_UDDS_Pan18650PF,ood(-20C),5.725620984416812
S1,A2-1,13,06-23-17_23.35 n20degC_UDDS_Pan18650PF,ood(-20C),5.671151701032144
S1,A2-1,42,06-23-17_23.35 n20degC_UDDS_Pan18650PF,ood(-20C),6.587339010310199
S1,A2-2,7,06-23-17_23.35 n20degC_UDDS_Pan18650PF,ood(-20C),6.173837917764033
S1,A2-2,13,06-23-17_23.35 n20degC_UDDS_Pan18650PF,ood(-20C),6.210786325211599
S1,A2-2,42,06-23-17_23.35 n20degC_UDDS_Pan18650PF,ood(-20C),5.7473155171731864
S1,A2-3,7,06-23-17_23.35 n20degC_UDDS_Pan18650PF,ood(-20C),4.715593534919435
S1,A2-3,13,06-23-17_23.35 n20degC_UDDS_Pan18650PF,ood(-20C),5.814988912623498
S1,A2-3,42,06-23-17_23.35 n20degC_UDDS_Pan18650PF,ood(-20C),5.521001804862249
S1,A2-4,7,06-23-17_23.35 n20degC_UDDS_Pan18650PF,ood(-20C),5.897102690770356
S1,A2-4,13,06-23-17_23.35 n20degC_UDDS_Pan18650PF,ood(-20C),4.988622018608048
S1,A2-4,42,06-23-17_23.35 n20degC_UDDS_Pan18650PF,ood(-20C),5.2918616622047665
S2,A2-0,7,06-23-17_23.35 n20degC_UDDS_Pan18650PF,ood(-20C),3.746701063255182
S2,A2-0,13,06-23-17_23.35 n20degC_UDDS_Pan18650PF,ood(-20C),4.664726438466774
S2,A2-0,42,06-23-17_23.35 n20degC_UDDS_Pan18650PF,ood(-20C),3.975957643448108
S2,A2-1,7,06-23-17_23.35 n20degC_UDDS_Pan18650PF,ood(-20C),4.087933985253967
S2,A2-1,13,06-23-17_23.35 n20degC_UDDS_Pan18650PF,ood(-20C),4.031777705334657
S2,A2-1,42,06-23-17_23.35 n20degC_UDDS_Pan18650PF,ood(-20C),5.056631943249415
S2,A2-2,7,06-23-17_23.35 n20degC_UDDS_Pan18650PF,ood(-20C),4.608141464270016
S2,A2-2,13,06-23-17_23.35 n20degC_UDDS_Pan18650PF,ood(-20C),4.79370982232083
S2,A2-2,42,06-23-17_23.35 n20degC_UDDS_Pan18650PF,ood(-20C),4.170307834758229
S2,A2-3,7,06-23-17_23.35 n20degC_UDDS_Pan18650PF,ood(-20C),3.0989228856069335
S2,A2-3,13,06-23-17_23.35 n20degC_UDDS_Pan18650PF,ood(-20C),4.244643097246112
S2,A2-3,42,06-23-17_23.35 n20degC_UDDS_Pan18650PF,ood(-20C),4.005469557714883
S2,A2-4,7,06-23-17_23.35 n20degC_UDDS_Pan18650PF,ood(-20C),4.416089525527093
S2,A2-4,13,06-23-17_23.35 n20degC_UDDS_Pan18650PF,ood(-20C),3.388749818248494
S2,A2-4,42,06-23-17_23.35 n20degC_UDDS_Pan18650PF,ood(-20C),3.668966233779149
S3,A2-0,7,06-23-17_23.35 n20degC_UDDS_Pan18650PF,ood(-20C),8.68740658225469
S3,A2-0,13,06-23-17_23.35 n20degC_UDDS_Pan18650PF,ood(-20C),9.419575231983185
S3,A2-0,42,06-23-17_23.35 n20degC_UDDS_Pan18650PF,ood(-20C),8.865480729662275
S3,A2-1,7,06-23-17_23.35 n20degC_UDDS_Pan18650PF,ood(-20C),9.055876266814012
S3,A2-1,13,06-23-17_23.35 n20degC_UDDS_Pan18650PF,ood(-20C),9.003765292663878
S3,A2-1,42,06-23-17_23.35 n20degC_UDDS_Pan18650PF,ood(-20C),9.799213762676365
S3,A2-2,7,06-23-17_23.35 n20degC_UDDS_Pan18650PF,ood(-20C),9.429550914986349
S3,A2-2,13,06-23-17_23.35 n20degC_UDDS_Pan18650PF,ood(-20C),9.320527935910565
S3,A2-2,42,06-23-17_23.35 n20degC_UDDS_Pan18650PF,ood(-20C),9.023266328522581
S3,A2-3,7,06-23-17_23.35 n20degC_UDDS_Pan18650PF,ood(-20C),8.048622637997157
S3,A2-3,13,06-23-17_23.35 n20degC_UDDS_Pan18650PF,ood(-20C),9.08332719341228
S3,A2-3,42,06-23-17_23.35 n20degC_UDDS_Pan18650PF,ood(-20C),8.748246696496395
S3,A2-4,7,06-23-17_23.35 n20degC_UDDS_Pan18650PF,ood(-20C),9.080293537080212
S3,A2-4,13,06-23-17_23.35 n20degC_UDDS_Pan18650PF,ood(-20C),8.30210999197738
S3,A2-4,42,06-23-17_23.35 n20degC_UDDS_Pan18650PF,ood(-20C),8.61730161150815
S4,A2-0,7,06-23-17_23.35 n20degC_UDDS_Pan18650PF,ood(-20C),3.746701063255182
S4,A2-0,13,06-23-17_23.35 n20degC_UDDS_Pan18650PF,ood(-20C),4.664726438466774
S4,A2-0,42,06-23-17_23.35 n20degC_UDDS_Pan18650PF,ood(-20C),3.975957643448108
S4,A2-1,7,06-23-17_23.35 n20degC_UDDS_Pan18650PF,ood(-20C),4.087933985253967
S4,A2-1,13,06-23-17_23.35 n20degC_UDDS_Pan18650PF,ood(-20C),4.031777705334657
S4,A2-1,42,06-23-17_23.35 n20degC_UDDS_Pan18650PF,ood(-20C),5.056631943249415
S4,A2-2,7,06-23-17_23.35 n20degC_UDDS_Pan18650PF,ood(-20C),4.608141464270016
S4,A2-2,13,06-23-17_23.35 n20degC_UDDS_Pan18650PF,ood(-20C),4.79370982232083
S4,A2-2,42,06-23-17_23.35 n20degC_UDDS_Pan18650PF,ood(-20C),4.170307834758229
S4,A2-3,7,06-23-17_23.35 n20degC_UDDS_Pan18650PF,ood(-20C),3.0989228856069335
S4,A2-3,13,06-23-17_23.35 n20degC_UDDS_Pan18650PF,ood(-20C),4.244643097246112
S4,A2-3,42,06-23-17_23.35 n20degC_UDDS_Pan18650PF,ood(-20C),4.005469557714883
S4,A2-4,7,06-23-17_23.35 n20degC_UDDS_Pan18650PF,ood(-20C),4.416089525527093
S4,A2-4,13,06-23-17_23.35 n20degC_UDDS_Pan18650PF,ood(-20C),3.388749818248494
S4,A2-4,42,06-23-17_23.35 n20degC_UDDS_Pan18650PF,ood(-20C),3.668966233779149
S5,A2-0,7,06-23-17_23.35 n20degC_UDDS_Pan18650PF,ood(-20C),3.385709482719941
S5,A2-0,13,06-23-17_23.35 n20degC_UDDS_Pan18650PF,ood(-20C),4.328920270391361
S5,A2-0,42,06-23-17_23.35 n20degC_UDDS_Pan18650PF,ood(-20C),3.622769150231765
S5,A2-1,7,06-23-17_23.35 n20degC_UDDS_Pan18650PF,ood(-20C),3.718270195947535
S5,A2-1,13,06-23-17_23.35 n20degC_UDDS_Pan18650PF,ood(-20C),3.661774721905503
S5,A2-1,42,06-23-17_23.35 n20degC_UDDS_Pan18650PF,ood(-20C),4.718992958307312
S5,A2-2,7,06-23-17_23.35 n20degC_UDDS_Pan18650PF,ood(-20C),4.261161694766658
S5,A2-2,13,06-23-17_23.35 n20degC_UDDS_Pan18650PF,ood(-20C),4.49522381549559
S5,A2-2,42,06-23-17_23.35 n20degC_UDDS_Pan18650PF,ood(-20C),3.822036901574943
S5,A2-3,7,06-23-17_23.35 n20degC_UDDS_Pan18650PF,ood(-20C),2.744441694177846
S5,A2-3,13,06-23-17_23.35 n20degC_UDDS_Pan18650PF,ood(-20C),3.8982462283511823
S5,A2-3,42,06-23-17_23.35 n20degC_UDDS_Pan18650PF,ood(-20C),3.680366726440009
S5,A2-4,7,06-23-17_23.35 n20degC_UDDS_Pan18650PF,ood(-20C),4.099399915193492
S5,A2-4,13,06-23-17_23.35 n20degC_UDDS_Pan18650PF,ood(-20C),3.0381029038932805
S5,A2-4,42,06-23-17_23.35 n20degC_UDDS_Pan18650PF,ood(-20C),3.307234650601417
S0,A2-0,7,06-24-17_04.29 n20degC_Cycle_1_Pan18650PF,ood(-20C),22.863841339636142
S0,A2-0,13,06-24-17_04.29 n20degC_Cycle_1_Pan18650PF,ood(-20C),23.405198096816136
S0,A2-0,42,06-24-17_04.29 n20degC_Cycle_1_Pan18650PF,ood(-20C),22.883883376674458
S0,A2-1,7,06-24-17_04.29 n20degC_Cycle_1_Pan18650PF,ood(-20C),23.442532468545686
S0,A2-1,13,06-24-17_04.29 n20degC_Cycle_1_Pan18650PF,ood(-20C),23.40886918418703
S0,A2-1,42,06-24-17_04.29 n20degC_Cycle_1_Pan18650PF,ood(-20C),24.125844439341073
S0,A2-2,7,06-24-17_04.29 n20degC_Cycle_1_Pan18650PF,ood(-20C),23.53175946774722
S0,A2-2,13,06-24-17_04.29 n20degC_Cycle_1_Pan18650PF,ood(-20C),23.093048610282345
S0,A2-2,42,06-24-17_04.29 n20degC_Cycle_1_Pan18650PF,ood(-20C),23.067302459678277
S0,A2-3,7,06-24-17_04.29 n20degC_Cycle_1_Pan18650PF,ood(-20C),22.012448042168785
S0,A2-3,13,06-24-17_04.29 n20degC_Cycle_1_Pan18650PF,ood(-20C),23.256340175617197
S0,A2-3,42,06-24-17_04.29 n20degC_Cycle_1_Pan18650PF,ood(-20C),22.757853126773277
S0,A2-4,7,06-24-17_04.29 n20degC_Cycle_1_Pan18650PF,ood(-20C),22.949378612539384
S0,A2-4,13,06-24-17_04.29 n20degC_Cycle_1_Pan18650PF,ood(-20C),22.253849569083183
S0,A2-4,42,06-24-17_04.29 n20degC_Cycle_1_Pan18650PF,ood(-20C),22.75695655161021
S1,A2-0,7,06-24-17_04.29 n20degC_Cycle_1_Pan18650PF,ood(-20C),17.51937466177404
S1,A2-0,13,06-24-17_04.29 n20degC_Cycle_1_Pan18650PF,ood(-20C),18.085259890870862
S1,A2-0,42,06-24-17_04.29 n20degC_Cycle_1_Pan18650PF,ood(-20C),17.578425793353652
S1,A2-1,7,06-24-17_04.29 n20degC_Cycle_1_Pan18650PF,ood(-20C),18.069975451008993
S1,A2-1,13,06-24-17_04.29 n20degC_Cycle_1_Pan18650PF,ood(-20C),18.059895090905343
S1,A2-1,42,06-24-17_04.29 n20degC_Cycle_1_Pan18650PF,ood(-20C),18.777881215214375
S1,A2-2,7,06-24-17_04.29 n20degC_Cycle_1_Pan18650PF,ood(-20C),18.222265209507658
S1,A2-2,13,06-24-17_04.29 n20degC_Cycle_1_Pan18650PF,ood(-20C),17.7992462042418
S1,A2-2,42,06-24-17_04.29 n20degC_Cycle_1_Pan18650PF,ood(-20C),17.71622427832698
S1,A2-3,7,06-24-17_04.29 n20degC_Cycle_1_Pan18650PF,ood(-20C),16.6504549808425
S1,A2-3,13,06-24-17_04.29 n20degC_Cycle_1_Pan18650PF,ood(-20C),17.934434487448858
S1,A2-3,42,06-24-17_04.29 n20degC_Cycle_1_Pan18650PF,ood(-20C),17.443253861910346
S1,A2-4,7,06-24-17_04.29 n20degC_Cycle_1_Pan18650PF,ood(-20C),17.64285080258065
S1,A2-4,13,06-24-17_04.29 n20degC_Cycle_1_Pan18650PF,ood(-20C),16.930107806144477
S1,A2-4,42,06-24-17_04.29 n20degC_Cycle_1_Pan18650PF,ood(-20C),17.432699962409774
S2,A2-0,7,06-24-17_04.29 n20degC_Cycle_1_Pan18650PF,ood(-20C),15.560292251025876
S2,A2-0,13,06-24-17_04.29 n20degC_Cycle_1_Pan18650PF,ood(-20C),16.135181717694515
S2,A2-0,42,06-24-17_04.29 n20degC_Cycle_1_Pan18650PF,ood(-20C),15.641281857817551
S2,A2-1,7,06-24-17_04.29 n20degC_Cycle_1_Pan18650PF,ood(-20C),16.089947990393114
S2,A2-1,13,06-24-17_04.29 n20degC_Cycle_1_Pan18650PF,ood(-20C),16.09345168924617
S2,A2-1,42,06-24-17_04.29 n20degC_Cycle_1_Pan18650PF,ood(-20C),16.806161716451566
S2,A2-2,7,06-24-17_04.29 n20degC_Cycle_1_Pan18650PF,ood(-20C),16.276932489759684
S2,A2-2,13,06-24-17_04.29 n20degC_Cycle_1_Pan18650PF,ood(-20C),15.866700408896978
S2,A2-2,42,06-24-17_04.29 n20degC_Cycle_1_Pan18650PF,ood(-20C),15.751555781778839
S2,A2-3,7,06-24-17_04.29 n20degC_Cycle_1_Pan18650PF,ood(-20C),14.689476579014487
S2,A2-3,13,06-24-17_04.29 n20degC_Cycle_1_Pan18650PF,ood(-20C),15.9845689612286
S2,A2-3,42,06-24-17_04.29 n20degC_Cycle_1_Pan18650PF,ood(-20C),15.502134103773965
S2,A2-4,7,06-24-17_04.29 n20degC_Cycle_1_Pan18650PF,ood(-20C),15.70448044471819
S2,A2-4,13,06-24-17_04.29 n20degC_Cycle_1_Pan18650PF,ood(-20C),14.98874183898583
S2,A2-4,42,06-24-17_04.29 n20degC_Cycle_1_Pan18650PF,ood(-20C),15.486103308230481
S3,A2-0,7,06-24-17_04.29 n20degC_Cycle_1_Pan18650PF,ood(-20C),21.696543629539892
S3,A2-0,13,06-24-17_04.29 n20degC_Cycle_1_Pan18650PF,ood(-20C),22.242893956726853
S3,A2-0,42,06-24-17_04.29 n20degC_Cycle_1_Pan18650PF,ood(-20C),21.723318900434347
S3,A2-1,7,06-24-17_04.29 n20degC_Cycle_1_Pan18650PF,ood(-20C),22.271192807900885
S3,A2-1,13,06-24-17_04.29 n20degC_Cycle_1_Pan18650PF,ood(-20C),22.241554271591756
S3,A2-1,42,06-24-17_04.29 n20degC_Cycle_1_Pan18650PF,ood(-20C),22.959645716975125
S3,A2-2,7,06-24-17_04.29 n20degC_Cycle_1_Pan18650PF,ood(-20C),22.371440426028073
S3,A2-2,13,06-24-17_04.29 n20degC_Cycle_1_Pan18650PF,ood(-20C),21.934805340817437
S3,A2-2,42,06-24-17_04.29 n20degC_Cycle_1_Pan18650PF,ood(-20C),21.899155952651775
S3,A2-3,7,06-24-17_04.29 n20degC_Cycle_1_Pan18650PF,ood(-20C),20.84090359307527
S3,A2-3,13,06-24-17_04.29 n20degC_Cycle_1_Pan18650PF,ood(-20C),22.09348574546421
S3,A2-3,42,06-24-17_04.29 n20degC_Cycle_1_Pan18650PF,ood(-20C),21.595528124973807
S3,A2-4,7,06-24-17_04.29 n20degC_Cycle_1_Pan18650PF,ood(-20C),21.78872793272795
S3,A2-4,13,06-24-17_04.29 n20degC_Cycle_1_Pan18650PF,ood(-20C),21.08918879721403
S3,A2-4,42,06-24-17_04.29 n20degC_Cycle_1_Pan18650PF,ood(-20C),21.59297222345498
S4,A2-0,7,06-24-17_04.29 n20degC_Cycle_1_Pan18650PF,ood(-20C),15.560292251025876
S4,A2-0,13,06-24-17_04.29 n20degC_Cycle_1_Pan18650PF,ood(-20C),16.135181717694515
S4,A2-0,42,06-24-17_04.29 n20degC_Cycle_1_Pan18650PF,ood(-20C),15.641281857817551
S4,A2-1,7,06-24-17_04.29 n20degC_Cycle_1_Pan18650PF,ood(-20C),16.089947990393114
S4,A2-1,13,06-24-17_04.29 n20degC_Cycle_1_Pan18650PF,ood(-20C),16.09345168924617
S4,A2-1,42,06-24-17_04.29 n20degC_Cycle_1_Pan18650PF,ood(-20C),16.806161716451566
S4,A2-2,7,06-24-17_04.29 n20degC_Cycle_1_Pan18650PF,ood(-20C),16.276932489759684
S4,A2-2,13,06-24-17_04.29 n20degC_Cycle_1_Pan18650PF,ood(-20C),15.866700408896978
S4,A2-2,42,06-24-17_04.29 n20degC_Cycle_1_Pan18650PF,ood(-20C),15.751555781778839
S4,A2-3,7,06-24-17_04.29 n20degC_Cycle_1_Pan18650PF,ood(-20C),14.689476579014487
S4,A2-3,13,06-24-17_04.29 n20degC_Cycle_1_Pan18650PF,ood(-20C),15.9845689612286
S4,A2-3,42,06-24-17_04.29 n20degC_Cycle_1_Pan18650PF,ood(-20C),15.502134103773965
S4,A2-4,7,06-24-17_04.29 n20degC_Cycle_1_Pan18650PF,ood(-20C),15.70448044471819
S4,A2-4,13,06-24-17_04.29 n20degC_Cycle_1_Pan18650PF,ood(-20C),14.98874183898583
S4,A2-4,42,06-24-17_04.29 n20degC_Cycle_1_Pan18650PF,ood(-20C),15.486103308230481
S5,A2-0,7,06-24-17_04.29 n20degC_Cycle_1_Pan18650PF,ood(-20C),15.105146291876652
S5,A2-0,13,06-24-17_04.29 n20degC_Cycle_1_Pan18650PF,ood(-20C),15.681880765002786
S5,A2-0,42,06-24-17_04.29 n20degC_Cycle_1_Pan18650PF,ood(-20C),15.192176572498653
S5,A2-1,7,06-24-17_04.29 n20degC_Cycle_1_Pan18650PF,ood(-20C),15.628342311889206
S5,A2-1,13,06-24-17_04.29 n20degC_Cycle_1_Pan18650PF,ood(-20C),15.635634527017796
S5,A2-1,42,06-24-17_04.29 n20degC_Cycle_1_Pan18650PF,ood(-20C),16.346129563875945
S5,A2-2,7,06-24-17_04.29 n20degC_Cycle_1_Pan18650PF,ood(-20C),15.824792456883017
S5,A2-2,13,06-24-17_04.29 n20degC_Cycle_1_Pan18650PF,ood(-20C),15.41860187304023
S5,A2-2,42,06-24-17_04.29 n20degC_Cycle_1_Pan18650PF,ood(-20C),15.294620443668896
S5,A2-3,7,06-24-17_04.29 n20degC_Cycle_1_Pan18650PF,ood(-20C),14.234903449604015
S5,A2-3,13,06-24-17_04.29 n20degC_Cycle_1_Pan18650PF,ood(-20C),15.53149984884523
S5,A2-3,42,06-24-17_04.29 n20degC_Cycle_1_Pan18650PF,ood(-20C),15.052090299379154
S5,A2-4,7,06-24-17_04.29 n20degC_Cycle_1_Pan18650PF,ood(-20C),15.254954385989508
S5,A2-4,13,06-24-17_04.29 n20degC_Cycle_1_Pan18650PF,ood(-20C),14.539295583180403
S5,A2-4,42,06-24-17_04.29 n20degC_Cycle_1_Pan18650PF,ood(-20C),15.034545825952522
S0,A2-0,7,06-24-17_11.58 n20degC_Cycle_2_Pan18650PF,ood(-20C),22.012796907800812
S0,A2-0,13,06-24-17_11.58 n20degC_Cycle_2_Pan18650PF,ood(-20C),22.48640465767219
S0,A2-0,42,06-24-17_11.58 n20degC_Cycle_2_Pan18650PF,ood(-20C),21.950977899661176
S0,A2-1,7,06-24-17_11.58 n20degC_Cycle_2_Pan18650PF,ood(-20C),22.623351856312823
S0,A2-1,13,06-24-17_11.58 n20degC_Cycle_2_Pan18650PF,ood(-20C),22.564392694390133
S0,A2-1,42,06-24-17_11.58 n20degC_Cycle_2_Pan18650PF,ood(-20C),23.2615273079179
S0,A2-2,7,06-24-17_11.58 n20degC_Cycle_2_Pan18650PF,ood(-20C),22.68884529993523
S0,A2-2,13,06-24-17_11.58 n20degC_Cycle_2_Pan18650PF,ood(-20C),22.142349284038925
S0,A2-2,42,06-24-17_11.58 n20degC_Cycle_2_Pan18650PF,ood(-20C),22.253771597025366
S0,A2-3,7,06-24-17_11.58 n20degC_Cycle_2_Pan18650PF,ood(-20C),21.208201552624235
S0,A2-3,13,06-24-17_11.58 n20degC_Cycle_2_Pan18650PF,ood(-20C),22.30280201085699
S0,A2-3,42,06-24-17_11.58 n20degC_Cycle_2_Pan18650PF,ood(-20C),21.805143372396042
S0,A2-4,7,06-24-17_11.58 n20degC_Cycle_2_Pan18650PF,ood(-20C),22.012306150154366
S0,A2-4,13,06-24-17_11.58 n20degC_Cycle_2_Pan18650PF,ood(-20C),21.326826112135087
S0,A2-4,42,06-24-17_11.58 n20degC_Cycle_2_Pan18650PF,ood(-20C),21.96483599899
S1,A2-0,7,06-24-17_11.58 n20degC_Cycle_2_Pan18650PF,ood(-20C),15.971949218840205
S1,A2-0,13,06-24-17_11.58 n20degC_Cycle_2_Pan18650PF,ood(-20C),16.47755443529953
S1,A2-0,42,06-24-17_11.58 n20degC_Cycle_2_Pan18650PF,ood(-20C),15.947050130903074
S1,A2-1,7,06-24-17_11.58 n20degC_Cycle_2_Pan18650PF,ood(-20C),16.558166587819237
S1,A2-1,13,06-24-17_11.58 n20degC_Cycle_2_Pan18650PF,ood(-20C),16.5171126515066
S1,A2-1,42,06-24-17_11.58 n20degC_Cycle_2_Pan18650PF,ood(-20C),17.2329558678053
S1,A2-2,7,06-24-17_11.58 n20degC_Cycle_2_Pan18650PF,ood(-20C),16.681572088225263
S1,A2-2,13,06-24-17_11.58 n20degC_Cycle_2_Pan18650PF,ood(-20C),16.176997366202727
S1,A2-2,42,06-24-17_11.58 n20degC_Cycle_2_Pan18650PF,ood(-20C),16.20127568605017
S1,A2-3,7,06-24-17_11.58 n20degC_Cycle_2_Pan18650PF,ood(-20C),15.150286929141915
S1,A2-3,13,06-24-17_11.58 n20degC_Cycle_2_Pan18650PF,ood(-20C),16.28777926794756
S1,A2-3,42,06-24-17_11.58 n20degC_Cycle_2_Pan18650PF,ood(-20C),15.807519644469316
S1,A2-4,7,06-24-17_11.58 n20degC_Cycle_2_Pan18650PF,ood(-20C),16.01806403106786
S1,A2-4,13,06-24-17_11.58 n20degC_Cycle_2_Pan18650PF,ood(-20C),15.31146880002277
S1,A2-4,42,06-24-17_11.58 n20degC_Cycle_2_Pan18650PF,ood(-20C),15.930282724625389
S2,A2-0,7,06-24-17_11.58 n20degC_Cycle_2_Pan18650PF,ood(-20C),13.755268469889172
S2,A2-0,13,06-24-17_11.58 n20degC_Cycle_2_Pan18650PF,ood(-20C),14.275093488283908
S2,A2-0,42,06-24-17_11.58 n20degC_Cycle_2_Pan18650PF,ood(-20C),13.753866150499121
S2,A2-1,7,06-24-17_11.58 n20degC_Cycle_2_Pan18650PF,ood(-20C),14.319894437599965
S2,A2-1,13,06-24-17_11.58 n20degC_Cycle_2_Pan18650PF,ood(-20C),14.290388117522648
S2,A2-1,42,06-24-17_11.58 n20degC_Cycle_2_Pan18650PF,ood(-20C),15.010427108112767
S2,A2-2,7,06-24-17_11.58 n20degC_Cycle_2_Pan18650PF,ood(-20C),14.477823648715864
S2,A2-2,13,06-24-17_11.58 n20degC_Cycle_2_Pan18650PF,ood(-20C),14.005079544674789
S2,A2-2,42,06-24-17_11.58 n20degC_Cycle_2_Pan18650PF,ood(-20C),13.974702295324573
S2,A2-3,7,06-24-17_11.58 n20degC_Cycle_2_Pan18650PF,ood(-20C),12.932687835124737
S2,A2-3,13,06-24-17_11.58 n20degC_Cycle_2_Pan18650PF,ood(-20C),14.083635803120144
S2,A2-3,42,06-24-17_11.58 n20degC_Cycle_2_Pan18650PF,ood(-20C),13.62002375641744
S2,A2-4,7,06-24-17_11.58 n20degC_Cycle_2_Pan18650PF,ood(-20C),13.83008322866785
S2,A2-4,13,06-24-17_11.58 n20degC_Cycle_2_Pan18650PF,ood(-20C),13.119104081758092
S2,A2-4,42,06-24-17_11.58 n20degC_Cycle_2_Pan18650PF,ood(-20C),13.71804829500057
S3,A2-0,7,06-24-17_11.58 n20degC_Cycle_2_Pan18650PF,ood(-20C),20.696484559035973
S3,A2-0,13,06-24-17_11.58 n20degC_Cycle_2_Pan18650PF,ood(-20C),21.176097447097426
S3,A2-0,42,06-24-17_11.58 n20degC_Cycle_2_Pan18650PF,ood(-20C),20.6406278542498
S3,A2-1,7,06-24-17_11.58 n20degC_Cycle_2_Pan18650PF,ood(-20C),21.30393282186266
S3,A2-1,13,06-24-17_11.58 n20degC_Cycle_2_Pan18650PF,ood(-20C),21.247848282482032
S3,A2-1,42,06-24-17_11.58 n20degC_Cycle_2_Pan18650PF,ood(-20C),21.949085318729527
S3,A2-2,7,06-24-17_11.58 n20degC_Cycle_2_Pan18650PF,ood(-20C),21.379110427505925
S3,A2-2,13,06-24-17_11.58 n20degC_Cycle_2_Pan18650PF,ood(-20C),20.8386707190994
S3,A2-2,42,06-24-17_11.58 n20degC_Cycle_2_Pan18650PF,ood(-20C),20.935910762221287
S3,A2-3,7,06-24-17_11.58 n20degC_Cycle_2_Pan18650PF,ood(-20C),19.887828595997373
S3,A2-3,13,06-24-17_11.58 n20degC_Cycle_2_Pan18650PF,ood(-20C),20.99118936996775
S3,A2-3,42,06-24-17_11.58 n20degC_Cycle_2_Pan18650PF,ood(-20C),20.495585573393168
S3,A2-4,7,06-24-17_11.58 n20degC_Cycle_2_Pan18650PF,ood(-20C),20.703649282810897
S3,A2-4,13,06-24-17_11.58 n20degC_Cycle_2_Pan18650PF,ood(-20C),20.01355916501302
S3,A2-4,42,06-24-17_11.58 n20degC_Cycle_2_Pan18650PF,ood(-20C),20.64948147423915
S4,A2-0,7,06-24-17_11.58 n20degC_Cycle_2_Pan18650PF,ood(-20C),13.755268469889172
S4,A2-0,13,06-24-17_11.58 n20degC_Cycle_2_Pan18650PF,ood(-20C),14.275093488283908
S4,A2-0,42,06-24-17_11.58 n20degC_Cycle_2_Pan18650PF,ood(-20C),13.753866150499121
S4,A2-1,7,06-24-17_11.58 n20degC_Cycle_2_Pan18650PF,ood(-20C),14.319894437599965
S4,A2-1,13,06-24-17_11.58 n20degC_Cycle_2_Pan18650PF,ood(-20C),14.290388117522648
S4,A2-1,42,06-24-17_11.58 n20degC_Cycle_2_Pan18650PF,ood(-20C),15.010427108112767
S4,A2-2,7,06-24-17_11.58 n20degC_Cycle_2_Pan18650PF,ood(-20C),14.477823648715864
S4,A2-2,13,06-24-17_11.58 n20degC_Cycle_2_Pan18650PF,ood(-20C),14.005079544674789
S4,A2-2,42,06-24-17_11.58 n20degC_Cycle_2_Pan18650PF,ood(-20C),13.974702295324573
S4,A2-3,7,06-24-17_11.58 n20degC_Cycle_2_Pan18650PF,ood(-20C),12.932687835124737
S4,A2-3,13,06-24-17_11.58 n20degC_Cycle_2_Pan18650PF,ood(-20C),14.083635803120144
S4,A2-3,42,06-24-17_11.58 n20degC_Cycle_2_Pan18650PF,ood(-20C),13.62002375641744
S4,A2-4,7,06-24-17_11.58 n20degC_Cycle_2_Pan18650PF,ood(-20C),13.83008322866785
S4,A2-4,13,06-24-17_11.58 n20degC_Cycle_2_Pan18650PF,ood(-20C),13.119104081758092
S4,A2-4,42,06-24-17_11.58 n20degC_Cycle_2_Pan18650PF,ood(-20C),13.71804829500057
S5,A2-0,7,06-24-17_11.58 n20degC_Cycle_2_Pan18650PF,ood(-20C),13.241918248158425
S5,A2-0,13,06-24-17_11.58 n20degC_Cycle_2_Pan18650PF,ood(-20C),13.76502119321996
S5,A2-0,42,06-24-17_11.58 n20degC_Cycle_2_Pan18650PF,ood(-20C),13.24735809184117
S5,A2-1,7,06-24-17_11.58 n20degC_Cycle_2_Pan18650PF,ood(-20C),13.799385271104775
S5,A2-1,13,06-24-17_11.58 n20degC_Cycle_2_Pan18650PF,ood(-20C),13.773269177877216
S5,A2-1,42,06-24-17_11.58 n20degC_Cycle_2_Pan18650PF,ood(-20C),14.493479965782392
S5,A2-2,7,06-24-17_11.58 n20degC_Cycle_2_Pan18650PF,ood(-20C),13.967060744215667
S5,A2-2,13,06-24-17_11.58 n20degC_Cycle_2_Pan18650PF,ood(-20C),13.504297237309343
S5,A2-2,42,06-24-17_11.58 n20degC_Cycle_2_Pan18650PF,ood(-20C),13.458115311919938
S5,A2-3,7,06-24-17_11.58 n20degC_Cycle_2_Pan18650PF,ood(-20C),12.420533751192732
S5,A2-3,13,06-24-17_11.58 n20degC_Cycle_2_Pan18650PF,ood(-20C),13.573385957325815
S5,A2-3,42,06-24-17_11.58 n20degC_Cycle_2_Pan18650PF,ood(-20C),13.115410189087223
S5,A2-4,7,06-24-17_11.58 n20degC_Cycle_2_Pan18650PF,ood(-20C),13.324953151483514
S5,A2-4,13,06-24-17_11.58 n20degC_Cycle_2_Pan18650PF,ood(-20C),12.614009452009114
S5,A2-4,42,06-24-17_11.58 n20degC_Cycle_2_Pan18650PF,ood(-20C),13.206056440435923
S0,A2-0,7,06-24-17_19.29 n20degC_Cycle_3_Pan18650PF,ood(-20C),22.28495490707538
S0,A2-0,13,06-24-17_19.29 n20degC_Cycle_3_Pan18650PF,ood(-20C),22.77978824849531
S0,A2-0,42,06-24-17_19.29 n20degC_Cycle_3_Pan18650PF,ood(-20C),22.241135384813088
S0,A2-1,7,06-24-17_19.29 n20degC_Cycle_3_Pan18650PF,ood(-20C),22.7790820829193
S0,A2-1,13,06-24-17_19.29 n20degC_Cycle_3_Pan18650PF,ood(-20C),22.818934931911837
S0,A2-1,42,06-24-17_19.29 n20degC_Cycle_3_Pan18650PF,ood(-20C),23.44554965988557
S0,A2-2,7,06-24-17_19.29 n20degC_Cycle_3_Pan18650PF,ood(-20C),22.94687792096513
S0,A2-2,13,06-24-17_19.29 n20degC_Cycle_3_Pan18650PF,ood(-20C),22.39102313452599
S0,A2-2,42,06-24-17_19.29 n20degC_Cycle_3_Pan18650PF,ood(-20C),22.49981911348176
S0,A2-3,7,06-24-17_19.29 n20degC_Cycle_3_Pan18650PF,ood(-20C),21.443927084660142
S0,A2-3,13,06-24-17_19.29 n20degC_Cycle_3_Pan18650PF,ood(-20C),22.679262957346225
S0,A2-3,42,06-24-17_19.29 n20degC_Cycle_3_Pan18650PF,ood(-20C),22.064951664871597
S0,A2-4,7,06-24-17_19.29 n20degC_Cycle_3_Pan18650PF,ood(-20C),22.271790966292414
S0,A2-4,13,06-24-17_19.29 n20degC_Cycle_3_Pan18650PF,ood(-20C),21.54231992803211
S0,A2-4,42,06-24-17_19.29 n20degC_Cycle_3_Pan18650PF,ood(-20C),22.216975912906914
S1,A2-0,7,06-24-17_19.29 n20degC_Cycle_3_Pan18650PF,ood(-20C),16.100004794345132
S1,A2-0,13,06-24-17_19.29 n20degC_Cycle_3_Pan18650PF,ood(-20C),16.607861345708784
S1,A2-0,42,06-24-17_19.29 n20degC_Cycle_3_Pan18650PF,ood(-20C),16.095575915940362
S1,A2-1,7,06-24-17_19.29 n20degC_Cycle_3_Pan18650PF,ood(-20C),16.595040470635897
S1,A2-1,13,06-24-17_19.29 n20degC_Cycle_3_Pan18650PF,ood(-20C),16.65037168920095
S1,A2-1,42,06-24-17_19.29 n20degC_Cycle_3_Pan18650PF,ood(-20C),17.275450893125342
S1,A2-2,7,06-24-17_19.29 n20degC_Cycle_3_Pan18650PF,ood(-20C),16.79353738152675
S1,A2-2,13,06-24-17_19.29 n20degC_Cycle_3_Pan18650PF,ood(-20C),16.236024619999753
S1,A2-2,42,06-24-17_19.29 n20degC_Cycle_3_Pan18650PF,ood(-20C),16.304818080669815
S1,A2-3,7,06-24-17_19.29 n20degC_Cycle_3_Pan18650PF,ood(-20C),15.244181810400804
S1,A2-3,13,06-24-17_19.29 n20degC_Cycle_3_Pan18650PF,ood(-20C),16.50781058417673
S1,A2-3,42,06-24-17_19.29 n20degC_Cycle_3_Pan18650PF,ood(-20C),15.904268443308412
S1,A2-4,7,06-24-17_19.29 n20degC_Cycle_3_Pan18650PF,ood(-20C),16.10868896259035
S1,A2-4,13,06-24-17_19.29 n20degC_Cycle_3_Pan18650PF,ood(-20C),15.367372442769968
S1,A2-4,42,06-24-17_19.29 n20degC_Cycle_3_Pan18650PF,ood(-20C),16.031071300030035
S2,A2-0,7,06-24-17_19.29 n20degC_Cycle_3_Pan18650PF,ood(-20C),13.773002297870567
S2,A2-0,13,06-24-17_19.29 n20degC_Cycle_3_Pan18650PF,ood(-20C),14.285293720384313
S2,A2-0,42,06-24-17_19.29 n20degC_Cycle_3_Pan18650PF,ood(-20C),13.793627057341645
S2,A2-1,7,06-24-17_19.29 n20degC_Cycle_3_Pan18650PF,ood(-20C),14.264963636059557
S2,A2-1,13,06-24-17_19.29 n20degC_Cycle_3_Pan18650PF,ood(-20C),14.32960099988614
S2,A2-1,42,06-24-17_19.29 n20degC_Cycle_3_Pan18650PF,ood(-20C),14.949351097927982
S2,A2-2,7,06-24-17_19.29 n20degC_Cycle_3_Pan18650PF,ood(-20C),14.481221123453603
S2,A2-2,13,06-24-17_19.29 n20degC_Cycle_3_Pan18650PF,ood(-20C),13.926955769990407
S2,A2-2,42,06-24-17_19.29 n20degC_Cycle_3_Pan18650PF,ood(-20C),13.969913866783418
S2,A2-3,7,06-24-17_19.29 n20degC_Cycle_3_Pan18650PF,ood(-20C),12.914483566380891
S2,A2-3,13,06-24-17_19.29 n20degC_Cycle_3_Pan18650PF,ood(-20C),14.186277263554908
S2,A2-3,42,06-24-17_19.29 n20degC_Cycle_3_Pan18650PF,ood(-20C),13.59428550998468
S2,A2-4,7,06-24-17_19.29 n20degC_Cycle_3_Pan18650PF,ood(-20C),13.79550373744583
S2,A2-4,13,06-24-17_19.29 n20degC_Cycle_3_Pan18650PF,ood(-20C),13.052764399267776
S2,A2-4,42,06-24-17_19.29 n20degC_Cycle_3_Pan18650PF,ood(-20C),13.703988695870711
S3,A2-0,7,06-24-17_19.29 n20degC_Cycle_3_Pan18650PF,ood(-20C),20.949013599054567
S3,A2-0,13,06-24-17_19.29 n20degC_Cycle_3_Pan18650PF,ood(-20C),21.44647513002474
S3,A2-0,42,06-24-17_19.29 n20degC_Cycle_3_Pan18650PF,ood(-20C),20.91158897415878
S3,A2-1,7,06-24-17_19.29 n20degC_Cycle_3_Pan18650PF,ood(-20C),21.443774406516457
S3,A2-1,13,06-24-17_19.29 n20degC_Cycle_3_Pan18650PF,ood(-20C),21.486214471950497
S3,A2-1,42,06-24-17_19.29 n20degC_Cycle_3_Pan18650PF,ood(-20C),22.113176986984183
S3,A2-2,7,06-24-17_19.29 n20degC_Cycle_3_Pan18650PF,ood(-20C),21.61679665029307
S3,A2-2,13,06-24-17_19.29 n20degC_Cycle_3_Pan18650PF,ood(-20C),21.06009286141419
S3,A2-2,42,06-24-17_19.29 n20degC_Cycle_3_Pan18650PF,ood(-20C),21.162444320209463
S3,A2-3,7,06-24-17_19.29 n20degC_Cycle_3_Pan18650PF,ood(-20C),20.10472092926766
S3,A2-3,13,06-24-17_19.29 n20degC_Cycle_3_Pan18650PF,ood(-20C),21.345928248224965
S3,A2-3,42,06-24-17_19.29 n20degC_Cycle_3_Pan18650PF,ood(-20C),20.73274237175322
S3,A2-4,7,06-24-17_19.29 n20degC_Cycle_3_Pan18650PF,ood(-20C),20.93940768410005
S3,A2-4,13,06-24-17_19.29 n20degC_Cycle_3_Pan18650PF,ood(-20C),20.207223179367407
S3,A2-4,42,06-24-17_19.29 n20degC_Cycle_3_Pan18650PF,ood(-20C),20.88081040258452
S4,A2-0,7,06-24-17_19.29 n20degC_Cycle_3_Pan18650PF,ood(-20C),13.773002297870567
S4,A2-0,13,06-24-17_19.29 n20degC_Cycle_3_Pan18650PF,ood(-20C),14.285293720384313
S4,A2-0,42,06-24-17_19.29 n20degC_Cycle_3_Pan18650PF,ood(-20C),13.793627057341645
S4,A2-1,7,06-24-17_19.29 n20degC_Cycle_3_Pan18650PF,ood(-20C),14.264963636059557
S4,A2-1,13,06-24-17_19.29 n20degC_Cycle_3_Pan18650PF,ood(-20C),14.32960099988614
S4,A2-1,42,06-24-17_19.29 n20degC_Cycle_3_Pan18650PF,ood(-20C),14.949351097927982
S4,A2-2,7,06-24-17_19.29 n20degC_Cycle_3_Pan18650PF,ood(-20C),14.481221123453603
S4,A2-2,13,06-24-17_19.29 n20degC_Cycle_3_Pan18650PF,ood(-20C),13.926955769990407
S4,A2-2,42,06-24-17_19.29 n20degC_Cycle_3_Pan18650PF,ood(-20C),13.969913866783418
S4,A2-3,7,06-24-17_19.29 n20degC_Cycle_3_Pan18650PF,ood(-20C),12.914483566380891
S4,A2-3,13,06-24-17_19.29 n20degC_Cycle_3_Pan18650PF,ood(-20C),14.186277263554908
S4,A2-3,42,06-24-17_19.29 n20degC_Cycle_3_Pan18650PF,ood(-20C),13.59428550998468
S4,A2-4,7,06-24-17_19.29 n20degC_Cycle_3_Pan18650PF,ood(-20C),13.79550373744583
S4,A2-4,13,06-24-17_19.29 n20degC_Cycle_3_Pan18650PF,ood(-20C),13.052764399267776
S4,A2-4,42,06-24-17_19.29 n20degC_Cycle_3_Pan18650PF,ood(-20C),13.703988695870711
S5,A2-0,7,06-24-17_19.29 n20degC_Cycle_3_Pan18650PF,ood(-20C),13.225755935405818
S5,A2-0,13,06-24-17_19.29 n20degC_Cycle_3_Pan18650PF,ood(-20C),13.738787011715589
S5,A2-0,42,06-24-17_19.29 n20degC_Cycle_3_Pan18650PF,ood(-20C),13.253715352579881
S5,A2-1,7,06-24-17_19.29 n20degC_Cycle_3_Pan18650PF,ood(-20C),13.716284418615357
S5,A2-1,13,06-24-17_19.29 n20degC_Cycle_3_Pan18650PF,ood(-20C),13.783571877174499
S5,A2-1,42,06-24-17_19.29 n20degC_Cycle_3_Pan18650PF,ood(-20C),14.40114918992417
S5,A2-2,7,06-24-17_19.29 n20degC_Cycle_3_Pan18650PF,ood(-20C),13.937494751008883
S5,A2-2,13,06-24-17_19.29 n20degC_Cycle_3_Pan18650PF,ood(-20C),13.384797090955969
S5,A2-2,42,06-24-17_19.29 n20degC_Cycle_3_Pan18650PF,ood(-20C),13.420130488075566
S5,A2-3,7,06-24-17_19.29 n20degC_Cycle_3_Pan18650PF,ood(-20C),12.367468962743137
S5,A2-3,13,06-24-17_19.29 n20degC_Cycle_3_Pan18650PF,ood(-20C),13.640178724248802
S5,A2-3,42,06-24-17_19.29 n20degC_Cycle_3_Pan18650PF,ood(-20C),13.052256810503247
S5,A2-4,7,06-24-17_19.29 n20degC_Cycle_3_Pan18650PF,ood(-20C),13.252291800322647
S5,A2-4,13,06-24-17_19.29 n20degC_Cycle_3_Pan18650PF,ood(-20C),12.510056313495031
S5,A2-4,42,06-24-17_19.29 n20degC_Cycle_3_Pan18650PF,ood(-20C),13.156796916585176
S0,A2-0,7,06-25-17_03.01 n20degC_Cycle_4_Pan18650PF,ood(-20C),18.481740100155083
S0,A2-0,13,06-25-17_03.01 n20degC_Cycle_4_Pan18650PF,ood(-20C),18.966677764016506
S0,A2-0,42,06-25-17_03.01 n20degC_Cycle_4_Pan18650PF,ood(-20C),18.367771029867452
S0,A2-1,7,06-25-17_03.01 n20degC_Cycle_4_Pan18650PF,ood(-20C),19.041092137786464
S0,A2-1,13,06-25-17_03.01 n20degC_Cycle_4_Pan18650PF,ood(-20C),18.922556281446266
S0,A2-1,42,06-25-17_03.01 n20degC_Cycle_4_Pan18650PF,ood(-20C),19.825030543846523
S0,A2-2,7,06-25-17_03.01 n20degC_Cycle_4_Pan18650PF,ood(-20C),19.156805559835668
S0,A2-2,13,06-25-17_03.01 n20degC_Cycle_4_Pan18650PF,ood(-20C),18.884011260488283
S0,A2-2,42,06-25-17_03.01 n20degC_Cycle_4_Pan18650PF,ood(-20C),18.74021824223143
S0,A2-3,7,06-25-17_03.01 n20degC_Cycle_4_Pan18650PF,ood(-20C),17.794464154408928
S0,A2-3,13,06-25-17_03.01 n20degC_Cycle_4_Pan18650PF,ood(-20C),18.84638314107392
S0,A2-3,42,06-25-17_03.01 n20degC_Cycle_4_Pan18650PF,ood(-20C),18.40119302584562
S0,A2-4,7,06-25-17_03.01 n20degC_Cycle_4_Pan18650PF,ood(-20C),18.688292593057433
S0,A2-4,13,06-25-17_03.01 n20degC_Cycle_4_Pan18650PF,ood(-20C),17.853254694607315
S0,A2-4,42,06-25-17_03.01 n20degC_Cycle_4_Pan18650PF,ood(-20C),18.504651573099075
S1,A2-0,7,06-25-17_03.01 n20degC_Cycle_4_Pan18650PF,ood(-20C),13.23325921368646
S1,A2-0,13,06-25-17_03.01 n20degC_Cycle_4_Pan18650PF,ood(-20C),13.772654493887723
S1,A2-0,42,06-25-17_03.01 n20degC_Cycle_4_Pan18650PF,ood(-20C),13.186953890038714
S1,A2-1,7,06-25-17_03.01 n20degC_Cycle_4_Pan18650PF,ood(-20C),13.751446748235443
S1,A2-1,13,06-25-17_03.01 n20degC_Cycle_4_Pan18650PF,ood(-20C),13.669135572288509
S1,A2-1,42,06-25-17_03.01 n20degC_Cycle_4_Pan18650PF,ood(-20C),14.564843339725236
S1,A2-2,7,06-25-17_03.01 n20degC_Cycle_4_Pan18650PF,ood(-20C),13.945127845309557
S1,A2-2,13,06-25-17_03.01 n20degC_Cycle_4_Pan18650PF,ood(-20C),13.73157702238471
S1,A2-2,42,06-25-17_03.01 n20degC_Cycle_4_Pan18650PF,ood(-20C),13.469681093139927
S1,A2-3,7,06-25-17_03.01 n20degC_Cycle_4_Pan18650PF,ood(-20C),12.540281166102936
S1,A2-3,13,06-25-17_03.01 n20degC_Cycle_4_Pan18650PF,ood(-20C),13.64661414896571
S1,A2-3,42,06-25-17_03.01 n20degC_Cycle_4_Pan18650PF,ood(-20C),13.2090793254611
S1,A2-4,7,06-25-17_03.01 n20degC_Cycle_4_Pan18650PF,ood(-20C),13.518330436970992
S1,A2-4,13,06-25-17_03.01 n20degC_Cycle_4_Pan18650PF,ood(-20C),12.649481403749977
S1,A2-4,42,06-25-17_03.01 n20degC_Cycle_4_Pan18650PF,ood(-20C),13.274914089132034
S2,A2-0,7,06-25-17_03.01 n20degC_Cycle_4_Pan18650PF,ood(-20C),11.466261843318483
S2,A2-0,13,06-25-17_03.01 n20degC_Cycle_4_Pan18650PF,ood(-20C),12.027805626014334
S2,A2-0,42,06-25-17_03.01 n20degC_Cycle_4_Pan18650PF,ood(-20C),11.462537840413933
S2,A2-1,7,06-25-17_03.01 n20degC_Cycle_4_Pan18650PF,ood(-20C),11.94904876447443
S2,A2-1,13,06-25-17_03.01 n20degC_Cycle_4_Pan18650PF,ood(-20C),11.890348333283969
S2,A2-1,42,06-25-17_03.01 n20degC_Cycle_4_Pan18650PF,ood(-20C),12.765924795841652
S2,A2-2,7,06-25-17_03.01 n20degC_Cycle_4_Pan18650PF,ood(-20C),12.186267916461098
S2,A2-2,13,06-25-17_03.01 n20degC_Cycle_4_Pan18650PF,ood(-20C),12.012605984905235
S2,A2-2,42,06-25-17_03.01 n20degC_Cycle_4_Pan18650PF,ood(-20C),11.684328089294302
S2,A2-3,7,06-25-17_03.01 n20degC_Cycle_4_Pan18650PF,ood(-20C),10.78510103925323
S2,A2-3,13,06-25-17_03.01 n20degC_Cycle_4_Pan18650PF,ood(-20C),11.900840426964173
S2,A2-3,42,06-25-17_03.01 n20degC_Cycle_4_Pan18650PF,ood(-20C),11.477248279611894
S2,A2-4,7,06-25-17_03.01 n20degC_Cycle_4_Pan18650PF,ood(-20C),11.793286017569226
S2,A2-4,13,06-25-17_03.01 n20degC_Cycle_4_Pan18650PF,ood(-20C),10.923349663756468
S2,A2-4,42,06-25-17_03.01 n20degC_Cycle_4_Pan18650PF,ood(-20C),11.518573586464424
S3,A2-0,7,06-25-17_03.01 n20degC_Cycle_4_Pan18650PF,ood(-20C),17.325221484639915
S3,A2-0,13,06-25-17_03.01 n20degC_Cycle_4_Pan18650PF,ood(-20C),17.82036660208009
S3,A2-0,42,06-25-17_03.01 n20degC_Cycle_4_Pan18650PF,ood(-20C),17.22183001739767
S3,A2-1,7,06-25-17_03.01 n20degC_Cycle_4_Pan18650PF,ood(-20C),17.879430617823964
S3,A2-1,13,06-25-17_03.01 n20degC_Cycle_4_Pan18650PF,ood(-20C),17.76646109768164
S3,A2-1,42,06-25-17_03.01 n20degC_Cycle_4_Pan18650PF,ood(-20C),18.67013788837376
S3,A2-2,7,06-25-17_03.01 n20degC_Cycle_4_Pan18650PF,ood(-20C),18.008143759955388
S3,A2-2,13,06-25-17_03.01 n20degC_Cycle_4_Pan18650PF,ood(-20C),17.744244041774948
S3,A2-2,42,06-25-17_03.01 n20degC_Cycle_4_Pan18650PF,ood(-20C),17.580858338687925
S3,A2-3,7,06-25-17_03.01 n20degC_Cycle_4_Pan18650PF,ood(-20C),16.63499857182926
S3,A2-3,13,06-25-17_03.01 n20degC_Cycle_4_Pan18650PF,ood(-20C),17.698792952090454
S3,A2-3,42,06-25-17_03.01 n20degC_Cycle_4_Pan18650PF,ood(-20C),17.253529790103574
S3,A2-4,7,06-25-17_03.01 n20degC_Cycle_4_Pan18650PF,ood(-20C),17.54508502072196
S3,A2-4,13,06-25-17_03.01 n20degC_Cycle_4_Pan18650PF,ood(-20C),16.702008564234585
S3,A2-4,42,06-25-17_03.01 n20degC_Cycle_4_Pan18650PF,ood(-20C),17.351221248168077
S4,A2-0,7,06-25-17_03.01 n20degC_Cycle_4_Pan18650PF,ood(-20C),11.466261843318483
S4,A2-0,13,06-25-17_03.01 n20degC_Cycle_4_Pan18650PF,ood(-20C),12.027805626014334
S4,A2-0,42,06-25-17_03.01 n20degC_Cycle_4_Pan18650PF,ood(-20C),11.462537840413933
S4,A2-1,7,06-25-17_03.01 n20degC_Cycle_4_Pan18650PF,ood(-20C),11.94904876447443
S4,A2-1,13,06-25-17_03.01 n20degC_Cycle_4_Pan18650PF,ood(-20C),11.890348333283969
S4,A2-1,42,06-25-17_03.01 n20degC_Cycle_4_Pan18650PF,ood(-20C),12.765924795841652
S4,A2-2,7,06-25-17_03.01 n20degC_Cycle_4_Pan18650PF,ood(-20C),12.186267916461098
S4,A2-2,13,06-25-17_03.01 n20degC_Cycle_4_Pan18650PF,ood(-20C),12.012605984905235
S4,A2-2,42,06-25-17_03.01 n20degC_Cycle_4_Pan18650PF,ood(-20C),11.684328089294302
S4,A2-3,7,06-25-17_03.01 n20degC_Cycle_4_Pan18650PF,ood(-20C),10.78510103925323
S4,A2-3,13,06-25-17_03.01 n20degC_Cycle_4_Pan18650PF,ood(-20C),11.900840426964173
S4,A2-3,42,06-25-17_03.01 n20degC_Cycle_4_Pan18650PF,ood(-20C),11.477248279611894
S4,A2-4,7,06-25-17_03.01 n20degC_Cycle_4_Pan18650PF,ood(-20C),11.793286017569226
S4,A2-4,13,06-25-17_03.01 n20degC_Cycle_4_Pan18650PF,ood(-20C),10.923349663756468
S4,A2-4,42,06-25-17_03.01 n20degC_Cycle_4_Pan18650PF,ood(-20C),11.518573586464424
S5,A2-0,7,06-25-17_03.01 n20degC_Cycle_4_Pan18650PF,ood(-20C),11.064208833647525
S5,A2-0,13,06-25-17_03.01 n20degC_Cycle_4_Pan18650PF,ood(-20C),11.63060582486302
S5,A2-0,42,06-25-17_03.01 n20degC_Cycle_4_Pan18650PF,ood(-20C),11.073023609339744
S5,A2-1,7,06-25-17_03.01 n20degC_Cycle_4_Pan18650PF,ood(-20C),11.535209541871062
S5,A2-1,13,06-25-17_03.01 n20degC_Cycle_4_Pan18650PF,ood(-20C),11.483600726726927
S5,A2-1,42,06-25-17_03.01 n20degC_Cycle_4_Pan18650PF,ood(-20C),12.351082886103043
S5,A2-2,7,06-25-17_03.01 n20degC_Cycle_4_Pan18650PF,ood(-20C),11.784541554947491
S5,A2-2,13,06-25-17_03.01 n20degC_Cycle_4_Pan18650PF,ood(-20C),11.622994968200649
S5,A2-2,42,06-25-17_03.01 n20degC_Cycle_4_Pan18650PF,ood(-20C),11.276227397767148
S5,A2-3,7,06-25-17_03.01 n20degC_Cycle_4_Pan18650PF,ood(-20C),10.388765017455732
S5,A2-3,13,06-25-17_03.01 n20degC_Cycle_4_Pan18650PF,ood(-20C),11.503733401625821
S5,A2-3,42,06-25-17_03.01 n20degC_Cycle_4_Pan18650PF,ood(-20C),11.08550974602479
S5,A2-4,7,06-25-17_03.01 n20degC_Cycle_4_Pan18650PF,ood(-20C),11.402556813190213
S5,A2-4,13,06-25-17_03.01 n20degC_Cycle_4_Pan18650PF,ood(-20C),10.535147595790761
S5,A2-4,42,06-25-17_03.01 n20degC_Cycle_4_Pan18650PF,ood(-20C),11.11950070907926
S0,A2-0,7,06-25-17_10.31 n20degC_US06_Pan18650PF,ood(-20C),22.66972557067563
S0,A2-0,13,06-25-17_10.31 n20degC_US06_Pan18650PF,ood(-20C),22.67726401180419
S0,A2-0,42,06-25-17_10.31 n20degC_US06_Pan18650PF,ood(-20C),22.31199346947838
S0,A2-1,7,06-25-17_10.31 n20degC_US06_Pan18650PF,ood(-20C),23.472706302587415
S0,A2-1,13,06-25-17_10.31 n20degC_US06_Pan18650PF,ood(-20C),23.57211686839545
S0,A2-1,42,06-25-17_10.31 n20degC_US06_Pan18650PF,ood(-20C),23.723282120085827
S0,A2-2,7,06-25-17_10.31 n20degC_US06_Pan18650PF,ood(-20C),22.93785594360324
S0,A2-2,13,06-25-17_10.31 n20degC_US06_Pan18650PF,ood(-20C),22.728263840828582
S0,A2-2,42,06-25-17_10.31 n20degC_US06_Pan18650PF,ood(-20C),22.74630591717008
S0,A2-3,7,06-25-17_10.31 n20degC_US06_Pan18650PF,ood(-20C),22.22442700756048
S0,A2-3,13,06-25-17_10.31 n20degC_US06_Pan18650PF,ood(-20C),23.026680662843205
S0,A2-3,42,06-25-17_10.31 n20degC_US06_Pan18650PF,ood(-20C),22.666134401381075
S0,A2-4,7,06-25-17_10.31 n20degC_US06_Pan18650PF,ood(-20C),22.45435700803042
S0,A2-4,13,06-25-17_10.31 n20degC_US06_Pan18650PF,ood(-20C),21.591646021217564
S0,A2-4,42,06-25-17_10.31 n20degC_US06_Pan18650PF,ood(-20C),22.52166398999667
S1,A2-0,7,06-25-17_10.31 n20degC_US06_Pan18650PF,ood(-20C),16.12302348749345
S1,A2-0,13,06-25-17_10.31 n20degC_US06_Pan18650PF,ood(-20C),16.151141032822466
S1,A2-0,42,06-25-17_10.31 n20degC_US06_Pan18650PF,ood(-20C),15.808557983817868
S1,A2-1,7,06-25-17_10.31 n20degC_US06_Pan18650PF,ood(-20C),16.89954439586424
S1,A2-1,13,06-25-17_10.31 n20degC_US06_Pan18650PF,ood(-20C),17.037094707997188
S1,A2-1,42,06-25-17_10.31 n20degC_US06_Pan18650PF,ood(-20C),17.191582455954435
S1,A2-2,7,06-25-17_10.31 n20degC_US06_Pan18650PF,ood(-20C),16.423435926317865
S1,A2-2,13,06-25-17_10.31 n20degC_US06_Pan18650PF,ood(-20C),16.21101554250824
S1,A2-2,42,06-25-17_10.31 n20degC_US06_Pan18650PF,ood(-20C),16.18111364214469
S1,A2-3,7,06-25-17_10.31 n20degC_US06_Pan18650PF,ood(-20C),15.661677655127086
S1,A2-3,13,06-25-17_10.31 n20degC_US06_Pan18650PF,ood(-20C),16.504195168459283
S1,A2-3,42,06-25-17_10.31 n20degC_US06_Pan18650PF,ood(-20C),16.112817940589967
S1,A2-4,7,06-25-17_10.31 n20degC_US06_Pan18650PF,ood(-20C),15.936319126306987
S1,A2-4,13,06-25-17_10.31 n20degC_US06_Pan18650PF,ood(-20C),15.036193532387786
S1,A2-4,42,06-25-17_10.31 n20degC_US06_Pan18650PF,ood(-20C),15.987852433579633
S2,A2-0,7,06-25-17_10.31 n20degC_US06_Pan18650PF,ood(-20C),13.713308435052982
S2,A2-0,13,06-25-17_10.31 n20degC_US06_Pan18650PF,ood(-20C),13.75422002797425
S2,A2-0,42,06-25-17_10.31 n20degC_US06_Pan18650PF,ood(-20C),13.428578150213044
S2,A2-1,7,06-25-17_10.31 n20degC_US06_Pan18650PF,ood(-20C),14.46842527011219
S2,A2-1,13,06-25-17_10.31 n20degC_US06_Pan18650PF,ood(-20C),14.628738043102098
S2,A2-1,42,06-25-17_10.31 n20degC_US06_Pan18650PF,ood(-20C),14.784320355272818
S2,A2-2,7,06-25-17_10.31 n20degC_US06_Pan18650PF,ood(-20C),14.0319234365227
S2,A2-2,13,06-25-17_10.31 n20degC_US06_Pan18650PF,ood(-20C),13.819251208489453
S2,A2-2,42,06-25-17_10.31 n20degC_US06_Pan18650PF,ood(-20C),13.759326532210151
S2,A2-3,7,06-25-17_10.31 n20degC_US06_Pan18650PF,ood(-20C),13.244927893005672
S2,A2-3,13,06-25-17_10.31 n20degC_US06_Pan18650PF,ood(-20C),14.107082357948158
S2,A2-3,42,06-25-17_10.31 n20degC_US06_Pan18650PF,ood(-20C),13.698989217011686
S2,A2-4,7,06-25-17_10.31 n20degC_US06_Pan18650PF,ood(-20C),13.546085262473783
S2,A2-4,13,06-25-17_10.31 n20degC_US06_Pan18650PF,ood(-20C),12.62880237922845
S2,A2-4,42,06-25-17_10.31 n20degC_US06_Pan18650PF,ood(-20C),13.58724224480184
S3,A2-0,7,06-25-17_10.31 n20degC_US06_Pan18650PF,ood(-20C),21.26983669568545
S3,A2-0,13,06-25-17_10.31 n20degC_US06_Pan18650PF,ood(-20C),21.28067465513289
S3,A2-0,42,06-25-17_10.31 n20degC_US06_Pan18650PF,ood(-20C),20.91867022982533
S3,A2-1,7,06-25-17_10.31 n20degC_US06_Pan18650PF,ood(-20C),22.06922803057497
S3,A2-1,13,06-25-17_10.31 n20degC_US06_Pan18650PF,ood(-20C),22.17488965202206
S3,A2-1,42,06-25-17_10.31 n20degC_US06_Pan18650PF,ood(-20C),22.326721160220806
S3,A2-2,7,06-25-17_10.31 n20degC_US06_Pan18650PF,ood(-20C),21.54338922711335
S3,A2-2,13,06-25-17_10.31 n20degC_US06_Pan18650PF,ood(-20C),21.333144397287594
S3,A2-2,42,06-25-17_10.31 n20degC_US06_Pan18650PF,ood(-20C),21.3435263713878
S3,A2-3,7,06-25-17_10.31 n20degC_US06_Pan18650PF,ood(-20C),20.82158659829339
S3,A2-3,13,06-25-17_10.31 n20degC_US06_Pan18650PF,ood(-20C),21.63099885784348
S3,A2-3,42,06-25-17_10.31 n20degC_US06_Pan18650PF,ood(-20C),21.265184940778227
S3,A2-4,7,06-25-17_10.31 n20degC_US06_Pan18650PF,ood(-20C),21.058846895933844
S3,A2-4,13,06-25-17_10.31 n20degC_US06_Pan18650PF,ood(-20C),20.189372862167968
S3,A2-4,42,06-25-17_10.31 n20degC_US06_Pan18650PF,ood(-20C),21.123699945713483
S4,A2-0,7,06-25-17_10.31 n20degC_US06_Pan18650PF,ood(-20C),13.713308435052982
S4,A2-0,13,06-25-17_10.31 n20degC_US06_Pan18650PF,ood(-20C),13.75422002797425
S4,A2-0,42,06-25-17_10.31 n20degC_US06_Pan18650PF,ood(-20C),13.428578150213044
S4,A2-1,7,06-25-17_10.31 n20degC_US06_Pan18650PF,ood(-20C),14.46842527011219
S4,A2-1,13,06-25-17_10.31 n20degC_US06_Pan18650PF,ood(-20C),14.628738043102098
S4,A2-1,42,06-25-17_10.31 n20degC_US06_Pan18650PF,ood(-20C),14.784320355272818
S4,A2-2,7,06-25-17_10.31 n20degC_US06_Pan18650PF,ood(-20C),14.0319234365227
S4,A2-2,13,06-25-17_10.31 n20degC_US06_Pan18650PF,ood(-20C),13.819251208489453
S4,A2-2,42,06-25-17_10.31 n20degC_US06_Pan18650PF,ood(-20C),13.759326532210151
S4,A2-3,7,06-25-17_10.31 n20degC_US06_Pan18650PF,ood(-20C),13.244927893005672
S4,A2-3,13,06-25-17_10.31 n20degC_US06_Pan18650PF,ood(-20C),14.107082357948158
S4,A2-3,42,06-25-17_10.31 n20degC_US06_Pan18650PF,ood(-20C),13.698989217011686
S4,A2-4,7,06-25-17_10.31 n20degC_US06_Pan18650PF,ood(-20C),13.546085262473783
S4,A2-4,13,06-25-17_10.31 n20degC_US06_Pan18650PF,ood(-20C),12.62880237922845
S4,A2-4,42,06-25-17_10.31 n20degC_US06_Pan18650PF,ood(-20C),13.58724224480184
S5,A2-0,7,06-25-17_10.31 n20degC_US06_Pan18650PF,ood(-20C),13.132952571155764
S5,A2-0,13,06-25-17_10.31 n20degC_US06_Pan18650PF,ood(-20C),13.17768927330183
S5,A2-0,42,06-25-17_10.31 n20degC_US06_Pan18650PF,ood(-20C),12.8575483784348
S5,A2-1,7,06-25-17_10.31 n20degC_US06_Pan18650PF,ood(-20C),13.880909572511925
S5,A2-1,13,06-25-17_10.31 n20degC_US06_Pan18650PF,ood(-20C),14.047899206590609
S5,A2-1,42,06-25-17_10.31 n20degC_US06_Pan18650PF,ood(-20C),14.20366761000345
S5,A2-2,7,06-25-17_10.31 n20degC_US06_Pan18650PF,ood(-20C),13.456724731752573
S5,A2-2,13,06-25-17_10.31 n20degC_US06_Pan18650PF,ood(-20C),13.244206368279261
S5,A2-2,42,06-25-17_10.31 n20degC_US06_Pan18650PF,ood(-20C),13.175270206138814
S5,A2-3,7,06-25-17_10.31 n20degC_US06_Pan18650PF,ood(-20C),12.662932555775473
S5,A2-3,13,06-25-17_10.31 n20degC_US06_Pan18650PF,ood(-20C),13.530120602996954
S5,A2-3,42,06-25-17_10.31 n20degC_US06_Pan18650PF,ood(-20C),13.117402877722679
S5,A2-4,7,06-25-17_10.31 n20degC_US06_Pan18650PF,ood(-20C),12.971809925641486
S5,A2-4,13,06-25-17_10.31 n20degC_US06_Pan18650PF,ood(-20C),12.05038941474313
S5,A2-4,42,06-25-17_10.31 n20degC_US06_Pan18650PF,ood(-20C),13.009777823340311
