pair,desc,eval_group,seed,cycle_id,delta_pp
A2-1 − A2-0,新息/残差类 vs 无诊断,test_id(25C),7,03-18-17_02.17 25degC_Cycle_1_Pan18650PF,-0.004246234893798828
A2-1 − A2-0,新息/残差类 vs 无诊断,test_id(25C),13,03-18-17_02.17 25degC_Cycle_1_Pan18650PF,-0.014315366744995117
A2-1 − A2-0,新息/残差类 vs 无诊断,test_id(25C),42,03-18-17_02.17 25degC_Cycle_1_Pan18650PF,0.03454524278640747
A2-1 − A2-0,新息/残差类 vs 无诊断,test_id(25C),101,03-18-17_02.17 25degC_Cycle_1_Pan18650PF,-0.015012800693511963
A2-1 − A2-0,新息/残差类 vs 无诊断,test_id(25C),202,03-18-17_02.17 25degC_Cycle_1_Pan18650PF,-0.01710665225982666
A2-1 − A2-0,新息/残差类 vs 无诊断,test_id(25C),303,03-18-17_02.17 25degC_Cycle_1_Pan18650PF,-0.05030602216720581
A2-1 − A2-0,新息/残差类 vs 无诊断,test_id(25C),404,03-18-17_02.17 25degC_Cycle_1_Pan18650PF,-0.029230833053588867
A2-1 − A2-0,新息/残差类 vs 无诊断,test_id(25C),505,03-18-17_02.17 25degC_Cycle_1_Pan18650PF,-0.03377830982208252
A2-1 − A2-0,新息/残差类 vs 无诊断,test_id(25C),606,03-18-17_02.17 25degC_Cycle_1_Pan18650PF,-0.020178616046905518
A2-1 − A2-0,新息/残差类 vs 无诊断,test_id(25C),707,03-18-17_02.17 25degC_Cycle_1_Pan18650PF,-0.010282158851623535
A2-1 − A2-0,新息/残差类 vs 无诊断,test_id(25C),7,03-19-17_03.25 25degC_Cycle_2_Pan18650PF,0.006396234035491943
A2-1 − A2-0,新息/残差类 vs 无诊断,test_id(25C),13,03-19-17_03.25 25degC_Cycle_2_Pan18650PF,-0.031650543212890625
A2-1 − A2-0,新息/残差类 vs 无诊断,test_id(25C),42,03-19-17_03.25 25degC_Cycle_2_Pan18650PF,0.013584911823272705
A2-1 − A2-0,新息/残差类 vs 无诊断,test_id(25C),101,03-19-17_03.25 25degC_Cycle_2_Pan18650PF,-0.020556092262268066
A2-1 − A2-0,新息/残差类 vs 无诊断,test_id(25C),202,03-19-17_03.25 25degC_Cycle_2_Pan18650PF,0.020677149295806885
A2-1 − A2-0,新息/残差类 vs 无诊断,test_id(25C),303,03-19-17_03.25 25degC_Cycle_2_Pan18650PF,0.023222506046295166
A2-1 − A2-0,新息/残差类 vs 无诊断,test_id(25C),404,03-19-17_03.25 25degC_Cycle_2_Pan18650PF,0.02011340856552124
A2-1 − A2-0,新息/残差类 vs 无诊断,test_id(25C),505,03-19-17_03.25 25degC_Cycle_2_Pan18650PF,0.0468328595161438
A2-1 − A2-0,新息/残差类 vs 无诊断,test_id(25C),606,03-19-17_03.25 25degC_Cycle_2_Pan18650PF,-0.00465625524520874
A2-1 − A2-0,新息/残差类 vs 无诊断,test_id(25C),707,03-19-17_03.25 25degC_Cycle_2_Pan18650PF,-0.0897601842880249
A2-1 − A2-0,新息/残差类 vs 无诊断,test_id(25C),7,03-19-17_09.07 25degC_Cycle_3_Pan18650PF,-0.009906530380248968
A2-1 − A2-0,新息/残差类 vs 无诊断,test_id(25C),13,03-19-17_09.07 25degC_Cycle_3_Pan18650PF,0.0094490647315979
A2-1 − A2-0,新息/残差类 vs 无诊断,test_id(25C),42,03-19-17_09.07 25degC_Cycle_3_Pan18650PF,0.0004899501800537664
A2-1 − A2-0,新息/残差类 vs 无诊断,test_id(25C),101,03-19-17_09.07 25degC_Cycle_3_Pan18650PF,-0.020983994007110596
A2-1 − A2-0,新息/残差类 vs 无诊断,test_id(25C),202,03-19-17_09.07 25degC_Cycle_3_Pan18650PF,0.001747041940689087
A2-1 − A2-0,新息/残差类 vs 无诊断,test_id(25C),303,03-19-17_09.07 25degC_Cycle_3_Pan18650PF,0.04277262091636658
A2-1 − A2-0,新息/残差类 vs 无诊断,test_id(25C),404,03-19-17_09.07 25degC_Cycle_3_Pan18650PF,0.02549964189529419
A2-1 − A2-0,新息/残差类 vs 无诊断,test_id(25C),505,03-19-17_09.07 25degC_Cycle_3_Pan18650PF,0.03391245007514959
A2-1 − A2-0,新息/残差类 vs 无诊断,test_id(25C),606,03-19-17_09.07 25degC_Cycle_3_Pan18650PF,0.03186440467834478
A2-1 − A2-0,新息/残差类 vs 无诊断,test_id(25C),707,03-19-17_09.07 25degC_Cycle_3_Pan18650PF,-0.044312477111816406
A2-1 − A2-0,新息/残差类 vs 无诊断,test_id(25C),7,03-19-17_14.31 25degC_Cycle_4_Pan18650PF,0.02220696210861206
A2-1 − A2-0,新息/残差类 vs 无诊断,test_id(25C),13,03-19-17_14.31 25degC_Cycle_4_Pan18650PF,-0.0020028352737426758
A2-1 − A2-0,新息/残差类 vs 无诊断,test_id(25C),42,03-19-17_14.31 25degC_Cycle_4_Pan18650PF,-0.30897748470306396
A2-1 − A2-0,新息/残差类 vs 无诊断,test_id(25C),101,03-19-17_14.31 25degC_Cycle_4_Pan18650PF,-0.2662755250930786
A2-1 − A2-0,新息/残差类 vs 无诊断,test_id(25C),202,03-19-17_14.31 25degC_Cycle_4_Pan18650PF,0.04087716341018677
A2-1 − A2-0,新息/残差类 vs 无诊断,test_id(25C),303,03-19-17_14.31 25degC_Cycle_4_Pan18650PF,-0.09834104776382446
A2-1 − A2-0,新息/残差类 vs 无诊断,test_id(25C),404,03-19-17_14.31 25degC_Cycle_4_Pan18650PF,-0.0704377293586731
A2-1 − A2-0,新息/残差类 vs 无诊断,test_id(25C),505,03-19-17_14.31 25degC_Cycle_4_Pan18650PF,-0.1536847949028015
A2-1 − A2-0,新息/残差类 vs 无诊断,test_id(25C),606,03-19-17_14.31 25degC_Cycle_4_Pan18650PF,0.22572118043899536
A2-1 − A2-0,新息/残差类 vs 无诊断,test_id(25C),707,03-19-17_14.31 25degC_Cycle_4_Pan18650PF,0.059852004051208496
A2-1 − A2-0,新息/残差类 vs 无诊断,ood(10C),7,03-27-17_09.06 10degC_HWFET_Pan18650PF,0.19302272796630904
A2-1 − A2-0,新息/残差类 vs 无诊断,ood(10C),13,03-27-17_09.06 10degC_HWFET_Pan18650PF,0.12042450904846191
A2-1 − A2-0,新息/残差类 vs 无诊断,ood(10C),42,03-27-17_09.06 10degC_HWFET_Pan18650PF,0.6710426807403564
A2-1 − A2-0,新息/残差类 vs 无诊断,ood(10C),101,03-27-17_09.06 10degC_HWFET_Pan18650PF,0.013242244720458984
A2-1 − A2-0,新息/残差类 vs 无诊断,ood(10C),202,03-27-17_09.06 10degC_HWFET_Pan18650PF,-0.10508513450622559
A2-1 − A2-0,新息/残差类 vs 无诊断,ood(10C),303,03-27-17_09.06 10degC_HWFET_Pan18650PF,-0.14088892936706543
A2-1 − A2-0,新息/残差类 vs 无诊断,ood(10C),404,03-27-17_09.06 10degC_HWFET_Pan18650PF,-0.10470414161682129
A2-1 − A2-0,新息/残差类 vs 无诊断,ood(10C),505,03-27-17_09.06 10degC_HWFET_Pan18650PF,0.1614987850189209
A2-1 − A2-0,新息/残差类 vs 无诊断,ood(10C),606,03-27-17_09.06 10degC_HWFET_Pan18650PF,-0.31467461585998535
A2-1 − A2-0,新息/残差类 vs 无诊断,ood(10C),707,03-27-17_09.06 10degC_HWFET_Pan18650PF,0.4043054580688481
A2-1 − A2-0,新息/残差类 vs 无诊断,ood(10C),7,03-27-17_09.06 10degC_LA92_Pan18650PF,0.17687058448791504
A2-1 − A2-0,新息/残差类 vs 无诊断,ood(10C),13,03-27-17_09.06 10degC_LA92_Pan18650PF,0.11335182189941362
A2-1 − A2-0,新息/残差类 vs 无诊断,ood(10C),42,03-27-17_09.06 10degC_LA92_Pan18650PF,0.6067004203796387
A2-1 − A2-0,新息/残差类 vs 无诊断,ood(10C),101,03-27-17_09.06 10degC_LA92_Pan18650PF,0.10121512413024858
A2-1 − A2-0,新息/残差类 vs 无诊断,ood(10C),202,03-27-17_09.06 10degC_LA92_Pan18650PF,-0.10253548622131348
A2-1 − A2-0,新息/残差类 vs 无诊断,ood(10C),303,03-27-17_09.06 10degC_LA92_Pan18650PF,-0.3007938861846924
A2-1 − A2-0,新息/残差类 vs 无诊断,ood(10C),404,03-27-17_09.06 10degC_LA92_Pan18650PF,-0.2121260166168213
A2-1 − A2-0,新息/残差类 vs 无诊断,ood(10C),505,03-27-17_09.06 10degC_LA92_Pan18650PF,0.010323762893676758
A2-1 − A2-0,新息/残差类 vs 无诊断,ood(10C),606,03-27-17_09.06 10degC_LA92_Pan18650PF,-0.26109385490417525
A2-1 − A2-0,新息/残差类 vs 无诊断,ood(10C),707,03-27-17_09.06 10degC_LA92_Pan18650PF,0.32628726959228516
A2-1 − A2-0,新息/残差类 vs 无诊断,ood(10C),7,03-27-17_09.06 10degC_NN_Pan18650PF,0.20665311813354448
A2-1 − A2-0,新息/残差类 vs 无诊断,ood(10C),13,03-27-17_09.06 10degC_NN_Pan18650PF,0.1006162166595459
A2-1 − A2-0,新息/残差类 vs 无诊断,ood(10C),42,03-27-17_09.06 10degC_NN_Pan18650PF,0.6033132076263428
A2-1 − A2-0,新息/残差类 vs 无诊断,ood(10C),101,03-27-17_09.06 10degC_NN_Pan18650PF,0.08963537216186523
A2-1 − A2-0,新息/残差类 vs 无诊断,ood(10C),202,03-27-17_09.06 10degC_NN_Pan18650PF,-0.12204098701477095
A2-1 − A2-0,新息/残差类 vs 无诊断,ood(10C),303,03-27-17_09.06 10degC_NN_Pan18650PF,-0.17632174491882324
A2-1 − A2-0,新息/残差类 vs 无诊断,ood(10C),404,03-27-17_09.06 10degC_NN_Pan18650PF,-0.16556382179260254
A2-1 − A2-0,新息/残差类 vs 无诊断,ood(10C),505,03-27-17_09.06 10degC_NN_Pan18650PF,0.07480835914611816
A2-1 − A2-0,新息/残差类 vs 无诊断,ood(10C),606,03-27-17_09.06 10degC_NN_Pan18650PF,-0.23664021492004395
A2-1 − A2-0,新息/残差类 vs 无诊断,ood(10C),707,03-27-17_09.06 10degC_NN_Pan18650PF,0.31461238861083984
A2-1 − A2-0,新息/残差类 vs 无诊断,ood(10C),7,03-27-17_09.06 10degC_UDDS_Pan18650PF,0.22347187995910556
A2-1 − A2-0,新息/残差类 vs 无诊断,ood(10C),13,03-27-17_09.06 10degC_UDDS_Pan18650PF,0.020723342895507812
A2-1 − A2-0,新息/残差类 vs 无诊断,ood(10C),42,03-27-17_09.06 10degC_UDDS_Pan18650PF,0.6481661796569824
A2-1 − A2-0,新息/残差类 vs 无诊断,ood(10C),101,03-27-17_09.06 10degC_UDDS_Pan18650PF,0.1259007453918457
A2-1 − A2-0,新息/残差类 vs 无诊断,ood(10C),202,03-27-17_09.06 10degC_UDDS_Pan18650PF,-0.016747236251830833
A2-1 − A2-0,新息/残差类 vs 无诊断,ood(10C),303,03-27-17_09.06 10degC_UDDS_Pan18650PF,-0.23843455314636275
A2-1 − A2-0,新息/残差类 vs 无诊断,ood(10C),404,03-27-17_09.06 10degC_UDDS_Pan18650PF,-0.2581367492675781
A2-1 − A2-0,新息/残差类 vs 无诊断,ood(10C),505,03-27-17_09.06 10degC_UDDS_Pan18650PF,0.1313493251800537
A2-1 − A2-0,新息/残差类 vs 无诊断,ood(10C),606,03-27-17_09.06 10degC_UDDS_Pan18650PF,-0.35854029655456543
A2-1 − A2-0,新息/残差类 vs 无诊断,ood(10C),707,03-27-17_09.06 10degC_UDDS_Pan18650PF,0.3603262901306148
A2-1 − A2-0,新息/残差类 vs 无诊断,ood(10C),7,03-27-17_09.06 10degC_US06_Pan18650PF,0.1905221939086923
A2-1 − A2-0,新息/残差类 vs 无诊断,ood(10C),13,03-27-17_09.06 10degC_US06_Pan18650PF,0.28653669357299805
A2-1 − A2-0,新息/残差类 vs 无诊断,ood(10C),42,03-27-17_09.06 10degC_US06_Pan18650PF,0.6561620235443115
A2-1 − A2-0,新息/残差类 vs 无诊断,ood(10C),101,03-27-17_09.06 10degC_US06_Pan18650PF,-0.022946596145629883
A2-1 − A2-0,新息/残差类 vs 无诊断,ood(10C),202,03-27-17_09.06 10degC_US06_Pan18650PF,-0.2659962177276616
A2-1 − A2-0,新息/残差类 vs 无诊断,ood(10C),303,03-27-17_09.06 10degC_US06_Pan18650PF,-0.08615827560424805
A2-1 − A2-0,新息/残差类 vs 无诊断,ood(10C),404,03-27-17_09.06 10degC_US06_Pan18650PF,-0.08288025856018066
A2-1 − A2-0,新息/残差类 vs 无诊断,ood(10C),505,03-27-17_09.06 10degC_US06_Pan18650PF,0.07565951347351074
A2-1 − A2-0,新息/残差类 vs 无诊断,ood(10C),606,03-27-17_09.06 10degC_US06_Pan18650PF,-0.11234903335571333
A2-1 − A2-0,新息/残差类 vs 无诊断,ood(10C),707,03-27-17_09.06 10degC_US06_Pan18650PF,0.3708977699279785
A2-1 − A2-0,新息/残差类 vs 无诊断,ood(10C),7,03-28-17_12.51 10degC_Cycle_1_Pan18650PF,0.21865868568420455
A2-1 − A2-0,新息/残差类 vs 无诊断,ood(10C),13,03-28-17_12.51 10degC_Cycle_1_Pan18650PF,0.16602635383606001
A2-1 − A2-0,新息/残差类 vs 无诊断,ood(10C),42,03-28-17_12.51 10degC_Cycle_1_Pan18650PF,0.6155490875244141
A2-1 − A2-0,新息/残差类 vs 无诊断,ood(10C),101,03-28-17_12.51 10degC_Cycle_1_Pan18650PF,0.09786057472229004
A2-1 − A2-0,新息/残差类 vs 无诊断,ood(10C),202,03-28-17_12.51 10degC_Cycle_1_Pan18650PF,-0.06787776947021529
A2-1 − A2-0,新息/残差类 vs 无诊断,ood(10C),303,03-28-17_12.51 10degC_Cycle_1_Pan18650PF,-0.2696425914764409
A2-1 − A2-0,新息/残差类 vs 无诊断,ood(10C),404,03-28-17_12.51 10degC_Cycle_1_Pan18650PF,-0.20093679428100586
A2-1 − A2-0,新息/残差类 vs 无诊断,ood(10C),505,03-28-17_12.51 10degC_Cycle_1_Pan18650PF,0.05990767478942871
A2-1 − A2-0,新息/残差类 vs 无诊断,ood(10C),606,03-28-17_12.51 10degC_Cycle_1_Pan18650PF,-0.2099289894104004
A2-1 − A2-0,新息/残差类 vs 无诊断,ood(10C),707,03-28-17_12.51 10degC_Cycle_1_Pan18650PF,0.38620543479919434
A2-1 − A2-0,新息/残差类 vs 无诊断,ood(10C),7,03-28-17_18.18 10degC_Cycle_2_Pan18650PF,0.25202465057373047
A2-1 − A2-0,新息/残差类 vs 无诊断,ood(10C),13,03-28-17_18.18 10degC_Cycle_2_Pan18650PF,0.18726396560668945
A2-1 − A2-0,新息/残差类 vs 无诊断,ood(10C),42,03-28-17_18.18 10degC_Cycle_2_Pan18650PF,0.6256160736083984
A2-1 − A2-0,新息/残差类 vs 无诊断,ood(10C),101,03-28-17_18.18 10degC_Cycle_2_Pan18650PF,0.0602569580078125
A2-1 − A2-0,新息/残差类 vs 无诊断,ood(10C),202,03-28-17_18.18 10degC_Cycle_2_Pan18650PF,-0.1009836196899414
A2-1 − A2-0,新息/残差类 vs 无诊断,ood(10C),303,03-28-17_18.18 10degC_Cycle_2_Pan18650PF,-0.38022565841674805
A2-1 − A2-0,新息/残差类 vs 无诊断,ood(10C),404,03-28-17_18.18 10degC_Cycle_2_Pan18650PF,-0.2342844009399414
A2-1 − A2-0,新息/残差类 vs 无诊断,ood(10C),505,03-28-17_18.18 10degC_Cycle_2_Pan18650PF,-0.02852439880371005
A2-1 − A2-0,新息/残差类 vs 无诊断,ood(10C),606,03-28-17_18.18 10degC_Cycle_2_Pan18650PF,-0.2577552795410156
A2-1 − A2-0,新息/残差类 vs 无诊断,ood(10C),707,03-28-17_18.18 10degC_Cycle_2_Pan18650PF,0.4535398483276367
A2-1 − A2-0,新息/残差类 vs 无诊断,ood(10C),7,04-05-17_17.04 10degC_Cycle_3_Pan18650PF,0.20532941818237305
A2-1 − A2-0,新息/残差类 vs 无诊断,ood(10C),13,04-05-17_17.04 10degC_Cycle_3_Pan18650PF,0.1691131591796875
A2-1 − A2-0,新息/残差类 vs 无诊断,ood(10C),42,04-05-17_17.04 10degC_Cycle_3_Pan18650PF,0.5727748870849609
A2-1 − A2-0,新息/残差类 vs 无诊断,ood(10C),101,04-05-17_17.04 10degC_Cycle_3_Pan18650PF,0.05185270309448242
A2-1 − A2-0,新息/残差类 vs 无诊断,ood(10C),202,04-05-17_17.04 10degC_Cycle_3_Pan18650PF,-0.0371856689453125
A2-1 − A2-0,新息/残差类 vs 无诊断,ood(10C),303,04-05-17_17.04 10degC_Cycle_3_Pan18650PF,-0.20412492752075195
A2-1 − A2-0,新息/残差类 vs 无诊断,ood(10C),404,04-05-17_17.04 10degC_Cycle_3_Pan18650PF,-0.14893865585327148
A2-1 − A2-0,新息/残差类 vs 无诊断,ood(10C),505,04-05-17_17.04 10degC_Cycle_3_Pan18650PF,0.0533299446105957
A2-1 − A2-0,新息/残差类 vs 无诊断,ood(10C),606,04-05-17_17.04 10degC_Cycle_3_Pan18650PF,-0.2447371482849121
A2-1 − A2-0,新息/残差类 vs 无诊断,ood(10C),707,04-05-17_17.04 10degC_Cycle_3_Pan18650PF,0.3555145263671884
A2-1 − A2-0,新息/残差类 vs 无诊断,ood(10C),7,04-05-17_22.50 10degC_Cycle_4_Pan18650PF,0.25760054588317916
A2-1 − A2-0,新息/残差类 vs 无诊断,ood(10C),13,04-05-17_22.50 10degC_Cycle_4_Pan18650PF,0.11970853805541992
A2-1 − A2-0,新息/残差类 vs 无诊断,ood(10C),42,04-05-17_22.50 10degC_Cycle_4_Pan18650PF,0.7254130840301514
A2-1 − A2-0,新息/残差类 vs 无诊断,ood(10C),101,04-05-17_22.50 10degC_Cycle_4_Pan18650PF,0.05371832847595259
A2-1 − A2-0,新息/残差类 vs 无诊断,ood(10C),202,04-05-17_22.50 10degC_Cycle_4_Pan18650PF,-0.13627338409423873
A2-1 − A2-0,新息/残差类 vs 无诊断,ood(10C),303,04-05-17_22.50 10degC_Cycle_4_Pan18650PF,-0.2288920879364018
A2-1 − A2-0,新息/残差类 vs 无诊断,ood(10C),404,04-05-17_22.50 10degC_Cycle_4_Pan18650PF,-0.18203234672546387
A2-1 − A2-0,新息/残差类 vs 无诊断,ood(10C),505,04-05-17_22.50 10degC_Cycle_4_Pan18650PF,0.16401982307434082
A2-1 − A2-0,新息/残差类 vs 无诊断,ood(10C),606,04-05-17_22.50 10degC_Cycle_4_Pan18650PF,-0.29414844512939453
A2-1 − A2-0,新息/残差类 vs 无诊断,ood(10C),707,04-05-17_22.50 10degC_Cycle_4_Pan18650PF,0.46643757820129395
A2-1 − A2-0,新息/残差类 vs 无诊断,ood(0C),7,05-30-17_12.56 0degC_Cycle_1_Pan18650PF,0.1415052413940412
A2-1 − A2-0,新息/残差类 vs 无诊断,ood(0C),13,05-30-17_12.56 0degC_Cycle_1_Pan18650PF,0.1678123474121076
A2-1 − A2-0,新息/残差类 vs 无诊断,ood(0C),42,05-30-17_12.56 0degC_Cycle_1_Pan18650PF,1.0525751113891602
A2-1 − A2-0,新息/残差类 vs 无诊断,ood(0C),101,05-30-17_12.56 0degC_Cycle_1_Pan18650PF,0.30677795410155895
A2-1 − A2-0,新息/残差类 vs 无诊断,ood(0C),202,05-30-17_12.56 0degC_Cycle_1_Pan18650PF,-0.0960683822631836
A2-1 − A2-0,新息/残差类 vs 无诊断,ood(0C),303,05-30-17_12.56 0degC_Cycle_1_Pan18650PF,0.2500934600830078
A2-1 − A2-0,新息/残差类 vs 无诊断,ood(0C),404,05-30-17_12.56 0degC_Cycle_1_Pan18650PF,0.09813117980957209
A2-1 − A2-0,新息/残差类 vs 无诊断,ood(0C),505,05-30-17_12.56 0degC_Cycle_1_Pan18650PF,0.5032405853271484
A2-1 − A2-0,新息/残差类 vs 无诊断,ood(0C),606,05-30-17_12.56 0degC_Cycle_1_Pan18650PF,-0.7776021957397461
A2-1 − A2-0,新息/残差类 vs 无诊断,ood(0C),707,05-30-17_12.56 0degC_Cycle_1_Pan18650PF,0.142611503601076
A2-1 − A2-0,新息/残差类 vs 无诊断,ood(0C),7,05-30-17_20.16 0degC_Cycle_2_Pan18650PF,0.37143898010253906
A2-1 − A2-0,新息/残差类 vs 无诊断,ood(0C),13,05-30-17_20.16 0degC_Cycle_2_Pan18650PF,0.25206851959228693
A2-1 − A2-0,新息/残差类 vs 无诊断,ood(0C),42,05-30-17_20.16 0degC_Cycle_2_Pan18650PF,1.1468677520751935
A2-1 − A2-0,新息/残差类 vs 无诊断,ood(0C),101,05-30-17_20.16 0degC_Cycle_2_Pan18650PF,0.2686586380004883
A2-1 − A2-0,新息/残差类 vs 无诊断,ood(0C),202,05-30-17_20.16 0degC_Cycle_2_Pan18650PF,-0.14616489410400213
A2-1 − A2-0,新息/残差类 vs 无诊断,ood(0C),303,05-30-17_20.16 0degC_Cycle_2_Pan18650PF,0.042667388916015625
A2-1 − A2-0,新息/残差类 vs 无诊断,ood(0C),404,05-30-17_20.16 0degC_Cycle_2_Pan18650PF,0.0005435943603497861
A2-1 − A2-0,新息/残差类 vs 无诊断,ood(0C),505,05-30-17_20.16 0degC_Cycle_2_Pan18650PF,0.4119606018066424
A2-1 − A2-0,新息/残差类 vs 无诊断,ood(0C),606,05-30-17_20.16 0degC_Cycle_2_Pan18650PF,-0.8587894439697266
A2-1 − A2-0,新息/残差类 vs 无诊断,ood(0C),707,05-30-17_20.16 0degC_Cycle_2_Pan18650PF,0.27231407165527166
A2-1 − A2-0,新息/残差类 vs 无诊断,ood(0C),7,06-01-17_10.36 0degC_LA92_Pan18650PF,0.31291961669921875
A2-1 − A2-0,新息/残差类 vs 无诊断,ood(0C),13,06-01-17_10.36 0degC_LA92_Pan18650PF,0.08205080032348633
A2-1 − A2-0,新息/残差类 vs 无诊断,ood(0C),42,06-01-17_10.36 0degC_LA92_Pan18650PF,0.8471956253051758
A2-1 − A2-0,新息/残差类 vs 无诊断,ood(0C),101,06-01-17_10.36 0degC_LA92_Pan18650PF,0.17315912246704102
A2-1 − A2-0,新息/残差类 vs 无诊断,ood(0C),202,06-01-17_10.36 0degC_LA92_Pan18650PF,-0.05034446716308594
A2-1 − A2-0,新息/残差类 vs 无诊断,ood(0C),303,06-01-17_10.36 0degC_LA92_Pan18650PF,-0.3413686752319336
A2-1 − A2-0,新息/残差类 vs 无诊断,ood(0C),404,06-01-17_10.36 0degC_LA92_Pan18650PF,-0.25294017791748047
A2-1 − A2-0,新息/残差类 vs 无诊断,ood(0C),505,06-01-17_10.36 0degC_LA92_Pan18650PF,0.1214151382446289
A2-1 − A2-0,新息/残差类 vs 无诊断,ood(0C),606,06-01-17_10.36 0degC_LA92_Pan18650PF,-0.45029592514038086
A2-1 − A2-0,新息/残差类 vs 无诊断,ood(0C),707,06-01-17_10.36 0degC_LA92_Pan18650PF,0.5212383270263672
A2-1 − A2-0,新息/残差类 vs 无诊断,ood(0C),7,06-01-17_10.36 0degC_NN_Pan18650PF,0.24077415466308594
A2-1 − A2-0,新息/残差类 vs 无诊断,ood(0C),13,06-01-17_10.36 0degC_NN_Pan18650PF,0.016900539398194248
A2-1 − A2-0,新息/残差类 vs 无诊断,ood(0C),42,06-01-17_10.36 0degC_NN_Pan18650PF,0.7854518890380859
A2-1 − A2-0,新息/残差类 vs 无诊断,ood(0C),101,06-01-17_10.36 0degC_NN_Pan18650PF,0.07399463653564453
A2-1 − A2-0,新息/残差类 vs 无诊断,ood(0C),202,06-01-17_10.36 0degC_NN_Pan18650PF,-0.13698768615722656
A2-1 − A2-0,新息/残差类 vs 无诊断,ood(0C),303,06-01-17_10.36 0degC_NN_Pan18650PF,-0.29807519912719727
A2-1 − A2-0,新息/残差类 vs 无诊断,ood(0C),404,06-01-17_10.36 0degC_NN_Pan18650PF,-0.3175039291381836
A2-1 − A2-0,新息/残差类 vs 无诊断,ood(0C),505,06-01-17_10.36 0degC_NN_Pan18650PF,0.08490419387817383
A2-1 − A2-0,新息/残差类 vs 无诊断,ood(0C),606,06-01-17_10.36 0degC_NN_Pan18650PF,-0.4876070022583008
A2-1 − A2-0,新息/残差类 vs 无诊断,ood(0C),707,06-01-17_10.36 0degC_NN_Pan18650PF,0.4646120071411133
A2-1 − A2-0,新息/残差类 vs 无诊断,ood(0C),7,06-01-17_15.36 0degC_Cycle_3_Pan18650PF,0.5488767623901349
A2-1 − A2-0,新息/残差类 vs 无诊断,ood(0C),13,06-01-17_15.36 0degC_Cycle_3_Pan18650PF,0.25174522399902166
A2-1 − A2-0,新息/残差类 vs 无诊断,ood(0C),42,06-01-17_15.36 0degC_Cycle_3_Pan18650PF,0.994661331176756
A2-1 − A2-0,新息/残差类 vs 无诊断,ood(0C),101,06-01-17_15.36 0degC_Cycle_3_Pan18650PF,0.02813911437988459
A2-1 − A2-0,新息/残差类 vs 无诊断,ood(0C),202,06-01-17_15.36 0degC_Cycle_3_Pan18650PF,0.060660362243652344
A2-1 − A2-0,新息/残差类 vs 无诊断,ood(0C),303,06-01-17_15.36 0degC_Cycle_3_Pan18650PF,-0.39321327209472656
A2-1 − A2-0,新息/残差类 vs 无诊断,ood(0C),404,06-01-17_15.36 0degC_Cycle_3_Pan18650PF,-0.27754306793212713
A2-1 − A2-0,新息/残差类 vs 无诊断,ood(0C),505,06-01-17_15.36 0degC_Cycle_3_Pan18650PF,-0.07211971282958807
A2-1 − A2-0,新息/残差类 vs 无诊断,ood(0C),606,06-01-17_15.36 0degC_Cycle_3_Pan18650PF,-0.4680595397949201
A2-1 − A2-0,新息/残差类 vs 无诊断,ood(0C),707,06-01-17_15.36 0degC_Cycle_3_Pan18650PF,0.7177047729492188
A2-1 − A2-0,新息/残差类 vs 无诊断,ood(0C),7,06-01-17_22.03 0degC_Cycle_4_Pan18650PF,0.37960052490234375
A2-1 − A2-0,新息/残差类 vs 无诊断,ood(0C),13,06-01-17_22.03 0degC_Cycle_4_Pan18650PF,0.2102794647216797
A2-1 − A2-0,新息/残差类 vs 无诊断,ood(0C),42,06-01-17_22.03 0degC_Cycle_4_Pan18650PF,1.1012077331542969
A2-1 − A2-0,新息/残差类 vs 无诊断,ood(0C),101,06-01-17_22.03 0degC_Cycle_4_Pan18650PF,0.13140583038330078
A2-1 − A2-0,新息/残差类 vs 无诊断,ood(0C),202,06-01-17_22.03 0degC_Cycle_4_Pan18650PF,-0.044005393981933594
A2-1 − A2-0,新息/残差类 vs 无诊断,ood(0C),303,06-01-17_22.03 0degC_Cycle_4_Pan18650PF,-0.2863750457763672
A2-1 − A2-0,新息/残差类 vs 无诊断,ood(0C),404,06-01-17_22.03 0degC_Cycle_4_Pan18650PF,-0.33067989349365234
A2-1 − A2-0,新息/残差类 vs 无诊断,ood(0C),505,06-01-17_22.03 0degC_Cycle_4_Pan18650PF,0.28058528900146484
A2-1 − A2-0,新息/残差类 vs 无诊断,ood(0C),606,06-01-17_22.03 0degC_Cycle_4_Pan18650PF,-0.4014863967895508
A2-1 − A2-0,新息/残差类 vs 无诊断,ood(0C),707,06-01-17_22.03 0degC_Cycle_4_Pan18650PF,0.7249059677124023
A2-1 − A2-0,新息/残差类 vs 无诊断,ood(0C),7,06-02-17_04.58 0degC_US06_Pan18650PF,0.43467044830322266
A2-1 − A2-0,新息/残差类 vs 无诊断,ood(0C),13,06-02-17_04.58 0degC_US06_Pan18650PF,0.5902948379516619
A2-1 − A2-0,新息/残差类 vs 无诊断,ood(0C),42,06-02-17_04.58 0degC_US06_Pan18650PF,1.0261049270629883
A2-1 − A2-0,新息/残差类 vs 无诊断,ood(0C),101,06-02-17_04.58 0degC_US06_Pan18650PF,0.013107299804685724
A2-1 − A2-0,新息/残差类 vs 无诊断,ood(0C),202,06-02-17_04.58 0degC_US06_Pan18650PF,-0.3224077224731463
A2-1 − A2-0,新息/残差类 vs 无诊断,ood(0C),303,06-02-17_04.58 0degC_US06_Pan18650PF,-0.14794063568115234
A2-1 − A2-0,新息/残差类 vs 无诊断,ood(0C),404,06-02-17_04.58 0degC_US06_Pan18650PF,-0.0523910522460973
A2-1 − A2-0,新息/残差类 vs 无诊断,ood(0C),505,06-02-17_04.58 0degC_US06_Pan18650PF,0.146728515625
A2-1 − A2-0,新息/残差类 vs 无诊断,ood(0C),606,06-02-17_04.58 0degC_US06_Pan18650PF,-0.1972637176513654
A2-1 − A2-0,新息/残差类 vs 无诊断,ood(0C),707,06-02-17_04.58 0degC_US06_Pan18650PF,0.6878280639648438
A2-1 − A2-0,新息/残差类 vs 无诊断,ood(0C),7,06-02-17_10.43 0degC_HWFET_Pan18650PF,0.4128293991088885
A2-1 − A2-0,新息/残差类 vs 无诊断,ood(0C),13,06-02-17_10.43 0degC_HWFET_Pan18650PF,0.35651111602783203
A2-1 − A2-0,新息/残差类 vs 无诊断,ood(0C),42,06-02-17_10.43 0degC_HWFET_Pan18650PF,1.4754533767700213
A2-1 − A2-0,新息/残差类 vs 无诊断,ood(0C),101,06-02-17_10.43 0degC_HWFET_Pan18650PF,-0.21172428131103338
A2-1 − A2-0,新息/残差类 vs 无诊断,ood(0C),202,06-02-17_10.43 0degC_HWFET_Pan18650PF,-0.12614345550536932
A2-1 − A2-0,新息/残差类 vs 无诊断,ood(0C),303,06-02-17_10.43 0degC_HWFET_Pan18650PF,-0.18567276000976385
A2-1 − A2-0,新息/残差类 vs 无诊断,ood(0C),404,06-02-17_10.43 0degC_HWFET_Pan18650PF,-0.2486925125122088
A2-1 − A2-0,新息/残差类 vs 无诊断,ood(0C),505,06-02-17_10.43 0degC_HWFET_Pan18650PF,0.3937397003173828
A2-1 − A2-0,新息/残差类 vs 无诊断,ood(0C),606,06-02-17_10.43 0degC_HWFET_Pan18650PF,-0.36640453338623047
A2-1 − A2-0,新息/残差类 vs 无诊断,ood(0C),707,06-02-17_10.43 0degC_HWFET_Pan18650PF,0.9135246276855469
A2-1 − A2-0,新息/残差类 vs 无诊断,ood(0C),7,06-02-17_17.14 0degC_UDDS_Pan18650PF,0.4789314270019531
A2-1 − A2-0,新息/残差类 vs 无诊断,ood(0C),13,06-02-17_17.14 0degC_UDDS_Pan18650PF,0.005839347839355469
A2-1 − A2-0,新息/残差类 vs 无诊断,ood(0C),42,06-02-17_17.14 0degC_UDDS_Pan18650PF,1.0211019515991193
A2-1 − A2-0,新息/残差类 vs 无诊断,ood(0C),101,06-02-17_17.14 0degC_UDDS_Pan18650PF,0.2252025604248047
A2-1 − A2-0,新息/残差类 vs 无诊断,ood(0C),202,06-02-17_17.14 0degC_UDDS_Pan18650PF,0.1691427230834961
A2-1 − A2-0,新息/残差类 vs 无诊断,ood(0C),303,06-02-17_17.14 0degC_UDDS_Pan18650PF,-0.3655576705932617
A2-1 − A2-0,新息/残差类 vs 无诊断,ood(0C),404,06-02-17_17.14 0degC_UDDS_Pan18650PF,-0.4237661361694336
A2-1 − A2-0,新息/残差类 vs 无诊断,ood(0C),505,06-02-17_17.14 0degC_UDDS_Pan18650PF,0.21161174774169922
A2-1 − A2-0,新息/残差类 vs 无诊断,ood(0C),606,06-02-17_17.14 0degC_UDDS_Pan18650PF,-0.5193538665771484
A2-1 − A2-0,新息/残差类 vs 无诊断,ood(0C),707,06-02-17_17.14 0degC_UDDS_Pan18650PF,0.7337894439697266
A2-1 − A2-0,新息/残差类 vs 无诊断,ood(-10C),7,06-07-17_08.39 n10degC_HWFET_Pan18650PF,0.28612565994262695
A2-1 − A2-0,新息/残差类 vs 无诊断,ood(-10C),13,06-07-17_08.39 n10degC_HWFET_Pan18650PF,-0.02149057388305664
A2-1 − A2-0,新息/残差类 vs 无诊断,ood(-10C),42,06-07-17_08.39 n10degC_HWFET_Pan18650PF,1.3248729705810547
A2-1 − A2-0,新息/残差类 vs 无诊断,ood(-10C),101,06-07-17_08.39 n10degC_HWFET_Pan18650PF,-0.10816287994384766
A2-1 − A2-0,新息/残差类 vs 无诊断,ood(-10C),202,06-07-17_08.39 n10degC_HWFET_Pan18650PF,-0.10976457595825195
A2-1 − A2-0,新息/残差类 vs 无诊断,ood(-10C),303,06-07-17_08.39 n10degC_HWFET_Pan18650PF,-0.1939525604248047
A2-1 − A2-0,新息/残差类 vs 无诊断,ood(-10C),404,06-07-17_08.39 n10degC_HWFET_Pan18650PF,-0.4209866523742676
A2-1 − A2-0,新息/残差类 vs 无诊断,ood(-10C),505,06-07-17_08.39 n10degC_HWFET_Pan18650PF,0.3039722442626953
A2-1 − A2-0,新息/残差类 vs 无诊断,ood(-10C),606,06-07-17_08.39 n10degC_HWFET_Pan18650PF,-0.5712456703186035
A2-1 − A2-0,新息/残差类 vs 无诊断,ood(-10C),707,06-07-17_08.39 n10degC_HWFET_Pan18650PF,0.8480277061462402
A2-1 − A2-0,新息/残差类 vs 无诊断,ood(-10C),7,06-07-17_08.39 n10degC_LA92_Pan18650PF,0.38692188262939453
A2-1 − A2-0,新息/残差类 vs 无诊断,ood(-10C),13,06-07-17_08.39 n10degC_LA92_Pan18650PF,-0.04745054244995206
A2-1 − A2-0,新息/残差类 vs 无诊断,ood(-10C),42,06-07-17_08.39 n10degC_LA92_Pan18650PF,0.9782099723815918
A2-1 − A2-0,新息/残差类 vs 无诊断,ood(-10C),101,06-07-17_08.39 n10degC_LA92_Pan18650PF,0.16247892379760653
A2-1 − A2-0,新息/残差类 vs 无诊断,ood(-10C),202,06-07-17_08.39 n10degC_LA92_Pan18650PF,-0.0810699462890625
A2-1 − A2-0,新息/残差类 vs 无诊断,ood(-10C),303,06-07-17_08.39 n10degC_LA92_Pan18650PF,-0.3586597442626953
A2-1 − A2-0,新息/残差类 vs 无诊断,ood(-10C),404,06-07-17_08.39 n10degC_LA92_Pan18650PF,-0.37479639053344727
A2-1 − A2-0,新息/残差类 vs 无诊断,ood(-10C),505,06-07-17_08.39 n10degC_LA92_Pan18650PF,0.10704898834228516
A2-1 − A2-0,新息/残差类 vs 无诊断,ood(-10C),606,06-07-17_08.39 n10degC_LA92_Pan18650PF,-0.6445307731628418
A2-1 − A2-0,新息/残差类 vs 无诊断,ood(-10C),707,06-07-17_08.39 n10degC_LA92_Pan18650PF,0.7493839263916016
A2-1 − A2-0,新息/残差类 vs 无诊断,ood(-10C),7,06-07-17_08.39 n10degC_UDDS_Pan18650PF,0.4487600326538086
A2-1 − A2-0,新息/残差类 vs 无诊断,ood(-10C),13,06-07-17_08.39 n10degC_UDDS_Pan18650PF,-0.17025661468506037
A2-1 − A2-0,新息/残差类 vs 无诊断,ood(-10C),42,06-07-17_08.39 n10degC_UDDS_Pan18650PF,0.9755477905273438
A2-1 − A2-0,新息/残差类 vs 无诊断,ood(-10C),101,06-07-17_08.39 n10degC_UDDS_Pan18650PF,0.28701210021972834
A2-1 − A2-0,新息/残差类 vs 无诊断,ood(-10C),202,06-07-17_08.39 n10degC_UDDS_Pan18650PF,0.069122314453125
A2-1 − A2-0,新息/残差类 vs 无诊断,ood(-10C),303,06-07-17_08.39 n10degC_UDDS_Pan18650PF,-0.4301586151123029
A2-1 − A2-0,新息/残差类 vs 无诊断,ood(-10C),404,06-07-17_08.39 n10degC_UDDS_Pan18650PF,-0.4972705841064453
A2-1 − A2-0,新息/残差类 vs 无诊断,ood(-10C),505,06-07-17_08.39 n10degC_UDDS_Pan18650PF,0.16241168975830078
A2-1 − A2-0,新息/残差类 vs 无诊断,ood(-10C),606,06-07-17_08.39 n10degC_UDDS_Pan18650PF,-0.700108528137207
A2-1 − A2-0,新息/残差类 vs 无诊断,ood(-10C),707,06-07-17_08.39 n10degC_UDDS_Pan18650PF,0.8726053237915039
A2-1 − A2-0,新息/残差类 vs 无诊断,ood(-10C),7,06-07-17_08.39 n10degC_US06_Pan18650PF,0.16681241989135742
A2-1 − A2-0,新息/残差类 vs 无诊断,ood(-10C),13,06-07-17_08.39 n10degC_US06_Pan18650PF,-0.02403545379638583
A2-1 − A2-0,新息/残差类 vs 无诊断,ood(-10C),42,06-07-17_08.39 n10degC_US06_Pan18650PF,0.9101719856262207
A2-1 − A2-0,新息/残差类 vs 无诊断,ood(-10C),101,06-07-17_08.39 n10degC_US06_Pan18650PF,0.09102582931518555
A2-1 − A2-0,新息/残差类 vs 无诊断,ood(-10C),202,06-07-17_08.39 n10degC_US06_Pan18650PF,-0.31085920333862305
A2-1 − A2-0,新息/残差类 vs 无诊断,ood(-10C),303,06-07-17_08.39 n10degC_US06_Pan18650PF,-0.47362422943115234
A2-1 − A2-0,新息/残差类 vs 无诊断,ood(-10C),404,06-07-17_08.39 n10degC_US06_Pan18650PF,-0.3461184501647949
A2-1 − A2-0,新息/残差类 vs 无诊断,ood(-10C),505,06-07-17_08.39 n10degC_US06_Pan18650PF,-0.07994318008422852
A2-1 − A2-0,新息/残差类 vs 无诊断,ood(-10C),606,06-07-17_08.39 n10degC_US06_Pan18650PF,-0.8090639114379883
A2-1 − A2-0,新息/残差类 vs 无诊断,ood(-10C),707,06-07-17_08.39 n10degC_US06_Pan18650PF,0.6068129539489746
A2-1 − A2-0,新息/残差类 vs 无诊断,ood(-10C),7,06-10-17_11.25 n10degC_Cycle_1_Pan18650PF,0.470283508300783
A2-1 − A2-0,新息/残差类 vs 无诊断,ood(-10C),13,06-10-17_11.25 n10degC_Cycle_1_Pan18650PF,0.06027603149413885
A2-1 − A2-0,新息/残差类 vs 无诊断,ood(-10C),42,06-10-17_11.25 n10degC_Cycle_1_Pan18650PF,1.2636775970458984
A2-1 − A2-0,新息/残差类 vs 无诊断,ood(-10C),101,06-10-17_11.25 n10degC_Cycle_1_Pan18650PF,0.10206317901611506
A2-1 − A2-0,新息/残差类 vs 无诊断,ood(-10C),202,06-10-17_11.25 n10degC_Cycle_1_Pan18650PF,-0.07907390594482422
A2-1 − A2-0,新息/残差类 vs 无诊断,ood(-10C),303,06-10-17_11.25 n10degC_Cycle_1_Pan18650PF,-0.30384254455566406
A2-1 − A2-0,新息/残差类 vs 无诊断,ood(-10C),404,06-10-17_11.25 n10degC_Cycle_1_Pan18650PF,-0.4184093475341797
A2-1 − A2-0,新息/残差类 vs 无诊断,ood(-10C),505,06-10-17_11.25 n10degC_Cycle_1_Pan18650PF,0.30146408081054865
A2-1 − A2-0,新息/残差类 vs 无诊断,ood(-10C),606,06-10-17_11.25 n10degC_Cycle_1_Pan18650PF,-0.5016593933105451
A2-1 − A2-0,新息/残差类 vs 无诊断,ood(-10C),707,06-10-17_11.25 n10degC_Cycle_1_Pan18650PF,0.9224185943603516
A2-1 − A2-0,新息/残差类 vs 无诊断,ood(-10C),7,06-10-17_18.35 n10degC_Cycle_2_Pan18650PF,0.6128349304199219
A2-1 − A2-0,新息/残差类 vs 无诊断,ood(-10C),13,06-10-17_18.35 n10degC_Cycle_2_Pan18650PF,0.19089698791503906
A2-1 − A2-0,新息/残差类 vs 无诊断,ood(-10C),42,06-10-17_18.35 n10degC_Cycle_2_Pan18650PF,1.336517333984382
A2-1 − A2-0,新息/残差类 vs 无诊断,ood(-10C),101,06-10-17_18.35 n10degC_Cycle_2_Pan18650PF,0.1275005340576172
A2-1 − A2-0,新息/残差类 vs 无诊断,ood(-10C),202,06-10-17_18.35 n10degC_Cycle_2_Pan18650PF,-0.07247543334960938
A2-1 − A2-0,新息/残差类 vs 无诊断,ood(-10C),303,06-10-17_18.35 n10degC_Cycle_2_Pan18650PF,-0.34264564514160156
A2-1 − A2-0,新息/残差类 vs 无诊断,ood(-10C),404,06-10-17_18.35 n10degC_Cycle_2_Pan18650PF,-0.3998279571533203
A2-1 − A2-0,新息/残差类 vs 无诊断,ood(-10C),505,06-10-17_18.35 n10degC_Cycle_2_Pan18650PF,0.22642898559570312
A2-1 − A2-0,新息/残差类 vs 无诊断,ood(-10C),606,06-10-17_18.35 n10degC_Cycle_2_Pan18650PF,-0.6786289215087891
A2-1 − A2-0,新息/残差类 vs 无诊断,ood(-10C),707,06-10-17_18.35 n10degC_Cycle_2_Pan18650PF,1.0739612579345703
A2-1 − A2-0,新息/残差类 vs 无诊断,ood(-10C),7,06-11-17_01.39 n10degC_Cycle_3_Pan18650PF,0.60028076171875
A2-1 − A2-0,新息/残差类 vs 无诊断,ood(-10C),13,06-11-17_01.39 n10degC_Cycle_3_Pan18650PF,0.21246719360351562
A2-1 − A2-0,新息/残差类 vs 无诊断,ood(-10C),42,06-11-17_01.39 n10degC_Cycle_3_Pan18650PF,1.1669445037841797
A2-1 − A2-0,新息/残差类 vs 无诊断,ood(-10C),101,06-11-17_01.39 n10degC_Cycle_3_Pan18650PF,0.14392089843749645
A2-1 − A2-0,新息/残差类 vs 无诊断,ood(-10C),202,06-11-17_01.39 n10degC_Cycle_3_Pan18650PF,-0.05383110046386719
A2-1 − A2-0,新息/残差类 vs 无诊断,ood(-10C),303,06-11-17_01.39 n10degC_Cycle_3_Pan18650PF,-0.40902900695801137
A2-1 − A2-0,新息/残差类 vs 无诊断,ood(-10C),404,06-11-17_01.39 n10degC_Cycle_3_Pan18650PF,-0.3241462707519567
A2-1 − A2-0,新息/残差类 vs 无诊断,ood(-10C),505,06-11-17_01.39 n10degC_Cycle_3_Pan18650PF,0.008567810058590197
A2-1 − A2-0,新息/残差类 vs 无诊断,ood(-10C),606,06-11-17_01.39 n10degC_Cycle_3_Pan18650PF,-0.6537990570068359
A2-1 − A2-0,新息/残差类 vs 无诊断,ood(-10C),707,06-11-17_01.39 n10degC_Cycle_3_Pan18650PF,0.9239387512207031
A2-1 − A2-0,新息/残差类 vs 无诊断,ood(-10C),7,06-11-17_08.42 n10degC_Cycle_4_Pan18650PF,0.5437831878662092
A2-1 − A2-0,新息/残差类 vs 无诊断,ood(-10C),13,06-11-17_08.42 n10degC_Cycle_4_Pan18650PF,0.22766780853271484
A2-1 − A2-0,新息/残差类 vs 无诊断,ood(-10C),42,06-11-17_08.42 n10degC_Cycle_4_Pan18650PF,1.263686180114746
A2-1 − A2-0,新息/残差类 vs 无诊断,ood(-10C),101,06-11-17_08.42 n10degC_Cycle_4_Pan18650PF,0.11999702453613104
A2-1 − A2-0,新息/残差类 vs 无诊断,ood(-10C),202,06-11-17_08.42 n10degC_Cycle_4_Pan18650PF,-0.1312446594238299
A2-1 − A2-0,新息/残差类 vs 无诊断,ood(-10C),303,06-11-17_08.42 n10degC_Cycle_4_Pan18650PF,-0.3657035827636719
A2-1 − A2-0,新息/残差类 vs 无诊断,ood(-10C),404,06-11-17_08.42 n10degC_Cycle_4_Pan18650PF,-0.29002952575683594
A2-1 − A2-0,新息/残差类 vs 无诊断,ood(-10C),505,06-11-17_08.42 n10degC_Cycle_4_Pan18650PF,0.16622924804687678
A2-1 − A2-0,新息/残差类 vs 无诊断,ood(-10C),606,06-11-17_08.42 n10degC_Cycle_4_Pan18650PF,-0.5567178726196271
A2-1 − A2-0,新息/残差类 vs 无诊断,ood(-10C),707,06-11-17_08.42 n10degC_Cycle_4_Pan18650PF,1.0328731536865234
A2-1 − A2-0,新息/残差类 vs 无诊断,ood(-10C),7,06-14-17_13.12 n10degC_NN_Pan18650PF,0.5748062133789062
A2-1 − A2-0,新息/残差类 vs 无诊断,ood(-10C),13,06-14-17_13.12 n10degC_NN_Pan18650PF,0.19957542419433594
A2-1 − A2-0,新息/残差类 vs 无诊断,ood(-10C),42,06-14-17_13.12 n10degC_NN_Pan18650PF,1.0828094482421875
A2-1 − A2-0,新息/残差类 vs 无诊断,ood(-10C),101,06-14-17_13.12 n10degC_NN_Pan18650PF,0.138336181640625
A2-1 − A2-0,新息/残差类 vs 无诊断,ood(-10C),202,06-14-17_13.12 n10degC_NN_Pan18650PF,-0.13977432250976562
A2-1 − A2-0,新息/残差类 vs 无诊断,ood(-10C),303,06-14-17_13.12 n10degC_NN_Pan18650PF,-0.3936500549316406
A2-1 − A2-0,新息/残差类 vs 无诊断,ood(-10C),404,06-14-17_13.12 n10degC_NN_Pan18650PF,-0.3831672668457031
A2-1 − A2-0,新息/残差类 vs 无诊断,ood(-10C),505,06-14-17_13.12 n10degC_NN_Pan18650PF,0.06335067749023438
A2-1 − A2-0,新息/残差类 vs 无诊断,ood(-10C),606,06-14-17_13.12 n10degC_NN_Pan18650PF,-0.6308765411376953
A2-1 − A2-0,新息/残差类 vs 无诊断,ood(-10C),707,06-14-17_13.12 n10degC_NN_Pan18650PF,0.9201393127441406
A2-1 − A2-0,新息/残差类 vs 无诊断,ood(-20C),7,06-23-17_23.35 n20degC_HWFET_Pan18650PF,0.28357410430908203
A2-1 − A2-0,新息/残差类 vs 无诊断,ood(-20C),13,06-23-17_23.35 n20degC_HWFET_Pan18650PF,-0.321286678314209
A2-1 − A2-0,新息/残差类 vs 无诊断,ood(-20C),42,06-23-17_23.35 n20degC_HWFET_Pan18650PF,1.3395261764526358
A2-1 − A2-0,新息/残差类 vs 无诊断,ood(-20C),101,06-23-17_23.35 n20degC_HWFET_Pan18650PF,0.010582447052001953
A2-1 − A2-0,新息/残差类 vs 无诊断,ood(-20C),202,06-23-17_23.35 n20degC_HWFET_Pan18650PF,-0.2305126190185538
A2-1 − A2-0,新息/残差类 vs 无诊断,ood(-20C),303,06-23-17_23.35 n20degC_HWFET_Pan18650PF,-0.41671085357666016
A2-1 − A2-0,新息/残差类 vs 无诊断,ood(-20C),404,06-23-17_23.35 n20degC_HWFET_Pan18650PF,-0.6739778518676758
A2-1 − A2-0,新息/残差类 vs 无诊断,ood(-20C),505,06-23-17_23.35 n20degC_HWFET_Pan18650PF,0.09701108932495117
A2-1 − A2-0,新息/残差类 vs 无诊断,ood(-20C),606,06-23-17_23.35 n20degC_HWFET_Pan18650PF,-0.9682331085205078
A2-1 − A2-0,新息/残差类 vs 无诊断,ood(-20C),707,06-23-17_23.35 n20degC_HWFET_Pan18650PF,1.1216378211975089
A2-1 − A2-0,新息/残差类 vs 无诊断,ood(-20C),7,06-23-17_23.35 n20degC_LA92_Pan18650PF,0.3764643669128418
A2-1 − A2-0,新息/残差类 vs 无诊断,ood(-20C),13,06-23-17_23.35 n20degC_LA92_Pan18650PF,-0.3261404037475586
A2-1 − A2-0,新息/残差类 vs 无诊断,ood(-20C),42,06-23-17_23.35 n20degC_LA92_Pan18650PF,1.0802359580993652
A2-1 − A2-0,新息/残差类 vs 无诊断,ood(-20C),101,06-23-17_23.35 n20degC_LA92_Pan18650PF,0.32895898818969727
A2-1 − A2-0,新息/残差类 vs 无诊断,ood(-20C),202,06-23-17_23.35 n20degC_LA92_Pan18650PF,-0.20806360244750977
A2-1 − A2-0,新息/残差类 vs 无诊断,ood(-20C),303,06-23-17_23.35 n20degC_LA92_Pan18650PF,-0.5181384086608887
A2-1 − A2-0,新息/残差类 vs 无诊断,ood(-20C),404,06-23-17_23.35 n20degC_LA92_Pan18650PF,-0.589118480682373
A2-1 − A2-0,新息/残差类 vs 无诊断,ood(-20C),505,06-23-17_23.35 n20degC_LA92_Pan18650PF,-0.008615493774414062
A2-1 − A2-0,新息/残差类 vs 无诊断,ood(-20C),606,06-23-17_23.35 n20degC_LA92_Pan18650PF,-0.9262809753417969
A2-1 − A2-0,新息/残差类 vs 无诊断,ood(-20C),707,06-23-17_23.35 n20degC_LA92_Pan18650PF,1.081737995147705
A2-1 − A2-0,新息/残差类 vs 无诊断,ood(-20C),7,06-23-17_23.35 n20degC_NN_Pan18650PF,0.37122631072998047
A2-1 − A2-0,新息/残差类 vs 无诊断,ood(-20C),13,06-23-17_23.35 n20degC_NN_Pan18650PF,-0.3817429542541504
A2-1 − A2-0,新息/残差类 vs 无诊断,ood(-20C),42,06-23-17_23.35 n20degC_NN_Pan18650PF,1.0718703269958496
A2-1 − A2-0,新息/残差类 vs 无诊断,ood(-20C),101,06-23-17_23.35 n20degC_NN_Pan18650PF,0.32707881927490234
A2-1 − A2-0,新息/残差类 vs 无诊断,ood(-20C),202,06-23-17_23.35 n20degC_NN_Pan18650PF,-0.1840832233428955
A2-1 − A2-0,新息/残差类 vs 无诊断,ood(-20C),303,06-23-17_23.35 n20degC_NN_Pan18650PF,-0.4415607452392578
A2-1 − A2-0,新息/残差类 vs 无诊断,ood(-20C),404,06-23-17_23.35 n20degC_NN_Pan18650PF,-0.5868101119995117
A2-1 − A2-0,新息/残差类 vs 无诊断,ood(-20C),505,06-23-17_23.35 n20degC_NN_Pan18650PF,-0.0609593391418457
A2-1 − A2-0,新息/残差类 vs 无诊断,ood(-20C),606,06-23-17_23.35 n20degC_NN_Pan18650PF,-0.9920010566711426
A2-1 − A2-0,新息/残差类 vs 无诊断,ood(-20C),707,06-23-17_23.35 n20degC_NN_Pan18650PF,0.9945821762084961
A2-1 − A2-0,新息/残差类 vs 无诊断,ood(-20C),7,06-23-17_23.35 n20degC_UDDS_Pan18650PF,0.3693275451660156
A2-1 − A2-0,新息/残差类 vs 无诊断,ood(-20C),13,06-23-17_23.35 n20degC_UDDS_Pan18650PF,-0.39748191833495916
A2-1 − A2-0,新息/残差类 vs 无诊断,ood(-20C),42,06-23-17_23.35 n20degC_UDDS_Pan18650PF,0.9182567596435565
A2-1 − A2-0,新息/残差类 vs 无诊断,ood(-20C),101,06-23-17_23.35 n20degC_UDDS_Pan18650PF,0.3044652938842791
A2-1 − A2-0,新息/残差类 vs 无诊断,ood(-20C),202,06-23-17_23.35 n20degC_UDDS_Pan18650PF,-0.09435844421386896
A2-1 − A2-0,新息/残差类 vs 无诊断,ood(-20C),303,06-23-17_23.35 n20degC_UDDS_Pan18650PF,-0.5501508712768555
A2-1 − A2-0,新息/残差类 vs 无诊断,ood(-20C),404,06-23-17_23.35 n20degC_UDDS_Pan18650PF,-0.6518802642822283
A2-1 − A2-0,新息/残差类 vs 无诊断,ood(-20C),505,06-23-17_23.35 n20degC_UDDS_Pan18650PF,0.06735992431640803
A2-1 − A2-0,新息/残差类 vs 无诊断,ood(-20C),606,06-23-17_23.35 n20degC_UDDS_Pan18650PF,-0.8755865097045881
A2-1 − A2-0,新息/残差类 vs 无诊断,ood(-20C),707,06-23-17_23.35 n20degC_UDDS_Pan18650PF,1.105691909790039
A2-1 − A2-0,新息/残差类 vs 无诊断,ood(-20C),7,06-24-17_04.29 n20degC_Cycle_1_Pan18650PF,0.5786914825439453
A2-1 − A2-0,新息/残差类 vs 无诊断,ood(-20C),13,06-24-17_04.29 n20degC_Cycle_1_Pan18650PF,0.00366973876953125
A2-1 − A2-0,新息/残差类 vs 无诊断,ood(-20C),42,06-24-17_04.29 n20degC_Cycle_1_Pan18650PF,1.2419624328613281
A2-1 − A2-0,新息/残差类 vs 无诊断,ood(-20C),101,06-24-17_04.29 n20degC_Cycle_1_Pan18650PF,0.24305915832520242
A2-1 − A2-0,新息/残差类 vs 无诊断,ood(-20C),202,06-24-17_04.29 n20degC_Cycle_1_Pan18650PF,-0.21672821044921875
A2-1 − A2-0,新息/残差类 vs 无诊断,ood(-20C),303,06-24-17_04.29 n20degC_Cycle_1_Pan18650PF,-0.4979591369628906
A2-1 − A2-0,新息/残差类 vs 无诊断,ood(-20C),404,06-24-17_04.29 n20degC_Cycle_1_Pan18650PF,-0.537506103515625
A2-1 − A2-0,新息/残差类 vs 无诊断,ood(-20C),505,06-24-17_04.29 n20degC_Cycle_1_Pan18650PF,0.025382995605465197
A2-1 − A2-0,新息/残差类 vs 无诊断,ood(-20C),606,06-24-17_04.29 n20degC_Cycle_1_Pan18650PF,-0.6726665496826172
A2-1 − A2-0,新息/残差类 vs 无诊断,ood(-20C),707,06-24-17_04.29 n20degC_Cycle_1_Pan18650PF,1.2199974060058558
A2-1 − A2-0,新息/残差类 vs 无诊断,ood(-20C),7,06-24-17_11.58 n20degC_Cycle_2_Pan18650PF,0.6105537414550781
A2-1 − A2-0,新息/残差类 vs 无诊断,ood(-20C),13,06-24-17_11.58 n20degC_Cycle_2_Pan18650PF,0.0779876708984375
A2-1 − A2-0,新息/残差类 vs 无诊断,ood(-20C),42,06-24-17_11.58 n20degC_Cycle_2_Pan18650PF,1.3105506896972656
A2-1 − A2-0,新息/残差类 vs 无诊断,ood(-20C),101,06-24-17_11.58 n20degC_Cycle_2_Pan18650PF,0.20288276672362926
A2-1 − A2-0,新息/残差类 vs 无诊断,ood(-20C),202,06-24-17_11.58 n20degC_Cycle_2_Pan18650PF,-0.37609100341797586
A2-1 − A2-0,新息/残差类 vs 无诊断,ood(-20C),303,06-24-17_11.58 n20degC_Cycle_2_Pan18650PF,-0.4128284454345703
A2-1 − A2-0,新息/残差类 vs 无诊断,ood(-20C),404,06-24-17_11.58 n20degC_Cycle_2_Pan18650PF,-0.5631504058837891
A2-1 − A2-0,新息/残差类 vs 无诊断,ood(-20C),505,06-24-17_11.58 n20degC_Cycle_2_Pan18650PF,0.07672119140625
A2-1 − A2-0,新息/残差类 vs 无诊断,ood(-20C),606,06-24-17_11.58 n20degC_Cycle_2_Pan18650PF,-0.7365322113037109
A2-1 − A2-0,新息/残差类 vs 无诊断,ood(-20C),707,06-24-17_11.58 n20degC_Cycle_2_Pan18650PF,1.4349555969238317
A2-1 − A2-0,新息/残差类 vs 无诊断,ood(-20C),7,06-24-17_19.29 n20degC_Cycle_3_Pan18650PF,0.4941272735595703
A2-1 − A2-0,新息/残差类 vs 无诊断,ood(-20C),13,06-24-17_19.29 n20degC_Cycle_3_Pan18650PF,0.039148330688480115
A2-1 − A2-0,新息/残差类 vs 无诊断,ood(-20C),42,06-24-17_19.29 n20degC_Cycle_3_Pan18650PF,1.204416275024414
A2-1 − A2-0,新息/残差类 vs 无诊断,ood(-20C),101,06-24-17_19.29 n20degC_Cycle_3_Pan18650PF,0.20543289184570312
A2-1 − A2-0,新息/残差类 vs 无诊断,ood(-20C),202,06-24-17_19.29 n20degC_Cycle_3_Pan18650PF,-0.134069442749027
A2-1 − A2-0,新息/残差类 vs 无诊断,ood(-20C),303,06-24-17_19.29 n20degC_Cycle_3_Pan18650PF,-0.35353660583496094
A2-1 − A2-0,新息/残差类 vs 无诊断,ood(-20C),404,06-24-17_19.29 n20degC_Cycle_3_Pan18650PF,-0.48735618591308594
A2-1 − A2-0,新息/残差类 vs 无诊断,ood(-20C),505,06-24-17_19.29 n20degC_Cycle_3_Pan18650PF,0.007440567016605115
A2-1 − A2-0,新息/残差类 vs 无诊断,ood(-20C),606,06-24-17_19.29 n20degC_Cycle_3_Pan18650PF,-0.7103595733642649
A2-1 − A2-0,新息/残差类 vs 无诊断,ood(-20C),707,06-24-17_19.29 n20degC_Cycle_3_Pan18650PF,1.2368316650390696
A2-1 − A2-0,新息/残差类 vs 无诊断,ood(-20C),7,06-25-17_03.01 n20degC_Cycle_4_Pan18650PF,0.559350967407223
A2-1 − A2-0,新息/残差类 vs 无诊断,ood(-20C),13,06-25-17_03.01 n20degC_Cycle_4_Pan18650PF,-0.04412269592284801
A2-1 − A2-0,新息/残差类 vs 无诊断,ood(-20C),42,06-25-17_03.01 n20degC_Cycle_4_Pan18650PF,1.4572582244873047
A2-1 − A2-0,新息/残差类 vs 无诊断,ood(-20C),101,06-25-17_03.01 n20degC_Cycle_4_Pan18650PF,0.25478172302246094
A2-1 − A2-0,新息/残差类 vs 无诊断,ood(-20C),202,06-25-17_03.01 n20degC_Cycle_4_Pan18650PF,-0.2865867614746094
A2-1 − A2-0,新息/残差类 vs 无诊断,ood(-20C),303,06-25-17_03.01 n20degC_Cycle_4_Pan18650PF,-0.5373916625976562
A2-1 − A2-0,新息/残差类 vs 无诊断,ood(-20C),404,06-25-17_03.01 n20degC_Cycle_4_Pan18650PF,-0.6222648620605433
A2-1 − A2-0,新息/残差类 vs 无诊断,ood(-20C),505,06-25-17_03.01 n20degC_Cycle_4_Pan18650PF,0.1291351318359375
A2-1 − A2-0,新息/残差类 vs 无诊断,ood(-20C),606,06-25-17_03.01 n20degC_Cycle_4_Pan18650PF,-0.7419605255126953
A2-1 − A2-0,新息/残差类 vs 无诊断,ood(-20C),707,06-25-17_03.01 n20degC_Cycle_4_Pan18650PF,1.480880737304684
A2-1 − A2-0,新息/残差类 vs 无诊断,ood(-20C),7,06-25-17_10.31 n20degC_US06_Pan18650PF,0.8029804229736328
A2-1 − A2-0,新息/残差类 vs 无诊断,ood(-20C),13,06-25-17_10.31 n20degC_US06_Pan18650PF,0.8948535919189489
A2-1 − A2-0,新息/残差类 vs 无诊断,ood(-20C),42,06-25-17_10.31 n20degC_US06_Pan18650PF,1.411289215087887
A2-1 − A2-0,新息/残差类 vs 无诊断,ood(-20C),101,06-25-17_10.31 n20degC_US06_Pan18650PF,0.4633903503418004
A2-1 − A2-0,新息/残差类 vs 无诊断,ood(-20C),202,06-25-17_10.31 n20degC_US06_Pan18650PF,-0.4155845642089844
A2-1 − A2-0,新息/残差类 vs 无诊断,ood(-20C),303,06-25-17_10.31 n20degC_US06_Pan18650PF,-0.2166118621826172
A2-1 − A2-0,新息/残差类 vs 无诊断,ood(-20C),404,06-25-17_10.31 n20degC_US06_Pan18650PF,0.09751701354980824
A2-1 − A2-0,新息/残差类 vs 无诊断,ood(-20C),505,06-25-17_10.31 n20degC_US06_Pan18650PF,-0.08431053161620738
A2-1 − A2-0,新息/残差类 vs 无诊断,ood(-20C),606,06-25-17_10.31 n20degC_US06_Pan18650PF,-0.4710426330566442
A2-1 − A2-0,新息/残差类 vs 无诊断,ood(-20C),707,06-25-17_10.31 n20degC_US06_Pan18650PF,1.4786815643310547
A2-2 − A2-0,ν+NIS vs 无诊断,test_id(25C),7,03-18-17_02.17 25degC_Cycle_1_Pan18650PF,-0.061709582805633545
A2-2 − A2-0,ν+NIS vs 无诊断,test_id(25C),13,03-18-17_02.17 25degC_Cycle_1_Pan18650PF,-0.04851377010345459
A2-2 − A2-0,ν+NIS vs 无诊断,test_id(25C),42,03-18-17_02.17 25degC_Cycle_1_Pan18650PF,0.02472364902496338
A2-2 − A2-0,ν+NIS vs 无诊断,test_id(25C),101,03-18-17_02.17 25degC_Cycle_1_Pan18650PF,-0.012852191925048828
A2-2 − A2-0,ν+NIS vs 无诊断,test_id(25C),202,03-18-17_02.17 25degC_Cycle_1_Pan18650PF,0.008883178234100342
A2-2 − A2-0,ν+NIS vs 无诊断,test_id(25C),303,03-18-17_02.17 25degC_Cycle_1_Pan18650PF,0.11959385871887207
A2-2 − A2-0,ν+NIS vs 无诊断,test_id(25C),404,03-18-17_02.17 25degC_Cycle_1_Pan18650PF,-0.06603246927261353
A2-2 − A2-0,ν+NIS vs 无诊断,test_id(25C),505,03-18-17_02.17 25degC_Cycle_1_Pan18650PF,-0.024984419345855713
A2-2 − A2-0,ν+NIS vs 无诊断,test_id(25C),606,03-18-17_02.17 25degC_Cycle_1_Pan18650PF,-0.059212684631347656
A2-2 − A2-0,ν+NIS vs 无诊断,test_id(25C),707,03-18-17_02.17 25degC_Cycle_1_Pan18650PF,-0.021330714225769043
A2-2 − A2-0,ν+NIS vs 无诊断,test_id(25C),7,03-19-17_03.25 25degC_Cycle_2_Pan18650PF,-0.03628873825073242
A2-2 − A2-0,ν+NIS vs 无诊断,test_id(25C),13,03-19-17_03.25 25degC_Cycle_2_Pan18650PF,0.026188015937805176
A2-2 − A2-0,ν+NIS vs 无诊断,test_id(25C),42,03-19-17_03.25 25degC_Cycle_2_Pan18650PF,-0.007764756679534912
A2-2 − A2-0,ν+NIS vs 无诊断,test_id(25C),101,03-19-17_03.25 25degC_Cycle_2_Pan18650PF,-0.09033691883087158
A2-2 − A2-0,ν+NIS vs 无诊断,test_id(25C),202,03-19-17_03.25 25degC_Cycle_2_Pan18650PF,-0.07702535390853882
A2-2 − A2-0,ν+NIS vs 无诊断,test_id(25C),303,03-19-17_03.25 25degC_Cycle_2_Pan18650PF,0.32832974195480347
A2-2 − A2-0,ν+NIS vs 无诊断,test_id(25C),404,03-19-17_03.25 25degC_Cycle_2_Pan18650PF,0.010126709938049316
A2-2 − A2-0,ν+NIS vs 无诊断,test_id(25C),505,03-19-17_03.25 25degC_Cycle_2_Pan18650PF,-0.03501009941101074
A2-2 − A2-0,ν+NIS vs 无诊断,test_id(25C),606,03-19-17_03.25 25degC_Cycle_2_Pan18650PF,-0.09808236360549927
A2-2 − A2-0,ν+NIS vs 无诊断,test_id(25C),707,03-19-17_03.25 25degC_Cycle_2_Pan18650PF,-0.11170214414596558
A2-2 − A2-0,ν+NIS vs 无诊断,test_id(25C),7,03-19-17_09.07 25degC_Cycle_3_Pan18650PF,0.0022521913051605225
A2-2 − A2-0,ν+NIS vs 无诊断,test_id(25C),13,03-19-17_09.07 25degC_Cycle_3_Pan18650PF,0.07924422621726984
A2-2 − A2-0,ν+NIS vs 无诊断,test_id(25C),42,03-19-17_09.07 25degC_Cycle_3_Pan18650PF,0.019508123397827204
A2-2 − A2-0,ν+NIS vs 无诊断,test_id(25C),101,03-19-17_09.07 25degC_Cycle_3_Pan18650PF,-0.05784052610397339
A2-2 − A2-0,ν+NIS vs 无诊断,test_id(25C),202,03-19-17_09.07 25degC_Cycle_3_Pan18650PF,-0.034748941659927424
A2-2 − A2-0,ν+NIS vs 无诊断,test_id(25C),303,03-19-17_09.07 25degC_Cycle_3_Pan18650PF,0.3335506319999695
A2-2 − A2-0,ν+NIS vs 无诊断,test_id(25C),404,03-19-17_09.07 25degC_Cycle_3_Pan18650PF,0.054971069097518865
A2-2 − A2-0,ν+NIS vs 无诊断,test_id(25C),505,03-19-17_09.07 25degC_Cycle_3_Pan18650PF,0.0304060578346253
A2-2 − A2-0,ν+NIS vs 无诊断,test_id(25C),606,03-19-17_09.07 25degC_Cycle_3_Pan18650PF,-0.008951425552368109
A2-2 − A2-0,ν+NIS vs 无诊断,test_id(25C),707,03-19-17_09.07 25degC_Cycle_3_Pan18650PF,-0.03814524412155146
A2-2 − A2-0,ν+NIS vs 无诊断,test_id(25C),7,03-19-17_14.31 25degC_Cycle_4_Pan18650PF,0.10141342878341675
A2-2 − A2-0,ν+NIS vs 无诊断,test_id(25C),13,03-19-17_14.31 25degC_Cycle_4_Pan18650PF,0.18395179510116577
A2-2 − A2-0,ν+NIS vs 无诊断,test_id(25C),42,03-19-17_14.31 25degC_Cycle_4_Pan18650PF,-0.24656373262405396
A2-2 − A2-0,ν+NIS vs 无诊断,test_id(25C),101,03-19-17_14.31 25degC_Cycle_4_Pan18650PF,-0.28168386220932007
A2-2 − A2-0,ν+NIS vs 无诊断,test_id(25C),202,03-19-17_14.31 25degC_Cycle_4_Pan18650PF,-0.12204426527023315
A2-2 − A2-0,ν+NIS vs 无诊断,test_id(25C),303,03-19-17_14.31 25degC_Cycle_4_Pan18650PF,0.47170883417129517
A2-2 − A2-0,ν+NIS vs 无诊断,test_id(25C),404,03-19-17_14.31 25degC_Cycle_4_Pan18650PF,-0.017628967761993408
A2-2 − A2-0,ν+NIS vs 无诊断,test_id(25C),505,03-19-17_14.31 25degC_Cycle_4_Pan18650PF,-0.06877094507217407
A2-2 − A2-0,ν+NIS vs 无诊断,test_id(25C),606,03-19-17_14.31 25degC_Cycle_4_Pan18650PF,0.057683587074279785
A2-2 − A2-0,ν+NIS vs 无诊断,test_id(25C),707,03-19-17_14.31 25degC_Cycle_4_Pan18650PF,0.009527385234832764
A2-2 − A2-0,ν+NIS vs 无诊断,ood(10C),7,03-27-17_09.06 10degC_HWFET_Pan18650PF,0.1714489459991455
A2-2 − A2-0,ν+NIS vs 无诊断,ood(10C),13,03-27-17_09.06 10degC_HWFET_Pan18650PF,0.3694891929626465
A2-2 − A2-0,ν+NIS vs 无诊断,ood(10C),42,03-27-17_09.06 10degC_HWFET_Pan18650PF,0.395596981048584
A2-2 − A2-0,ν+NIS vs 无诊断,ood(10C),101,03-27-17_09.06 10degC_HWFET_Pan18650PF,0.00806427001953125
A2-2 − A2-0,ν+NIS vs 无诊断,ood(10C),202,03-27-17_09.06 10degC_HWFET_Pan18650PF,0.2504851818084721
A2-2 − A2-0,ν+NIS vs 无诊断,ood(10C),303,03-27-17_09.06 10degC_HWFET_Pan18650PF,0.36092472076416016
A2-2 − A2-0,ν+NIS vs 无诊断,ood(10C),404,03-27-17_09.06 10degC_HWFET_Pan18650PF,-0.3610265254974365
A2-2 − A2-0,ν+NIS vs 无诊断,ood(10C),505,03-27-17_09.06 10degC_HWFET_Pan18650PF,0.34436631202697754
A2-2 − A2-0,ν+NIS vs 无诊断,ood(10C),606,03-27-17_09.06 10degC_HWFET_Pan18650PF,-0.26632595062255815
A2-2 − A2-0,ν+NIS vs 无诊断,ood(10C),707,03-27-17_09.06 10degC_HWFET_Pan18650PF,0.2547898292541504
A2-2 − A2-0,ν+NIS vs 无诊断,ood(10C),7,03-27-17_09.06 10degC_LA92_Pan18650PF,-0.0016429424285888672
A2-2 − A2-0,ν+NIS vs 无诊断,ood(10C),13,03-27-17_09.06 10degC_LA92_Pan18650PF,-0.12491059303283736
A2-2 − A2-0,ν+NIS vs 无诊断,ood(10C),42,03-27-17_09.06 10degC_LA92_Pan18650PF,0.18906354904174805
A2-2 − A2-0,ν+NIS vs 无诊断,ood(10C),101,03-27-17_09.06 10degC_LA92_Pan18650PF,0.12786316871643022
A2-2 − A2-0,ν+NIS vs 无诊断,ood(10C),202,03-27-17_09.06 10degC_LA92_Pan18650PF,0.2470159530639644
A2-2 − A2-0,ν+NIS vs 无诊断,ood(10C),303,03-27-17_09.06 10degC_LA92_Pan18650PF,-0.5717413425445557
A2-2 − A2-0,ν+NIS vs 无诊断,ood(10C),404,03-27-17_09.06 10degC_LA92_Pan18650PF,-0.3483419418334961
A2-2 − A2-0,ν+NIS vs 无诊断,ood(10C),505,03-27-17_09.06 10degC_LA92_Pan18650PF,0.28721022605895996
A2-2 − A2-0,ν+NIS vs 无诊断,ood(10C),606,03-27-17_09.06 10degC_LA92_Pan18650PF,-0.42433476448059126
A2-2 − A2-0,ν+NIS vs 无诊断,ood(10C),707,03-27-17_09.06 10degC_LA92_Pan18650PF,0.30013012886047363
A2-2 − A2-0,ν+NIS vs 无诊断,ood(10C),7,03-27-17_09.06 10degC_NN_Pan18650PF,0.10377192497253374
A2-2 − A2-0,ν+NIS vs 无诊断,ood(10C),13,03-27-17_09.06 10degC_NN_Pan18650PF,0.0679473876953125
A2-2 − A2-0,ν+NIS vs 无诊断,ood(10C),42,03-27-17_09.06 10degC_NN_Pan18650PF,0.2510530948638916
A2-2 − A2-0,ν+NIS vs 无诊断,ood(10C),101,03-27-17_09.06 10degC_NN_Pan18650PF,0.10514521598815918
A2-2 − A2-0,ν+NIS vs 无诊断,ood(10C),202,03-27-17_09.06 10degC_NN_Pan18650PF,0.24482989311218262
A2-2 − A2-0,ν+NIS vs 无诊断,ood(10C),303,03-27-17_09.06 10degC_NN_Pan18650PF,-0.35199403762817383
A2-2 − A2-0,ν+NIS vs 无诊断,ood(10C),404,03-27-17_09.06 10degC_NN_Pan18650PF,-0.26039695739746094
A2-2 − A2-0,ν+NIS vs 无诊断,ood(10C),505,03-27-17_09.06 10degC_NN_Pan18650PF,0.3502647876739502
A2-2 − A2-0,ν+NIS vs 无诊断,ood(10C),606,03-27-17_09.06 10degC_NN_Pan18650PF,-0.3288850784301758
A2-2 − A2-0,ν+NIS vs 无诊断,ood(10C),707,03-27-17_09.06 10degC_NN_Pan18650PF,0.36820292472839355
A2-2 − A2-0,ν+NIS vs 无诊断,ood(10C),7,03-27-17_09.06 10degC_UDDS_Pan18650PF,0.08724927902221591
A2-2 − A2-0,ν+NIS vs 无诊断,ood(10C),13,03-27-17_09.06 10degC_UDDS_Pan18650PF,-0.0755472183227539
A2-2 − A2-0,ν+NIS vs 无诊断,ood(10C),42,03-27-17_09.06 10degC_UDDS_Pan18650PF,0.23789548873901367
A2-2 − A2-0,ν+NIS vs 无诊断,ood(10C),101,03-27-17_09.06 10degC_UDDS_Pan18650PF,-0.0011065006256103516
A2-2 − A2-0,ν+NIS vs 无诊断,ood(10C),202,03-27-17_09.06 10degC_UDDS_Pan18650PF,0.3788304328918457
A2-2 − A2-0,ν+NIS vs 无诊断,ood(10C),303,03-27-17_09.06 10degC_UDDS_Pan18650PF,-0.37972688674926824
A2-2 − A2-0,ν+NIS vs 无诊断,ood(10C),404,03-27-17_09.06 10degC_UDDS_Pan18650PF,-0.4075510501861572
A2-2 − A2-0,ν+NIS vs 无诊断,ood(10C),505,03-27-17_09.06 10degC_UDDS_Pan18650PF,0.3866138458251953
A2-2 − A2-0,ν+NIS vs 无诊断,ood(10C),606,03-27-17_09.06 10degC_UDDS_Pan18650PF,-0.470264196395874
A2-2 − A2-0,ν+NIS vs 无诊断,ood(10C),707,03-27-17_09.06 10degC_UDDS_Pan18650PF,0.3308317661285396
A2-2 − A2-0,ν+NIS vs 无诊断,ood(10C),7,03-27-17_09.06 10degC_US06_Pan18650PF,-0.039285898208617276
A2-2 − A2-0,ν+NIS vs 无诊断,ood(10C),13,03-27-17_09.06 10degC_US06_Pan18650PF,0.08665919303894043
A2-2 − A2-0,ν+NIS vs 无诊断,ood(10C),42,03-27-17_09.06 10degC_US06_Pan18650PF,0.23974251747131348
A2-2 − A2-0,ν+NIS vs 无诊断,ood(10C),101,03-27-17_09.06 10degC_US06_Pan18650PF,0.21153473854064897
A2-2 − A2-0,ν+NIS vs 无诊断,ood(10C),202,03-27-17_09.06 10degC_US06_Pan18650PF,0.1236791610717769
A2-2 − A2-0,ν+NIS vs 无诊断,ood(10C),303,03-27-17_09.06 10degC_US06_Pan18650PF,-0.41626334190368697
A2-2 − A2-0,ν+NIS vs 无诊断,ood(10C),404,03-27-17_09.06 10degC_US06_Pan18650PF,-0.19025087356567427
A2-2 − A2-0,ν+NIS vs 无诊断,ood(10C),505,03-27-17_09.06 10degC_US06_Pan18650PF,0.2904787063598633
A2-2 − A2-0,ν+NIS vs 无诊断,ood(10C),606,03-27-17_09.06 10degC_US06_Pan18650PF,-0.25906157493591353
A2-2 − A2-0,ν+NIS vs 无诊断,ood(10C),707,03-27-17_09.06 10degC_US06_Pan18650PF,0.4452381134033203
A2-2 − A2-0,ν+NIS vs 无诊断,ood(10C),7,03-28-17_12.51 10degC_Cycle_1_Pan18650PF,0.04056096076965332
A2-2 − A2-0,ν+NIS vs 无诊断,ood(10C),13,03-28-17_12.51 10degC_Cycle_1_Pan18650PF,-0.05327653884887651
A2-2 − A2-0,ν+NIS vs 无诊断,ood(10C),42,03-28-17_12.51 10degC_Cycle_1_Pan18650PF,0.2181041240692143
A2-2 − A2-0,ν+NIS vs 无诊断,ood(10C),101,03-28-17_12.51 10degC_Cycle_1_Pan18650PF,0.15976214408874512
A2-2 − A2-0,ν+NIS vs 无诊断,ood(10C),202,03-28-17_12.51 10degC_Cycle_1_Pan18650PF,0.3294212818145752
A2-2 − A2-0,ν+NIS vs 无诊断,ood(10C),303,03-28-17_12.51 10degC_Cycle_1_Pan18650PF,-0.6078653335571294
A2-2 − A2-0,ν+NIS vs 无诊断,ood(10C),404,03-28-17_12.51 10degC_Cycle_1_Pan18650PF,-0.3164336681365967
A2-2 − A2-0,ν+NIS vs 无诊断,ood(10C),505,03-28-17_12.51 10degC_Cycle_1_Pan18650PF,0.3004007339477539
A2-2 − A2-0,ν+NIS vs 无诊断,ood(10C),606,03-28-17_12.51 10degC_Cycle_1_Pan18650PF,-0.3977692127227783
A2-2 − A2-0,ν+NIS vs 无诊断,ood(10C),707,03-28-17_12.51 10degC_Cycle_1_Pan18650PF,0.3897271156311035
A2-2 − A2-0,ν+NIS vs 无诊断,ood(10C),7,03-28-17_18.18 10degC_Cycle_2_Pan18650PF,0.05548238754272461
A2-2 − A2-0,ν+NIS vs 无诊断,ood(10C),13,03-28-17_18.18 10degC_Cycle_2_Pan18650PF,-0.08510875701904297
A2-2 − A2-0,ν+NIS vs 无诊断,ood(10C),42,03-28-17_18.18 10degC_Cycle_2_Pan18650PF,0.17774677276611328
A2-2 − A2-0,ν+NIS vs 无诊断,ood(10C),101,03-28-17_18.18 10degC_Cycle_2_Pan18650PF,0.23354387283325195
A2-2 − A2-0,ν+NIS vs 无诊断,ood(10C),202,03-28-17_18.18 10degC_Cycle_2_Pan18650PF,0.33360958099365234
A2-2 − A2-0,ν+NIS vs 无诊断,ood(10C),303,03-28-17_18.18 10degC_Cycle_2_Pan18650PF,-0.6485466957092285
A2-2 − A2-0,ν+NIS vs 无诊断,ood(10C),404,03-28-17_18.18 10degC_Cycle_2_Pan18650PF,-0.337796688079834
A2-2 − A2-0,ν+NIS vs 无诊断,ood(10C),505,03-28-17_18.18 10degC_Cycle_2_Pan18650PF,0.3309769630432129
A2-2 − A2-0,ν+NIS vs 无诊断,ood(10C),606,03-28-17_18.18 10degC_Cycle_2_Pan18650PF,-0.4217190742492676
A2-2 − A2-0,ν+NIS vs 无诊断,ood(10C),707,03-28-17_18.18 10degC_Cycle_2_Pan18650PF,0.44950246810913086
A2-2 − A2-0,ν+NIS vs 无诊断,ood(10C),7,04-05-17_17.04 10degC_Cycle_3_Pan18650PF,0.011146068572998047
A2-2 − A2-0,ν+NIS vs 无诊断,ood(10C),13,04-05-17_17.04 10degC_Cycle_3_Pan18650PF,-0.0401611328125
A2-2 − A2-0,ν+NIS vs 无诊断,ood(10C),42,04-05-17_17.04 10degC_Cycle_3_Pan18650PF,0.21723556518554688
A2-2 − A2-0,ν+NIS vs 无诊断,ood(10C),101,04-05-17_17.04 10degC_Cycle_3_Pan18650PF,0.10413074493408203
A2-2 − A2-0,ν+NIS vs 无诊断,ood(10C),202,04-05-17_17.04 10degC_Cycle_3_Pan18650PF,0.3746523857116699
A2-2 − A2-0,ν+NIS vs 无诊断,ood(10C),303,04-05-17_17.04 10degC_Cycle_3_Pan18650PF,-0.45630407333374023
A2-2 − A2-0,ν+NIS vs 无诊断,ood(10C),404,04-05-17_17.04 10degC_Cycle_3_Pan18650PF,-0.3034205436706543
A2-2 − A2-0,ν+NIS vs 无诊断,ood(10C),505,04-05-17_17.04 10degC_Cycle_3_Pan18650PF,0.2752823829650879
A2-2 − A2-0,ν+NIS vs 无诊断,ood(10C),606,04-05-17_17.04 10degC_Cycle_3_Pan18650PF,-0.39109230041503906
A2-2 − A2-0,ν+NIS vs 无诊断,ood(10C),707,04-05-17_17.04 10degC_Cycle_3_Pan18650PF,0.38193273544311523
A2-2 − A2-0,ν+NIS vs 无诊断,ood(10C),7,04-05-17_22.50 10degC_Cycle_4_Pan18650PF,0.079370498657227
A2-2 − A2-0,ν+NIS vs 无诊断,ood(10C),13,04-05-17_22.50 10degC_Cycle_4_Pan18650PF,0.008357763290405273
A2-2 − A2-0,ν+NIS vs 无诊断,ood(10C),42,04-05-17_22.50 10degC_Cycle_4_Pan18650PF,0.24431920051574707
A2-2 − A2-0,ν+NIS vs 无诊断,ood(10C),101,04-05-17_22.50 10degC_Cycle_4_Pan18650PF,0.13129234313964844
A2-2 − A2-0,ν+NIS vs 无诊断,ood(10C),202,04-05-17_22.50 10degC_Cycle_4_Pan18650PF,0.2559301853179927
A2-2 − A2-0,ν+NIS vs 无诊断,ood(10C),303,04-05-17_22.50 10degC_Cycle_4_Pan18650PF,-0.334209680557251
A2-2 − A2-0,ν+NIS vs 无诊断,ood(10C),404,04-05-17_22.50 10degC_Cycle_4_Pan18650PF,-0.3551769256591797
A2-2 − A2-0,ν+NIS vs 无诊断,ood(10C),505,04-05-17_22.50 10degC_Cycle_4_Pan18650PF,0.4338266849517822
A2-2 − A2-0,ν+NIS vs 无诊断,ood(10C),606,04-05-17_22.50 10degC_Cycle_4_Pan18650PF,-0.4255499839782715
A2-2 − A2-0,ν+NIS vs 无诊断,ood(10C),707,04-05-17_22.50 10degC_Cycle_4_Pan18650PF,0.4024486541748047
A2-2 − A2-0,ν+NIS vs 无诊断,ood(0C),7,05-30-17_12.56 0degC_Cycle_1_Pan18650PF,-0.23383712768554865
A2-2 − A2-0,ν+NIS vs 无诊断,ood(0C),13,05-30-17_12.56 0degC_Cycle_1_Pan18650PF,-0.2009944915771502
A2-2 − A2-0,ν+NIS vs 无诊断,ood(0C),42,05-30-17_12.56 0degC_Cycle_1_Pan18650PF,0.3373270034790039
A2-2 − A2-0,ν+NIS vs 无诊断,ood(0C),101,05-30-17_12.56 0degC_Cycle_1_Pan18650PF,0.053608894348142755
A2-2 − A2-0,ν+NIS vs 无诊断,ood(0C),202,05-30-17_12.56 0degC_Cycle_1_Pan18650PF,0.7544975280761719
A2-2 − A2-0,ν+NIS vs 无诊断,ood(0C),303,05-30-17_12.56 0degC_Cycle_1_Pan18650PF,0.4216194152832049
A2-2 − A2-0,ν+NIS vs 无诊断,ood(0C),404,05-30-17_12.56 0degC_Cycle_1_Pan18650PF,-0.28910064697265625
A2-2 − A2-0,ν+NIS vs 无诊断,ood(0C),505,05-30-17_12.56 0degC_Cycle_1_Pan18650PF,0.6998453140258789
A2-2 − A2-0,ν+NIS vs 无诊断,ood(0C),606,05-30-17_12.56 0degC_Cycle_1_Pan18650PF,-0.878504753112793
A2-2 − A2-0,ν+NIS vs 无诊断,ood(0C),707,05-30-17_12.56 0degC_Cycle_1_Pan18650PF,0.33553409576416016
A2-2 − A2-0,ν+NIS vs 无诊断,ood(0C),7,05-30-17_20.16 0degC_Cycle_2_Pan18650PF,-0.11182117462158203
A2-2 − A2-0,ν+NIS vs 无诊断,ood(0C),13,05-30-17_20.16 0degC_Cycle_2_Pan18650PF,-0.16891860961913885
A2-2 − A2-0,ν+NIS vs 无诊断,ood(0C),42,05-30-17_20.16 0degC_Cycle_2_Pan18650PF,0.35723972320556285
A2-2 − A2-0,ν+NIS vs 无诊断,ood(0C),101,05-30-17_20.16 0degC_Cycle_2_Pan18650PF,0.19772052764892578
A2-2 − A2-0,ν+NIS vs 无诊断,ood(0C),202,05-30-17_20.16 0degC_Cycle_2_Pan18650PF,0.6781654357910156
A2-2 − A2-0,ν+NIS vs 无诊断,ood(0C),303,05-30-17_20.16 0degC_Cycle_2_Pan18650PF,0.31551551818847656
A2-2 − A2-0,ν+NIS vs 无诊断,ood(0C),404,05-30-17_20.16 0degC_Cycle_2_Pan18650PF,-0.33950901031494496
A2-2 − A2-0,ν+NIS vs 无诊断,ood(0C),505,05-30-17_20.16 0degC_Cycle_2_Pan18650PF,0.7231540679931641
A2-2 − A2-0,ν+NIS vs 无诊断,ood(0C),606,05-30-17_20.16 0degC_Cycle_2_Pan18650PF,-0.9713783264160138
A2-2 − A2-0,ν+NIS vs 无诊断,ood(0C),707,05-30-17_20.16 0degC_Cycle_2_Pan18650PF,0.438557624816891
A2-2 − A2-0,ν+NIS vs 无诊断,ood(0C),7,06-01-17_10.36 0degC_LA92_Pan18650PF,0.23889970779419034
A2-2 − A2-0,ν+NIS vs 无诊断,ood(0C),13,06-01-17_10.36 0degC_LA92_Pan18650PF,0.0035657882690429688
A2-2 − A2-0,ν+NIS vs 无诊断,ood(0C),42,06-01-17_10.36 0degC_LA92_Pan18650PF,0.3436403274536133
A2-2 − A2-0,ν+NIS vs 无诊断,ood(0C),101,06-01-17_10.36 0degC_LA92_Pan18650PF,-0.01838207244873047
A2-2 − A2-0,ν+NIS vs 无诊断,ood(0C),202,06-01-17_10.36 0degC_LA92_Pan18650PF,0.4863457679748535
A2-2 − A2-0,ν+NIS vs 无诊断,ood(0C),303,06-01-17_10.36 0degC_LA92_Pan18650PF,-0.6257724761962891
A2-2 − A2-0,ν+NIS vs 无诊断,ood(0C),404,06-01-17_10.36 0degC_LA92_Pan18650PF,-0.3651418685913086
A2-2 − A2-0,ν+NIS vs 无诊断,ood(0C),505,06-01-17_10.36 0degC_LA92_Pan18650PF,0.5995254516601562
A2-2 − A2-0,ν+NIS vs 无诊断,ood(0C),606,06-01-17_10.36 0degC_LA92_Pan18650PF,-0.5495200157165527
A2-2 − A2-0,ν+NIS vs 无诊断,ood(0C),707,06-01-17_10.36 0degC_LA92_Pan18650PF,0.5331578254699707
A2-2 − A2-0,ν+NIS vs 无诊断,ood(0C),7,06-01-17_10.36 0degC_NN_Pan18650PF,0.29730796813964844
A2-2 − A2-0,ν+NIS vs 无诊断,ood(0C),13,06-01-17_10.36 0degC_NN_Pan18650PF,0.1720576286315918
A2-2 − A2-0,ν+NIS vs 无诊断,ood(0C),42,06-01-17_10.36 0degC_NN_Pan18650PF,0.290006160736084
A2-2 − A2-0,ν+NIS vs 无诊断,ood(0C),101,06-01-17_10.36 0degC_NN_Pan18650PF,-0.13572216033935547
A2-2 − A2-0,ν+NIS vs 无诊断,ood(0C),202,06-01-17_10.36 0degC_NN_Pan18650PF,0.37148046493530273
A2-2 − A2-0,ν+NIS vs 无诊断,ood(0C),303,06-01-17_10.36 0degC_NN_Pan18650PF,-0.4249286651611328
A2-2 − A2-0,ν+NIS vs 无诊断,ood(0C),404,06-01-17_10.36 0degC_NN_Pan18650PF,-0.42052268981933594
A2-2 − A2-0,ν+NIS vs 无诊断,ood(0C),505,06-01-17_10.36 0degC_NN_Pan18650PF,0.5935335159301758
A2-2 − A2-0,ν+NIS vs 无诊断,ood(0C),606,06-01-17_10.36 0degC_NN_Pan18650PF,-0.4941678047180176
A2-2 − A2-0,ν+NIS vs 无诊断,ood(0C),707,06-01-17_10.36 0degC_NN_Pan18650PF,0.4569711685180664
A2-2 − A2-0,ν+NIS vs 无诊断,ood(0C),7,06-01-17_15.36 0degC_Cycle_3_Pan18650PF,0.22003173828124822
A2-2 − A2-0,ν+NIS vs 无诊断,ood(0C),13,06-01-17_15.36 0degC_Cycle_3_Pan18650PF,-0.19114208221435547
A2-2 − A2-0,ν+NIS vs 无诊断,ood(0C),42,06-01-17_15.36 0degC_Cycle_3_Pan18650PF,0.2336740493774414
A2-2 − A2-0,ν+NIS vs 无诊断,ood(0C),101,06-01-17_15.36 0degC_Cycle_3_Pan18650PF,0.23212432861328303
A2-2 − A2-0,ν+NIS vs 无诊断,ood(0C),202,06-01-17_15.36 0degC_Cycle_3_Pan18650PF,0.871769905090332
A2-2 − A2-0,ν+NIS vs 无诊断,ood(0C),303,06-01-17_15.36 0degC_Cycle_3_Pan18650PF,-0.6563787460327148
A2-2 − A2-0,ν+NIS vs 无诊断,ood(0C),404,06-01-17_15.36 0degC_Cycle_3_Pan18650PF,-0.47121238708495916
A2-2 − A2-0,ν+NIS vs 无诊断,ood(0C),505,06-01-17_15.36 0degC_Cycle_3_Pan18650PF,0.4218387603759748
A2-2 − A2-0,ν+NIS vs 无诊断,ood(0C),606,06-01-17_15.36 0degC_Cycle_3_Pan18650PF,-0.8134813308715803
A2-2 − A2-0,ν+NIS vs 无诊断,ood(0C),707,06-01-17_15.36 0degC_Cycle_3_Pan18650PF,0.6461048126220703
A2-2 − A2-0,ν+NIS vs 无诊断,ood(0C),7,06-01-17_22.03 0degC_Cycle_4_Pan18650PF,0.1772327423095703
A2-2 − A2-0,ν+NIS vs 无诊断,ood(0C),13,06-01-17_22.03 0degC_Cycle_4_Pan18650PF,0.02775287628173828
A2-2 − A2-0,ν+NIS vs 无诊断,ood(0C),42,06-01-17_22.03 0degC_Cycle_4_Pan18650PF,0.42212581634521484
A2-2 − A2-0,ν+NIS vs 无诊断,ood(0C),101,06-01-17_22.03 0degC_Cycle_4_Pan18650PF,-0.037331581115722656
A2-2 − A2-0,ν+NIS vs 无诊断,ood(0C),202,06-01-17_22.03 0degC_Cycle_4_Pan18650PF,0.5825748443603516
A2-2 − A2-0,ν+NIS vs 无诊断,ood(0C),303,06-01-17_22.03 0degC_Cycle_4_Pan18650PF,-0.5754280090332031
A2-2 − A2-0,ν+NIS vs 无诊断,ood(0C),404,06-01-17_22.03 0degC_Cycle_4_Pan18650PF,-0.5583639144897461
A2-2 − A2-0,ν+NIS vs 无诊断,ood(0C),505,06-01-17_22.03 0degC_Cycle_4_Pan18650PF,0.6700439453125
A2-2 − A2-0,ν+NIS vs 无诊断,ood(0C),606,06-01-17_22.03 0degC_Cycle_4_Pan18650PF,-0.6527166366577148
A2-2 − A2-0,ν+NIS vs 无诊断,ood(0C),707,06-01-17_22.03 0degC_Cycle_4_Pan18650PF,0.6700935363769531
A2-2 − A2-0,ν+NIS vs 无诊断,ood(0C),7,06-02-17_04.58 0degC_US06_Pan18650PF,-0.024537086486816406
A2-2 − A2-0,ν+NIS vs 无诊断,ood(0C),13,06-02-17_04.58 0degC_US06_Pan18650PF,0.07708454132080256
A2-2 − A2-0,ν+NIS vs 无诊断,ood(0C),42,06-02-17_04.58 0degC_US06_Pan18650PF,0.3170928955078125
A2-2 − A2-0,ν+NIS vs 无诊断,ood(0C),101,06-02-17_04.58 0degC_US06_Pan18650PF,0.26815891265868963
A2-2 − A2-0,ν+NIS vs 无诊断,ood(0C),202,06-02-17_04.58 0degC_US06_Pan18650PF,0.4040336608886719
A2-2 − A2-0,ν+NIS vs 无诊断,ood(0C),303,06-02-17_04.58 0degC_US06_Pan18650PF,-0.5887050628662127
A2-2 − A2-0,ν+NIS vs 无诊断,ood(0C),404,06-02-17_04.58 0degC_US06_Pan18650PF,-0.35006332397461115
A2-2 − A2-0,ν+NIS vs 无诊断,ood(0C),505,06-02-17_04.58 0degC_US06_Pan18650PF,0.45481681823730646
A2-2 − A2-0,ν+NIS vs 无诊断,ood(0C),606,06-02-17_04.58 0degC_US06_Pan18650PF,-0.5723018646240217
A2-2 − A2-0,ν+NIS vs 无诊断,ood(0C),707,06-02-17_04.58 0degC_US06_Pan18650PF,0.7735757827758807
A2-2 − A2-0,ν+NIS vs 无诊断,ood(0C),7,06-02-17_10.43 0degC_HWFET_Pan18650PF,-0.007008552551269531
A2-2 − A2-0,ν+NIS vs 无诊断,ood(0C),13,06-02-17_10.43 0degC_HWFET_Pan18650PF,0.28826427459716797
A2-2 − A2-0,ν+NIS vs 无诊断,ood(0C),42,06-02-17_10.43 0degC_HWFET_Pan18650PF,0.6522216796875
A2-2 − A2-0,ν+NIS vs 无诊断,ood(0C),101,06-02-17_10.43 0degC_HWFET_Pan18650PF,-0.1173095703125
A2-2 − A2-0,ν+NIS vs 无诊断,ood(0C),202,06-02-17_10.43 0degC_HWFET_Pan18650PF,0.5814466476440412
A2-2 − A2-0,ν+NIS vs 无诊断,ood(0C),303,06-02-17_10.43 0degC_HWFET_Pan18650PF,0.005129814147949219
A2-2 − A2-0,ν+NIS vs 无诊断,ood(0C),404,06-02-17_10.43 0degC_HWFET_Pan18650PF,-0.8066730499267578
A2-2 − A2-0,ν+NIS vs 无诊断,ood(0C),505,06-02-17_10.43 0degC_HWFET_Pan18650PF,0.525547981262207
A2-2 − A2-0,ν+NIS vs 无诊断,ood(0C),606,06-02-17_10.43 0degC_HWFET_Pan18650PF,-0.725189208984375
A2-2 − A2-0,ν+NIS vs 无诊断,ood(0C),707,06-02-17_10.43 0degC_HWFET_Pan18650PF,0.5155715942382812
A2-2 − A2-0,ν+NIS vs 无诊断,ood(0C),7,06-02-17_17.14 0degC_UDDS_Pan18650PF,0.3201637268066406
A2-2 − A2-0,ν+NIS vs 无诊断,ood(0C),13,06-02-17_17.14 0degC_UDDS_Pan18650PF,-0.18249797821044922
A2-2 − A2-0,ν+NIS vs 无诊断,ood(0C),42,06-02-17_17.14 0degC_UDDS_Pan18650PF,0.35934925079345703
A2-2 − A2-0,ν+NIS vs 无诊断,ood(0C),101,06-02-17_17.14 0degC_UDDS_Pan18650PF,-0.041660308837890625
A2-2 − A2-0,ν+NIS vs 无诊断,ood(0C),202,06-02-17_17.14 0degC_UDDS_Pan18650PF,0.8499946594238281
A2-2 − A2-0,ν+NIS vs 无诊断,ood(0C),303,06-02-17_17.14 0degC_UDDS_Pan18650PF,-0.7197403907775879
A2-2 − A2-0,ν+NIS vs 无诊断,ood(0C),404,06-02-17_17.14 0degC_UDDS_Pan18650PF,-0.5532798767089844
A2-2 − A2-0,ν+NIS vs 无诊断,ood(0C),505,06-02-17_17.14 0degC_UDDS_Pan18650PF,0.7308950424194336
A2-2 − A2-0,ν+NIS vs 无诊断,ood(0C),606,06-02-17_17.14 0degC_UDDS_Pan18650PF,-0.7977676391601562
A2-2 − A2-0,ν+NIS vs 无诊断,ood(0C),707,06-02-17_17.14 0degC_UDDS_Pan18650PF,0.6629190444946289
A2-2 − A2-0,ν+NIS vs 无诊断,ood(-10C),7,06-07-17_08.39 n10degC_HWFET_Pan18650PF,0.29489564895629883
A2-2 − A2-0,ν+NIS vs 无诊断,ood(-10C),13,06-07-17_08.39 n10degC_HWFET_Pan18650PF,0.3147244453430176
A2-2 − A2-0,ν+NIS vs 无诊断,ood(-10C),42,06-07-17_08.39 n10degC_HWFET_Pan18650PF,0.6217875480651855
A2-2 − A2-0,ν+NIS vs 无诊断,ood(-10C),101,06-07-17_08.39 n10degC_HWFET_Pan18650PF,-0.32256317138671875
A2-2 − A2-0,ν+NIS vs 无诊断,ood(-10C),202,06-07-17_08.39 n10degC_HWFET_Pan18650PF,0.38954687118530273
A2-2 − A2-0,ν+NIS vs 无诊断,ood(-10C),303,06-07-17_08.39 n10degC_HWFET_Pan18650PF,-0.3006315231323242
A2-2 − A2-0,ν+NIS vs 无诊断,ood(-10C),404,06-07-17_08.39 n10degC_HWFET_Pan18650PF,-0.6552181243896484
A2-2 − A2-0,ν+NIS vs 无诊断,ood(-10C),505,06-07-17_08.39 n10degC_HWFET_Pan18650PF,0.760577678680419
A2-2 − A2-0,ν+NIS vs 无诊断,ood(-10C),606,06-07-17_08.39 n10degC_HWFET_Pan18650PF,-0.6990060806274414
A2-2 − A2-0,ν+NIS vs 无诊断,ood(-10C),707,06-07-17_08.39 n10degC_HWFET_Pan18650PF,0.5123291015625
A2-2 − A2-0,ν+NIS vs 无诊断,ood(-10C),7,06-07-17_08.39 n10degC_LA92_Pan18650PF,0.43122053146362305
A2-2 − A2-0,ν+NIS vs 无诊断,ood(-10C),13,06-07-17_08.39 n10degC_LA92_Pan18650PF,-0.0069141387939453125
A2-2 − A2-0,ν+NIS vs 无诊断,ood(-10C),42,06-07-17_08.39 n10degC_LA92_Pan18650PF,0.3470425605773926
A2-2 − A2-0,ν+NIS vs 无诊断,ood(-10C),101,06-07-17_08.39 n10degC_LA92_Pan18650PF,-0.08923578262329102
A2-2 − A2-0,ν+NIS vs 无诊断,ood(-10C),202,06-07-17_08.39 n10degC_LA92_Pan18650PF,0.5572643280029288
A2-2 − A2-0,ν+NIS vs 无诊断,ood(-10C),303,06-07-17_08.39 n10degC_LA92_Pan18650PF,-0.6458711624145508
A2-2 − A2-0,ν+NIS vs 无诊断,ood(-10C),404,06-07-17_08.39 n10degC_LA92_Pan18650PF,-0.45809412002563565
A2-2 − A2-0,ν+NIS vs 无诊断,ood(-10C),505,06-07-17_08.39 n10degC_LA92_Pan18650PF,0.7868375778198242
A2-2 − A2-0,ν+NIS vs 无诊断,ood(-10C),606,06-07-17_08.39 n10degC_LA92_Pan18650PF,-0.7795753479003906
A2-2 − A2-0,ν+NIS vs 无诊断,ood(-10C),707,06-07-17_08.39 n10degC_LA92_Pan18650PF,0.6548976898193359
A2-2 − A2-0,ν+NIS vs 无诊断,ood(-10C),7,06-07-17_08.39 n10degC_UDDS_Pan18650PF,0.5241785049438477
A2-2 − A2-0,ν+NIS vs 无诊断,ood(-10C),13,06-07-17_08.39 n10degC_UDDS_Pan18650PF,-0.18662834167480646
A2-2 − A2-0,ν+NIS vs 无诊断,ood(-10C),42,06-07-17_08.39 n10degC_UDDS_Pan18650PF,0.28986644744873047
A2-2 − A2-0,ν+NIS vs 无诊断,ood(-10C),101,06-07-17_08.39 n10degC_UDDS_Pan18650PF,-0.11748981475830078
A2-2 − A2-0,ν+NIS vs 无诊断,ood(-10C),202,06-07-17_08.39 n10degC_UDDS_Pan18650PF,0.7685813903808594
A2-2 − A2-0,ν+NIS vs 无诊断,ood(-10C),303,06-07-17_08.39 n10degC_UDDS_Pan18650PF,-0.732872009277342
A2-2 − A2-0,ν+NIS vs 无诊断,ood(-10C),404,06-07-17_08.39 n10degC_UDDS_Pan18650PF,-0.4855966567993164
A2-2 − A2-0,ν+NIS vs 无诊断,ood(-10C),505,06-07-17_08.39 n10degC_UDDS_Pan18650PF,0.9064502716064453
A2-2 − A2-0,ν+NIS vs 无诊断,ood(-10C),606,06-07-17_08.39 n10degC_UDDS_Pan18650PF,-0.9496278762817383
A2-2 − A2-0,ν+NIS vs 无诊断,ood(-10C),707,06-07-17_08.39 n10degC_UDDS_Pan18650PF,0.7065095901489293
A2-2 − A2-0,ν+NIS vs 无诊断,ood(-10C),7,06-07-17_08.39 n10degC_US06_Pan18650PF,0.35010957717895597
A2-2 − A2-0,ν+NIS vs 无诊断,ood(-10C),13,06-07-17_08.39 n10degC_US06_Pan18650PF,0.3870062828063965
A2-2 − A2-0,ν+NIS vs 无诊断,ood(-10C),42,06-07-17_08.39 n10degC_US06_Pan18650PF,0.3498268127441406
A2-2 − A2-0,ν+NIS vs 无诊断,ood(-10C),101,06-07-17_08.39 n10degC_US06_Pan18650PF,-0.2199397087097168
A2-2 − A2-0,ν+NIS vs 无诊断,ood(-10C),202,06-07-17_08.39 n10degC_US06_Pan18650PF,0.19035625457763672
A2-2 − A2-0,ν+NIS vs 无诊断,ood(-10C),303,06-07-17_08.39 n10degC_US06_Pan18650PF,-0.5550026893615723
A2-2 − A2-0,ν+NIS vs 无诊断,ood(-10C),404,06-07-17_08.39 n10degC_US06_Pan18650PF,-0.4261035919189453
A2-2 − A2-0,ν+NIS vs 无诊断,ood(-10C),505,06-07-17_08.39 n10degC_US06_Pan18650PF,0.7550768852233896
A2-2 − A2-0,ν+NIS vs 无诊断,ood(-10C),606,06-07-17_08.39 n10degC_US06_Pan18650PF,-0.6172351837158203
A2-2 − A2-0,ν+NIS vs 无诊断,ood(-10C),707,06-07-17_08.39 n10degC_US06_Pan18650PF,0.5396790504455566
A2-2 − A2-0,ν+NIS vs 无诊断,ood(-10C),7,06-10-17_11.25 n10degC_Cycle_1_Pan18650PF,0.44178390502929865
A2-2 − A2-0,ν+NIS vs 无诊断,ood(-10C),13,06-10-17_11.25 n10degC_Cycle_1_Pan18650PF,-0.019088745117189276
A2-2 − A2-0,ν+NIS vs 无诊断,ood(-10C),42,06-10-17_11.25 n10degC_Cycle_1_Pan18650PF,0.4469327926635742
A2-2 − A2-0,ν+NIS vs 无诊断,ood(-10C),101,06-10-17_11.25 n10degC_Cycle_1_Pan18650PF,-0.042656898498535156
A2-2 − A2-0,ν+NIS vs 无诊断,ood(-10C),202,06-10-17_11.25 n10degC_Cycle_1_Pan18650PF,0.7150211334228516
A2-2 − A2-0,ν+NIS vs 无诊断,ood(-10C),303,06-10-17_11.25 n10degC_Cycle_1_Pan18650PF,-0.7969484329223633
A2-2 − A2-0,ν+NIS vs 无诊断,ood(-10C),404,06-10-17_11.25 n10degC_Cycle_1_Pan18650PF,-0.6091365814208984
A2-2 − A2-0,ν+NIS vs 无诊断,ood(-10C),505,06-10-17_11.25 n10degC_Cycle_1_Pan18650PF,0.8639011383056641
A2-2 − A2-0,ν+NIS vs 无诊断,ood(-10C),606,06-10-17_11.25 n10degC_Cycle_1_Pan18650PF,-0.9185180664062464
A2-2 − A2-0,ν+NIS vs 无诊断,ood(-10C),707,06-10-17_11.25 n10degC_Cycle_1_Pan18650PF,0.7302112579345703
A2-2 − A2-0,ν+NIS vs 无诊断,ood(-10C),7,06-10-17_18.35 n10degC_Cycle_2_Pan18650PF,0.412933349609375
A2-2 − A2-0,ν+NIS vs 无诊断,ood(-10C),13,06-10-17_18.35 n10degC_Cycle_2_Pan18650PF,-0.1832256317138672
A2-2 − A2-0,ν+NIS vs 无诊断,ood(-10C),42,06-10-17_18.35 n10degC_Cycle_2_Pan18650PF,0.4088573455810547
A2-2 − A2-0,ν+NIS vs 无诊断,ood(-10C),101,06-10-17_18.35 n10degC_Cycle_2_Pan18650PF,0.013858795166015625
A2-2 − A2-0,ν+NIS vs 无诊断,ood(-10C),202,06-10-17_18.35 n10degC_Cycle_2_Pan18650PF,0.9748859405517578
A2-2 − A2-0,ν+NIS vs 无诊断,ood(-10C),303,06-10-17_18.35 n10degC_Cycle_2_Pan18650PF,-0.7226104736328125
A2-2 − A2-0,ν+NIS vs 无诊断,ood(-10C),404,06-10-17_18.35 n10degC_Cycle_2_Pan18650PF,-0.5573406219482422
A2-2 − A2-0,ν+NIS vs 无诊断,ood(-10C),505,06-10-17_18.35 n10degC_Cycle_2_Pan18650PF,0.874792098999027
A2-2 − A2-0,ν+NIS vs 无诊断,ood(-10C),606,06-10-17_18.35 n10degC_Cycle_2_Pan18650PF,-1.0511951446533203
A2-2 − A2-0,ν+NIS vs 无诊断,ood(-10C),707,06-10-17_18.35 n10degC_Cycle_2_Pan18650PF,1.0059032440185547
A2-2 − A2-0,ν+NIS vs 无诊断,ood(-10C),7,06-11-17_01.39 n10degC_Cycle_3_Pan18650PF,0.39658355712890625
A2-2 − A2-0,ν+NIS vs 无诊断,ood(-10C),13,06-11-17_01.39 n10degC_Cycle_3_Pan18650PF,-0.2977275848388672
A2-2 − A2-0,ν+NIS vs 无诊断,ood(-10C),42,06-11-17_01.39 n10degC_Cycle_3_Pan18650PF,0.23468589782714844
A2-2 − A2-0,ν+NIS vs 无诊断,ood(-10C),101,06-11-17_01.39 n10degC_Cycle_3_Pan18650PF,0.14091873168945312
A2-2 − A2-0,ν+NIS vs 无诊断,ood(-10C),202,06-11-17_01.39 n10degC_Cycle_3_Pan18650PF,1.008657455444336
A2-2 − A2-0,ν+NIS vs 无诊断,ood(-10C),303,06-11-17_01.39 n10degC_Cycle_3_Pan18650PF,-0.8290996551513707
A2-2 − A2-0,ν+NIS vs 无诊断,ood(-10C),404,06-11-17_01.39 n10degC_Cycle_3_Pan18650PF,-0.552221298217777
A2-2 − A2-0,ν+NIS vs 无诊断,ood(-10C),505,06-11-17_01.39 n10degC_Cycle_3_Pan18650PF,0.6741447448730469
A2-2 − A2-0,ν+NIS vs 无诊断,ood(-10C),606,06-11-17_01.39 n10degC_Cycle_3_Pan18650PF,-1.0849246978759766
A2-2 − A2-0,ν+NIS vs 无诊断,ood(-10C),707,06-11-17_01.39 n10degC_Cycle_3_Pan18650PF,0.8043079376220632
A2-2 − A2-0,ν+NIS vs 无诊断,ood(-10C),7,06-11-17_08.42 n10degC_Cycle_4_Pan18650PF,0.43337154388427557
A2-2 − A2-0,ν+NIS vs 无诊断,ood(-10C),13,06-11-17_08.42 n10degC_Cycle_4_Pan18650PF,-0.07381343841552734
A2-2 − A2-0,ν+NIS vs 无诊断,ood(-10C),42,06-11-17_08.42 n10degC_Cycle_4_Pan18650PF,0.4920892715454084
A2-2 − A2-0,ν+NIS vs 无诊断,ood(-10C),101,06-11-17_08.42 n10degC_Cycle_4_Pan18650PF,0.1603851318359375
A2-2 − A2-0,ν+NIS vs 无诊断,ood(-10C),202,06-11-17_08.42 n10degC_Cycle_4_Pan18650PF,0.8780736923217791
A2-2 − A2-0,ν+NIS vs 无诊断,ood(-10C),303,06-11-17_08.42 n10degC_Cycle_4_Pan18650PF,-0.655034065246582
A2-2 − A2-0,ν+NIS vs 无诊断,ood(-10C),404,06-11-17_08.42 n10degC_Cycle_4_Pan18650PF,-0.5033607482910156
A2-2 − A2-0,ν+NIS vs 无诊断,ood(-10C),505,06-11-17_08.42 n10degC_Cycle_4_Pan18650PF,0.7992687225341815
A2-2 − A2-0,ν+NIS vs 无诊断,ood(-10C),606,06-11-17_08.42 n10degC_Cycle_4_Pan18650PF,-0.7618103027343732
A2-2 − A2-0,ν+NIS vs 无诊断,ood(-10C),707,06-11-17_08.42 n10degC_Cycle_4_Pan18650PF,1.0047588348388672
A2-2 − A2-0,ν+NIS vs 无诊断,ood(-10C),7,06-14-17_13.12 n10degC_NN_Pan18650PF,0.4533653259277344
A2-2 − A2-0,ν+NIS vs 无诊断,ood(-10C),13,06-14-17_13.12 n10degC_NN_Pan18650PF,-0.19817161560058594
A2-2 − A2-0,ν+NIS vs 无诊断,ood(-10C),42,06-14-17_13.12 n10degC_NN_Pan18650PF,0.27066802978515625
A2-2 − A2-0,ν+NIS vs 无诊断,ood(-10C),101,06-14-17_13.12 n10degC_NN_Pan18650PF,0.11435127258300781
A2-2 − A2-0,ν+NIS vs 无诊断,ood(-10C),202,06-14-17_13.12 n10degC_NN_Pan18650PF,0.9772148132324219
A2-2 − A2-0,ν+NIS vs 无诊断,ood(-10C),303,06-14-17_13.12 n10degC_NN_Pan18650PF,-0.7280082702636719
A2-2 − A2-0,ν+NIS vs 无诊断,ood(-10C),404,06-14-17_13.12 n10degC_NN_Pan18650PF,-0.5515766143798828
A2-2 − A2-0,ν+NIS vs 无诊断,ood(-10C),505,06-14-17_13.12 n10degC_NN_Pan18650PF,0.7839527130126953
A2-2 − A2-0,ν+NIS vs 无诊断,ood(-10C),606,06-14-17_13.12 n10degC_NN_Pan18650PF,-0.8952693939208984
A2-2 − A2-0,ν+NIS vs 无诊断,ood(-10C),707,06-14-17_13.12 n10degC_NN_Pan18650PF,0.9485111236572266
A2-2 − A2-0,ν+NIS vs 无诊断,ood(-20C),7,06-23-17_23.35 n20degC_HWFET_Pan18650PF,0.603489875793457
A2-2 − A2-0,ν+NIS vs 无诊断,ood(-20C),13,06-23-17_23.35 n20degC_HWFET_Pan18650PF,0.35204315185546875
A2-2 − A2-0,ν+NIS vs 无诊断,ood(-20C),42,06-23-17_23.35 n20degC_HWFET_Pan18650PF,0.5217876434326163
A2-2 − A2-0,ν+NIS vs 无诊断,ood(-20C),101,06-23-17_23.35 n20degC_HWFET_Pan18650PF,-0.5024442672729492
A2-2 − A2-0,ν+NIS vs 无诊断,ood(-20C),202,06-23-17_23.35 n20degC_HWFET_Pan18650PF,0.3000760078430176
A2-2 − A2-0,ν+NIS vs 无诊断,ood(-20C),303,06-23-17_23.35 n20degC_HWFET_Pan18650PF,-0.5857839584350586
A2-2 − A2-0,ν+NIS vs 无诊断,ood(-20C),404,06-23-17_23.35 n20degC_HWFET_Pan18650PF,-0.801353931427002
A2-2 − A2-0,ν+NIS vs 无诊断,ood(-20C),505,06-23-17_23.35 n20degC_HWFET_Pan18650PF,1.1549024581909189
A2-2 − A2-0,ν+NIS vs 无诊断,ood(-20C),606,06-23-17_23.35 n20degC_HWFET_Pan18650PF,-0.9679303169250488
A2-2 − A2-0,ν+NIS vs 无诊断,ood(-20C),707,06-23-17_23.35 n20degC_HWFET_Pan18650PF,0.5538058280944815
A2-2 − A2-0,ν+NIS vs 无诊断,ood(-20C),7,06-23-17_23.35 n20degC_LA92_Pan18650PF,0.7051138877868652
A2-2 − A2-0,ν+NIS vs 无诊断,ood(-20C),13,06-23-17_23.35 n20degC_LA92_Pan18650PF,0.1098637580871582
A2-2 − A2-0,ν+NIS vs 无诊断,ood(-20C),42,06-23-17_23.35 n20degC_LA92_Pan18650PF,0.2976040840148926
A2-2 − A2-0,ν+NIS vs 无诊断,ood(-20C),101,06-23-17_23.35 n20degC_LA92_Pan18650PF,-0.22040605545043945
A2-2 − A2-0,ν+NIS vs 无诊断,ood(-20C),202,06-23-17_23.35 n20degC_LA92_Pan18650PF,0.38702964782714844
A2-2 − A2-0,ν+NIS vs 无诊断,ood(-20C),303,06-23-17_23.35 n20degC_LA92_Pan18650PF,-0.8070549964904785
A2-2 − A2-0,ν+NIS vs 无诊断,ood(-20C),404,06-23-17_23.35 n20degC_LA92_Pan18650PF,-0.6423964500427246
A2-2 − A2-0,ν+NIS vs 无诊断,ood(-20C),505,06-23-17_23.35 n20degC_LA92_Pan18650PF,1.045365333557129
A2-2 − A2-0,ν+NIS vs 无诊断,ood(-20C),606,06-23-17_23.35 n20degC_LA92_Pan18650PF,-0.949307918548584
A2-2 − A2-0,ν+NIS vs 无诊断,ood(-20C),707,06-23-17_23.35 n20degC_LA92_Pan18650PF,0.6270804405212402
A2-2 − A2-0,ν+NIS vs 无诊断,ood(-20C),7,06-23-17_23.35 n20degC_NN_Pan18650PF,0.7141017913818368
A2-2 − A2-0,ν+NIS vs 无诊断,ood(-20C),13,06-23-17_23.35 n20degC_NN_Pan18650PF,0.1400771141052246
A2-2 − A2-0,ν+NIS vs 无诊断,ood(-20C),42,06-23-17_23.35 n20degC_NN_Pan18650PF,0.3522329330444336
A2-2 − A2-0,ν+NIS vs 无诊断,ood(-20C),101,06-23-17_23.35 n20degC_NN_Pan18650PF,-0.3312978744506836
A2-2 − A2-0,ν+NIS vs 无诊断,ood(-20C),202,06-23-17_23.35 n20degC_NN_Pan18650PF,0.5083761215209961
A2-2 − A2-0,ν+NIS vs 无诊断,ood(-20C),303,06-23-17_23.35 n20degC_NN_Pan18650PF,-0.6320257186889648
A2-2 − A2-0,ν+NIS vs 无诊断,ood(-20C),404,06-23-17_23.35 n20degC_NN_Pan18650PF,-0.7094950675964355
A2-2 − A2-0,ν+NIS vs 无诊断,ood(-20C),505,06-23-17_23.35 n20degC_NN_Pan18650PF,1.050023078918457
A2-2 − A2-0,ν+NIS vs 无诊断,ood(-20C),606,06-23-17_23.35 n20degC_NN_Pan18650PF,-0.9016437530517578
A2-2 − A2-0,ν+NIS vs 无诊断,ood(-20C),707,06-23-17_23.35 n20degC_NN_Pan18650PF,0.595496654510498
A2-2 − A2-0,ν+NIS vs 无诊断,ood(-20C),7,06-23-17_23.35 n20degC_UDDS_Pan18650PF,0.7304496765136719
A2-2 − A2-0,ν+NIS vs 无诊断,ood(-20C),13,06-23-17_23.35 n20degC_UDDS_Pan18650PF,-0.11739540100097479
A2-2 − A2-0,ν+NIS vs 无诊断,ood(-20C),42,06-23-17_23.35 n20degC_UDDS_Pan18650PF,0.1544589996337873
A2-2 − A2-0,ν+NIS vs 无诊断,ood(-20C),101,06-23-17_23.35 n20degC_UDDS_Pan18650PF,-0.20438480377197088
A2-2 − A2-0,ν+NIS vs 无诊断,ood(-20C),202,06-23-17_23.35 n20degC_UDDS_Pan18650PF,0.45759677886962713
A2-2 − A2-0,ν+NIS vs 无诊断,ood(-20C),303,06-23-17_23.35 n20degC_UDDS_Pan18650PF,-0.9137067794799787
A2-2 − A2-0,ν+NIS vs 无诊断,ood(-20C),404,06-23-17_23.35 n20degC_UDDS_Pan18650PF,-0.5982017517089844
A2-2 − A2-0,ν+NIS vs 无诊断,ood(-20C),505,06-23-17_23.35 n20degC_UDDS_Pan18650PF,1.137743949890135
A2-2 − A2-0,ν+NIS vs 无诊断,ood(-20C),606,06-23-17_23.35 n20degC_UDDS_Pan18650PF,-1.030557632446289
A2-2 − A2-0,ν+NIS vs 无诊断,ood(-20C),707,06-23-17_23.35 n20degC_UDDS_Pan18650PF,0.6187696456909162
A2-2 − A2-0,ν+NIS vs 无诊断,ood(-20C),7,06-24-17_04.29 n20degC_Cycle_1_Pan18650PF,0.6679172515869141
A2-2 − A2-0,ν+NIS vs 无诊断,ood(-20C),13,06-24-17_04.29 n20degC_Cycle_1_Pan18650PF,-0.31214904785155895
A2-2 − A2-0,ν+NIS vs 无诊断,ood(-20C),42,06-24-17_04.29 n20degC_Cycle_1_Pan18650PF,0.18341827392578125
A2-2 − A2-0,ν+NIS vs 无诊断,ood(-20C),101,06-24-17_04.29 n20degC_Cycle_1_Pan18650PF,0.012279510498046875
A2-2 − A2-0,ν+NIS vs 无诊断,ood(-20C),202,06-24-17_04.29 n20degC_Cycle_1_Pan18650PF,0.8243503570556641
A2-2 − A2-0,ν+NIS vs 无诊断,ood(-20C),303,06-24-17_04.29 n20degC_Cycle_1_Pan18650PF,-0.968597412109375
A2-2 − A2-0,ν+NIS vs 无诊断,ood(-20C),404,06-24-17_04.29 n20degC_Cycle_1_Pan18650PF,-0.6035022735595703
A2-2 − A2-0,ν+NIS vs 无诊断,ood(-20C),505,06-24-17_04.29 n20degC_Cycle_1_Pan18650PF,0.9725666046142507
A2-2 − A2-0,ν+NIS vs 无诊断,ood(-20C),606,06-24-17_04.29 n20degC_Cycle_1_Pan18650PF,-1.2462215423583984
A2-2 − A2-0,ν+NIS vs 无诊断,ood(-20C),707,06-24-17_04.29 n20degC_Cycle_1_Pan18650PF,0.8746871948242188
A2-2 − A2-0,ν+NIS vs 无诊断,ood(-20C),7,06-24-17_11.58 n20degC_Cycle_2_Pan18650PF,0.6760482788085938
A2-2 − A2-0,ν+NIS vs 无诊断,ood(-20C),13,06-24-17_11.58 n20degC_Cycle_2_Pan18650PF,-0.34405517578125
A2-2 − A2-0,ν+NIS vs 无诊断,ood(-20C),42,06-24-17_11.58 n20degC_Cycle_2_Pan18650PF,0.3027935028076172
A2-2 − A2-0,ν+NIS vs 无诊断,ood(-20C),101,06-24-17_11.58 n20degC_Cycle_2_Pan18650PF,0.02448463439941051
A2-2 − A2-0,ν+NIS vs 无诊断,ood(-20C),202,06-24-17_11.58 n20degC_Cycle_2_Pan18650PF,0.9518146514892472
A2-2 − A2-0,ν+NIS vs 无诊断,ood(-20C),303,06-24-17_11.58 n20degC_Cycle_2_Pan18650PF,-0.7633380889892578
A2-2 − A2-0,ν+NIS vs 无诊断,ood(-20C),404,06-24-17_11.58 n20degC_Cycle_2_Pan18650PF,-0.5196151733398473
A2-2 − A2-0,ν+NIS vs 无诊断,ood(-20C),505,06-24-17_11.58 n20degC_Cycle_2_Pan18650PF,1.0577430725097656
A2-2 − A2-0,ν+NIS vs 无诊断,ood(-20C),606,06-24-17_11.58 n20degC_Cycle_2_Pan18650PF,-1.1594867706298828
A2-2 − A2-0,ν+NIS vs 无诊断,ood(-20C),707,06-24-17_11.58 n20degC_Cycle_2_Pan18650PF,1.1983680725097692
A2-2 − A2-0,ν+NIS vs 无诊断,ood(-20C),7,06-24-17_19.29 n20degC_Cycle_3_Pan18650PF,0.6619224548339844
A2-2 − A2-0,ν+NIS vs 无诊断,ood(-20C),13,06-24-17_19.29 n20degC_Cycle_3_Pan18650PF,-0.3887653350830149
A2-2 − A2-0,ν+NIS vs 无诊断,ood(-20C),42,06-24-17_19.29 n20degC_Cycle_3_Pan18650PF,0.2586841583251953
A2-2 − A2-0,ν+NIS vs 无诊断,ood(-20C),101,06-24-17_19.29 n20degC_Cycle_3_Pan18650PF,0.1336994171142578
A2-2 − A2-0,ν+NIS vs 无诊断,ood(-20C),202,06-24-17_19.29 n20degC_Cycle_3_Pan18650PF,1.0978412628173757
A2-2 − A2-0,ν+NIS vs 无诊断,ood(-20C),303,06-24-17_19.29 n20degC_Cycle_3_Pan18650PF,-0.8055934906005895
A2-2 − A2-0,ν+NIS vs 无诊断,ood(-20C),404,06-24-17_19.29 n20degC_Cycle_3_Pan18650PF,-0.5330238342285156
A2-2 − A2-0,ν+NIS vs 无诊断,ood(-20C),505,06-24-17_19.29 n20degC_Cycle_3_Pan18650PF,0.8458042144775355
A2-2 − A2-0,ν+NIS vs 无诊断,ood(-20C),606,06-24-17_19.29 n20degC_Cycle_3_Pan18650PF,-1.1752662658691477
A2-2 − A2-0,ν+NIS vs 无诊断,ood(-20C),707,06-24-17_19.29 n20degC_Cycle_3_Pan18650PF,0.997919082641598
A2-2 − A2-0,ν+NIS vs 无诊断,ood(-20C),7,06-25-17_03.01 n20degC_Cycle_4_Pan18650PF,0.675064086914059
A2-2 − A2-0,ν+NIS vs 无诊断,ood(-20C),13,06-25-17_03.01 n20degC_Cycle_4_Pan18650PF,-0.08266639709473012
A2-2 − A2-0,ν+NIS vs 无诊断,ood(-20C),42,06-25-17_03.01 n20degC_Cycle_4_Pan18650PF,0.3724479675292969
A2-2 − A2-0,ν+NIS vs 无诊断,ood(-20C),101,06-25-17_03.01 n20degC_Cycle_4_Pan18650PF,-0.040548324584957385
A2-2 − A2-0,ν+NIS vs 无诊断,ood(-20C),202,06-25-17_03.01 n20degC_Cycle_4_Pan18650PF,0.6170845031738281
A2-2 − A2-0,ν+NIS vs 无诊断,ood(-20C),303,06-25-17_03.01 n20degC_Cycle_4_Pan18650PF,-0.9224262237548828
A2-2 − A2-0,ν+NIS vs 无诊断,ood(-20C),404,06-25-17_03.01 n20degC_Cycle_4_Pan18650PF,-0.6986980438232422
A2-2 − A2-0,ν+NIS vs 无诊断,ood(-20C),505,06-25-17_03.01 n20degC_Cycle_4_Pan18650PF,1.1857948303222656
A2-2 − A2-0,ν+NIS vs 无诊断,ood(-20C),606,06-25-17_03.01 n20degC_Cycle_4_Pan18650PF,-1.1093330383300746
A2-2 − A2-0,ν+NIS vs 无诊断,ood(-20C),707,06-25-17_03.01 n20degC_Cycle_4_Pan18650PF,1.0865230560302699
A2-2 − A2-0,ν+NIS vs 无诊断,ood(-20C),7,06-25-17_10.31 n20degC_US06_Pan18650PF,0.2681293487548828
A2-2 − A2-0,ν+NIS vs 无诊断,ood(-20C),13,06-25-17_10.31 n20degC_US06_Pan18650PF,0.05099868774414773
A2-2 − A2-0,ν+NIS vs 无诊断,ood(-20C),42,06-25-17_10.31 n20degC_US06_Pan18650PF,0.4343147277832031
A2-2 − A2-0,ν+NIS vs 无诊断,ood(-20C),101,06-25-17_10.31 n20degC_US06_Pan18650PF,0.521173477172848
A2-2 − A2-0,ν+NIS vs 无诊断,ood(-20C),202,06-25-17_10.31 n20degC_US06_Pan18650PF,0.9836578369140625
A2-2 − A2-0,ν+NIS vs 无诊断,ood(-20C),303,06-25-17_10.31 n20degC_US06_Pan18650PF,-0.602249145507809
A2-2 − A2-0,ν+NIS vs 无诊断,ood(-20C),404,06-25-17_10.31 n20degC_US06_Pan18650PF,-0.3969001770019496
A2-2 − A2-0,ν+NIS vs 无诊断,ood(-20C),505,06-25-17_10.31 n20degC_US06_Pan18650PF,0.4865074157714879
A2-2 − A2-0,ν+NIS vs 无诊断,ood(-20C),606,06-25-17_10.31 n20degC_US06_Pan18650PF,-0.7587909698486257
A2-2 − A2-0,ν+NIS vs 无诊断,ood(-20C),707,06-25-17_10.31 n20degC_US06_Pan18650PF,1.4357109069824219
A2-3 − A2-0,全集 vs 无诊断,test_id(25C),7,03-18-17_02.17 25degC_Cycle_1_Pan18650PF,-0.051476895809173584
A2-3 − A2-0,全集 vs 无诊断,test_id(25C),13,03-18-17_02.17 25degC_Cycle_1_Pan18650PF,-0.037703633308410645
A2-3 − A2-0,全集 vs 无诊断,test_id(25C),42,03-18-17_02.17 25degC_Cycle_1_Pan18650PF,0.015819966793060303
A2-3 − A2-0,全集 vs 无诊断,test_id(25C),101,03-18-17_02.17 25degC_Cycle_1_Pan18650PF,-0.007673501968383789
A2-3 − A2-0,全集 vs 无诊断,test_id(25C),202,03-18-17_02.17 25degC_Cycle_1_Pan18650PF,-0.04776298999786377
A2-3 − A2-0,全集 vs 无诊断,test_id(25C),303,03-18-17_02.17 25degC_Cycle_1_Pan18650PF,-0.0571521520614624
A2-3 − A2-0,全集 vs 无诊断,test_id(25C),404,03-18-17_02.17 25degC_Cycle_1_Pan18650PF,-0.050226032733917236
A2-3 − A2-0,全集 vs 无诊断,test_id(25C),505,03-18-17_02.17 25degC_Cycle_1_Pan18650PF,-0.08405637741088867
A2-3 − A2-0,全集 vs 无诊断,test_id(25C),606,03-18-17_02.17 25degC_Cycle_1_Pan18650PF,-0.06699365377426147
A2-3 − A2-0,全集 vs 无诊断,test_id(25C),707,03-18-17_02.17 25degC_Cycle_1_Pan18650PF,-0.08906757831573486
A2-3 − A2-0,全集 vs 无诊断,test_id(25C),7,03-19-17_03.25 25degC_Cycle_2_Pan18650PF,-0.07795602083206177
A2-3 − A2-0,全集 vs 无诊断,test_id(25C),13,03-19-17_03.25 25degC_Cycle_2_Pan18650PF,-0.007737576961517334
A2-3 − A2-0,全集 vs 无诊断,test_id(25C),42,03-19-17_03.25 25degC_Cycle_2_Pan18650PF,-0.0359157919883728
A2-3 − A2-0,全集 vs 无诊断,test_id(25C),101,03-19-17_03.25 25degC_Cycle_2_Pan18650PF,-0.0656505823135376
A2-3 − A2-0,全集 vs 无诊断,test_id(25C),202,03-19-17_03.25 25degC_Cycle_2_Pan18650PF,-0.05796611309051514
A2-3 − A2-0,全集 vs 无诊断,test_id(25C),303,03-19-17_03.25 25degC_Cycle_2_Pan18650PF,-0.005740106105804443
A2-3 − A2-0,全集 vs 无诊断,test_id(25C),404,03-19-17_03.25 25degC_Cycle_2_Pan18650PF,-0.04876232147216797
A2-3 − A2-0,全集 vs 无诊断,test_id(25C),505,03-19-17_03.25 25degC_Cycle_2_Pan18650PF,-0.06485790014266968
A2-3 − A2-0,全集 vs 无诊断,test_id(25C),606,03-19-17_03.25 25degC_Cycle_2_Pan18650PF,-0.07153666019439697
A2-3 − A2-0,全集 vs 无诊断,test_id(25C),707,03-19-17_03.25 25degC_Cycle_2_Pan18650PF,-0.07757890224456787
A2-3 − A2-0,全集 vs 无诊断,test_id(25C),7,03-19-17_09.07 25degC_Cycle_3_Pan18650PF,0.015013009309768732
A2-3 − A2-0,全集 vs 无诊断,test_id(25C),13,03-19-17_09.07 25degC_Cycle_3_Pan18650PF,0.02973353862762451
A2-3 − A2-0,全集 vs 无诊断,test_id(25C),42,03-19-17_09.07 25degC_Cycle_3_Pan18650PF,0.003721475601196289
A2-3 − A2-0,全集 vs 无诊断,test_id(25C),101,03-19-17_09.07 25degC_Cycle_3_Pan18650PF,-0.017520666122436523
A2-3 − A2-0,全集 vs 无诊断,test_id(25C),202,03-19-17_09.07 25degC_Cycle_3_Pan18650PF,-0.021385014057159424
A2-3 − A2-0,全集 vs 无诊断,test_id(25C),303,03-19-17_09.07 25degC_Cycle_3_Pan18650PF,0.05273041129112238
A2-3 − A2-0,全集 vs 无诊断,test_id(25C),404,03-19-17_09.07 25degC_Cycle_3_Pan18650PF,0.037858784198760986
A2-3 − A2-0,全集 vs 无诊断,test_id(25C),505,03-19-17_09.07 25degC_Cycle_3_Pan18650PF,-0.002668470144271795
A2-3 − A2-0,全集 vs 无诊断,test_id(25C),606,03-19-17_09.07 25degC_Cycle_3_Pan18650PF,0.013390868902206476
A2-3 − A2-0,全集 vs 无诊断,test_id(25C),707,03-19-17_09.07 25degC_Cycle_3_Pan18650PF,-0.032800376415252686
A2-3 − A2-0,全集 vs 无诊断,test_id(25C),7,03-19-17_14.31 25degC_Cycle_4_Pan18650PF,0.14863401651382446
A2-3 − A2-0,全集 vs 无诊断,test_id(25C),13,03-19-17_14.31 25degC_Cycle_4_Pan18650PF,0.13883578777313232
A2-3 − A2-0,全集 vs 无诊断,test_id(25C),42,03-19-17_14.31 25degC_Cycle_4_Pan18650PF,-0.1306048035621643
A2-3 − A2-0,全集 vs 无诊断,test_id(25C),101,03-19-17_14.31 25degC_Cycle_4_Pan18650PF,-0.13317406177520752
A2-3 − A2-0,全集 vs 无诊断,test_id(25C),202,03-19-17_14.31 25degC_Cycle_4_Pan18650PF,-0.07510626316070557
A2-3 − A2-0,全集 vs 无诊断,test_id(25C),303,03-19-17_14.31 25degC_Cycle_4_Pan18650PF,-0.008154451847076416
A2-3 − A2-0,全集 vs 无诊断,test_id(25C),404,03-19-17_14.31 25degC_Cycle_4_Pan18650PF,0.06472140550613403
A2-3 − A2-0,全集 vs 无诊断,test_id(25C),505,03-19-17_14.31 25degC_Cycle_4_Pan18650PF,0.026206552982330322
A2-3 − A2-0,全集 vs 无诊断,test_id(25C),606,03-19-17_14.31 25degC_Cycle_4_Pan18650PF,0.09116017818450928
A2-3 − A2-0,全集 vs 无诊断,test_id(25C),707,03-19-17_14.31 25degC_Cycle_4_Pan18650PF,0.249114990234375
A2-3 − A2-0,全集 vs 无诊断,ood(10C),7,03-27-17_09.06 10degC_HWFET_Pan18650PF,0.04316711425781339
A2-3 − A2-0,全集 vs 无诊断,ood(10C),13,03-27-17_09.06 10degC_HWFET_Pan18650PF,0.10068297386169434
A2-3 − A2-0,全集 vs 无诊断,ood(10C),42,03-27-17_09.06 10degC_HWFET_Pan18650PF,0.21901631355285645
A2-3 − A2-0,全集 vs 无诊断,ood(10C),101,03-27-17_09.06 10degC_HWFET_Pan18650PF,-0.2691924571990967
A2-3 − A2-0,全集 vs 无诊断,ood(10C),202,03-27-17_09.06 10degC_HWFET_Pan18650PF,-0.48133254051208496
A2-3 − A2-0,全集 vs 无诊断,ood(10C),303,03-27-17_09.06 10degC_HWFET_Pan18650PF,-0.1770343780517578
A2-3 − A2-0,全集 vs 无诊断,ood(10C),404,03-27-17_09.06 10degC_HWFET_Pan18650PF,-0.14532923698425293
A2-3 − A2-0,全集 vs 无诊断,ood(10C),505,03-27-17_09.06 10degC_HWFET_Pan18650PF,-0.30066704750061035
A2-3 − A2-0,全集 vs 无诊断,ood(10C),606,03-27-17_09.06 10degC_HWFET_Pan18650PF,-0.3699829578399658
A2-3 − A2-0,全集 vs 无诊断,ood(10C),707,03-27-17_09.06 10degC_HWFET_Pan18650PF,-0.33544921875
A2-3 − A2-0,全集 vs 无诊断,ood(10C),7,03-27-17_09.06 10degC_LA92_Pan18650PF,-0.35604166984558105
A2-3 − A2-0,全集 vs 无诊断,ood(10C),13,03-27-17_09.06 10degC_LA92_Pan18650PF,-0.1230545043945317
A2-3 − A2-0,全集 vs 无诊断,ood(10C),42,03-27-17_09.06 10degC_LA92_Pan18650PF,0.05799436569213867
A2-3 − A2-0,全集 vs 无诊断,ood(10C),101,03-27-17_09.06 10degC_LA92_Pan18650PF,-0.1793074607849121
A2-3 − A2-0,全集 vs 无诊断,ood(10C),202,03-27-17_09.06 10degC_LA92_Pan18650PF,-0.3626661300659184
A2-3 − A2-0,全集 vs 无诊断,ood(10C),303,03-27-17_09.06 10degC_LA92_Pan18650PF,-0.3800358772277832
A2-3 − A2-0,全集 vs 无诊断,ood(10C),404,03-27-17_09.06 10degC_LA92_Pan18650PF,-0.4035253524780278
A2-3 − A2-0,全集 vs 无诊断,ood(10C),505,03-27-17_09.06 10degC_LA92_Pan18650PF,-0.27129173278808594
A2-3 − A2-0,全集 vs 无诊断,ood(10C),606,03-27-17_09.06 10degC_LA92_Pan18650PF,-0.4652006626129155
A2-3 − A2-0,全集 vs 无诊断,ood(10C),707,03-27-17_09.06 10degC_LA92_Pan18650PF,-0.2482388019561772
A2-3 − A2-0,全集 vs 无诊断,ood(10C),7,03-27-17_09.06 10degC_NN_Pan18650PF,-0.1389997005462651
A2-3 − A2-0,全集 vs 无诊断,ood(10C),13,03-27-17_09.06 10degC_NN_Pan18650PF,-0.029474258422851562
A2-3 − A2-0,全集 vs 无诊断,ood(10C),42,03-27-17_09.06 10degC_NN_Pan18650PF,0.12848997116088867
A2-3 − A2-0,全集 vs 无诊断,ood(10C),101,03-27-17_09.06 10degC_NN_Pan18650PF,-0.24142432212829545
A2-3 − A2-0,全集 vs 无诊断,ood(10C),202,03-27-17_09.06 10degC_NN_Pan18650PF,-0.4456496238708496
A2-3 − A2-0,全集 vs 无诊断,ood(10C),303,03-27-17_09.06 10degC_NN_Pan18650PF,-0.22990870475769043
A2-3 − A2-0,全集 vs 无诊断,ood(10C),404,03-27-17_09.06 10degC_NN_Pan18650PF,-0.308687686920166
A2-3 − A2-0,全集 vs 无诊断,ood(10C),505,03-27-17_09.06 10degC_NN_Pan18650PF,-0.19142580032348588
A2-3 − A2-0,全集 vs 无诊断,ood(10C),606,03-27-17_09.06 10degC_NN_Pan18650PF,-0.4513359069824219
A2-3 − A2-0,全集 vs 无诊断,ood(10C),707,03-27-17_09.06 10degC_NN_Pan18650PF,-0.15700054168701172
A2-3 − A2-0,全集 vs 无诊断,ood(10C),7,03-27-17_09.06 10degC_UDDS_Pan18650PF,-0.36071646213531583
A2-3 − A2-0,全集 vs 无诊断,ood(10C),13,03-27-17_09.06 10degC_UDDS_Pan18650PF,-0.21711564064025834
A2-3 − A2-0,全集 vs 无诊断,ood(10C),42,03-27-17_09.06 10degC_UDDS_Pan18650PF,-0.008250236511230469
A2-3 − A2-0,全集 vs 无诊断,ood(10C),101,03-27-17_09.06 10degC_UDDS_Pan18650PF,-0.3841209411621096
A2-3 − A2-0,全集 vs 无诊断,ood(10C),202,03-27-17_09.06 10degC_UDDS_Pan18650PF,-0.33140575885772683
A2-3 − A2-0,全集 vs 无诊断,ood(10C),303,03-27-17_09.06 10degC_UDDS_Pan18650PF,-0.275968074798584
A2-3 − A2-0,全集 vs 无诊断,ood(10C),404,03-27-17_09.06 10degC_UDDS_Pan18650PF,-0.48359131813049294
A2-3 − A2-0,全集 vs 无诊断,ood(10C),505,03-27-17_09.06 10degC_UDDS_Pan18650PF,-0.2528626918792727
A2-3 − A2-0,全集 vs 无诊断,ood(10C),606,03-27-17_09.06 10degC_UDDS_Pan18650PF,-0.5799176692962646
A2-3 − A2-0,全集 vs 无诊断,ood(10C),707,03-27-17_09.06 10degC_UDDS_Pan18650PF,-0.289897203445435
A2-3 − A2-0,全集 vs 无诊断,ood(10C),7,03-27-17_09.06 10degC_US06_Pan18650PF,-0.09851217269897328
A2-3 − A2-0,全集 vs 无诊断,ood(10C),13,03-27-17_09.06 10degC_US06_Pan18650PF,0.18974018096923828
A2-3 − A2-0,全集 vs 无诊断,ood(10C),42,03-27-17_09.06 10degC_US06_Pan18650PF,0.24226617813110352
A2-3 − A2-0,全集 vs 无诊断,ood(10C),101,03-27-17_09.06 10degC_US06_Pan18650PF,-0.10674142837524414
A2-3 − A2-0,全集 vs 无诊断,ood(10C),202,03-27-17_09.06 10degC_US06_Pan18650PF,-0.6965088844299321
A2-3 − A2-0,全集 vs 无诊断,ood(10C),303,03-27-17_09.06 10degC_US06_Pan18650PF,-0.20532751083374023
A2-3 − A2-0,全集 vs 无诊断,ood(10C),404,03-27-17_09.06 10degC_US06_Pan18650PF,-0.16058683395385742
A2-3 − A2-0,全集 vs 无诊断,ood(10C),505,03-27-17_09.06 10degC_US06_Pan18650PF,-0.19392156600952104
A2-3 − A2-0,全集 vs 无诊断,ood(10C),606,03-27-17_09.06 10degC_US06_Pan18650PF,-0.37053346633911177
A2-3 − A2-0,全集 vs 无诊断,ood(10C),707,03-27-17_09.06 10degC_US06_Pan18650PF,-0.15423274040222257
A2-3 − A2-0,全集 vs 无诊断,ood(10C),7,03-28-17_12.51 10degC_Cycle_1_Pan18650PF,-0.2733426094055176
A2-3 − A2-0,全集 vs 无诊断,ood(10C),13,03-28-17_12.51 10degC_Cycle_1_Pan18650PF,-0.05438590049743608
A2-3 − A2-0,全集 vs 无诊断,ood(10C),42,03-28-17_12.51 10degC_Cycle_1_Pan18650PF,0.056254863739014116
A2-3 − A2-0,全集 vs 无诊断,ood(10C),101,03-28-17_12.51 10degC_Cycle_1_Pan18650PF,-0.17289352416992188
A2-3 − A2-0,全集 vs 无诊断,ood(10C),202,03-28-17_12.51 10degC_Cycle_1_Pan18650PF,-0.3615634441375728
A2-3 − A2-0,全集 vs 无诊断,ood(10C),303,03-28-17_12.51 10degC_Cycle_1_Pan18650PF,-0.27806878089904874
A2-3 − A2-0,全集 vs 无诊断,ood(10C),404,03-28-17_12.51 10degC_Cycle_1_Pan18650PF,-0.34946703910827637
A2-3 − A2-0,全集 vs 无诊断,ood(10C),505,03-28-17_12.51 10degC_Cycle_1_Pan18650PF,-0.22298455238342285
A2-3 − A2-0,全集 vs 无诊断,ood(10C),606,03-28-17_12.51 10degC_Cycle_1_Pan18650PF,-0.4062197208404541
A2-3 − A2-0,全集 vs 无诊断,ood(10C),707,03-28-17_12.51 10degC_Cycle_1_Pan18650PF,-0.21873712539672852
A2-3 − A2-0,全集 vs 无诊断,ood(10C),7,03-28-17_18.18 10degC_Cycle_2_Pan18650PF,-0.33028745651245117
A2-3 − A2-0,全集 vs 无诊断,ood(10C),13,03-28-17_18.18 10degC_Cycle_2_Pan18650PF,-0.08519744873046875
A2-3 − A2-0,全集 vs 无诊断,ood(10C),42,03-28-17_18.18 10degC_Cycle_2_Pan18650PF,0.028562545776367188
A2-3 − A2-0,全集 vs 无诊断,ood(10C),101,03-28-17_18.18 10degC_Cycle_2_Pan18650PF,-0.13233089447021484
A2-3 − A2-0,全集 vs 无诊断,ood(10C),202,03-28-17_18.18 10degC_Cycle_2_Pan18650PF,-0.44565105438232333
A2-3 − A2-0,全集 vs 无诊断,ood(10C),303,03-28-17_18.18 10degC_Cycle_2_Pan18650PF,-0.40500640869140625
A2-3 − A2-0,全集 vs 无诊断,ood(10C),404,03-28-17_18.18 10degC_Cycle_2_Pan18650PF,-0.4129767417907715
A2-3 − A2-0,全集 vs 无诊断,ood(10C),505,03-28-17_18.18 10degC_Cycle_2_Pan18650PF,-0.21120786666870117
A2-3 − A2-0,全集 vs 无诊断,ood(10C),606,03-28-17_18.18 10degC_Cycle_2_Pan18650PF,-0.4786667823791504
A2-3 − A2-0,全集 vs 无诊断,ood(10C),707,03-28-17_18.18 10degC_Cycle_2_Pan18650PF,-0.1543264389038086
A2-3 − A2-0,全集 vs 无诊断,ood(10C),7,04-05-17_17.04 10degC_Cycle_3_Pan18650PF,-0.3899269104003906
A2-3 − A2-0,全集 vs 无诊断,ood(10C),13,04-05-17_17.04 10degC_Cycle_3_Pan18650PF,-0.0045375823974609375
A2-3 − A2-0,全集 vs 无诊断,ood(10C),42,04-05-17_17.04 10degC_Cycle_3_Pan18650PF,0.04893827438354492
A2-3 − A2-0,全集 vs 无诊断,ood(10C),101,04-05-17_17.04 10degC_Cycle_3_Pan18650PF,-0.2333359718322754
A2-3 − A2-0,全集 vs 无诊断,ood(10C),202,04-05-17_17.04 10degC_Cycle_3_Pan18650PF,-0.4621753692626962
A2-3 − A2-0,全集 vs 无诊断,ood(10C),303,04-05-17_17.04 10degC_Cycle_3_Pan18650PF,-0.19320917129516602
A2-3 − A2-0,全集 vs 无诊断,ood(10C),404,04-05-17_17.04 10degC_Cycle_3_Pan18650PF,-0.3730640411376953
A2-3 − A2-0,全集 vs 无诊断,ood(10C),505,04-05-17_17.04 10degC_Cycle_3_Pan18650PF,-0.2641167640686035
A2-3 − A2-0,全集 vs 无诊断,ood(10C),606,04-05-17_17.04 10degC_Cycle_3_Pan18650PF,-0.44272279739379883
A2-3 − A2-0,全集 vs 无诊断,ood(10C),707,04-05-17_17.04 10degC_Cycle_3_Pan18650PF,-0.3007369041442871
A2-3 − A2-0,全集 vs 无诊断,ood(10C),7,04-05-17_22.50 10degC_Cycle_4_Pan18650PF,-0.17287564277648926
A2-3 − A2-0,全集 vs 无诊断,ood(10C),13,04-05-17_22.50 10degC_Cycle_4_Pan18650PF,-0.06129336357116699
A2-3 − A2-0,全集 vs 无诊断,ood(10C),42,04-05-17_22.50 10degC_Cycle_4_Pan18650PF,0.08288884162902832
A2-3 − A2-0,全集 vs 无诊断,ood(10C),101,04-05-17_22.50 10degC_Cycle_4_Pan18650PF,-0.28659534454345703
A2-3 − A2-0,全集 vs 无诊断,ood(10C),202,04-05-17_22.50 10degC_Cycle_4_Pan18650PF,-0.508158922195435
A2-3 − A2-0,全集 vs 无诊断,ood(10C),303,04-05-17_22.50 10degC_Cycle_4_Pan18650PF,-0.2767469882965088
A2-3 − A2-0,全集 vs 无诊断,ood(10C),404,04-05-17_22.50 10degC_Cycle_4_Pan18650PF,-0.3810594081878662
A2-3 − A2-0,全集 vs 无诊断,ood(10C),505,04-05-17_22.50 10degC_Cycle_4_Pan18650PF,-0.1490035057067871
A2-3 − A2-0,全集 vs 无诊断,ood(10C),606,04-05-17_22.50 10degC_Cycle_4_Pan18650PF,-0.5247159004211426
A2-3 − A2-0,全集 vs 无诊断,ood(10C),707,04-05-17_22.50 10degC_Cycle_4_Pan18650PF,-0.1890048980712895
A2-3 − A2-0,全集 vs 无诊断,ood(0C),7,05-30-17_12.56 0degC_Cycle_1_Pan18650PF,-0.24613380432129084
A2-3 − A2-0,全集 vs 无诊断,ood(0C),13,05-30-17_12.56 0degC_Cycle_1_Pan18650PF,-0.1311836242675799
A2-3 − A2-0,全集 vs 无诊断,ood(0C),42,05-30-17_12.56 0degC_Cycle_1_Pan18650PF,0.11205577850341797
A2-3 − A2-0,全集 vs 无诊断,ood(0C),101,05-30-17_12.56 0degC_Cycle_1_Pan18650PF,-0.4612932205200213
A2-3 − A2-0,全集 vs 无诊断,ood(0C),202,05-30-17_12.56 0degC_Cycle_1_Pan18650PF,-1.2649726867675781
A2-3 − A2-0,全集 vs 无诊断,ood(0C),303,05-30-17_12.56 0degC_Cycle_1_Pan18650PF,-0.21731567382812322
A2-3 − A2-0,全集 vs 无诊断,ood(0C),404,05-30-17_12.56 0degC_Cycle_1_Pan18650PF,-0.47971153259277344
A2-3 − A2-0,全集 vs 无诊断,ood(0C),505,05-30-17_12.56 0degC_Cycle_1_Pan18650PF,-0.6383380889892578
A2-3 − A2-0,全集 vs 无诊断,ood(0C),606,05-30-17_12.56 0degC_Cycle_1_Pan18650PF,-0.9377813339233398
A2-3 − A2-0,全集 vs 无诊断,ood(0C),707,05-30-17_12.56 0degC_Cycle_1_Pan18650PF,-0.8449668884277308
A2-3 − A2-0,全集 vs 无诊断,ood(0C),7,05-30-17_20.16 0degC_Cycle_2_Pan18650PF,-0.09858322143554688
A2-3 − A2-0,全集 vs 无诊断,ood(0C),13,05-30-17_20.16 0degC_Cycle_2_Pan18650PF,-0.08900642395019354
A2-3 − A2-0,全集 vs 无诊断,ood(0C),42,05-30-17_20.16 0degC_Cycle_2_Pan18650PF,0.18194675445556285
A2-3 − A2-0,全集 vs 无诊断,ood(0C),101,05-30-17_20.16 0degC_Cycle_2_Pan18650PF,-0.3881196975708008
A2-3 − A2-0,全集 vs 无诊断,ood(0C),202,05-30-17_20.16 0degC_Cycle_2_Pan18650PF,-1.0735559463500977
A2-3 − A2-0,全集 vs 无诊断,ood(0C),303,05-30-17_20.16 0degC_Cycle_2_Pan18650PF,-0.2724456787109375
A2-3 − A2-0,全集 vs 无诊断,ood(0C),404,05-30-17_20.16 0degC_Cycle_2_Pan18650PF,-0.4456043243408221
A2-3 − A2-0,全集 vs 无诊断,ood(0C),505,05-30-17_20.16 0degC_Cycle_2_Pan18650PF,-0.5117464065551758
A2-3 − A2-0,全集 vs 无诊断,ood(0C),606,05-30-17_20.16 0degC_Cycle_2_Pan18650PF,-0.995305061340332
A2-3 − A2-0,全集 vs 无诊断,ood(0C),707,05-30-17_20.16 0degC_Cycle_2_Pan18650PF,-0.6626167297363299
A2-3 − A2-0,全集 vs 无诊断,ood(0C),7,06-01-17_10.36 0degC_LA92_Pan18650PF,-0.3856930732727051
A2-3 − A2-0,全集 vs 无诊断,ood(0C),13,06-01-17_10.36 0degC_LA92_Pan18650PF,-0.12690019607543945
A2-3 − A2-0,全集 vs 无诊断,ood(0C),42,06-01-17_10.36 0degC_LA92_Pan18650PF,0.15923070907592773
A2-3 − A2-0,全集 vs 无诊断,ood(0C),101,06-01-17_10.36 0degC_LA92_Pan18650PF,-0.4056062698364258
A2-3 − A2-0,全集 vs 无诊断,ood(0C),202,06-01-17_10.36 0degC_LA92_Pan18650PF,-0.3812856674194336
A2-3 − A2-0,全集 vs 无诊断,ood(0C),303,06-01-17_10.36 0degC_LA92_Pan18650PF,-0.4252171516418457
A2-3 − A2-0,全集 vs 无诊断,ood(0C),404,06-01-17_10.36 0degC_LA92_Pan18650PF,-0.5105209350585938
A2-3 − A2-0,全集 vs 无诊断,ood(0C),505,06-01-17_10.36 0degC_LA92_Pan18650PF,-0.2047438621520996
A2-3 − A2-0,全集 vs 无诊断,ood(0C),606,06-01-17_10.36 0degC_LA92_Pan18650PF,-0.6909408569335938
A2-3 − A2-0,全集 vs 无诊断,ood(0C),707,06-01-17_10.36 0degC_LA92_Pan18650PF,-0.10482120513916016
A2-3 − A2-0,全集 vs 无诊断,ood(0C),7,06-01-17_10.36 0degC_NN_Pan18650PF,-0.20418596267700195
A2-3 − A2-0,全集 vs 无诊断,ood(0C),13,06-01-17_10.36 0degC_NN_Pan18650PF,-0.0838022232055664
A2-3 − A2-0,全集 vs 无诊断,ood(0C),42,06-01-17_10.36 0degC_NN_Pan18650PF,0.19537830352783203
A2-3 − A2-0,全集 vs 无诊断,ood(0C),101,06-01-17_10.36 0degC_NN_Pan18650PF,-0.4968376159667969
A2-3 − A2-0,全集 vs 无诊断,ood(0C),202,06-01-17_10.36 0degC_NN_Pan18650PF,-0.46940183639526367
A2-3 − A2-0,全集 vs 无诊断,ood(0C),303,06-01-17_10.36 0degC_NN_Pan18650PF,-0.3510699272155753
A2-3 − A2-0,全集 vs 无诊断,ood(0C),404,06-01-17_10.36 0degC_NN_Pan18650PF,-0.45116710662841797
A2-3 − A2-0,全集 vs 无诊断,ood(0C),505,06-01-17_10.36 0degC_NN_Pan18650PF,-0.31604862213134766
A2-3 − A2-0,全集 vs 无诊断,ood(0C),606,06-01-17_10.36 0degC_NN_Pan18650PF,-0.7178277969360352
A2-3 − A2-0,全集 vs 无诊断,ood(0C),707,06-01-17_10.36 0degC_NN_Pan18650PF,-0.13348865509033203
A2-3 − A2-0,全集 vs 无诊断,ood(0C),7,06-01-17_15.36 0degC_Cycle_3_Pan18650PF,-0.5953588485717791
A2-3 − A2-0,全集 vs 无诊断,ood(0C),13,06-01-17_15.36 0degC_Cycle_3_Pan18650PF,-0.07081985473632812
A2-3 − A2-0,全集 vs 无诊断,ood(0C),42,06-01-17_15.36 0degC_Cycle_3_Pan18650PF,-0.130340576171875
A2-3 − A2-0,全集 vs 无诊断,ood(0C),101,06-01-17_15.36 0degC_Cycle_3_Pan18650PF,-0.4699230194091797
A2-3 − A2-0,全集 vs 无诊断,ood(0C),202,06-01-17_15.36 0degC_Cycle_3_Pan18650PF,-0.7978067398071289
A2-3 − A2-0,全集 vs 无诊断,ood(0C),303,06-01-17_15.36 0degC_Cycle_3_Pan18650PF,-0.5349102020263672
A2-3 − A2-0,全集 vs 无诊断,ood(0C),404,06-01-17_15.36 0degC_Cycle_3_Pan18650PF,-0.9183483123779279
A2-3 − A2-0,全集 vs 无诊断,ood(0C),505,06-01-17_15.36 0degC_Cycle_3_Pan18650PF,-0.36813831329345703
A2-3 − A2-0,全集 vs 无诊断,ood(0C),606,06-01-17_15.36 0degC_Cycle_3_Pan18650PF,-0.9666690826416016
A2-3 − A2-0,全集 vs 无诊断,ood(0C),707,06-01-17_15.36 0degC_Cycle_3_Pan18650PF,-0.3926534652709961
A2-3 − A2-0,全集 vs 无诊断,ood(0C),7,06-01-17_22.03 0degC_Cycle_4_Pan18650PF,-0.43869495391845703
A2-3 − A2-0,全集 vs 无诊断,ood(0C),13,06-01-17_22.03 0degC_Cycle_4_Pan18650PF,-0.06299972534179688
A2-3 − A2-0,全集 vs 无诊断,ood(0C),42,06-01-17_22.03 0degC_Cycle_4_Pan18650PF,0.13167190551757812
A2-3 − A2-0,全集 vs 无诊断,ood(0C),101,06-01-17_22.03 0degC_Cycle_4_Pan18650PF,-0.5933542251586914
A2-3 − A2-0,全集 vs 无诊断,ood(0C),202,06-01-17_22.03 0degC_Cycle_4_Pan18650PF,-0.5766229629516602
A2-3 − A2-0,全集 vs 无诊断,ood(0C),303,06-01-17_22.03 0degC_Cycle_4_Pan18650PF,-0.3750429153442383
A2-3 − A2-0,全集 vs 无诊断,ood(0C),404,06-01-17_22.03 0degC_Cycle_4_Pan18650PF,-0.5272216796875
A2-3 − A2-0,全集 vs 无诊断,ood(0C),505,06-01-17_22.03 0degC_Cycle_4_Pan18650PF,-0.374361515045166
A2-3 − A2-0,全集 vs 无诊断,ood(0C),606,06-01-17_22.03 0degC_Cycle_4_Pan18650PF,-0.7629499435424805
A2-3 − A2-0,全集 vs 无诊断,ood(0C),707,06-01-17_22.03 0degC_Cycle_4_Pan18650PF,-0.3222789764404297
A2-3 − A2-0,全集 vs 无诊断,ood(0C),7,06-02-17_04.58 0degC_US06_Pan18650PF,-0.28759765625
A2-3 − A2-0,全集 vs 无诊断,ood(0C),13,06-02-17_04.58 0degC_US06_Pan18650PF,0.2831020355224627
A2-3 − A2-0,全集 vs 无诊断,ood(0C),42,06-02-17_04.58 0degC_US06_Pan18650PF,0.2433452606201154
A2-3 − A2-0,全集 vs 无诊断,ood(0C),101,06-02-17_04.58 0degC_US06_Pan18650PF,-0.37206363677978693
A2-3 − A2-0,全集 vs 无诊断,ood(0C),202,06-02-17_04.58 0degC_US06_Pan18650PF,-1.1405391693115252
A2-3 − A2-0,全集 vs 无诊断,ood(0C),303,06-02-17_04.58 0degC_US06_Pan18650PF,-0.4614610671997088
A2-3 − A2-0,全集 vs 无诊断,ood(0C),404,06-02-17_04.58 0degC_US06_Pan18650PF,-0.5012826919555682
A2-3 − A2-0,全集 vs 无诊断,ood(0C),505,06-02-17_04.58 0degC_US06_Pan18650PF,-0.2333631515502912
A2-3 − A2-0,全集 vs 无诊断,ood(0C),606,06-02-17_04.58 0degC_US06_Pan18650PF,-0.6710948944091797
A2-3 − A2-0,全集 vs 无诊断,ood(0C),707,06-02-17_04.58 0degC_US06_Pan18650PF,-0.1697778701782191
A2-3 − A2-0,全集 vs 无诊断,ood(0C),7,06-02-17_10.43 0degC_HWFET_Pan18650PF,-0.4478273391723633
A2-3 − A2-0,全集 vs 无诊断,ood(0C),13,06-02-17_10.43 0degC_HWFET_Pan18650PF,0.1817941665649414
A2-3 − A2-0,全集 vs 无诊断,ood(0C),42,06-02-17_10.43 0degC_HWFET_Pan18650PF,0.1542034149169922
A2-3 − A2-0,全集 vs 无诊断,ood(0C),101,06-02-17_10.43 0degC_HWFET_Pan18650PF,-0.8131780624389631
A2-3 − A2-0,全集 vs 无诊断,ood(0C),202,06-02-17_10.43 0degC_HWFET_Pan18650PF,-1.0137948989868164
A2-3 − A2-0,全集 vs 无诊断,ood(0C),303,06-02-17_10.43 0degC_HWFET_Pan18650PF,-0.3260965347290039
A2-3 − A2-0,全集 vs 无诊断,ood(0C),404,06-02-17_10.43 0degC_HWFET_Pan18650PF,-0.6356544494628906
A2-3 − A2-0,全集 vs 无诊断,ood(0C),505,06-02-17_10.43 0degC_HWFET_Pan18650PF,-0.524838447570799
A2-3 − A2-0,全集 vs 无诊断,ood(0C),606,06-02-17_10.43 0degC_HWFET_Pan18650PF,-0.8394632339477539
A2-3 − A2-0,全集 vs 无诊断,ood(0C),707,06-02-17_10.43 0degC_HWFET_Pan18650PF,-0.7131004333496112
A2-3 − A2-0,全集 vs 无诊断,ood(0C),7,06-02-17_17.14 0degC_UDDS_Pan18650PF,-0.6332144737243652
A2-3 − A2-0,全集 vs 无诊断,ood(0C),13,06-02-17_17.14 0degC_UDDS_Pan18650PF,-0.2766876220703125
A2-3 − A2-0,全集 vs 无诊断,ood(0C),42,06-02-17_17.14 0degC_UDDS_Pan18650PF,-0.08722114562988281
A2-3 − A2-0,全集 vs 无诊断,ood(0C),101,06-02-17_17.14 0degC_UDDS_Pan18650PF,-0.6257390975952148
A2-3 − A2-0,全集 vs 无诊断,ood(0C),202,06-02-17_17.14 0degC_UDDS_Pan18650PF,-0.41582250595092773
A2-3 − A2-0,全集 vs 无诊断,ood(0C),303,06-02-17_17.14 0degC_UDDS_Pan18650PF,-0.4158458709716797
A2-3 − A2-0,全集 vs 无诊断,ood(0C),404,06-02-17_17.14 0degC_UDDS_Pan18650PF,-0.784276008605957
A2-3 − A2-0,全集 vs 无诊断,ood(0C),505,06-02-17_17.14 0degC_UDDS_Pan18650PF,-0.2803621292114258
A2-3 − A2-0,全集 vs 无诊断,ood(0C),606,06-02-17_17.14 0degC_UDDS_Pan18650PF,-0.9426822662353516
A2-3 − A2-0,全集 vs 无诊断,ood(0C),707,06-02-17_17.14 0degC_UDDS_Pan18650PF,-0.32402896881103516
A2-3 − A2-0,全集 vs 无诊断,ood(-10C),7,06-07-17_08.39 n10degC_HWFET_Pan18650PF,-0.3434324264526367
A2-3 − A2-0,全集 vs 无诊断,ood(-10C),13,06-07-17_08.39 n10degC_HWFET_Pan18650PF,-0.04253864288330078
A2-3 − A2-0,全集 vs 无诊断,ood(-10C),42,06-07-17_08.39 n10degC_HWFET_Pan18650PF,0.22405576705932706
A2-3 − A2-0,全集 vs 无诊断,ood(-10C),101,06-07-17_08.39 n10degC_HWFET_Pan18650PF,-0.840601921081543
A2-3 − A2-0,全集 vs 无诊断,ood(-10C),202,06-07-17_08.39 n10degC_HWFET_Pan18650PF,-0.7946538925170898
A2-3 − A2-0,全集 vs 无诊断,ood(-10C),303,06-07-17_08.39 n10degC_HWFET_Pan18650PF,-0.4648590087890625
A2-3 − A2-0,全集 vs 无诊断,ood(-10C),404,06-07-17_08.39 n10degC_HWFET_Pan18650PF,-0.6961798667907715
A2-3 − A2-0,全集 vs 无诊断,ood(-10C),505,06-07-17_08.39 n10degC_HWFET_Pan18650PF,-0.42566823959350586
A2-3 − A2-0,全集 vs 无诊断,ood(-10C),606,06-07-17_08.39 n10degC_HWFET_Pan18650PF,-1.028338909149169
A2-3 − A2-0,全集 vs 无诊断,ood(-10C),707,06-07-17_08.39 n10degC_HWFET_Pan18650PF,-0.2956533432006836
A2-3 − A2-0,全集 vs 无诊断,ood(-10C),7,06-07-17_08.39 n10degC_LA92_Pan18650PF,-0.40166139602661133
A2-3 − A2-0,全集 vs 无诊断,ood(-10C),13,06-07-17_08.39 n10degC_LA92_Pan18650PF,-0.1640167236328125
A2-3 − A2-0,全集 vs 无诊断,ood(-10C),42,06-07-17_08.39 n10degC_LA92_Pan18650PF,0.08488130569458008
A2-3 − A2-0,全集 vs 无诊断,ood(-10C),101,06-07-17_08.39 n10degC_LA92_Pan18650PF,-0.6037783622741699
A2-3 − A2-0,全集 vs 无诊断,ood(-10C),202,06-07-17_08.39 n10degC_LA92_Pan18650PF,-0.6055374145507812
A2-3 − A2-0,全集 vs 无诊断,ood(-10C),303,06-07-17_08.39 n10degC_LA92_Pan18650PF,-0.5394682884216309
A2-3 − A2-0,全集 vs 无诊断,ood(-10C),404,06-07-17_08.39 n10degC_LA92_Pan18650PF,-0.7085075378417969
A2-3 − A2-0,全集 vs 无诊断,ood(-10C),505,06-07-17_08.39 n10degC_LA92_Pan18650PF,-0.28216981887817383
A2-3 − A2-0,全集 vs 无诊断,ood(-10C),606,06-07-17_08.39 n10degC_LA92_Pan18650PF,-1.0908546447753906
A2-3 − A2-0,全集 vs 无诊断,ood(-10C),707,06-07-17_08.39 n10degC_LA92_Pan18650PF,-0.04551076889038086
A2-3 − A2-0,全集 vs 无诊断,ood(-10C),7,06-07-17_08.39 n10degC_UDDS_Pan18650PF,-0.6201505661010742
A2-3 − A2-0,全集 vs 无诊断,ood(-10C),13,06-07-17_08.39 n10degC_UDDS_Pan18650PF,-0.3372087478637731
A2-3 − A2-0,全集 vs 无诊断,ood(-10C),42,06-07-17_08.39 n10degC_UDDS_Pan18650PF,-0.17302608489990234
A2-3 − A2-0,全集 vs 无诊断,ood(-10C),101,06-07-17_08.39 n10degC_UDDS_Pan18650PF,-0.7445039749145508
A2-3 − A2-0,全集 vs 无诊断,ood(-10C),202,06-07-17_08.39 n10degC_UDDS_Pan18650PF,-0.560704231262207
A2-3 − A2-0,全集 vs 无诊断,ood(-10C),303,06-07-17_08.39 n10degC_UDDS_Pan18650PF,-0.6133289337158185
A2-3 − A2-0,全集 vs 无诊断,ood(-10C),404,06-07-17_08.39 n10degC_UDDS_Pan18650PF,-0.9239559173583984
A2-3 − A2-0,全集 vs 无诊断,ood(-10C),505,06-07-17_08.39 n10degC_UDDS_Pan18650PF,-0.24736404418945312
A2-3 − A2-0,全集 vs 无诊断,ood(-10C),606,06-07-17_08.39 n10degC_UDDS_Pan18650PF,-1.2711706161499023
A2-3 − A2-0,全集 vs 无诊断,ood(-10C),707,06-07-17_08.39 n10degC_UDDS_Pan18650PF,-0.12741470336913885
A2-3 − A2-0,全集 vs 无诊断,ood(-10C),7,06-07-17_08.39 n10degC_US06_Pan18650PF,-0.09707021713256836
A2-3 − A2-0,全集 vs 无诊断,ood(-10C),13,06-07-17_08.39 n10degC_US06_Pan18650PF,-0.03851890563964844
A2-3 − A2-0,全集 vs 无诊断,ood(-10C),42,06-07-17_08.39 n10degC_US06_Pan18650PF,0.4426136016845703
A2-3 − A2-0,全集 vs 无诊断,ood(-10C),101,06-07-17_08.39 n10degC_US06_Pan18650PF,-0.5761599540710449
A2-3 − A2-0,全集 vs 无诊断,ood(-10C),202,06-07-17_08.39 n10degC_US06_Pan18650PF,-0.6481270790100093
A2-3 − A2-0,全集 vs 无诊断,ood(-10C),303,06-07-17_08.39 n10degC_US06_Pan18650PF,-0.6099047660827637
A2-3 − A2-0,全集 vs 无诊断,ood(-10C),404,06-07-17_08.39 n10degC_US06_Pan18650PF,-0.5424337387084961
A2-3 − A2-0,全集 vs 无诊断,ood(-10C),505,06-07-17_08.39 n10degC_US06_Pan18650PF,-0.372861385345459
A2-3 − A2-0,全集 vs 无诊断,ood(-10C),606,06-07-17_08.39 n10degC_US06_Pan18650PF,-0.9935364723205566
A2-3 − A2-0,全集 vs 无诊断,ood(-10C),707,06-07-17_08.39 n10degC_US06_Pan18650PF,0.161865234375
A2-3 − A2-0,全集 vs 无诊断,ood(-10C),7,06-10-17_11.25 n10degC_Cycle_1_Pan18650PF,-0.6561117172241193
A2-3 − A2-0,全集 vs 无诊断,ood(-10C),13,06-10-17_11.25 n10degC_Cycle_1_Pan18650PF,-0.123904228210451
A2-3 − A2-0,全集 vs 无诊断,ood(-10C),42,06-10-17_11.25 n10degC_Cycle_1_Pan18650PF,-0.0009412765502911924
A2-3 − A2-0,全集 vs 无诊断,ood(-10C),101,06-10-17_11.25 n10degC_Cycle_1_Pan18650PF,-0.8161087036132812
A2-3 − A2-0,全集 vs 无诊断,ood(-10C),202,06-10-17_11.25 n10degC_Cycle_1_Pan18650PF,-1.1159477233886719
A2-3 − A2-0,全集 vs 无诊断,ood(-10C),303,06-10-17_11.25 n10degC_Cycle_1_Pan18650PF,-0.6303739547729492
A2-3 − A2-0,全集 vs 无诊断,ood(-10C),404,06-10-17_11.25 n10degC_Cycle_1_Pan18650PF,-0.9288482666015643
A2-3 − A2-0,全集 vs 无诊断,ood(-10C),505,06-10-17_11.25 n10degC_Cycle_1_Pan18650PF,-0.4664468765258789
A2-3 − A2-0,全集 vs 无诊断,ood(-10C),606,06-10-17_11.25 n10degC_Cycle_1_Pan18650PF,-1.26578903198242
A2-3 − A2-0,全集 vs 无诊断,ood(-10C),707,06-10-17_11.25 n10degC_Cycle_1_Pan18650PF,-0.39411544799804865
A2-3 − A2-0,全集 vs 无诊断,ood(-10C),7,06-10-17_18.35 n10degC_Cycle_2_Pan18650PF,-0.7140464782714844
A2-3 − A2-0,全集 vs 无诊断,ood(-10C),13,06-10-17_18.35 n10degC_Cycle_2_Pan18650PF,-0.12387466430664062
A2-3 − A2-0,全集 vs 无诊断,ood(-10C),42,06-10-17_18.35 n10degC_Cycle_2_Pan18650PF,-0.06914520263671875
A2-3 − A2-0,全集 vs 无诊断,ood(-10C),101,06-10-17_18.35 n10degC_Cycle_2_Pan18650PF,-0.8638343811035156
A2-3 − A2-0,全集 vs 无诊断,ood(-10C),202,06-10-17_18.35 n10degC_Cycle_2_Pan18650PF,-0.9503116607666016
A2-3 − A2-0,全集 vs 无诊断,ood(-10C),303,06-10-17_18.35 n10degC_Cycle_2_Pan18650PF,-0.557037353515625
A2-3 − A2-0,全集 vs 无诊断,ood(-10C),404,06-10-17_18.35 n10degC_Cycle_2_Pan18650PF,-1.0412216186523438
A2-3 − A2-0,全集 vs 无诊断,ood(-10C),505,06-10-17_18.35 n10degC_Cycle_2_Pan18650PF,-0.34731292724609375
A2-3 − A2-0,全集 vs 无诊断,ood(-10C),606,06-10-17_18.35 n10degC_Cycle_2_Pan18650PF,-1.423990249633789
A2-3 − A2-0,全集 vs 无诊断,ood(-10C),707,06-10-17_18.35 n10degC_Cycle_2_Pan18650PF,-0.26705360412597656
A2-3 − A2-0,全集 vs 无诊断,ood(-10C),7,06-11-17_01.39 n10degC_Cycle_3_Pan18650PF,-0.8183574676513672
A2-3 − A2-0,全集 vs 无诊断,ood(-10C),13,06-11-17_01.39 n10degC_Cycle_3_Pan18650PF,-0.09980392456054332
A2-3 − A2-0,全集 vs 无诊断,ood(-10C),42,06-11-17_01.39 n10degC_Cycle_3_Pan18650PF,-0.18756484985351562
A2-3 − A2-0,全集 vs 无诊断,ood(-10C),101,06-11-17_01.39 n10degC_Cycle_3_Pan18650PF,-0.7506256103515625
A2-3 − A2-0,全集 vs 无诊断,ood(-10C),202,06-11-17_01.39 n10degC_Cycle_3_Pan18650PF,-1.0698776245117188
A2-3 − A2-0,全集 vs 无诊断,ood(-10C),303,06-11-17_01.39 n10degC_Cycle_3_Pan18650PF,-0.6762409210205114
A2-3 − A2-0,全集 vs 无诊断,ood(-10C),404,06-11-17_01.39 n10degC_Cycle_3_Pan18650PF,-1.1517963409423864
A2-3 − A2-0,全集 vs 无诊断,ood(-10C),505,06-11-17_01.39 n10degC_Cycle_3_Pan18650PF,-0.4730091094970703
A2-3 − A2-0,全集 vs 无诊断,ood(-10C),606,06-11-17_01.39 n10degC_Cycle_3_Pan18650PF,-1.3841018676757812
A2-3 − A2-0,全集 vs 无诊断,ood(-10C),707,06-11-17_01.39 n10degC_Cycle_3_Pan18650PF,-0.40842628479003906
A2-3 − A2-0,全集 vs 无诊断,ood(-10C),7,06-11-17_08.42 n10degC_Cycle_4_Pan18650PF,-0.5081901550292987
A2-3 − A2-0,全集 vs 无诊断,ood(-10C),13,06-11-17_08.42 n10degC_Cycle_4_Pan18650PF,-0.030551910400390625
A2-3 − A2-0,全集 vs 无诊断,ood(-10C),42,06-11-17_08.42 n10degC_Cycle_4_Pan18650PF,0.09421539306640625
A2-3 − A2-0,全集 vs 无诊断,ood(-10C),101,06-11-17_08.42 n10degC_Cycle_4_Pan18650PF,-0.6168384552001971
A2-3 − A2-0,全集 vs 无诊断,ood(-10C),202,06-11-17_08.42 n10degC_Cycle_4_Pan18650PF,-0.6959505081176758
A2-3 − A2-0,全集 vs 无诊断,ood(-10C),303,06-11-17_08.42 n10degC_Cycle_4_Pan18650PF,-0.5125284194946307
A2-3 − A2-0,全集 vs 无诊断,ood(-10C),404,06-11-17_08.42 n10degC_Cycle_4_Pan18650PF,-0.7854261398315447
A2-3 − A2-0,全集 vs 无诊断,ood(-10C),505,06-11-17_08.42 n10degC_Cycle_4_Pan18650PF,-0.2931365966796857
A2-3 − A2-0,全集 vs 无诊断,ood(-10C),606,06-11-17_08.42 n10degC_Cycle_4_Pan18650PF,-1.0459289550781232
A2-3 − A2-0,全集 vs 无诊断,ood(-10C),707,06-11-17_08.42 n10degC_Cycle_4_Pan18650PF,-0.010435104370117188
A2-3 − A2-0,全集 vs 无诊断,ood(-10C),7,06-14-17_13.12 n10degC_NN_Pan18650PF,-0.5459232330322266
A2-3 − A2-0,全集 vs 无诊断,ood(-10C),13,06-14-17_13.12 n10degC_NN_Pan18650PF,-0.040008544921875
A2-3 − A2-0,全集 vs 无诊断,ood(-10C),42,06-14-17_13.12 n10degC_NN_Pan18650PF,-0.012800216674804688
A2-3 − A2-0,全集 vs 无诊断,ood(-10C),101,06-14-17_13.12 n10degC_NN_Pan18650PF,-0.6770420074462891
A2-3 − A2-0,全集 vs 无诊断,ood(-10C),202,06-14-17_13.12 n10degC_NN_Pan18650PF,-0.8989744186401367
A2-3 − A2-0,全集 vs 无诊断,ood(-10C),303,06-14-17_13.12 n10degC_NN_Pan18650PF,-0.4972705841064453
A2-3 − A2-0,全集 vs 无诊断,ood(-10C),404,06-14-17_13.12 n10degC_NN_Pan18650PF,-0.8866004943847656
A2-3 − A2-0,全集 vs 无诊断,ood(-10C),505,06-14-17_13.12 n10degC_NN_Pan18650PF,-0.479949951171875
A2-3 − A2-0,全集 vs 无诊断,ood(-10C),606,06-14-17_13.12 n10degC_NN_Pan18650PF,-1.2061386108398438
A2-3 − A2-0,全集 vs 无诊断,ood(-10C),707,06-14-17_13.12 n10degC_NN_Pan18650PF,-0.15631675720214844
A2-3 − A2-0,全集 vs 无诊断,ood(-20C),7,06-23-17_23.35 n20degC_HWFET_Pan18650PF,-0.42402124404907227
A2-3 − A2-0,全集 vs 无诊断,ood(-20C),13,06-23-17_23.35 n20degC_HWFET_Pan18650PF,-0.1991896629333496
A2-3 − A2-0,全集 vs 无诊断,ood(-20C),42,06-23-17_23.35 n20degC_HWFET_Pan18650PF,0.24339437484741122
A2-3 − A2-0,全集 vs 无诊断,ood(-20C),101,06-23-17_23.35 n20degC_HWFET_Pan18650PF,-0.9985318183898926
A2-3 − A2-0,全集 vs 无诊断,ood(-20C),202,06-23-17_23.35 n20degC_HWFET_Pan18650PF,-0.8973536491394043
A2-3 − A2-0,全集 vs 无诊断,ood(-20C),303,06-23-17_23.35 n20degC_HWFET_Pan18650PF,-0.7643365859985352
A2-3 − A2-0,全集 vs 无诊断,ood(-20C),404,06-23-17_23.35 n20degC_HWFET_Pan18650PF,-1.0224528312683105
A2-3 − A2-0,全集 vs 无诊断,ood(-20C),505,06-23-17_23.35 n20degC_HWFET_Pan18650PF,-0.47803449630737305
A2-3 − A2-0,全集 vs 无诊断,ood(-20C),606,06-23-17_23.35 n20degC_HWFET_Pan18650PF,-1.5440597534179688
A2-3 − A2-0,全集 vs 无诊断,ood(-20C),707,06-23-17_23.35 n20degC_HWFET_Pan18650PF,-0.012762069702149326
A2-3 − A2-0,全集 vs 无诊断,ood(-20C),7,06-23-17_23.35 n20degC_LA92_Pan18650PF,-0.40322065353393555
A2-3 − A2-0,全集 vs 无诊断,ood(-20C),13,06-23-17_23.35 n20degC_LA92_Pan18650PF,-0.25929641723632724
A2-3 − A2-0,全集 vs 无诊断,ood(-20C),42,06-23-17_23.35 n20degC_LA92_Pan18650PF,0.11202239990234375
A2-3 − A2-0,全集 vs 无诊断,ood(-20C),101,06-23-17_23.35 n20degC_LA92_Pan18650PF,-0.7727861404418945
A2-3 − A2-0,全集 vs 无诊断,ood(-20C),202,06-23-17_23.35 n20degC_LA92_Pan18650PF,-0.8083977699279785
A2-3 − A2-0,全集 vs 无诊断,ood(-20C),303,06-23-17_23.35 n20degC_LA92_Pan18650PF,-0.7758684158325195
A2-3 − A2-0,全集 vs 无诊断,ood(-20C),404,06-23-17_23.35 n20degC_LA92_Pan18650PF,-0.9950656890869141
A2-3 − A2-0,全集 vs 无诊断,ood(-20C),505,06-23-17_23.35 n20degC_LA92_Pan18650PF,-0.3372311592102051
A2-3 − A2-0,全集 vs 无诊断,ood(-20C),606,06-23-17_23.35 n20degC_LA92_Pan18650PF,-1.5182037353515625
A2-3 − A2-0,全集 vs 无诊断,ood(-20C),707,06-23-17_23.35 n20degC_LA92_Pan18650PF,0.1967482566833496
A2-3 − A2-0,全集 vs 无诊断,ood(-20C),7,06-23-17_23.35 n20degC_NN_Pan18650PF,-0.3156449794769287
A2-3 − A2-0,全集 vs 无诊断,ood(-20C),13,06-23-17_23.35 n20degC_NN_Pan18650PF,-0.3275575637817383
A2-3 − A2-0,全集 vs 无诊断,ood(-20C),42,06-23-17_23.35 n20degC_NN_Pan18650PF,0.1385364532470703
A2-3 − A2-0,全集 vs 无诊断,ood(-20C),101,06-23-17_23.35 n20degC_NN_Pan18650PF,-0.8296627998352051
A2-3 − A2-0,全集 vs 无诊断,ood(-20C),202,06-23-17_23.35 n20degC_NN_Pan18650PF,-0.5470874309539795
A2-3 − A2-0,全集 vs 无诊断,ood(-20C),303,06-23-17_23.35 n20degC_NN_Pan18650PF,-0.6778354644775391
A2-3 − A2-0,全集 vs 无诊断,ood(-20C),404,06-23-17_23.35 n20degC_NN_Pan18650PF,-1.0325331687927246
A2-3 − A2-0,全集 vs 无诊断,ood(-20C),505,06-23-17_23.35 n20degC_NN_Pan18650PF,-0.41641235351562456
A2-3 − A2-0,全集 vs 无诊断,ood(-20C),606,06-23-17_23.35 n20degC_NN_Pan18650PF,-1.5124964714050289
A2-3 − A2-0,全集 vs 无诊断,ood(-20C),707,06-23-17_23.35 n20degC_NN_Pan18650PF,0.12866926193237305
A2-3 − A2-0,全集 vs 无诊断,ood(-20C),7,06-23-17_23.35 n20degC_UDDS_Pan18650PF,-0.635991096496582
A2-3 − A2-0,全集 vs 无诊断,ood(-20C),13,06-23-17_23.35 n20degC_UDDS_Pan18650PF,-0.32816314697265625
A2-3 − A2-0,全集 vs 无诊断,ood(-20C),42,06-23-17_23.35 n20degC_UDDS_Pan18650PF,-0.1275501251220703
A2-3 − A2-0,全集 vs 无诊断,ood(-20C),101,06-23-17_23.35 n20degC_UDDS_Pan18650PF,-0.7750635147094709
A2-3 − A2-0,全集 vs 无诊断,ood(-20C),202,06-23-17_23.35 n20degC_UDDS_Pan18650PF,-0.8814992904663086
A2-3 − A2-0,全集 vs 无诊断,ood(-20C),303,06-23-17_23.35 n20degC_UDDS_Pan18650PF,-0.8125324249267578
A2-3 − A2-0,全集 vs 无诊断,ood(-20C),404,06-23-17_23.35 n20degC_UDDS_Pan18650PF,-1.0921716690063477
A2-3 − A2-0,全集 vs 无诊断,ood(-20C),505,06-23-17_23.35 n20degC_UDDS_Pan18650PF,-0.25930881500243963
A2-3 − A2-0,全集 vs 无诊断,ood(-20C),606,06-23-17_23.35 n20degC_UDDS_Pan18650PF,-1.5743160247802734
A2-3 − A2-0,全集 vs 无诊断,ood(-20C),707,06-23-17_23.35 n20degC_UDDS_Pan18650PF,0.16695213317871094
A2-3 − A2-0,全集 vs 无诊断,ood(-20C),7,06-24-17_04.29 n20degC_Cycle_1_Pan18650PF,-0.8513927459716797
A2-3 − A2-0,全集 vs 无诊断,ood(-20C),13,06-24-17_04.29 n20degC_Cycle_1_Pan18650PF,-0.14886093139648082
A2-3 − A2-0,全集 vs 无诊断,ood(-20C),42,06-24-17_04.29 n20degC_Cycle_1_Pan18650PF,-0.1260280609130895
A2-3 − A2-0,全集 vs 无诊断,ood(-20C),101,06-24-17_04.29 n20degC_Cycle_1_Pan18650PF,-0.9185504913330078
A2-3 − A2-0,全集 vs 无诊断,ood(-20C),202,06-24-17_04.29 n20degC_Cycle_1_Pan18650PF,-1.5444660186767614
A2-3 − A2-0,全集 vs 无诊断,ood(-20C),303,06-24-17_04.29 n20degC_Cycle_1_Pan18650PF,-0.9728813171386719
A2-3 − A2-0,全集 vs 无诊断,ood(-20C),404,06-24-17_04.29 n20degC_Cycle_1_Pan18650PF,-1.298044204711914
A2-3 − A2-0,全集 vs 无诊断,ood(-20C),505,06-24-17_04.29 n20degC_Cycle_1_Pan18650PF,-0.6404685974121165
A2-3 − A2-0,全集 vs 无诊断,ood(-20C),606,06-24-17_04.29 n20degC_Cycle_1_Pan18650PF,-1.7619743347167969
A2-3 − A2-0,全集 vs 无诊断,ood(-20C),707,06-24-17_04.29 n20degC_Cycle_1_Pan18650PF,-0.1327838897705078
A2-3 − A2-0,全集 vs 无诊断,ood(-20C),7,06-24-17_11.58 n20degC_Cycle_2_Pan18650PF,-0.8045940399169922
A2-3 − A2-0,全集 vs 无诊断,ood(-20C),13,06-24-17_11.58 n20degC_Cycle_2_Pan18650PF,-0.18360137939453125
A2-3 − A2-0,全集 vs 无诊断,ood(-20C),42,06-24-17_11.58 n20degC_Cycle_2_Pan18650PF,-0.1458339691162145
A2-3 − A2-0,全集 vs 无诊断,ood(-20C),101,06-24-17_11.58 n20degC_Cycle_2_Pan18650PF,-0.9406452178955114
A2-3 − A2-0,全集 vs 无诊断,ood(-20C),202,06-24-17_11.58 n20degC_Cycle_2_Pan18650PF,-1.4263858795166087
A2-3 − A2-0,全集 vs 无诊断,ood(-20C),303,06-24-17_11.58 n20degC_Cycle_2_Pan18650PF,-0.8457717895507812
A2-3 − A2-0,全集 vs 无诊断,ood(-20C),404,06-24-17_11.58 n20degC_Cycle_2_Pan18650PF,-1.2974300384521484
A2-3 − A2-0,全集 vs 无诊断,ood(-20C),505,06-24-17_11.58 n20degC_Cycle_2_Pan18650PF,-0.59661865234375
A2-3 − A2-0,全集 vs 无诊断,ood(-20C),606,06-24-17_11.58 n20degC_Cycle_2_Pan18650PF,-1.7435836791992188
A2-3 − A2-0,全集 vs 无诊断,ood(-20C),707,06-24-17_11.58 n20degC_Cycle_2_Pan18650PF,0.0292510986328125
A2-3 − A2-0,全集 vs 无诊断,ood(-20C),7,06-24-17_19.29 n20degC_Cycle_3_Pan18650PF,-0.8410282135009837
A2-3 − A2-0,全集 vs 无诊断,ood(-20C),13,06-24-17_19.29 n20degC_Cycle_3_Pan18650PF,-0.10052490234374645
A2-3 − A2-0,全集 vs 无诊断,ood(-20C),42,06-24-17_19.29 n20degC_Cycle_3_Pan18650PF,-0.17618370056152344
A2-3 − A2-0,全集 vs 无诊断,ood(-20C),101,06-24-17_19.29 n20degC_Cycle_3_Pan18650PF,-0.7910137176513672
A2-3 − A2-0,全集 vs 无诊断,ood(-20C),202,06-24-17_19.29 n20degC_Cycle_3_Pan18650PF,-1.2732677459716761
A2-3 − A2-0,全集 vs 无诊断,ood(-20C),303,06-24-17_19.29 n20degC_Cycle_3_Pan18650PF,-0.7686653137207102
A2-3 − A2-0,全集 vs 无诊断,ood(-20C),404,06-24-17_19.29 n20degC_Cycle_3_Pan18650PF,-1.3638172149658203
A2-3 − A2-0,全集 vs 无诊断,ood(-20C),505,06-24-17_19.29 n20degC_Cycle_3_Pan18650PF,-0.57635498046875
A2-3 − A2-0,全集 vs 无诊断,ood(-20C),606,06-24-17_19.29 n20degC_Cycle_3_Pan18650PF,-1.7302989959716797
A2-3 − A2-0,全集 vs 无诊断,ood(-20C),707,06-24-17_19.29 n20degC_Cycle_3_Pan18650PF,0.0234375
A2-3 − A2-0,全集 vs 无诊断,ood(-20C),7,06-25-17_03.01 n20degC_Cycle_4_Pan18650PF,-0.6872768402099645
A2-3 − A2-0,全集 vs 无诊断,ood(-20C),13,06-25-17_03.01 n20degC_Cycle_4_Pan18650PF,-0.12029457092284801
A2-3 − A2-0,全集 vs 无诊断,ood(-20C),42,06-25-17_03.01 n20degC_Cycle_4_Pan18650PF,0.033422470092769885
A2-3 − A2-0,全集 vs 无诊断,ood(-20C),101,06-25-17_03.01 n20degC_Cycle_4_Pan18650PF,-0.8892803192138672
A2-3 − A2-0,全集 vs 无诊断,ood(-20C),202,06-25-17_03.01 n20degC_Cycle_4_Pan18650PF,-1.4283580780029297
A2-3 − A2-0,全集 vs 无诊断,ood(-20C),303,06-25-17_03.01 n20degC_Cycle_4_Pan18650PF,-0.8317012786865234
A2-3 − A2-0,全集 vs 无诊断,ood(-20C),404,06-25-17_03.01 n20degC_Cycle_4_Pan18650PF,-1.0782470703125036
A2-3 − A2-0,全集 vs 无诊断,ood(-20C),505,06-25-17_03.01 n20degC_Cycle_4_Pan18650PF,-0.4895896911621094
A2-3 − A2-0,全集 vs 无诊断,ood(-20C),606,06-25-17_03.01 n20degC_Cycle_4_Pan18650PF,-1.561624526977539
A2-3 − A2-0,全集 vs 无诊断,ood(-20C),707,06-25-17_03.01 n20degC_Cycle_4_Pan18650PF,0.11130905151366832
A2-3 − A2-0,全集 vs 无诊断,ood(-20C),7,06-25-17_10.31 n20degC_US06_Pan18650PF,-0.4452991485595703
A2-3 − A2-0,全集 vs 无诊断,ood(-20C),13,06-25-17_10.31 n20degC_US06_Pan18650PF,0.3494167327880895
A2-3 − A2-0,全集 vs 无诊断,ood(-20C),42,06-25-17_10.31 n20degC_US06_Pan18650PF,0.3541412353515625
A2-3 − A2-0,全集 vs 无诊断,ood(-20C),101,06-25-17_10.31 n20degC_US06_Pan18650PF,-0.5795402526855469
A2-3 − A2-0,全集 vs 无诊断,ood(-20C),202,06-25-17_10.31 n20degC_US06_Pan18650PF,-1.454559326171875
A2-3 − A2-0,全集 vs 无诊断,ood(-20C),303,06-25-17_10.31 n20degC_US06_Pan18650PF,-0.55853271484375
A2-3 − A2-0,全集 vs 无诊断,ood(-20C),404,06-25-17_10.31 n20degC_US06_Pan18650PF,-0.8570060729980433
A2-3 − A2-0,全集 vs 无诊断,ood(-20C),505,06-25-17_10.31 n20degC_US06_Pan18650PF,-0.5133419036865199
A2-3 − A2-0,全集 vs 无诊断,ood(-20C),606,06-25-17_10.31 n20degC_US06_Pan18650PF,-1.0567188262939453
A2-3 − A2-0,全集 vs 无诊断,ood(-20C),707,06-25-17_10.31 n20degC_US06_Pan18650PF,0.17981338500976562
A2-3 − A2-1,全集 vs 仅ν,test_id(25C),7,03-18-17_02.17 25degC_Cycle_1_Pan18650PF,-0.047230660915374756
A2-3 − A2-1,全集 vs 仅ν,test_id(25C),13,03-18-17_02.17 25degC_Cycle_1_Pan18650PF,-0.023388266563415527
A2-3 − A2-1,全集 vs 仅ν,test_id(25C),42,03-18-17_02.17 25degC_Cycle_1_Pan18650PF,-0.018725275993347168
A2-3 − A2-1,全集 vs 仅ν,test_id(25C),101,03-18-17_02.17 25degC_Cycle_1_Pan18650PF,0.007339298725128174
A2-3 − A2-1,全集 vs 仅ν,test_id(25C),202,03-18-17_02.17 25degC_Cycle_1_Pan18650PF,-0.03065633773803711
A2-3 − A2-1,全集 vs 仅ν,test_id(25C),303,03-18-17_02.17 25degC_Cycle_1_Pan18650PF,-0.006846129894256592
A2-3 − A2-1,全集 vs 仅ν,test_id(25C),404,03-18-17_02.17 25degC_Cycle_1_Pan18650PF,-0.02099519968032837
A2-3 − A2-1,全集 vs 仅ν,test_id(25C),505,03-18-17_02.17 25degC_Cycle_1_Pan18650PF,-0.05027806758880615
A2-3 − A2-1,全集 vs 仅ν,test_id(25C),606,03-18-17_02.17 25degC_Cycle_1_Pan18650PF,-0.04681503772735596
A2-3 − A2-1,全集 vs 仅ν,test_id(25C),707,03-18-17_02.17 25degC_Cycle_1_Pan18650PF,-0.07878541946411133
A2-3 − A2-1,全集 vs 仅ν,test_id(25C),7,03-19-17_03.25 25degC_Cycle_2_Pan18650PF,-0.08435225486755371
A2-3 − A2-1,全集 vs 仅ν,test_id(25C),13,03-19-17_03.25 25degC_Cycle_2_Pan18650PF,0.02391296625137329
A2-3 − A2-1,全集 vs 仅ν,test_id(25C),42,03-19-17_03.25 25degC_Cycle_2_Pan18650PF,-0.04950070381164551
A2-3 − A2-1,全集 vs 仅ν,test_id(25C),101,03-19-17_03.25 25degC_Cycle_2_Pan18650PF,-0.04509449005126953
A2-3 − A2-1,全集 vs 仅ν,test_id(25C),202,03-19-17_03.25 25degC_Cycle_2_Pan18650PF,-0.07864326238632202
A2-3 − A2-1,全集 vs 仅ν,test_id(25C),303,03-19-17_03.25 25degC_Cycle_2_Pan18650PF,-0.02896261215209961
A2-3 − A2-1,全集 vs 仅ν,test_id(25C),404,03-19-17_03.25 25degC_Cycle_2_Pan18650PF,-0.06887573003768921
A2-3 − A2-1,全集 vs 仅ν,test_id(25C),505,03-19-17_03.25 25degC_Cycle_2_Pan18650PF,-0.11169075965881348
A2-3 − A2-1,全集 vs 仅ν,test_id(25C),606,03-19-17_03.25 25degC_Cycle_2_Pan18650PF,-0.06688040494918823
A2-3 − A2-1,全集 vs 仅ν,test_id(25C),707,03-19-17_03.25 25degC_Cycle_2_Pan18650PF,0.012181282043457031
A2-3 − A2-1,全集 vs 仅ν,test_id(25C),7,03-19-17_09.07 25degC_Cycle_3_Pan18650PF,0.0249195396900177
A2-3 − A2-1,全集 vs 仅ν,test_id(25C),13,03-19-17_09.07 25degC_Cycle_3_Pan18650PF,0.02028447389602661
A2-3 − A2-1,全集 vs 仅ν,test_id(25C),42,03-19-17_09.07 25degC_Cycle_3_Pan18650PF,0.0032315254211425226
A2-3 − A2-1,全集 vs 仅ν,test_id(25C),101,03-19-17_09.07 25degC_Cycle_3_Pan18650PF,0.0034633278846740723
A2-3 − A2-1,全集 vs 仅ν,test_id(25C),202,03-19-17_09.07 25degC_Cycle_3_Pan18650PF,-0.02313205599784851
A2-3 − A2-1,全集 vs 仅ν,test_id(25C),303,03-19-17_09.07 25degC_Cycle_3_Pan18650PF,0.009957790374755804
A2-3 − A2-1,全集 vs 仅ν,test_id(25C),404,03-19-17_09.07 25degC_Cycle_3_Pan18650PF,0.012359142303466797
A2-3 − A2-1,全集 vs 仅ν,test_id(25C),505,03-19-17_09.07 25degC_Cycle_3_Pan18650PF,-0.03658092021942139
A2-3 − A2-1,全集 vs 仅ν,test_id(25C),606,03-19-17_09.07 25degC_Cycle_3_Pan18650PF,-0.018473535776138306
A2-3 − A2-1,全集 vs 仅ν,test_id(25C),707,03-19-17_09.07 25degC_Cycle_3_Pan18650PF,0.01151210069656372
A2-3 − A2-1,全集 vs 仅ν,test_id(25C),7,03-19-17_14.31 25degC_Cycle_4_Pan18650PF,0.1264270544052124
A2-3 − A2-1,全集 vs 仅ν,test_id(25C),13,03-19-17_14.31 25degC_Cycle_4_Pan18650PF,0.140838623046875
A2-3 − A2-1,全集 vs 仅ν,test_id(25C),42,03-19-17_14.31 25degC_Cycle_4_Pan18650PF,0.17837268114089966
A2-3 − A2-1,全集 vs 仅ν,test_id(25C),101,03-19-17_14.31 25degC_Cycle_4_Pan18650PF,0.1331014633178711
A2-3 − A2-1,全集 vs 仅ν,test_id(25C),202,03-19-17_14.31 25degC_Cycle_4_Pan18650PF,-0.11598342657089233
A2-3 − A2-1,全集 vs 仅ν,test_id(25C),303,03-19-17_14.31 25degC_Cycle_4_Pan18650PF,0.09018659591674805
A2-3 − A2-1,全集 vs 仅ν,test_id(25C),404,03-19-17_14.31 25degC_Cycle_4_Pan18650PF,0.13515913486480713
A2-3 − A2-1,全集 vs 仅ν,test_id(25C),505,03-19-17_14.31 25degC_Cycle_4_Pan18650PF,0.17989134788513184
A2-3 − A2-1,全集 vs 仅ν,test_id(25C),606,03-19-17_14.31 25degC_Cycle_4_Pan18650PF,-0.13456100225448608
A2-3 − A2-1,全集 vs 仅ν,test_id(25C),707,03-19-17_14.31 25degC_Cycle_4_Pan18650PF,0.1892629861831665
A2-3 − A2-1,全集 vs 仅ν,ood(10C),7,03-27-17_09.06 10degC_HWFET_Pan18650PF,-0.14985561370849565
A2-3 − A2-1,全集 vs 仅ν,ood(10C),13,03-27-17_09.06 10degC_HWFET_Pan18650PF,-0.019741535186767578
A2-3 − A2-1,全集 vs 仅ν,ood(10C),42,03-27-17_09.06 10degC_HWFET_Pan18650PF,-0.4520263671875
A2-3 − A2-1,全集 vs 仅ν,ood(10C),101,03-27-17_09.06 10degC_HWFET_Pan18650PF,-0.28243470191955566
A2-3 − A2-1,全集 vs 仅ν,ood(10C),202,03-27-17_09.06 10degC_HWFET_Pan18650PF,-0.3762474060058594
A2-3 − A2-1,全集 vs 仅ν,ood(10C),303,03-27-17_09.06 10degC_HWFET_Pan18650PF,-0.03614544868469238
A2-3 − A2-1,全集 vs 仅ν,ood(10C),404,03-27-17_09.06 10degC_HWFET_Pan18650PF,-0.04062509536743164
A2-3 − A2-1,全集 vs 仅ν,ood(10C),505,03-27-17_09.06 10degC_HWFET_Pan18650PF,-0.46216583251953125
A2-3 − A2-1,全集 vs 仅ν,ood(10C),606,03-27-17_09.06 10degC_HWFET_Pan18650PF,-0.05530834197998047
A2-3 − A2-1,全集 vs 仅ν,ood(10C),707,03-27-17_09.06 10degC_HWFET_Pan18650PF,-0.7397546768188481
A2-3 − A2-1,全集 vs 仅ν,ood(10C),7,03-27-17_09.06 10degC_LA92_Pan18650PF,-0.5329122543334961
A2-3 − A2-1,全集 vs 仅ν,ood(10C),13,03-27-17_09.06 10degC_LA92_Pan18650PF,-0.2364063262939453
A2-3 − A2-1,全集 vs 仅ν,ood(10C),42,03-27-17_09.06 10degC_LA92_Pan18650PF,-0.5487060546875
A2-3 − A2-1,全集 vs 仅ν,ood(10C),101,03-27-17_09.06 10degC_LA92_Pan18650PF,-0.2805225849151607
A2-3 − A2-1,全集 vs 仅ν,ood(10C),202,03-27-17_09.06 10degC_LA92_Pan18650PF,-0.26013064384460494
A2-3 − A2-1,全集 vs 仅ν,ood(10C),303,03-27-17_09.06 10degC_LA92_Pan18650PF,-0.07924199104309082
A2-3 − A2-1,全集 vs 仅ν,ood(10C),404,03-27-17_09.06 10degC_LA92_Pan18650PF,-0.1913993358612065
A2-3 − A2-1,全集 vs 仅ν,ood(10C),505,03-27-17_09.06 10degC_LA92_Pan18650PF,-0.2816154956817627
A2-3 − A2-1,全集 vs 仅ν,ood(10C),606,03-27-17_09.06 10degC_LA92_Pan18650PF,-0.20410680770874023
A2-3 − A2-1,全集 vs 仅ν,ood(10C),707,03-27-17_09.06 10degC_LA92_Pan18650PF,-0.5745260715484624
A2-3 − A2-1,全集 vs 仅ν,ood(10C),7,03-27-17_09.06 10degC_NN_Pan18650PF,-0.34565281867980957
A2-3 − A2-1,全集 vs 仅ν,ood(10C),13,03-27-17_09.06 10degC_NN_Pan18650PF,-0.13009047508239746
A2-3 − A2-1,全集 vs 仅ν,ood(10C),42,03-27-17_09.06 10degC_NN_Pan18650PF,-0.4748232364654541
A2-3 − A2-1,全集 vs 仅ν,ood(10C),101,03-27-17_09.06 10degC_NN_Pan18650PF,-0.3310596942901607
A2-3 − A2-1,全集 vs 仅ν,ood(10C),202,03-27-17_09.06 10degC_NN_Pan18650PF,-0.32360863685607866
A2-3 − A2-1,全集 vs 仅ν,ood(10C),303,03-27-17_09.06 10degC_NN_Pan18650PF,-0.05358695983886719
A2-3 − A2-1,全集 vs 仅ν,ood(10C),404,03-27-17_09.06 10degC_NN_Pan18650PF,-0.14312386512756348
A2-3 − A2-1,全集 vs 仅ν,ood(10C),505,03-27-17_09.06 10degC_NN_Pan18650PF,-0.26623415946960405
A2-3 − A2-1,全集 vs 仅ν,ood(10C),606,03-27-17_09.06 10degC_NN_Pan18650PF,-0.21469569206237793
A2-3 − A2-1,全集 vs 仅ν,ood(10C),707,03-27-17_09.06 10degC_NN_Pan18650PF,-0.47161293029785156
A2-3 − A2-1,全集 vs 仅ν,ood(10C),7,03-27-17_09.06 10degC_UDDS_Pan18650PF,-0.5841883420944214
A2-3 − A2-1,全集 vs 仅ν,ood(10C),13,03-27-17_09.06 10degC_UDDS_Pan18650PF,-0.23783898353576616
A2-3 − A2-1,全集 vs 仅ν,ood(10C),42,03-27-17_09.06 10degC_UDDS_Pan18650PF,-0.6564164161682129
A2-3 − A2-1,全集 vs 仅ν,ood(10C),101,03-27-17_09.06 10degC_UDDS_Pan18650PF,-0.5100216865539553
A2-3 − A2-1,全集 vs 仅ν,ood(10C),202,03-27-17_09.06 10degC_UDDS_Pan18650PF,-0.314658522605896
A2-3 − A2-1,全集 vs 仅ν,ood(10C),303,03-27-17_09.06 10degC_UDDS_Pan18650PF,-0.037533521652221236
A2-3 − A2-1,全集 vs 仅ν,ood(10C),404,03-27-17_09.06 10degC_UDDS_Pan18650PF,-0.22545456886291482
A2-3 − A2-1,全集 vs 仅ν,ood(10C),505,03-27-17_09.06 10degC_UDDS_Pan18650PF,-0.3842120170593264
A2-3 − A2-1,全集 vs 仅ν,ood(10C),606,03-27-17_09.06 10degC_UDDS_Pan18650PF,-0.22137737274169922
A2-3 − A2-1,全集 vs 仅ν,ood(10C),707,03-27-17_09.06 10degC_UDDS_Pan18650PF,-0.6502234935760498
A2-3 − A2-1,全集 vs 仅ν,ood(10C),7,03-27-17_09.06 10degC_US06_Pan18650PF,-0.28903436660766557
A2-3 − A2-1,全集 vs 仅ν,ood(10C),13,03-27-17_09.06 10degC_US06_Pan18650PF,-0.09679651260375977
A2-3 − A2-1,全集 vs 仅ν,ood(10C),42,03-27-17_09.06 10degC_US06_Pan18650PF,-0.413895845413208
A2-3 − A2-1,全集 vs 仅ν,ood(10C),101,03-27-17_09.06 10degC_US06_Pan18650PF,-0.08379483222961426
A2-3 − A2-1,全集 vs 仅ν,ood(10C),202,03-27-17_09.06 10degC_US06_Pan18650PF,-0.4305126667022705
A2-3 − A2-1,全集 vs 仅ν,ood(10C),303,03-27-17_09.06 10degC_US06_Pan18650PF,-0.11916923522949219
A2-3 − A2-1,全集 vs 仅ν,ood(10C),404,03-27-17_09.06 10degC_US06_Pan18650PF,-0.07770657539367676
A2-3 − A2-1,全集 vs 仅ν,ood(10C),505,03-27-17_09.06 10degC_US06_Pan18650PF,-0.2695810794830318
A2-3 − A2-1,全集 vs 仅ν,ood(10C),606,03-27-17_09.06 10degC_US06_Pan18650PF,-0.25818443298339844
A2-3 − A2-1,全集 vs 仅ν,ood(10C),707,03-27-17_09.06 10degC_US06_Pan18650PF,-0.5251305103302011
A2-3 − A2-1,全集 vs 仅ν,ood(10C),7,03-28-17_12.51 10degC_Cycle_1_Pan18650PF,-0.4920012950897221
A2-3 − A2-1,全集 vs 仅ν,ood(10C),13,03-28-17_12.51 10degC_Cycle_1_Pan18650PF,-0.2204122543334961
A2-3 − A2-1,全集 vs 仅ν,ood(10C),42,03-28-17_12.51 10degC_Cycle_1_Pan18650PF,-0.5592942237854
A2-3 − A2-1,全集 vs 仅ν,ood(10C),101,03-28-17_12.51 10degC_Cycle_1_Pan18650PF,-0.2707540988922119
A2-3 − A2-1,全集 vs 仅ν,ood(10C),202,03-28-17_12.51 10degC_Cycle_1_Pan18650PF,-0.2936856746673575
A2-3 − A2-1,全集 vs 仅ν,ood(10C),303,03-28-17_12.51 10degC_Cycle_1_Pan18650PF,-0.008426189422607866
A2-3 − A2-1,全集 vs 仅ν,ood(10C),404,03-28-17_12.51 10degC_Cycle_1_Pan18650PF,-0.1485302448272705
A2-3 − A2-1,全集 vs 仅ν,ood(10C),505,03-28-17_12.51 10degC_Cycle_1_Pan18650PF,-0.28289222717285156
A2-3 − A2-1,全集 vs 仅ν,ood(10C),606,03-28-17_12.51 10degC_Cycle_1_Pan18650PF,-0.1962907314300537
A2-3 − A2-1,全集 vs 仅ν,ood(10C),707,03-28-17_12.51 10degC_Cycle_1_Pan18650PF,-0.6049425601959229
A2-3 − A2-1,全集 vs 仅ν,ood(10C),7,03-28-17_18.18 10degC_Cycle_2_Pan18650PF,-0.5823121070861816
A2-3 − A2-1,全集 vs 仅ν,ood(10C),13,03-28-17_18.18 10degC_Cycle_2_Pan18650PF,-0.2724614143371582
A2-3 − A2-1,全集 vs 仅ν,ood(10C),42,03-28-17_18.18 10degC_Cycle_2_Pan18650PF,-0.5970535278320312
A2-3 − A2-1,全集 vs 仅ν,ood(10C),101,03-28-17_18.18 10degC_Cycle_2_Pan18650PF,-0.19258785247802734
A2-3 − A2-1,全集 vs 仅ν,ood(10C),202,03-28-17_18.18 10degC_Cycle_2_Pan18650PF,-0.3446674346923819
A2-3 − A2-1,全集 vs 仅ν,ood(10C),303,03-28-17_18.18 10degC_Cycle_2_Pan18650PF,-0.024780750274658203
A2-3 − A2-1,全集 vs 仅ν,ood(10C),404,03-28-17_18.18 10degC_Cycle_2_Pan18650PF,-0.17869234085083008
A2-3 − A2-1,全集 vs 仅ν,ood(10C),505,03-28-17_18.18 10degC_Cycle_2_Pan18650PF,-0.18268346786499112
A2-3 − A2-1,全集 vs 仅ν,ood(10C),606,03-28-17_18.18 10degC_Cycle_2_Pan18650PF,-0.22091150283813477
A2-3 − A2-1,全集 vs 仅ν,ood(10C),707,03-28-17_18.18 10degC_Cycle_2_Pan18650PF,-0.6078662872314453
A2-3 − A2-1,全集 vs 仅ν,ood(10C),7,04-05-17_17.04 10degC_Cycle_3_Pan18650PF,-0.5952563285827637
A2-3 − A2-1,全集 vs 仅ν,ood(10C),13,04-05-17_17.04 10degC_Cycle_3_Pan18650PF,-0.17365074157714844
A2-3 − A2-1,全集 vs 仅ν,ood(10C),42,04-05-17_17.04 10degC_Cycle_3_Pan18650PF,-0.523836612701416
A2-3 − A2-1,全集 vs 仅ν,ood(10C),101,04-05-17_17.04 10degC_Cycle_3_Pan18650PF,-0.2851886749267578
A2-3 − A2-1,全集 vs 仅ν,ood(10C),202,04-05-17_17.04 10degC_Cycle_3_Pan18650PF,-0.4249897003173837
A2-3 − A2-1,全集 vs 仅ν,ood(10C),303,04-05-17_17.04 10degC_Cycle_3_Pan18650PF,0.010915756225585938
A2-3 − A2-1,全集 vs 仅ν,ood(10C),404,04-05-17_17.04 10degC_Cycle_3_Pan18650PF,-0.22412538528442383
A2-3 − A2-1,全集 vs 仅ν,ood(10C),505,04-05-17_17.04 10degC_Cycle_3_Pan18650PF,-0.3174467086791992
A2-3 − A2-1,全集 vs 仅ν,ood(10C),606,04-05-17_17.04 10degC_Cycle_3_Pan18650PF,-0.19798564910888672
A2-3 − A2-1,全集 vs 仅ν,ood(10C),707,04-05-17_17.04 10degC_Cycle_3_Pan18650PF,-0.6562514305114755
A2-3 − A2-1,全集 vs 仅ν,ood(10C),7,04-05-17_22.50 10degC_Cycle_4_Pan18650PF,-0.4304761886596684
A2-3 − A2-1,全集 vs 仅ν,ood(10C),13,04-05-17_22.50 10degC_Cycle_4_Pan18650PF,-0.18100190162658691
A2-3 − A2-1,全集 vs 仅ν,ood(10C),42,04-05-17_22.50 10degC_Cycle_4_Pan18650PF,-0.642524242401123
A2-3 − A2-1,全集 vs 仅ν,ood(10C),101,04-05-17_22.50 10degC_Cycle_4_Pan18650PF,-0.3403136730194096
A2-3 − A2-1,全集 vs 仅ν,ood(10C),202,04-05-17_22.50 10degC_Cycle_4_Pan18650PF,-0.3718855381011963
A2-3 − A2-1,全集 vs 仅ν,ood(10C),303,04-05-17_22.50 10degC_Cycle_4_Pan18650PF,-0.04785490036010698
A2-3 − A2-1,全集 vs 仅ν,ood(10C),404,04-05-17_22.50 10degC_Cycle_4_Pan18650PF,-0.19902706146240234
A2-3 − A2-1,全集 vs 仅ν,ood(10C),505,04-05-17_22.50 10degC_Cycle_4_Pan18650PF,-0.31302332878112793
A2-3 − A2-1,全集 vs 仅ν,ood(10C),606,04-05-17_22.50 10degC_Cycle_4_Pan18650PF,-0.23056745529174805
A2-3 − A2-1,全集 vs 仅ν,ood(10C),707,04-05-17_22.50 10degC_Cycle_4_Pan18650PF,-0.6554424762725835
A2-3 − A2-1,全集 vs 仅ν,ood(0C),7,05-30-17_12.56 0degC_Cycle_1_Pan18650PF,-0.38763904571533203
A2-3 − A2-1,全集 vs 仅ν,ood(0C),13,05-30-17_12.56 0degC_Cycle_1_Pan18650PF,-0.2989959716796875
A2-3 − A2-1,全集 vs 仅ν,ood(0C),42,05-30-17_12.56 0degC_Cycle_1_Pan18650PF,-0.9405193328857422
A2-3 − A2-1,全集 vs 仅ν,ood(0C),101,05-30-17_12.56 0degC_Cycle_1_Pan18650PF,-0.7680711746215803
A2-3 − A2-1,全集 vs 仅ν,ood(0C),202,05-30-17_12.56 0degC_Cycle_1_Pan18650PF,-1.1689043045043945
A2-3 − A2-1,全集 vs 仅ν,ood(0C),303,05-30-17_12.56 0degC_Cycle_1_Pan18650PF,-0.46740913391113104
A2-3 − A2-1,全集 vs 仅ν,ood(0C),404,05-30-17_12.56 0degC_Cycle_1_Pan18650PF,-0.5778427124023455
A2-3 − A2-1,全集 vs 仅ν,ood(0C),505,05-30-17_12.56 0degC_Cycle_1_Pan18650PF,-1.1415786743164062
A2-3 − A2-1,全集 vs 仅ν,ood(0C),606,05-30-17_12.56 0degC_Cycle_1_Pan18650PF,-0.16017913818359375
A2-3 − A2-1,全集 vs 仅ν,ood(0C),707,05-30-17_12.56 0degC_Cycle_1_Pan18650PF,-0.9875783920288068
A2-3 − A2-1,全集 vs 仅ν,ood(0C),7,05-30-17_20.16 0degC_Cycle_2_Pan18650PF,-0.47002220153808594
A2-3 − A2-1,全集 vs 仅ν,ood(0C),13,05-30-17_20.16 0degC_Cycle_2_Pan18650PF,-0.34107494354248047
A2-3 − A2-1,全集 vs 仅ν,ood(0C),42,05-30-17_20.16 0degC_Cycle_2_Pan18650PF,-0.9649209976196307
A2-3 − A2-1,全集 vs 仅ν,ood(0C),101,05-30-17_20.16 0degC_Cycle_2_Pan18650PF,-0.6567783355712891
A2-3 − A2-1,全集 vs 仅ν,ood(0C),202,05-30-17_20.16 0degC_Cycle_2_Pan18650PF,-0.9273910522460955
A2-3 − A2-1,全集 vs 仅ν,ood(0C),303,05-30-17_20.16 0degC_Cycle_2_Pan18650PF,-0.3151130676269531
A2-3 − A2-1,全集 vs 仅ν,ood(0C),404,05-30-17_20.16 0degC_Cycle_2_Pan18650PF,-0.4461479187011719
A2-3 − A2-1,全集 vs 仅ν,ood(0C),505,05-30-17_20.16 0degC_Cycle_2_Pan18650PF,-0.9237070083618182
A2-3 − A2-1,全集 vs 仅ν,ood(0C),606,05-30-17_20.16 0degC_Cycle_2_Pan18650PF,-0.13651561737060547
A2-3 − A2-1,全集 vs 仅ν,ood(0C),707,05-30-17_20.16 0degC_Cycle_2_Pan18650PF,-0.9349308013916016
A2-3 − A2-1,全集 vs 仅ν,ood(0C),7,06-01-17_10.36 0degC_LA92_Pan18650PF,-0.6986126899719238
A2-3 − A2-1,全集 vs 仅ν,ood(0C),13,06-01-17_10.36 0degC_LA92_Pan18650PF,-0.20895099639892578
A2-3 − A2-1,全集 vs 仅ν,ood(0C),42,06-01-17_10.36 0degC_LA92_Pan18650PF,-0.687964916229248
A2-3 − A2-1,全集 vs 仅ν,ood(0C),101,06-01-17_10.36 0degC_LA92_Pan18650PF,-0.5787653923034668
A2-3 − A2-1,全集 vs 仅ν,ood(0C),202,06-01-17_10.36 0degC_LA92_Pan18650PF,-0.33094120025634766
A2-3 − A2-1,全集 vs 仅ν,ood(0C),303,06-01-17_10.36 0degC_LA92_Pan18650PF,-0.08384847640991211
A2-3 − A2-1,全集 vs 仅ν,ood(0C),404,06-01-17_10.36 0degC_LA92_Pan18650PF,-0.2575807571411133
A2-3 − A2-1,全集 vs 仅ν,ood(0C),505,06-01-17_10.36 0degC_LA92_Pan18650PF,-0.3261590003967285
A2-3 − A2-1,全集 vs 仅ν,ood(0C),606,06-01-17_10.36 0degC_LA92_Pan18650PF,-0.2406449317932129
A2-3 − A2-1,全集 vs 仅ν,ood(0C),707,06-01-17_10.36 0degC_LA92_Pan18650PF,-0.6260595321655273
A2-3 − A2-1,全集 vs 仅ν,ood(0C),7,06-01-17_10.36 0degC_NN_Pan18650PF,-0.4449601173400879
A2-3 − A2-1,全集 vs 仅ν,ood(0C),13,06-01-17_10.36 0degC_NN_Pan18650PF,-0.10070276260376065
A2-3 − A2-1,全集 vs 仅ν,ood(0C),42,06-01-17_10.36 0degC_NN_Pan18650PF,-0.5900735855102539
A2-3 − A2-1,全集 vs 仅ν,ood(0C),101,06-01-17_10.36 0degC_NN_Pan18650PF,-0.5708322525024414
A2-3 − A2-1,全集 vs 仅ν,ood(0C),202,06-01-17_10.36 0degC_NN_Pan18650PF,-0.3324141502380371
A2-3 − A2-1,全集 vs 仅ν,ood(0C),303,06-01-17_10.36 0degC_NN_Pan18650PF,-0.05299472808837802
A2-3 − A2-1,全集 vs 仅ν,ood(0C),404,06-01-17_10.36 0degC_NN_Pan18650PF,-0.13366317749023438
A2-3 − A2-1,全集 vs 仅ν,ood(0C),505,06-01-17_10.36 0degC_NN_Pan18650PF,-0.4009528160095215
A2-3 − A2-1,全集 vs 仅ν,ood(0C),606,06-01-17_10.36 0degC_NN_Pan18650PF,-0.23022079467773438
A2-3 − A2-1,全集 vs 仅ν,ood(0C),707,06-01-17_10.36 0degC_NN_Pan18650PF,-0.5981006622314453
A2-3 − A2-1,全集 vs 仅ν,ood(0C),7,06-01-17_15.36 0degC_Cycle_3_Pan18650PF,-1.144235610961914
A2-3 − A2-1,全集 vs 仅ν,ood(0C),13,06-01-17_15.36 0degC_Cycle_3_Pan18650PF,-0.3225650787353498
A2-3 − A2-1,全集 vs 仅ν,ood(0C),42,06-01-17_15.36 0degC_Cycle_3_Pan18650PF,-1.125001907348631
A2-3 − A2-1,全集 vs 仅ν,ood(0C),101,06-01-17_15.36 0degC_Cycle_3_Pan18650PF,-0.4980621337890643
A2-3 − A2-1,全集 vs 仅ν,ood(0C),202,06-01-17_15.36 0degC_Cycle_3_Pan18650PF,-0.8584671020507812
A2-3 − A2-1,全集 vs 仅ν,ood(0C),303,06-01-17_15.36 0degC_Cycle_3_Pan18650PF,-0.14169692993164062
A2-3 − A2-1,全集 vs 仅ν,ood(0C),404,06-01-17_15.36 0degC_Cycle_3_Pan18650PF,-0.6408052444458008
A2-3 − A2-1,全集 vs 仅ν,ood(0C),505,06-01-17_15.36 0degC_Cycle_3_Pan18650PF,-0.29601860046386896
A2-3 − A2-1,全集 vs 仅ν,ood(0C),606,06-01-17_15.36 0degC_Cycle_3_Pan18650PF,-0.49860954284668146
A2-3 − A2-1,全集 vs 仅ν,ood(0C),707,06-01-17_15.36 0degC_Cycle_3_Pan18650PF,-1.1103582382202148
A2-3 − A2-1,全集 vs 仅ν,ood(0C),7,06-01-17_22.03 0degC_Cycle_4_Pan18650PF,-0.8182954788208008
A2-3 − A2-1,全集 vs 仅ν,ood(0C),13,06-01-17_22.03 0degC_Cycle_4_Pan18650PF,-0.27327919006347656
A2-3 − A2-1,全集 vs 仅ν,ood(0C),42,06-01-17_22.03 0degC_Cycle_4_Pan18650PF,-0.9695358276367188
A2-3 − A2-1,全集 vs 仅ν,ood(0C),101,06-01-17_22.03 0degC_Cycle_4_Pan18650PF,-0.7247600555419922
A2-3 − A2-1,全集 vs 仅ν,ood(0C),202,06-01-17_22.03 0degC_Cycle_4_Pan18650PF,-0.5326175689697266
A2-3 − A2-1,全集 vs 仅ν,ood(0C),303,06-01-17_22.03 0degC_Cycle_4_Pan18650PF,-0.0886678695678711
A2-3 − A2-1,全集 vs 仅ν,ood(0C),404,06-01-17_22.03 0degC_Cycle_4_Pan18650PF,-0.19654178619384766
A2-3 − A2-1,全集 vs 仅ν,ood(0C),505,06-01-17_22.03 0degC_Cycle_4_Pan18650PF,-0.6549468040466309
A2-3 − A2-1,全集 vs 仅ν,ood(0C),606,06-01-17_22.03 0degC_Cycle_4_Pan18650PF,-0.3614635467529297
A2-3 − A2-1,全集 vs 仅ν,ood(0C),707,06-01-17_22.03 0degC_Cycle_4_Pan18650PF,-1.047184944152832
A2-3 − A2-1,全集 vs 仅ν,ood(0C),7,06-02-17_04.58 0degC_US06_Pan18650PF,-0.7222681045532227
A2-3 − A2-1,全集 vs 仅ν,ood(0C),13,06-02-17_04.58 0degC_US06_Pan18650PF,-0.3071928024291992
A2-3 − A2-1,全集 vs 仅ν,ood(0C),42,06-02-17_04.58 0degC_US06_Pan18650PF,-0.7827596664428729
A2-3 − A2-1,全集 vs 仅ν,ood(0C),101,06-02-17_04.58 0degC_US06_Pan18650PF,-0.38517093658447266
A2-3 − A2-1,全集 vs 仅ν,ood(0C),202,06-02-17_04.58 0degC_US06_Pan18650PF,-0.8181314468383789
A2-3 − A2-1,全集 vs 仅ν,ood(0C),303,06-02-17_04.58 0degC_US06_Pan18650PF,-0.31352043151855646
A2-3 − A2-1,全集 vs 仅ν,ood(0C),404,06-02-17_04.58 0degC_US06_Pan18650PF,-0.4488916397094709
A2-3 − A2-1,全集 vs 仅ν,ood(0C),505,06-02-17_04.58 0degC_US06_Pan18650PF,-0.3800916671752912
A2-3 − A2-1,全集 vs 仅ν,ood(0C),606,06-02-17_04.58 0degC_US06_Pan18650PF,-0.4738311767578143
A2-3 − A2-1,全集 vs 仅ν,ood(0C),707,06-02-17_04.58 0degC_US06_Pan18650PF,-0.8576059341430629
A2-3 − A2-1,全集 vs 仅ν,ood(0C),7,06-02-17_10.43 0degC_HWFET_Pan18650PF,-0.8606567382812518
A2-3 − A2-1,全集 vs 仅ν,ood(0C),13,06-02-17_10.43 0degC_HWFET_Pan18650PF,-0.17471694946289062
A2-3 − A2-1,全集 vs 仅ν,ood(0C),42,06-02-17_10.43 0degC_HWFET_Pan18650PF,-1.3212499618530291
A2-3 − A2-1,全集 vs 仅ν,ood(0C),101,06-02-17_10.43 0degC_HWFET_Pan18650PF,-0.6014537811279297
A2-3 − A2-1,全集 vs 仅ν,ood(0C),202,06-02-17_10.43 0degC_HWFET_Pan18650PF,-0.8876514434814471
A2-3 − A2-1,全集 vs 仅ν,ood(0C),303,06-02-17_10.43 0degC_HWFET_Pan18650PF,-0.14042377471924006
A2-3 − A2-1,全集 vs 仅ν,ood(0C),404,06-02-17_10.43 0degC_HWFET_Pan18650PF,-0.3869619369506818
A2-3 − A2-1,全集 vs 仅ν,ood(0C),505,06-02-17_10.43 0degC_HWFET_Pan18650PF,-0.9185781478881818
A2-3 − A2-1,全集 vs 仅ν,ood(0C),606,06-02-17_10.43 0degC_HWFET_Pan18650PF,-0.47305870056152344
A2-3 − A2-1,全集 vs 仅ν,ood(0C),707,06-02-17_10.43 0degC_HWFET_Pan18650PF,-1.626625061035158
A2-3 − A2-1,全集 vs 仅ν,ood(0C),7,06-02-17_17.14 0degC_UDDS_Pan18650PF,-1.1121459007263184
A2-3 − A2-1,全集 vs 仅ν,ood(0C),13,06-02-17_17.14 0degC_UDDS_Pan18650PF,-0.28252696990966797
A2-3 − A2-1,全集 vs 仅ν,ood(0C),42,06-02-17_17.14 0degC_UDDS_Pan18650PF,-1.1083230972290021
A2-3 − A2-1,全集 vs 仅ν,ood(0C),101,06-02-17_17.14 0degC_UDDS_Pan18650PF,-0.8509416580200195
A2-3 − A2-1,全集 vs 仅ν,ood(0C),202,06-02-17_17.14 0degC_UDDS_Pan18650PF,-0.5849652290344238
A2-3 − A2-1,全集 vs 仅ν,ood(0C),303,06-02-17_17.14 0degC_UDDS_Pan18650PF,-0.05028820037841797
A2-3 − A2-1,全集 vs 仅ν,ood(0C),404,06-02-17_17.14 0degC_UDDS_Pan18650PF,-0.36050987243652344
A2-3 − A2-1,全集 vs 仅ν,ood(0C),505,06-02-17_17.14 0degC_UDDS_Pan18650PF,-0.491973876953125
A2-3 − A2-1,全集 vs 仅ν,ood(0C),606,06-02-17_17.14 0degC_UDDS_Pan18650PF,-0.4233283996582031
A2-3 − A2-1,全集 vs 仅ν,ood(0C),707,06-02-17_17.14 0degC_UDDS_Pan18650PF,-1.0578184127807617
A2-3 − A2-1,全集 vs 仅ν,ood(-10C),7,06-07-17_08.39 n10degC_HWFET_Pan18650PF,-0.6295580863952637
A2-3 − A2-1,全集 vs 仅ν,ood(-10C),13,06-07-17_08.39 n10degC_HWFET_Pan18650PF,-0.02104806900024414
A2-3 − A2-1,全集 vs 仅ν,ood(-10C),42,06-07-17_08.39 n10degC_HWFET_Pan18650PF,-1.1008172035217276
A2-3 − A2-1,全集 vs 仅ν,ood(-10C),101,06-07-17_08.39 n10degC_HWFET_Pan18650PF,-0.7324390411376953
A2-3 − A2-1,全集 vs 仅ν,ood(-10C),202,06-07-17_08.39 n10degC_HWFET_Pan18650PF,-0.6848893165588379
A2-3 − A2-1,全集 vs 仅ν,ood(-10C),303,06-07-17_08.39 n10degC_HWFET_Pan18650PF,-0.2709064483642578
A2-3 − A2-1,全集 vs 仅ν,ood(-10C),404,06-07-17_08.39 n10degC_HWFET_Pan18650PF,-0.2751932144165039
A2-3 − A2-1,全集 vs 仅ν,ood(-10C),505,06-07-17_08.39 n10degC_HWFET_Pan18650PF,-0.7296404838562012
A2-3 − A2-1,全集 vs 仅ν,ood(-10C),606,06-07-17_08.39 n10degC_HWFET_Pan18650PF,-0.4570932388305655
A2-3 − A2-1,全集 vs 仅ν,ood(-10C),707,06-07-17_08.39 n10degC_HWFET_Pan18650PF,-1.1436810493469238
A2-3 − A2-1,全集 vs 仅ν,ood(-10C),7,06-07-17_08.39 n10degC_LA92_Pan18650PF,-0.7885832786560059
A2-3 − A2-1,全集 vs 仅ν,ood(-10C),13,06-07-17_08.39 n10degC_LA92_Pan18650PF,-0.11656618118286044
A2-3 − A2-1,全集 vs 仅ν,ood(-10C),42,06-07-17_08.39 n10degC_LA92_Pan18650PF,-0.8933286666870117
A2-3 − A2-1,全集 vs 仅ν,ood(-10C),101,06-07-17_08.39 n10degC_LA92_Pan18650PF,-0.7662572860717765
A2-3 − A2-1,全集 vs 仅ν,ood(-10C),202,06-07-17_08.39 n10degC_LA92_Pan18650PF,-0.5244674682617188
A2-3 − A2-1,全集 vs 仅ν,ood(-10C),303,06-07-17_08.39 n10degC_LA92_Pan18650PF,-0.18080854415893555
A2-3 − A2-1,全集 vs 仅ν,ood(-10C),404,06-07-17_08.39 n10degC_LA92_Pan18650PF,-0.3337111473083496
A2-3 − A2-1,全集 vs 仅ν,ood(-10C),505,06-07-17_08.39 n10degC_LA92_Pan18650PF,-0.389218807220459
A2-3 − A2-1,全集 vs 仅ν,ood(-10C),606,06-07-17_08.39 n10degC_LA92_Pan18650PF,-0.44632387161254883
A2-3 − A2-1,全集 vs 仅ν,ood(-10C),707,06-07-17_08.39 n10degC_LA92_Pan18650PF,-0.7948946952819824
A2-3 − A2-1,全集 vs 仅ν,ood(-10C),7,06-07-17_08.39 n10degC_UDDS_Pan18650PF,-1.0689105987548828
A2-3 − A2-1,全集 vs 仅ν,ood(-10C),13,06-07-17_08.39 n10degC_UDDS_Pan18650PF,-0.1669521331787127
A2-3 − A2-1,全集 vs 仅ν,ood(-10C),42,06-07-17_08.39 n10degC_UDDS_Pan18650PF,-1.148573875427246
A2-3 − A2-1,全集 vs 仅ν,ood(-10C),101,06-07-17_08.39 n10degC_UDDS_Pan18650PF,-1.0315160751342791
A2-3 − A2-1,全集 vs 仅ν,ood(-10C),202,06-07-17_08.39 n10degC_UDDS_Pan18650PF,-0.629826545715332
A2-3 − A2-1,全集 vs 仅ν,ood(-10C),303,06-07-17_08.39 n10degC_UDDS_Pan18650PF,-0.18317031860351562
A2-3 − A2-1,全集 vs 仅ν,ood(-10C),404,06-07-17_08.39 n10degC_UDDS_Pan18650PF,-0.4266853332519531
A2-3 − A2-1,全集 vs 仅ν,ood(-10C),505,06-07-17_08.39 n10degC_UDDS_Pan18650PF,-0.4097757339477539
A2-3 − A2-1,全集 vs 仅ν,ood(-10C),606,06-07-17_08.39 n10degC_UDDS_Pan18650PF,-0.5710620880126953
A2-3 − A2-1,全集 vs 仅ν,ood(-10C),707,06-07-17_08.39 n10degC_UDDS_Pan18650PF,-1.0000200271606428
A2-3 − A2-1,全集 vs 仅ν,ood(-10C),7,06-07-17_08.39 n10degC_US06_Pan18650PF,-0.2638826370239258
A2-3 − A2-1,全集 vs 仅ν,ood(-10C),13,06-07-17_08.39 n10degC_US06_Pan18650PF,-0.014483451843262607
A2-3 − A2-1,全集 vs 仅ν,ood(-10C),42,06-07-17_08.39 n10degC_US06_Pan18650PF,-0.4675583839416504
A2-3 − A2-1,全集 vs 仅ν,ood(-10C),101,06-07-17_08.39 n10degC_US06_Pan18650PF,-0.6671857833862305
A2-3 − A2-1,全集 vs 仅ν,ood(-10C),202,06-07-17_08.39 n10degC_US06_Pan18650PF,-0.3372678756713863
A2-3 − A2-1,全集 vs 仅ν,ood(-10C),303,06-07-17_08.39 n10degC_US06_Pan18650PF,-0.13628053665161133
A2-3 − A2-1,全集 vs 仅ν,ood(-10C),404,06-07-17_08.39 n10degC_US06_Pan18650PF,-0.19631528854370117
A2-3 − A2-1,全集 vs 仅ν,ood(-10C),505,06-07-17_08.39 n10degC_US06_Pan18650PF,-0.29291820526123047
A2-3 − A2-1,全集 vs 仅ν,ood(-10C),606,06-07-17_08.39 n10degC_US06_Pan18650PF,-0.18447256088256836
A2-3 − A2-1,全集 vs 仅ν,ood(-10C),707,06-07-17_08.39 n10degC_US06_Pan18650PF,-0.4449477195739746
A2-3 − A2-1,全集 vs 仅ν,ood(-10C),7,06-10-17_11.25 n10degC_Cycle_1_Pan18650PF,-1.1263952255249023
A2-3 − A2-1,全集 vs 仅ν,ood(-10C),13,06-10-17_11.25 n10degC_Cycle_1_Pan18650PF,-0.18418025970458984
A2-3 − A2-1,全集 vs 仅ν,ood(-10C),42,06-10-17_11.25 n10degC_Cycle_1_Pan18650PF,-1.2646188735961896
A2-3 − A2-1,全集 vs 仅ν,ood(-10C),101,06-10-17_11.25 n10degC_Cycle_1_Pan18650PF,-0.9181718826293963
A2-3 − A2-1,全集 vs 仅ν,ood(-10C),202,06-10-17_11.25 n10degC_Cycle_1_Pan18650PF,-1.0368738174438477
A2-3 − A2-1,全集 vs 仅ν,ood(-10C),303,06-10-17_11.25 n10degC_Cycle_1_Pan18650PF,-0.32653141021728516
A2-3 − A2-1,全集 vs 仅ν,ood(-10C),404,06-10-17_11.25 n10degC_Cycle_1_Pan18650PF,-0.5104389190673846
A2-3 − A2-1,全集 vs 仅ν,ood(-10C),505,06-10-17_11.25 n10degC_Cycle_1_Pan18650PF,-0.7679109573364276
A2-3 − A2-1,全集 vs 仅ν,ood(-10C),606,06-10-17_11.25 n10degC_Cycle_1_Pan18650PF,-0.764129638671875
A2-3 − A2-1,全集 vs 仅ν,ood(-10C),707,06-10-17_11.25 n10degC_Cycle_1_Pan18650PF,-1.3165340423584002
A2-3 − A2-1,全集 vs 仅ν,ood(-10C),7,06-10-17_18.35 n10degC_Cycle_2_Pan18650PF,-1.3268814086914062
A2-3 − A2-1,全集 vs 仅ν,ood(-10C),13,06-10-17_18.35 n10degC_Cycle_2_Pan18650PF,-0.3147716522216797
A2-3 − A2-1,全集 vs 仅ν,ood(-10C),42,06-10-17_18.35 n10degC_Cycle_2_Pan18650PF,-1.4056625366211009
A2-3 − A2-1,全集 vs 仅ν,ood(-10C),101,06-10-17_18.35 n10degC_Cycle_2_Pan18650PF,-0.9913349151611328
A2-3 − A2-1,全集 vs 仅ν,ood(-10C),202,06-10-17_18.35 n10degC_Cycle_2_Pan18650PF,-0.8778362274169922
A2-3 − A2-1,全集 vs 仅ν,ood(-10C),303,06-10-17_18.35 n10degC_Cycle_2_Pan18650PF,-0.21439170837402344
A2-3 − A2-1,全集 vs 仅ν,ood(-10C),404,06-10-17_18.35 n10degC_Cycle_2_Pan18650PF,-0.6413936614990234
A2-3 − A2-1,全集 vs 仅ν,ood(-10C),505,06-10-17_18.35 n10degC_Cycle_2_Pan18650PF,-0.5737419128417969
A2-3 − A2-1,全集 vs 仅ν,ood(-10C),606,06-10-17_18.35 n10degC_Cycle_2_Pan18650PF,-0.745361328125
A2-3 − A2-1,全集 vs 仅ν,ood(-10C),707,06-10-17_18.35 n10degC_Cycle_2_Pan18650PF,-1.3410148620605469
A2-3 − A2-1,全集 vs 仅ν,ood(-10C),7,06-11-17_01.39 n10degC_Cycle_3_Pan18650PF,-1.4186382293701172
A2-3 − A2-1,全集 vs 仅ν,ood(-10C),13,06-11-17_01.39 n10degC_Cycle_3_Pan18650PF,-0.31227111816405895
A2-3 − A2-1,全集 vs 仅ν,ood(-10C),42,06-11-17_01.39 n10degC_Cycle_3_Pan18650PF,-1.3545093536376953
A2-3 − A2-1,全集 vs 仅ν,ood(-10C),101,06-11-17_01.39 n10degC_Cycle_3_Pan18650PF,-0.894546508789059
A2-3 − A2-1,全集 vs 仅ν,ood(-10C),202,06-11-17_01.39 n10degC_Cycle_3_Pan18650PF,-1.0160465240478516
A2-3 − A2-1,全集 vs 仅ν,ood(-10C),303,06-11-17_01.39 n10degC_Cycle_3_Pan18650PF,-0.2672119140625
A2-3 − A2-1,全集 vs 仅ν,ood(-10C),404,06-11-17_01.39 n10degC_Cycle_3_Pan18650PF,-0.8276500701904297
A2-3 − A2-1,全集 vs 仅ν,ood(-10C),505,06-11-17_01.39 n10degC_Cycle_3_Pan18650PF,-0.4815769195556605
A2-3 − A2-1,全集 vs 仅ν,ood(-10C),606,06-11-17_01.39 n10degC_Cycle_3_Pan18650PF,-0.7303028106689453
A2-3 − A2-1,全集 vs 仅ν,ood(-10C),707,06-11-17_01.39 n10degC_Cycle_3_Pan18650PF,-1.3323650360107422
A2-3 − A2-1,全集 vs 仅ν,ood(-10C),7,06-11-17_08.42 n10degC_Cycle_4_Pan18650PF,-1.0519733428955078
A2-3 − A2-1,全集 vs 仅ν,ood(-10C),13,06-11-17_08.42 n10degC_Cycle_4_Pan18650PF,-0.25821971893310547
A2-3 − A2-1,全集 vs 仅ν,ood(-10C),42,06-11-17_08.42 n10degC_Cycle_4_Pan18650PF,-1.1694707870483398
A2-3 − A2-1,全集 vs 仅ν,ood(-10C),101,06-11-17_08.42 n10degC_Cycle_4_Pan18650PF,-0.7368354797363281
A2-3 − A2-1,全集 vs 仅ν,ood(-10C),202,06-11-17_08.42 n10degC_Cycle_4_Pan18650PF,-0.5647058486938459
A2-3 − A2-1,全集 vs 仅ν,ood(-10C),303,06-11-17_08.42 n10degC_Cycle_4_Pan18650PF,-0.1468248367309588
A2-3 − A2-1,全集 vs 仅ν,ood(-10C),404,06-11-17_08.42 n10degC_Cycle_4_Pan18650PF,-0.4953966140747088
A2-3 − A2-1,全集 vs 仅ν,ood(-10C),505,06-11-17_08.42 n10degC_Cycle_4_Pan18650PF,-0.4593658447265625
A2-3 − A2-1,全集 vs 仅ν,ood(-10C),606,06-11-17_08.42 n10degC_Cycle_4_Pan18650PF,-0.4892110824584961
A2-3 − A2-1,全集 vs 仅ν,ood(-10C),707,06-11-17_08.42 n10degC_Cycle_4_Pan18650PF,-1.0433082580566406
A2-3 − A2-1,全集 vs 仅ν,ood(-10C),7,06-14-17_13.12 n10degC_NN_Pan18650PF,-1.1207294464111328
A2-3 − A2-1,全集 vs 仅ν,ood(-10C),13,06-14-17_13.12 n10degC_NN_Pan18650PF,-0.23958396911621094
A2-3 − A2-1,全集 vs 仅ν,ood(-10C),42,06-14-17_13.12 n10degC_NN_Pan18650PF,-1.0956096649169922
A2-3 − A2-1,全集 vs 仅ν,ood(-10C),101,06-14-17_13.12 n10degC_NN_Pan18650PF,-0.8153781890869141
A2-3 − A2-1,全集 vs 仅ν,ood(-10C),202,06-14-17_13.12 n10degC_NN_Pan18650PF,-0.7592000961303711
A2-3 − A2-1,全集 vs 仅ν,ood(-10C),303,06-14-17_13.12 n10degC_NN_Pan18650PF,-0.10362052917480469
A2-3 − A2-1,全集 vs 仅ν,ood(-10C),404,06-14-17_13.12 n10degC_NN_Pan18650PF,-0.5034332275390625
A2-3 − A2-1,全集 vs 仅ν,ood(-10C),505,06-14-17_13.12 n10degC_NN_Pan18650PF,-0.5433006286621094
A2-3 − A2-1,全集 vs 仅ν,ood(-10C),606,06-14-17_13.12 n10degC_NN_Pan18650PF,-0.5752620697021484
A2-3 − A2-1,全集 vs 仅ν,ood(-10C),707,06-14-17_13.12 n10degC_NN_Pan18650PF,-1.076456069946289
A2-3 − A2-1,全集 vs 仅ν,ood(-20C),7,06-23-17_23.35 n20degC_HWFET_Pan18650PF,-0.7075953483581543
A2-3 − A2-1,全集 vs 仅ν,ood(-20C),13,06-23-17_23.35 n20degC_HWFET_Pan18650PF,0.12209701538085938
A2-3 − A2-1,全集 vs 仅ν,ood(-20C),42,06-23-17_23.35 n20degC_HWFET_Pan18650PF,-1.0961318016052246
A2-3 − A2-1,全集 vs 仅ν,ood(-20C),101,06-23-17_23.35 n20degC_HWFET_Pan18650PF,-1.0091142654418945
A2-3 − A2-1,全集 vs 仅ν,ood(-20C),202,06-23-17_23.35 n20degC_HWFET_Pan18650PF,-0.6668410301208505
A2-3 − A2-1,全集 vs 仅ν,ood(-20C),303,06-23-17_23.35 n20degC_HWFET_Pan18650PF,-0.347625732421875
A2-3 − A2-1,全集 vs 仅ν,ood(-20C),404,06-23-17_23.35 n20degC_HWFET_Pan18650PF,-0.34847497940063477
A2-3 − A2-1,全集 vs 仅ν,ood(-20C),505,06-23-17_23.35 n20degC_HWFET_Pan18650PF,-0.5750455856323242
A2-3 − A2-1,全集 vs 仅ν,ood(-20C),606,06-23-17_23.35 n20degC_HWFET_Pan18650PF,-0.5758266448974609
A2-3 − A2-1,全集 vs 仅ν,ood(-20C),707,06-23-17_23.35 n20degC_HWFET_Pan18650PF,-1.1343998908996582
A2-3 − A2-1,全集 vs 仅ν,ood(-20C),7,06-23-17_23.35 n20degC_LA92_Pan18650PF,-0.7796850204467773
A2-3 − A2-1,全集 vs 仅ν,ood(-20C),13,06-23-17_23.35 n20degC_LA92_Pan18650PF,0.06684398651123136
A2-3 − A2-1,全集 vs 仅ν,ood(-20C),42,06-23-17_23.35 n20degC_LA92_Pan18650PF,-0.9682135581970215
A2-3 − A2-1,全集 vs 仅ν,ood(-20C),101,06-23-17_23.35 n20degC_LA92_Pan18650PF,-1.1017451286315918
A2-3 − A2-1,全集 vs 仅ν,ood(-20C),202,06-23-17_23.35 n20degC_LA92_Pan18650PF,-0.6003341674804688
A2-3 − A2-1,全集 vs 仅ν,ood(-20C),303,06-23-17_23.35 n20degC_LA92_Pan18650PF,-0.25773000717163086
A2-3 − A2-1,全集 vs 仅ν,ood(-20C),404,06-23-17_23.35 n20degC_LA92_Pan18650PF,-0.405947208404541
A2-3 − A2-1,全集 vs 仅ν,ood(-20C),505,06-23-17_23.35 n20degC_LA92_Pan18650PF,-0.328615665435791
A2-3 − A2-1,全集 vs 仅ν,ood(-20C),606,06-23-17_23.35 n20degC_LA92_Pan18650PF,-0.5919227600097656
A2-3 − A2-1,全集 vs 仅ν,ood(-20C),707,06-23-17_23.35 n20degC_LA92_Pan18650PF,-0.8849897384643555
A2-3 − A2-1,全集 vs 仅ν,ood(-20C),7,06-23-17_23.35 n20degC_NN_Pan18650PF,-0.6868712902069092
A2-3 − A2-1,全集 vs 仅ν,ood(-20C),13,06-23-17_23.35 n20degC_NN_Pan18650PF,0.05418539047241211
A2-3 − A2-1,全集 vs 仅ν,ood(-20C),42,06-23-17_23.35 n20degC_NN_Pan18650PF,-0.9333338737487793
A2-3 − A2-1,全集 vs 仅ν,ood(-20C),101,06-23-17_23.35 n20degC_NN_Pan18650PF,-1.1567416191101074
A2-3 − A2-1,全集 vs 仅ν,ood(-20C),202,06-23-17_23.35 n20degC_NN_Pan18650PF,-0.363004207611084
A2-3 − A2-1,全集 vs 仅ν,ood(-20C),303,06-23-17_23.35 n20degC_NN_Pan18650PF,-0.23627471923828125
A2-3 − A2-1,全集 vs 仅ν,ood(-20C),404,06-23-17_23.35 n20degC_NN_Pan18650PF,-0.4457230567932129
A2-3 − A2-1,全集 vs 仅ν,ood(-20C),505,06-23-17_23.35 n20degC_NN_Pan18650PF,-0.35545301437377885
A2-3 − A2-1,全集 vs 仅ν,ood(-20C),606,06-23-17_23.35 n20degC_NN_Pan18650PF,-0.5204954147338863
A2-3 − A2-1,全集 vs 仅ν,ood(-20C),707,06-23-17_23.35 n20degC_NN_Pan18650PF,-0.865912914276123
A2-3 − A2-1,全集 vs 仅ν,ood(-20C),7,06-23-17_23.35 n20degC_UDDS_Pan18650PF,-1.0053186416625977
A2-3 − A2-1,全集 vs 仅ν,ood(-20C),13,06-23-17_23.35 n20degC_UDDS_Pan18650PF,0.06931877136230291
A2-3 − A2-1,全集 vs 仅ν,ood(-20C),42,06-23-17_23.35 n20degC_UDDS_Pan18650PF,-1.0458068847656268
A2-3 − A2-1,全集 vs 仅ν,ood(-20C),101,06-23-17_23.35 n20degC_UDDS_Pan18650PF,-1.07952880859375
A2-3 − A2-1,全集 vs 仅ν,ood(-20C),202,06-23-17_23.35 n20degC_UDDS_Pan18650PF,-0.7871408462524396
A2-3 − A2-1,全集 vs 仅ν,ood(-20C),303,06-23-17_23.35 n20degC_UDDS_Pan18650PF,-0.26238155364990234
A2-3 − A2-1,全集 vs 仅ν,ood(-20C),404,06-23-17_23.35 n20degC_UDDS_Pan18650PF,-0.4402914047241193
A2-3 − A2-1,全集 vs 仅ν,ood(-20C),505,06-23-17_23.35 n20degC_UDDS_Pan18650PF,-0.32666873931884766
A2-3 − A2-1,全集 vs 仅ν,ood(-20C),606,06-23-17_23.35 n20degC_UDDS_Pan18650PF,-0.6987295150756854
A2-3 − A2-1,全集 vs 仅ν,ood(-20C),707,06-23-17_23.35 n20degC_UDDS_Pan18650PF,-0.9387397766113281
A2-3 − A2-1,全集 vs 仅ν,ood(-20C),7,06-24-17_04.29 n20degC_Cycle_1_Pan18650PF,-1.430084228515625
A2-3 − A2-1,全集 vs 仅ν,ood(-20C),13,06-24-17_04.29 n20degC_Cycle_1_Pan18650PF,-0.15253067016601207
A2-3 − A2-1,全集 vs 仅ν,ood(-20C),42,06-24-17_04.29 n20degC_Cycle_1_Pan18650PF,-1.3679904937744176
A2-3 − A2-1,全集 vs 仅ν,ood(-20C),101,06-24-17_04.29 n20degC_Cycle_1_Pan18650PF,-1.1616096496582102
A2-3 − A2-1,全集 vs 仅ν,ood(-20C),202,06-24-17_04.29 n20degC_Cycle_1_Pan18650PF,-1.3277378082275426
A2-3 − A2-1,全集 vs 仅ν,ood(-20C),303,06-24-17_04.29 n20degC_Cycle_1_Pan18650PF,-0.47492218017578125
A2-3 − A2-1,全集 vs 仅ν,ood(-20C),404,06-24-17_04.29 n20degC_Cycle_1_Pan18650PF,-0.7605381011962891
A2-3 − A2-1,全集 vs 仅ν,ood(-20C),505,06-24-17_04.29 n20degC_Cycle_1_Pan18650PF,-0.6658515930175817
A2-3 − A2-1,全集 vs 仅ν,ood(-20C),606,06-24-17_04.29 n20degC_Cycle_1_Pan18650PF,-1.0893077850341797
A2-3 − A2-1,全集 vs 仅ν,ood(-20C),707,06-24-17_04.29 n20degC_Cycle_1_Pan18650PF,-1.3527812957763636
A2-3 − A2-1,全集 vs 仅ν,ood(-20C),7,06-24-17_11.58 n20degC_Cycle_2_Pan18650PF,-1.4151477813720703
A2-3 − A2-1,全集 vs 仅ν,ood(-20C),13,06-24-17_11.58 n20degC_Cycle_2_Pan18650PF,-0.26158905029296875
A2-3 − A2-1,全集 vs 仅ν,ood(-20C),42,06-24-17_11.58 n20degC_Cycle_2_Pan18650PF,-1.4563846588134801
A2-3 − A2-1,全集 vs 仅ν,ood(-20C),101,06-24-17_11.58 n20degC_Cycle_2_Pan18650PF,-1.1435279846191406
A2-3 − A2-1,全集 vs 仅ν,ood(-20C),202,06-24-17_11.58 n20degC_Cycle_2_Pan18650PF,-1.0502948760986328
A2-3 − A2-1,全集 vs 仅ν,ood(-20C),303,06-24-17_11.58 n20degC_Cycle_2_Pan18650PF,-0.43294334411621094
A2-3 − A2-1,全集 vs 仅ν,ood(-20C),404,06-24-17_11.58 n20degC_Cycle_2_Pan18650PF,-0.7342796325683594
A2-3 − A2-1,全集 vs 仅ν,ood(-20C),505,06-24-17_11.58 n20degC_Cycle_2_Pan18650PF,-0.67333984375
A2-3 − A2-1,全集 vs 仅ν,ood(-20C),606,06-24-17_11.58 n20degC_Cycle_2_Pan18650PF,-1.0070514678955078
A2-3 − A2-1,全集 vs 仅ν,ood(-20C),707,06-24-17_11.58 n20degC_Cycle_2_Pan18650PF,-1.4057044982910192
A2-3 − A2-1,全集 vs 仅ν,ood(-20C),7,06-24-17_19.29 n20degC_Cycle_3_Pan18650PF,-1.335155487060554
A2-3 − A2-1,全集 vs 仅ν,ood(-20C),13,06-24-17_19.29 n20degC_Cycle_3_Pan18650PF,-0.13967323303222656
A2-3 − A2-1,全集 vs 仅ν,ood(-20C),42,06-24-17_19.29 n20degC_Cycle_3_Pan18650PF,-1.3805999755859375
A2-3 − A2-1,全集 vs 仅ν,ood(-20C),101,06-24-17_19.29 n20degC_Cycle_3_Pan18650PF,-0.9964466094970703
A2-3 − A2-1,全集 vs 仅ν,ood(-20C),202,06-24-17_19.29 n20degC_Cycle_3_Pan18650PF,-1.1391983032226491
A2-3 − A2-1,全集 vs 仅ν,ood(-20C),303,06-24-17_19.29 n20degC_Cycle_3_Pan18650PF,-0.4151287078857493
A2-3 − A2-1,全集 vs 仅ν,ood(-20C),404,06-24-17_19.29 n20degC_Cycle_3_Pan18650PF,-0.8764610290527344
A2-3 − A2-1,全集 vs 仅ν,ood(-20C),505,06-24-17_19.29 n20degC_Cycle_3_Pan18650PF,-0.5837955474853551
A2-3 − A2-1,全集 vs 仅ν,ood(-20C),606,06-24-17_19.29 n20degC_Cycle_3_Pan18650PF,-1.0199394226074148
A2-3 − A2-1,全集 vs 仅ν,ood(-20C),707,06-24-17_19.29 n20degC_Cycle_3_Pan18650PF,-1.2133941650390696
A2-3 − A2-1,全集 vs 仅ν,ood(-20C),7,06-25-17_03.01 n20degC_Cycle_4_Pan18650PF,-1.2466278076171875
A2-3 − A2-1,全集 vs 仅ν,ood(-20C),13,06-25-17_03.01 n20degC_Cycle_4_Pan18650PF,-0.076171875
A2-3 − A2-1,全集 vs 仅ν,ood(-20C),42,06-25-17_03.01 n20degC_Cycle_4_Pan18650PF,-1.4238357543945348
A2-3 − A2-1,全集 vs 仅ν,ood(-20C),101,06-25-17_03.01 n20degC_Cycle_4_Pan18650PF,-1.1440620422363281
A2-3 − A2-1,全集 vs 仅ν,ood(-20C),202,06-25-17_03.01 n20degC_Cycle_4_Pan18650PF,-1.1417713165283203
A2-3 − A2-1,全集 vs 仅ν,ood(-20C),303,06-25-17_03.01 n20degC_Cycle_4_Pan18650PF,-0.2943096160888672
A2-3 − A2-1,全集 vs 仅ν,ood(-20C),404,06-25-17_03.01 n20degC_Cycle_4_Pan18650PF,-0.45598220825196023
A2-3 − A2-1,全集 vs 仅ν,ood(-20C),505,06-25-17_03.01 n20degC_Cycle_4_Pan18650PF,-0.6187248229980469
A2-3 − A2-1,全集 vs 仅ν,ood(-20C),606,06-25-17_03.01 n20degC_Cycle_4_Pan18650PF,-0.8196640014648438
A2-3 − A2-1,全集 vs 仅ν,ood(-20C),707,06-25-17_03.01 n20degC_Cycle_4_Pan18650PF,-1.3695716857910156
A2-3 − A2-1,全集 vs 仅ν,ood(-20C),7,06-25-17_10.31 n20degC_US06_Pan18650PF,-1.2482795715332031
A2-3 − A2-1,全集 vs 仅ν,ood(-20C),13,06-25-17_10.31 n20degC_US06_Pan18650PF,-0.5454368591308594
A2-3 − A2-1,全集 vs 仅ν,ood(-20C),42,06-25-17_10.31 n20degC_US06_Pan18650PF,-1.0571479797363246
A2-3 − A2-1,全集 vs 仅ν,ood(-20C),101,06-25-17_10.31 n20degC_US06_Pan18650PF,-1.0429306030273473
A2-3 − A2-1,全集 vs 仅ν,ood(-20C),202,06-25-17_10.31 n20degC_US06_Pan18650PF,-1.0389747619628906
A2-3 − A2-1,全集 vs 仅ν,ood(-20C),303,06-25-17_10.31 n20degC_US06_Pan18650PF,-0.3419208526611328
A2-3 − A2-1,全集 vs 仅ν,ood(-20C),404,06-25-17_10.31 n20degC_US06_Pan18650PF,-0.9545230865478516
A2-3 − A2-1,全集 vs 仅ν,ood(-20C),505,06-25-17_10.31 n20degC_US06_Pan18650PF,-0.4290313720703125
A2-3 − A2-1,全集 vs 仅ν,ood(-20C),606,06-25-17_10.31 n20degC_US06_Pan18650PF,-0.5856761932373011
A2-3 − A2-1,全集 vs 仅ν,ood(-20C),707,06-25-17_10.31 n20degC_US06_Pan18650PF,-1.298868179321289
A2-3 − A2-4,全集 vs 仅K/P,test_id(25C),7,03-18-17_02.17 25degC_Cycle_1_Pan18650PF,-0.04148268699645996
A2-3 − A2-4,全集 vs 仅K/P,test_id(25C),13,03-18-17_02.17 25degC_Cycle_1_Pan18650PF,-0.13158196210861206
A2-3 − A2-4,全集 vs 仅K/P,test_id(25C),42,03-18-17_02.17 25degC_Cycle_1_Pan18650PF,-0.029116332530975342
A2-3 − A2-4,全集 vs 仅K/P,test_id(25C),101,03-18-17_02.17 25degC_Cycle_1_Pan18650PF,0.000774383544921875
A2-3 − A2-4,全集 vs 仅K/P,test_id(25C),202,03-18-17_02.17 25degC_Cycle_1_Pan18650PF,-0.04345405101776123
A2-3 − A2-4,全集 vs 仅K/P,test_id(25C),303,03-18-17_02.17 25degC_Cycle_1_Pan18650PF,-0.03186392784118652
A2-3 − A2-4,全集 vs 仅K/P,test_id(25C),404,03-18-17_02.17 25degC_Cycle_1_Pan18650PF,0.032878756523132324
A2-3 − A2-4,全集 vs 仅K/P,test_id(25C),505,03-18-17_02.17 25degC_Cycle_1_Pan18650PF,-0.075081467628479
A2-3 − A2-4,全集 vs 仅K/P,test_id(25C),606,03-18-17_02.17 25degC_Cycle_1_Pan18650PF,-0.0243222713470459
A2-3 − A2-4,全集 vs 仅K/P,test_id(25C),707,03-18-17_02.17 25degC_Cycle_1_Pan18650PF,-0.04069674015045166
A2-3 − A2-4,全集 vs 仅K/P,test_id(25C),7,03-19-17_03.25 25degC_Cycle_2_Pan18650PF,-0.09396135807037354
A2-3 − A2-4,全集 vs 仅K/P,test_id(25C),13,03-19-17_03.25 25degC_Cycle_2_Pan18650PF,-0.17507588863372803
A2-3 − A2-4,全集 vs 仅K/P,test_id(25C),42,03-19-17_03.25 25degC_Cycle_2_Pan18650PF,-0.006119906902313232
A2-3 − A2-4,全集 vs 仅K/P,test_id(25C),101,03-19-17_03.25 25degC_Cycle_2_Pan18650PF,0.01127934455871582
A2-3 − A2-4,全集 vs 仅K/P,test_id(25C),202,03-19-17_03.25 25degC_Cycle_2_Pan18650PF,-0.09395867586135864
A2-3 − A2-4,全集 vs 仅K/P,test_id(25C),303,03-19-17_03.25 25degC_Cycle_2_Pan18650PF,-0.002349853515625
A2-3 − A2-4,全集 vs 仅K/P,test_id(25C),404,03-19-17_03.25 25degC_Cycle_2_Pan18650PF,-0.079986572265625
A2-3 − A2-4,全集 vs 仅K/P,test_id(25C),505,03-19-17_03.25 25degC_Cycle_2_Pan18650PF,-0.08632314205169678
A2-3 − A2-4,全集 vs 仅K/P,test_id(25C),606,03-19-17_03.25 25degC_Cycle_2_Pan18650PF,-0.021513283252716064
A2-3 − A2-4,全集 vs 仅K/P,test_id(25C),707,03-19-17_03.25 25degC_Cycle_2_Pan18650PF,-0.03198498487472534
A2-3 − A2-4,全集 vs 仅K/P,test_id(25C),7,03-19-17_09.07 25degC_Cycle_3_Pan18650PF,0.0012623369693756104
A2-3 − A2-4,全集 vs 仅K/P,test_id(25C),13,03-19-17_09.07 25degC_Cycle_3_Pan18650PF,-0.1844046413898468
A2-3 − A2-4,全集 vs 仅K/P,test_id(25C),42,03-19-17_09.07 25degC_Cycle_3_Pan18650PF,-0.028108209371566772
A2-3 − A2-4,全集 vs 仅K/P,test_id(25C),101,03-19-17_09.07 25degC_Cycle_3_Pan18650PF,0.03812810778617859
A2-3 − A2-4,全集 vs 仅K/P,test_id(25C),202,03-19-17_09.07 25degC_Cycle_3_Pan18650PF,-0.028066515922546387
A2-3 − A2-4,全集 vs 仅K/P,test_id(25C),303,03-19-17_09.07 25degC_Cycle_3_Pan18650PF,0.05861467123031611
A2-3 − A2-4,全集 vs 仅K/P,test_id(25C),404,03-19-17_09.07 25degC_Cycle_3_Pan18650PF,-0.05430588126182556
A2-3 − A2-4,全集 vs 仅K/P,test_id(25C),505,03-19-17_09.07 25degC_Cycle_3_Pan18650PF,-0.06721422076225281
A2-3 − A2-4,全集 vs 仅K/P,test_id(25C),606,03-19-17_09.07 25degC_Cycle_3_Pan18650PF,-0.007325083017349243
A2-3 − A2-4,全集 vs 仅K/P,test_id(25C),707,03-19-17_09.07 25degC_Cycle_3_Pan18650PF,-0.042999714612960815
A2-3 − A2-4,全集 vs 仅K/P,test_id(25C),7,03-19-17_14.31 25degC_Cycle_4_Pan18650PF,0.11521488428115845
A2-3 − A2-4,全集 vs 仅K/P,test_id(25C),13,03-19-17_14.31 25degC_Cycle_4_Pan18650PF,-0.16744762659072876
A2-3 − A2-4,全集 vs 仅K/P,test_id(25C),42,03-19-17_14.31 25degC_Cycle_4_Pan18650PF,0.0203668475151062
A2-3 − A2-4,全集 vs 仅K/P,test_id(25C),101,03-19-17_14.31 25degC_Cycle_4_Pan18650PF,0.020246922969818115
A2-3 − A2-4,全集 vs 仅K/P,test_id(25C),202,03-19-17_14.31 25degC_Cycle_4_Pan18650PF,-0.31470787525177
A2-3 − A2-4,全集 vs 仅K/P,test_id(25C),303,03-19-17_14.31 25degC_Cycle_4_Pan18650PF,-0.0012545585632324219
A2-3 − A2-4,全集 vs 仅K/P,test_id(25C),404,03-19-17_14.31 25degC_Cycle_4_Pan18650PF,-0.10565465688705444
A2-3 − A2-4,全集 vs 仅K/P,test_id(25C),505,03-19-17_14.31 25degC_Cycle_4_Pan18650PF,-0.06016206741333008
A2-3 − A2-4,全集 vs 仅K/P,test_id(25C),606,03-19-17_14.31 25degC_Cycle_4_Pan18650PF,-0.04883730411529541
A2-3 − A2-4,全集 vs 仅K/P,test_id(25C),707,03-19-17_14.31 25degC_Cycle_4_Pan18650PF,0.15774577856063843
A2-3 − A2-4,全集 vs 仅K/P,ood(10C),7,03-27-17_09.06 10degC_HWFET_Pan18650PF,-0.060741186141966885
A2-3 − A2-4,全集 vs 仅K/P,ood(10C),13,03-27-17_09.06 10degC_HWFET_Pan18650PF,-0.09935688972473145
A2-3 − A2-4,全集 vs 仅K/P,ood(10C),42,03-27-17_09.06 10degC_HWFET_Pan18650PF,-0.1482856273651123
A2-3 − A2-4,全集 vs 仅K/P,ood(10C),101,03-27-17_09.06 10degC_HWFET_Pan18650PF,-0.0465087890625
A2-3 − A2-4,全集 vs 仅K/P,ood(10C),202,03-27-17_09.06 10degC_HWFET_Pan18650PF,-0.472442626953125
A2-3 − A2-4,全集 vs 仅K/P,ood(10C),303,03-27-17_09.06 10degC_HWFET_Pan18650PF,0.3410966396331787
A2-3 − A2-4,全集 vs 仅K/P,ood(10C),404,03-27-17_09.06 10degC_HWFET_Pan18650PF,0.07273006439208984
A2-3 − A2-4,全集 vs 仅K/P,ood(10C),505,03-27-17_09.06 10degC_HWFET_Pan18650PF,-0.18028736114501953
A2-3 − A2-4,全集 vs 仅K/P,ood(10C),606,03-27-17_09.06 10degC_HWFET_Pan18650PF,-0.04123044013977051
A2-3 − A2-4,全集 vs 仅K/P,ood(10C),707,03-27-17_09.06 10degC_HWFET_Pan18650PF,-0.5603640079498291
A2-3 − A2-4,全集 vs 仅K/P,ood(10C),7,03-27-17_09.06 10degC_LA92_Pan18650PF,-0.42019200325012207
A2-3 − A2-4,全集 vs 仅K/P,ood(10C),13,03-27-17_09.06 10degC_LA92_Pan18650PF,0.551315069198608
A2-3 − A2-4,全集 vs 仅K/P,ood(10C),42,03-27-17_09.06 10degC_LA92_Pan18650PF,-0.11449432373046875
A2-3 − A2-4,全集 vs 仅K/P,ood(10C),101,03-27-17_09.06 10degC_LA92_Pan18650PF,-0.13497543334960893
A2-3 − A2-4,全集 vs 仅K/P,ood(10C),202,03-27-17_09.06 10degC_LA92_Pan18650PF,-0.2762842178344731
A2-3 − A2-4,全集 vs 仅K/P,ood(10C),303,03-27-17_09.06 10degC_LA92_Pan18650PF,0.1748061180114746
A2-3 − A2-4,全集 vs 仅K/P,ood(10C),404,03-27-17_09.06 10degC_LA92_Pan18650PF,-0.006489515304565874
A2-3 − A2-4,全集 vs 仅K/P,ood(10C),505,03-27-17_09.06 10degC_LA92_Pan18650PF,-0.15042376518249512
A2-3 − A2-4,全集 vs 仅K/P,ood(10C),606,03-27-17_09.06 10degC_LA92_Pan18650PF,-0.1486368179321289
A2-3 − A2-4,全集 vs 仅K/P,ood(10C),707,03-27-17_09.06 10degC_LA92_Pan18650PF,-0.5031576156616215
A2-3 − A2-4,全集 vs 仅K/P,ood(10C),7,03-27-17_09.06 10degC_NN_Pan18650PF,-0.22051548957824707
A2-3 − A2-4,全集 vs 仅K/P,ood(10C),13,03-27-17_09.06 10degC_NN_Pan18650PF,0.4278247356414795
A2-3 − A2-4,全集 vs 仅K/P,ood(10C),42,03-27-17_09.06 10degC_NN_Pan18650PF,-0.09877896308898926
A2-3 − A2-4,全集 vs 仅K/P,ood(10C),101,03-27-17_09.06 10degC_NN_Pan18650PF,-0.03732013702392534
A2-3 − A2-4,全集 vs 仅K/P,ood(10C),202,03-27-17_09.06 10degC_NN_Pan18650PF,-0.3820712566375737
A2-3 − A2-4,全集 vs 仅K/P,ood(10C),303,03-27-17_09.06 10degC_NN_Pan18650PF,0.2557554244995117
A2-3 − A2-4,全集 vs 仅K/P,ood(10C),404,03-27-17_09.06 10degC_NN_Pan18650PF,-0.07656741142272994
A2-3 − A2-4,全集 vs 仅K/P,ood(10C),505,03-27-17_09.06 10degC_NN_Pan18650PF,-0.04330229759216264
A2-3 − A2-4,全集 vs 仅K/P,ood(10C),606,03-27-17_09.06 10degC_NN_Pan18650PF,-0.1505289077758789
A2-3 − A2-4,全集 vs 仅K/P,ood(10C),707,03-27-17_09.06 10degC_NN_Pan18650PF,-0.421811580657959
A2-3 − A2-4,全集 vs 仅K/P,ood(10C),7,03-27-17_09.06 10degC_UDDS_Pan18650PF,-0.44294083118438765
A2-3 − A2-4,全集 vs 仅K/P,ood(10C),13,03-27-17_09.06 10degC_UDDS_Pan18650PF,0.3250689506530766
A2-3 − A2-4,全集 vs 仅K/P,ood(10C),42,03-27-17_09.06 10degC_UDDS_Pan18650PF,-0.1981668472290039
A2-3 − A2-4,全集 vs 仅K/P,ood(10C),101,03-27-17_09.06 10degC_UDDS_Pan18650PF,-0.1638914346694944
A2-3 − A2-4,全集 vs 仅K/P,ood(10C),202,03-27-17_09.06 10degC_UDDS_Pan18650PF,-0.36566686630249
A2-3 − A2-4,全集 vs 仅K/P,ood(10C),303,03-27-17_09.06 10degC_UDDS_Pan18650PF,0.2683726549148564
A2-3 − A2-4,全集 vs 仅K/P,ood(10C),404,03-27-17_09.06 10degC_UDDS_Pan18650PF,-0.10801029205322243
A2-3 − A2-4,全集 vs 仅K/P,ood(10C),505,03-27-17_09.06 10degC_UDDS_Pan18650PF,-0.024988055229187234
A2-3 − A2-4,全集 vs 仅K/P,ood(10C),606,03-27-17_09.06 10degC_UDDS_Pan18650PF,-0.20820260047912598
A2-3 − A2-4,全集 vs 仅K/P,ood(10C),707,03-27-17_09.06 10degC_UDDS_Pan18650PF,-0.6438028812408447
A2-3 − A2-4,全集 vs 仅K/P,ood(10C),7,03-27-17_09.06 10degC_US06_Pan18650PF,-0.1443214416503893
A2-3 − A2-4,全集 vs 仅K/P,ood(10C),13,03-27-17_09.06 10degC_US06_Pan18650PF,0.6742875576019287
A2-3 − A2-4,全集 vs 仅K/P,ood(10C),42,03-27-17_09.06 10degC_US06_Pan18650PF,-0.08327388763427779
A2-3 − A2-4,全集 vs 仅K/P,ood(10C),101,03-27-17_09.06 10degC_US06_Pan18650PF,0.025276422500610796
A2-3 − A2-4,全集 vs 仅K/P,ood(10C),202,03-27-17_09.06 10degC_US06_Pan18650PF,-0.4816279411315918
A2-3 − A2-4,全集 vs 仅K/P,ood(10C),303,03-27-17_09.06 10degC_US06_Pan18650PF,0.21978783607482955
A2-3 − A2-4,全集 vs 仅K/P,ood(10C),404,03-27-17_09.06 10degC_US06_Pan18650PF,-0.06593441963195845
A2-3 − A2-4,全集 vs 仅K/P,ood(10C),505,03-27-17_09.06 10degC_US06_Pan18650PF,-0.15663981437683105
A2-3 − A2-4,全集 vs 仅K/P,ood(10C),606,03-27-17_09.06 10degC_US06_Pan18650PF,-0.09948873519897461
A2-3 − A2-4,全集 vs 仅K/P,ood(10C),707,03-27-17_09.06 10degC_US06_Pan18650PF,-0.25814819335937633
A2-3 − A2-4,全集 vs 仅K/P,ood(10C),7,03-28-17_12.51 10degC_Cycle_1_Pan18650PF,-0.374037504196167
A2-3 − A2-4,全集 vs 仅K/P,ood(10C),13,03-28-17_12.51 10degC_Cycle_1_Pan18650PF,0.5676553249359126
A2-3 − A2-4,全集 vs 仅K/P,ood(10C),42,03-28-17_12.51 10degC_Cycle_1_Pan18650PF,-0.20223331451416016
A2-3 − A2-4,全集 vs 仅K/P,ood(10C),101,03-28-17_12.51 10degC_Cycle_1_Pan18650PF,-0.10239148139953613
A2-3 − A2-4,全集 vs 仅K/P,ood(10C),202,03-28-17_12.51 10degC_Cycle_1_Pan18650PF,-0.3354372978210436
A2-3 − A2-4,全集 vs 仅K/P,ood(10C),303,03-28-17_12.51 10degC_Cycle_1_Pan18650PF,0.22164654731750444
A2-3 − A2-4,全集 vs 仅K/P,ood(10C),404,03-28-17_12.51 10degC_Cycle_1_Pan18650PF,0.0005717277526855469
A2-3 − A2-4,全集 vs 仅K/P,ood(10C),505,03-28-17_12.51 10degC_Cycle_1_Pan18650PF,-0.101043701171875
A2-3 − A2-4,全集 vs 仅K/P,ood(10C),606,03-28-17_12.51 10degC_Cycle_1_Pan18650PF,-0.1596693992614746
A2-3 − A2-4,全集 vs 仅K/P,ood(10C),707,03-28-17_12.51 10degC_Cycle_1_Pan18650PF,-0.5103790760040283
A2-3 − A2-4,全集 vs 仅K/P,ood(10C),7,03-28-17_18.18 10degC_Cycle_2_Pan18650PF,-0.40301036834716797
A2-3 − A2-4,全集 vs 仅K/P,ood(10C),13,03-28-17_18.18 10degC_Cycle_2_Pan18650PF,0.5214786529541016
A2-3 − A2-4,全集 vs 仅K/P,ood(10C),42,03-28-17_18.18 10degC_Cycle_2_Pan18650PF,-0.16846513748168945
A2-3 − A2-4,全集 vs 仅K/P,ood(10C),101,03-28-17_18.18 10degC_Cycle_2_Pan18650PF,-0.050019264221191406
A2-3 − A2-4,全集 vs 仅K/P,ood(10C),202,03-28-17_18.18 10degC_Cycle_2_Pan18650PF,-0.3312377929687491
A2-3 − A2-4,全集 vs 仅K/P,ood(10C),303,03-28-17_18.18 10degC_Cycle_2_Pan18650PF,0.15007829666137695
A2-3 − A2-4,全集 vs 仅K/P,ood(10C),404,03-28-17_18.18 10degC_Cycle_2_Pan18650PF,0.040500640869140625
A2-3 − A2-4,全集 vs 仅K/P,ood(10C),505,03-28-17_18.18 10degC_Cycle_2_Pan18650PF,-0.08659076690673828
A2-3 − A2-4,全集 vs 仅K/P,ood(10C),606,03-28-17_18.18 10degC_Cycle_2_Pan18650PF,-0.19421625137329102
A2-3 − A2-4,全集 vs 仅K/P,ood(10C),707,03-28-17_18.18 10degC_Cycle_2_Pan18650PF,-0.4160637855529785
A2-3 − A2-4,全集 vs 仅K/P,ood(10C),7,04-05-17_17.04 10degC_Cycle_3_Pan18650PF,-0.4299626350402832
A2-3 − A2-4,全集 vs 仅K/P,ood(10C),13,04-05-17_17.04 10degC_Cycle_3_Pan18650PF,0.5209121704101562
A2-3 − A2-4,全集 vs 仅K/P,ood(10C),42,04-05-17_17.04 10degC_Cycle_3_Pan18650PF,-0.19003772735595792
A2-3 − A2-4,全集 vs 仅K/P,ood(10C),101,04-05-17_17.04 10degC_Cycle_3_Pan18650PF,-0.06505346298217773
A2-3 − A2-4,全集 vs 仅K/P,ood(10C),202,04-05-17_17.04 10degC_Cycle_3_Pan18650PF,-0.3715209960937509
A2-3 − A2-4,全集 vs 仅K/P,ood(10C),303,04-05-17_17.04 10degC_Cycle_3_Pan18650PF,0.3525528907775879
A2-3 − A2-4,全集 vs 仅K/P,ood(10C),404,04-05-17_17.04 10degC_Cycle_3_Pan18650PF,0.02332925796508789
A2-3 − A2-4,全集 vs 仅K/P,ood(10C),505,04-05-17_17.04 10degC_Cycle_3_Pan18650PF,-0.04124736785888672
A2-3 − A2-4,全集 vs 仅K/P,ood(10C),606,04-05-17_17.04 10degC_Cycle_3_Pan18650PF,-0.09719991683959961
A2-3 − A2-4,全集 vs 仅K/P,ood(10C),707,04-05-17_17.04 10degC_Cycle_3_Pan18650PF,-0.5095138549804688
A2-3 − A2-4,全集 vs 仅K/P,ood(10C),7,04-05-17_22.50 10degC_Cycle_4_Pan18650PF,-0.27323222160339355
A2-3 − A2-4,全集 vs 仅K/P,ood(10C),13,04-05-17_22.50 10degC_Cycle_4_Pan18650PF,0.36232638359069824
A2-3 − A2-4,全集 vs 仅K/P,ood(10C),42,04-05-17_22.50 10degC_Cycle_4_Pan18650PF,-0.16426801681518555
A2-3 − A2-4,全集 vs 仅K/P,ood(10C),101,04-05-17_22.50 10degC_Cycle_4_Pan18650PF,-0.09007740020751953
A2-3 − A2-4,全集 vs 仅K/P,ood(10C),202,04-05-17_22.50 10degC_Cycle_4_Pan18650PF,-0.454927921295166
A2-3 − A2-4,全集 vs 仅K/P,ood(10C),303,04-05-17_22.50 10degC_Cycle_4_Pan18650PF,0.2511739730834961
A2-3 − A2-4,全集 vs 仅K/P,ood(10C),404,04-05-17_22.50 10degC_Cycle_4_Pan18650PF,-0.08699536323547363
A2-3 − A2-4,全集 vs 仅K/P,ood(10C),505,04-05-17_22.50 10degC_Cycle_4_Pan18650PF,-0.04405951499939009
A2-3 − A2-4,全集 vs 仅K/P,ood(10C),606,04-05-17_22.50 10degC_Cycle_4_Pan18650PF,-0.14387726783752441
A2-3 − A2-4,全集 vs 仅K/P,ood(10C),707,04-05-17_22.50 10degC_Cycle_4_Pan18650PF,-0.4627900123596196
A2-3 − A2-4,全集 vs 仅K/P,ood(0C),7,05-30-17_12.56 0degC_Cycle_1_Pan18650PF,-0.5409879684448242
A2-3 − A2-4,全集 vs 仅K/P,ood(0C),13,05-30-17_12.56 0degC_Cycle_1_Pan18650PF,-0.10885906219482244
A2-3 − A2-4,全集 vs 仅K/P,ood(0C),42,05-30-17_12.56 0degC_Cycle_1_Pan18650PF,-0.3749847412109375
A2-3 − A2-4,全集 vs 仅K/P,ood(0C),101,05-30-17_12.56 0degC_Cycle_1_Pan18650PF,-0.2821998596191406
A2-3 − A2-4,全集 vs 仅K/P,ood(0C),202,05-30-17_12.56 0degC_Cycle_1_Pan18650PF,-1.2787256240844727
A2-3 − A2-4,全集 vs 仅K/P,ood(0C),303,05-30-17_12.56 0degC_Cycle_1_Pan18650PF,0.7311515808105487
A2-3 − A2-4,全集 vs 仅K/P,ood(0C),404,05-30-17_12.56 0degC_Cycle_1_Pan18650PF,-0.8784561157226562
A2-3 − A2-4,全集 vs 仅K/P,ood(0C),505,05-30-17_12.56 0degC_Cycle_1_Pan18650PF,-0.13265037536621094
A2-3 − A2-4,全集 vs 仅K/P,ood(0C),606,05-30-17_12.56 0degC_Cycle_1_Pan18650PF,0.41506481170654475
A2-3 − A2-4,全集 vs 仅K/P,ood(0C),707,05-30-17_12.56 0degC_Cycle_1_Pan18650PF,-1.3973083496093732
A2-3 − A2-4,全集 vs 仅K/P,ood(0C),7,05-30-17_20.16 0degC_Cycle_2_Pan18650PF,-0.5432882308959961
A2-3 − A2-4,全集 vs 仅K/P,ood(0C),13,05-30-17_20.16 0degC_Cycle_2_Pan18650PF,-0.024667739868164062
A2-3 − A2-4,全集 vs 仅K/P,ood(0C),42,05-30-17_20.16 0degC_Cycle_2_Pan18650PF,-0.3175964355468768
A2-3 − A2-4,全集 vs 仅K/P,ood(0C),101,05-30-17_20.16 0degC_Cycle_2_Pan18650PF,-0.3170814514160156
A2-3 − A2-4,全集 vs 仅K/P,ood(0C),202,05-30-17_20.16 0degC_Cycle_2_Pan18650PF,-1.066481590270996
A2-3 − A2-4,全集 vs 仅K/P,ood(0C),303,05-30-17_20.16 0degC_Cycle_2_Pan18650PF,0.6735515594482422
A2-3 − A2-4,全集 vs 仅K/P,ood(0C),404,05-30-17_20.16 0degC_Cycle_2_Pan18650PF,-0.7733068466186541
A2-3 − A2-4,全集 vs 仅K/P,ood(0C),505,05-30-17_20.16 0degC_Cycle_2_Pan18650PF,-0.16108131408691406
A2-3 − A2-4,全集 vs 仅K/P,ood(0C),606,05-30-17_20.16 0degC_Cycle_2_Pan18650PF,0.1598453521728498
A2-3 − A2-4,全集 vs 仅K/P,ood(0C),707,05-30-17_20.16 0degC_Cycle_2_Pan18650PF,-1.2329492568969727
A2-3 − A2-4,全集 vs 仅K/P,ood(0C),7,06-01-17_10.36 0degC_LA92_Pan18650PF,-0.5045924186706543
A2-3 − A2-4,全集 vs 仅K/P,ood(0C),13,06-01-17_10.36 0degC_LA92_Pan18650PF,0.6647000312805176
A2-3 − A2-4,全集 vs 仅K/P,ood(0C),42,06-01-17_10.36 0degC_LA92_Pan18650PF,0.025541305541992188
A2-3 − A2-4,全集 vs 仅K/P,ood(0C),101,06-01-17_10.36 0degC_LA92_Pan18650PF,-0.17925262451171875
A2-3 − A2-4,全集 vs 仅K/P,ood(0C),202,06-01-17_10.36 0degC_LA92_Pan18650PF,-0.34563589096069336
A2-3 − A2-4,全集 vs 仅K/P,ood(0C),303,06-01-17_10.36 0degC_LA92_Pan18650PF,0.38879919052124023
A2-3 − A2-4,全集 vs 仅K/P,ood(0C),404,06-01-17_10.36 0degC_LA92_Pan18650PF,-0.05463838577270508
A2-3 − A2-4,全集 vs 仅K/P,ood(0C),505,06-01-17_10.36 0degC_LA92_Pan18650PF,-0.09842395782470703
A2-3 − A2-4,全集 vs 仅K/P,ood(0C),606,06-01-17_10.36 0degC_LA92_Pan18650PF,-0.16890859603881836
A2-3 − A2-4,全集 vs 仅K/P,ood(0C),707,06-01-17_10.36 0degC_LA92_Pan18650PF,-0.5543856620788574
A2-3 − A2-4,全集 vs 仅K/P,ood(0C),7,06-01-17_10.36 0degC_NN_Pan18650PF,-0.4112076759338379
A2-3 − A2-4,全集 vs 仅K/P,ood(0C),13,06-01-17_10.36 0degC_NN_Pan18650PF,0.49996328353881836
A2-3 − A2-4,全集 vs 仅K/P,ood(0C),42,06-01-17_10.36 0degC_NN_Pan18650PF,0.02673816680908203
A2-3 − A2-4,全集 vs 仅K/P,ood(0C),101,06-01-17_10.36 0degC_NN_Pan18650PF,-0.1946735382080078
A2-3 − A2-4,全集 vs 仅K/P,ood(0C),202,06-01-17_10.36 0degC_NN_Pan18650PF,-0.4658536911010742
A2-3 − A2-4,全集 vs 仅K/P,ood(0C),303,06-01-17_10.36 0degC_NN_Pan18650PF,0.34084606170654386
A2-3 − A2-4,全集 vs 仅K/P,ood(0C),404,06-01-17_10.36 0degC_NN_Pan18650PF,-0.13953828811645508
A2-3 − A2-4,全集 vs 仅K/P,ood(0C),505,06-01-17_10.36 0degC_NN_Pan18650PF,-0.15393400192260742
A2-3 − A2-4,全集 vs 仅K/P,ood(0C),606,06-01-17_10.36 0degC_NN_Pan18650PF,-0.24961233139038086
A2-3 − A2-4,全集 vs 仅K/P,ood(0C),707,06-01-17_10.36 0degC_NN_Pan18650PF,-0.601102352142334
A2-3 − A2-4,全集 vs 仅K/P,ood(0C),7,06-01-17_15.36 0degC_Cycle_3_Pan18650PF,-0.6083278656005859
A2-3 − A2-4,全集 vs 仅K/P,ood(0C),13,06-01-17_15.36 0degC_Cycle_3_Pan18650PF,0.6579790115356463
A2-3 − A2-4,全集 vs 仅K/P,ood(0C),42,06-01-17_15.36 0degC_Cycle_3_Pan18650PF,-0.11453914642333984
A2-3 − A2-4,全集 vs 仅K/P,ood(0C),101,06-01-17_15.36 0degC_Cycle_3_Pan18650PF,-0.03192329406738459
A2-3 − A2-4,全集 vs 仅K/P,ood(0C),202,06-01-17_15.36 0degC_Cycle_3_Pan18650PF,-0.5352411270141602
A2-3 − A2-4,全集 vs 仅K/P,ood(0C),303,06-01-17_15.36 0degC_Cycle_3_Pan18650PF,0.5985965728759783
A2-3 − A2-4,全集 vs 仅K/P,ood(0C),404,06-01-17_15.36 0degC_Cycle_3_Pan18650PF,0.1201925277709961
A2-3 − A2-4,全集 vs 仅K/P,ood(0C),505,06-01-17_15.36 0degC_Cycle_3_Pan18650PF,0.19207000732421875
A2-3 − A2-4,全集 vs 仅K/P,ood(0C),606,06-01-17_15.36 0degC_Cycle_3_Pan18650PF,-0.3494253158569336
A2-3 − A2-4,全集 vs 仅K/P,ood(0C),707,06-01-17_15.36 0degC_Cycle_3_Pan18650PF,-0.5738649368286133
A2-3 − A2-4,全集 vs 仅K/P,ood(0C),7,06-01-17_22.03 0degC_Cycle_4_Pan18650PF,-0.531590461730957
A2-3 − A2-4,全集 vs 仅K/P,ood(0C),13,06-01-17_22.03 0degC_Cycle_4_Pan18650PF,0.7075018882751465
A2-3 − A2-4,全集 vs 仅K/P,ood(0C),42,06-01-17_22.03 0degC_Cycle_4_Pan18650PF,-0.1639728546142578
A2-3 − A2-4,全集 vs 仅K/P,ood(0C),101,06-01-17_22.03 0degC_Cycle_4_Pan18650PF,-0.30746936798095703
A2-3 − A2-4,全集 vs 仅K/P,ood(0C),202,06-01-17_22.03 0degC_Cycle_4_Pan18650PF,-0.6376800537109375
A2-3 − A2-4,全集 vs 仅K/P,ood(0C),303,06-01-17_22.03 0degC_Cycle_4_Pan18650PF,0.6098160743713379
A2-3 − A2-4,全集 vs 仅K/P,ood(0C),404,06-01-17_22.03 0degC_Cycle_4_Pan18650PF,-0.07483577728271484
A2-3 − A2-4,全集 vs 仅K/P,ood(0C),505,06-01-17_22.03 0degC_Cycle_4_Pan18650PF,-0.23935747146606445
A2-3 − A2-4,全集 vs 仅K/P,ood(0C),606,06-01-17_22.03 0degC_Cycle_4_Pan18650PF,-0.17010974884033203
A2-3 − A2-4,全集 vs 仅K/P,ood(0C),707,06-01-17_22.03 0degC_Cycle_4_Pan18650PF,-0.891575813293457
A2-3 − A2-4,全集 vs 仅K/P,ood(0C),7,06-02-17_04.58 0degC_US06_Pan18650PF,-0.2843017578125
A2-3 − A2-4,全集 vs 仅K/P,ood(0C),13,06-02-17_04.58 0degC_US06_Pan18650PF,0.9386091232299805
A2-3 − A2-4,全集 vs 仅K/P,ood(0C),42,06-02-17_04.58 0degC_US06_Pan18650PF,-0.06317234039306818
A2-3 − A2-4,全集 vs 仅K/P,ood(0C),101,06-02-17_04.58 0degC_US06_Pan18650PF,0.006537437438964844
A2-3 − A2-4,全集 vs 仅K/P,ood(0C),202,06-02-17_04.58 0degC_US06_Pan18650PF,-0.7958917617797852
A2-3 − A2-4,全集 vs 仅K/P,ood(0C),303,06-02-17_04.58 0degC_US06_Pan18650PF,0.5258178710937464
A2-3 − A2-4,全集 vs 仅K/P,ood(0C),404,06-02-17_04.58 0degC_US06_Pan18650PF,-0.2543315887451172
A2-3 − A2-4,全集 vs 仅K/P,ood(0C),505,06-02-17_04.58 0degC_US06_Pan18650PF,0.02852630615234375
A2-3 − A2-4,全集 vs 仅K/P,ood(0C),606,06-02-17_04.58 0degC_US06_Pan18650PF,-0.057600021362306464
A2-3 − A2-4,全集 vs 仅K/P,ood(0C),707,06-02-17_04.58 0degC_US06_Pan18650PF,-0.37004661560058416
A2-3 − A2-4,全集 vs 仅K/P,ood(0C),7,06-02-17_10.43 0degC_HWFET_Pan18650PF,-0.43943214416503906
A2-3 − A2-4,全集 vs 仅K/P,ood(0C),13,06-02-17_10.43 0degC_HWFET_Pan18650PF,0.33925724029541016
A2-3 − A2-4,全集 vs 仅K/P,ood(0C),42,06-02-17_10.43 0degC_HWFET_Pan18650PF,-0.2986640930175781
A2-3 − A2-4,全集 vs 仅K/P,ood(0C),101,06-02-17_10.43 0degC_HWFET_Pan18650PF,-0.13539123535156428
A2-3 − A2-4,全集 vs 仅K/P,ood(0C),202,06-02-17_10.43 0degC_HWFET_Pan18650PF,-0.7754173278808576
A2-3 − A2-4,全集 vs 仅K/P,ood(0C),303,06-02-17_10.43 0degC_HWFET_Pan18650PF,0.8957901000976562
A2-3 − A2-4,全集 vs 仅K/P,ood(0C),404,06-02-17_10.43 0degC_HWFET_Pan18650PF,0.32330036163330256
A2-3 − A2-4,全集 vs 仅K/P,ood(0C),505,06-02-17_10.43 0degC_HWFET_Pan18650PF,-0.2528839111328107
A2-3 − A2-4,全集 vs 仅K/P,ood(0C),606,06-02-17_10.43 0degC_HWFET_Pan18650PF,-0.14819908142089844
A2-3 − A2-4,全集 vs 仅K/P,ood(0C),707,06-02-17_10.43 0degC_HWFET_Pan18650PF,-0.966590881347658
A2-3 − A2-4,全集 vs 仅K/P,ood(0C),7,06-02-17_17.14 0degC_UDDS_Pan18650PF,-0.7164273262023926
A2-3 − A2-4,全集 vs 仅K/P,ood(0C),13,06-02-17_17.14 0degC_UDDS_Pan18650PF,0.6412358283996582
A2-3 − A2-4,全集 vs 仅K/P,ood(0C),42,06-02-17_17.14 0degC_UDDS_Pan18650PF,-0.15073585510253906
A2-3 − A2-4,全集 vs 仅K/P,ood(0C),101,06-02-17_17.14 0degC_UDDS_Pan18650PF,-0.22667312622070312
A2-3 − A2-4,全集 vs 仅K/P,ood(0C),202,06-02-17_17.14 0degC_UDDS_Pan18650PF,-0.4969935417175293
A2-3 − A2-4,全集 vs 仅K/P,ood(0C),303,06-02-17_17.14 0degC_UDDS_Pan18650PF,0.6325912475585938
A2-3 − A2-4,全集 vs 仅K/P,ood(0C),404,06-02-17_17.14 0degC_UDDS_Pan18650PF,0.053684234619140625
A2-3 − A2-4,全集 vs 仅K/P,ood(0C),505,06-02-17_17.14 0degC_UDDS_Pan18650PF,-0.012394905090332031
A2-3 − A2-4,全集 vs 仅K/P,ood(0C),606,06-02-17_17.14 0degC_UDDS_Pan18650PF,-0.2943601608276367
A2-3 − A2-4,全集 vs 仅K/P,ood(0C),707,06-02-17_17.14 0degC_UDDS_Pan18650PF,-0.8831291198730469
A2-3 − A2-4,全集 vs 仅K/P,ood(-10C),7,06-07-17_08.39 n10degC_HWFET_Pan18650PF,-0.5307779312133789
A2-3 − A2-4,全集 vs 仅K/P,ood(-10C),13,06-07-17_08.39 n10degC_HWFET_Pan18650PF,0.48845863342285156
A2-3 − A2-4,全集 vs 仅K/P,ood(-10C),42,06-07-17_08.39 n10degC_HWFET_Pan18650PF,-0.048682212829588956
A2-3 − A2-4,全集 vs 仅K/P,ood(-10C),101,06-07-17_08.39 n10degC_HWFET_Pan18650PF,-0.17258739471435547
A2-3 − A2-4,全集 vs 仅K/P,ood(-10C),202,06-07-17_08.39 n10degC_HWFET_Pan18650PF,-0.5968918800354004
A2-3 − A2-4,全集 vs 仅K/P,ood(-10C),303,06-07-17_08.39 n10degC_HWFET_Pan18650PF,0.6877236366271973
A2-3 − A2-4,全集 vs 仅K/P,ood(-10C),404,06-07-17_08.39 n10degC_HWFET_Pan18650PF,-0.10654783248901367
A2-3 − A2-4,全集 vs 仅K/P,ood(-10C),505,06-07-17_08.39 n10degC_HWFET_Pan18650PF,-0.34424448013305664
A2-3 − A2-4,全集 vs 仅K/P,ood(-10C),606,06-07-17_08.39 n10degC_HWFET_Pan18650PF,-0.379772186279296
A2-3 − A2-4,全集 vs 仅K/P,ood(-10C),707,06-07-17_08.39 n10degC_HWFET_Pan18650PF,-0.7780365943908691
A2-3 − A2-4,全集 vs 仅K/P,ood(-10C),7,06-07-17_08.39 n10degC_LA92_Pan18650PF,-0.5865240097045898
A2-3 − A2-4,全集 vs 仅K/P,ood(-10C),13,06-07-17_08.39 n10degC_LA92_Pan18650PF,0.6747784614562988
A2-3 − A2-4,全集 vs 仅K/P,ood(-10C),42,06-07-17_08.39 n10degC_LA92_Pan18650PF,0.024575233459472656
A2-3 − A2-4,全集 vs 仅K/P,ood(-10C),101,06-07-17_08.39 n10degC_LA92_Pan18650PF,-0.20560455322265625
A2-3 − A2-4,全集 vs 仅K/P,ood(-10C),202,06-07-17_08.39 n10degC_LA92_Pan18650PF,-0.45748281478881836
A2-3 − A2-4,全集 vs 仅K/P,ood(-10C),303,06-07-17_08.39 n10degC_LA92_Pan18650PF,0.49030303955078125
A2-3 − A2-4,全集 vs 仅K/P,ood(-10C),404,06-07-17_08.39 n10degC_LA92_Pan18650PF,-0.11365365982055664
A2-3 − A2-4,全集 vs 仅K/P,ood(-10C),505,06-07-17_08.39 n10degC_LA92_Pan18650PF,-0.1654977798461914
A2-3 − A2-4,全集 vs 仅K/P,ood(-10C),606,06-07-17_08.39 n10degC_LA92_Pan18650PF,-0.3495330810546875
A2-3 − A2-4,全集 vs 仅K/P,ood(-10C),707,06-07-17_08.39 n10degC_LA92_Pan18650PF,-0.5135006904602051
A2-3 − A2-4,全集 vs 仅K/P,ood(-10C),7,06-07-17_08.39 n10degC_UDDS_Pan18650PF,-0.7425117492675781
A2-3 − A2-4,全集 vs 仅K/P,ood(-10C),13,06-07-17_08.39 n10degC_UDDS_Pan18650PF,0.6501188278198224
A2-3 − A2-4,全集 vs 仅K/P,ood(-10C),42,06-07-17_08.39 n10degC_UDDS_Pan18650PF,-0.031844139099121094
A2-3 − A2-4,全集 vs 仅K/P,ood(-10C),101,06-07-17_08.39 n10degC_UDDS_Pan18650PF,-0.23237991333007812
A2-3 − A2-4,全集 vs 仅K/P,ood(-10C),202,06-07-17_08.39 n10degC_UDDS_Pan18650PF,-0.4170265197753906
A2-3 − A2-4,全集 vs 仅K/P,ood(-10C),303,06-07-17_08.39 n10degC_UDDS_Pan18650PF,0.6032514572143555
A2-3 − A2-4,全集 vs 仅K/P,ood(-10C),404,06-07-17_08.39 n10degC_UDDS_Pan18650PF,0.013319015502929688
A2-3 − A2-4,全集 vs 仅K/P,ood(-10C),505,06-07-17_08.39 n10degC_UDDS_Pan18650PF,-0.024605751037597656
A2-3 − A2-4,全集 vs 仅K/P,ood(-10C),606,06-07-17_08.39 n10degC_UDDS_Pan18650PF,-0.396182060241701
A2-3 − A2-4,全集 vs 仅K/P,ood(-10C),707,06-07-17_08.39 n10degC_UDDS_Pan18650PF,-0.6378240585327148
A2-3 − A2-4,全集 vs 仅K/P,ood(-10C),7,06-07-17_08.39 n10degC_US06_Pan18650PF,-0.4467592239379883
A2-3 − A2-4,全集 vs 仅K/P,ood(-10C),13,06-07-17_08.39 n10degC_US06_Pan18650PF,0.617939710617065
A2-3 − A2-4,全集 vs 仅K/P,ood(-10C),42,06-07-17_08.39 n10degC_US06_Pan18650PF,0.22015142440795898
A2-3 − A2-4,全集 vs 仅K/P,ood(-10C),101,06-07-17_08.39 n10degC_US06_Pan18650PF,-0.17389392852783203
A2-3 − A2-4,全集 vs 仅K/P,ood(-10C),202,06-07-17_08.39 n10degC_US06_Pan18650PF,-0.49845552444457963
A2-3 − A2-4,全集 vs 仅K/P,ood(-10C),303,06-07-17_08.39 n10degC_US06_Pan18650PF,0.14409160614013672
A2-3 − A2-4,全集 vs 仅K/P,ood(-10C),404,06-07-17_08.39 n10degC_US06_Pan18650PF,-0.315213680267334
A2-3 − A2-4,全集 vs 仅K/P,ood(-10C),505,06-07-17_08.39 n10degC_US06_Pan18650PF,-0.32550907135009766
A2-3 − A2-4,全集 vs 仅K/P,ood(-10C),606,06-07-17_08.39 n10degC_US06_Pan18650PF,-0.3694882392883301
A2-3 − A2-4,全集 vs 仅K/P,ood(-10C),707,06-07-17_08.39 n10degC_US06_Pan18650PF,-0.34404516220092773
A2-3 − A2-4,全集 vs 仅K/P,ood(-10C),7,06-10-17_11.25 n10degC_Cycle_1_Pan18650PF,-0.7038345336914062
A2-3 − A2-4,全集 vs 仅K/P,ood(-10C),13,06-10-17_11.25 n10degC_Cycle_1_Pan18650PF,0.8039360046386719
A2-3 − A2-4,全集 vs 仅K/P,ood(-10C),42,06-10-17_11.25 n10degC_Cycle_1_Pan18650PF,-0.07180500030517578
A2-3 − A2-4,全集 vs 仅K/P,ood(-10C),101,06-10-17_11.25 n10degC_Cycle_1_Pan18650PF,-0.22798252105712713
A2-3 − A2-4,全集 vs 仅K/P,ood(-10C),202,06-10-17_11.25 n10degC_Cycle_1_Pan18650PF,-0.7866268157958984
A2-3 − A2-4,全集 vs 仅K/P,ood(-10C),303,06-10-17_11.25 n10degC_Cycle_1_Pan18650PF,0.8313274383544922
A2-3 − A2-4,全集 vs 仅K/P,ood(-10C),404,06-10-17_11.25 n10degC_Cycle_1_Pan18650PF,0.07934761047363104
A2-3 − A2-4,全集 vs 仅K/P,ood(-10C),505,06-10-17_11.25 n10degC_Cycle_1_Pan18650PF,-0.2551393508911133
A2-3 − A2-4,全集 vs 仅K/P,ood(-10C),606,06-10-17_11.25 n10degC_Cycle_1_Pan18650PF,-0.4254045486450213
A2-3 − A2-4,全集 vs 仅K/P,ood(-10C),707,06-10-17_11.25 n10degC_Cycle_1_Pan18650PF,-0.8436279296875
A2-3 − A2-4,全集 vs 仅K/P,ood(-10C),7,06-10-17_18.35 n10degC_Cycle_2_Pan18650PF,-0.6382789611816406
A2-3 − A2-4,全集 vs 仅K/P,ood(-10C),13,06-10-17_18.35 n10degC_Cycle_2_Pan18650PF,0.9380245208740234
A2-3 − A2-4,全集 vs 仅K/P,ood(-10C),42,06-10-17_18.35 n10degC_Cycle_2_Pan18650PF,-0.11624336242675781
A2-3 − A2-4,全集 vs 仅K/P,ood(-10C),101,06-10-17_18.35 n10degC_Cycle_2_Pan18650PF,-0.1390361785888672
A2-3 − A2-4,全集 vs 仅K/P,ood(-10C),202,06-10-17_18.35 n10degC_Cycle_2_Pan18650PF,-0.5921154022216797
A2-3 − A2-4,全集 vs 仅K/P,ood(-10C),303,06-10-17_18.35 n10degC_Cycle_2_Pan18650PF,1.0820579528808594
A2-3 − A2-4,全集 vs 仅K/P,ood(-10C),404,06-10-17_18.35 n10degC_Cycle_2_Pan18650PF,0.1573047637939453
A2-3 − A2-4,全集 vs 仅K/P,ood(-10C),505,06-10-17_18.35 n10degC_Cycle_2_Pan18650PF,-0.042388916015625
A2-3 − A2-4,全集 vs 仅K/P,ood(-10C),606,06-10-17_18.35 n10degC_Cycle_2_Pan18650PF,-0.3093242645263672
A2-3 − A2-4,全集 vs 仅K/P,ood(-10C),707,06-10-17_18.35 n10degC_Cycle_2_Pan18650PF,-0.6859836578369141
A2-3 − A2-4,全集 vs 仅K/P,ood(-10C),7,06-11-17_01.39 n10degC_Cycle_3_Pan18650PF,-0.7232780456542969
A2-3 − A2-4,全集 vs 仅K/P,ood(-10C),13,06-11-17_01.39 n10degC_Cycle_3_Pan18650PF,0.9699077606201207
A2-3 − A2-4,全集 vs 仅K/P,ood(-10C),42,06-11-17_01.39 n10degC_Cycle_3_Pan18650PF,-0.04769134521484375
A2-3 − A2-4,全集 vs 仅K/P,ood(-10C),101,06-11-17_01.39 n10degC_Cycle_3_Pan18650PF,-0.11985206604003906
A2-3 − A2-4,全集 vs 仅K/P,ood(-10C),202,06-11-17_01.39 n10degC_Cycle_3_Pan18650PF,-0.6445198059082031
A2-3 − A2-4,全集 vs 仅K/P,ood(-10C),303,06-11-17_01.39 n10degC_Cycle_3_Pan18650PF,1.019674301147461
A2-3 − A2-4,全集 vs 仅K/P,ood(-10C),404,06-11-17_01.39 n10degC_Cycle_3_Pan18650PF,0.16489410400390625
A2-3 − A2-4,全集 vs 仅K/P,ood(-10C),505,06-11-17_01.39 n10degC_Cycle_3_Pan18650PF,0.056171417236328125
A2-3 − A2-4,全集 vs 仅K/P,ood(-10C),606,06-11-17_01.39 n10degC_Cycle_3_Pan18650PF,-0.3570747375488281
A2-3 − A2-4,全集 vs 仅K/P,ood(-10C),707,06-11-17_01.39 n10degC_Cycle_3_Pan18650PF,-0.6411552429199219
A2-3 − A2-4,全集 vs 仅K/P,ood(-10C),7,06-11-17_08.42 n10degC_Cycle_4_Pan18650PF,-0.5573616027832031
A2-3 − A2-4,全集 vs 仅K/P,ood(-10C),13,06-11-17_08.42 n10degC_Cycle_4_Pan18650PF,0.9454450607299822
A2-3 − A2-4,全集 vs 仅K/P,ood(-10C),42,06-11-17_08.42 n10degC_Cycle_4_Pan18650PF,-0.08723735809326172
A2-3 − A2-4,全集 vs 仅K/P,ood(-10C),101,06-11-17_08.42 n10degC_Cycle_4_Pan18650PF,-0.21763324737548828
A2-3 − A2-4,全集 vs 仅K/P,ood(-10C),202,06-11-17_08.42 n10degC_Cycle_4_Pan18650PF,-0.576629638671875
A2-3 − A2-4,全集 vs 仅K/P,ood(-10C),303,06-11-17_08.42 n10degC_Cycle_4_Pan18650PF,0.8120918273925763
A2-3 − A2-4,全集 vs 仅K/P,ood(-10C),404,06-11-17_08.42 n10degC_Cycle_4_Pan18650PF,-0.10838031768798828
A2-3 − A2-4,全集 vs 仅K/P,ood(-10C),505,06-11-17_08.42 n10degC_Cycle_4_Pan18650PF,-0.11598396301269354
A2-3 − A2-4,全集 vs 仅K/P,ood(-10C),606,06-11-17_08.42 n10degC_Cycle_4_Pan18650PF,-0.2765340805053711
A2-3 − A2-4,全集 vs 仅K/P,ood(-10C),707,06-11-17_08.42 n10degC_Cycle_4_Pan18650PF,-0.5964736938476562
A2-3 − A2-4,全集 vs 仅K/P,ood(-10C),7,06-14-17_13.12 n10degC_NN_Pan18650PF,-0.591461181640625
A2-3 − A2-4,全集 vs 仅K/P,ood(-10C),13,06-14-17_13.12 n10degC_NN_Pan18650PF,0.9107532501220703
A2-3 − A2-4,全集 vs 仅K/P,ood(-10C),42,06-14-17_13.12 n10degC_NN_Pan18650PF,-0.09308433532714844
A2-3 − A2-4,全集 vs 仅K/P,ood(-10C),101,06-14-17_13.12 n10degC_NN_Pan18650PF,-0.22153091430664062
A2-3 − A2-4,全集 vs 仅K/P,ood(-10C),202,06-14-17_13.12 n10degC_NN_Pan18650PF,-0.7129697799682617
A2-3 − A2-4,全集 vs 仅K/P,ood(-10C),303,06-14-17_13.12 n10degC_NN_Pan18650PF,0.8457269668579102
A2-3 − A2-4,全集 vs 仅K/P,ood(-10C),404,06-14-17_13.12 n10degC_NN_Pan18650PF,0.090240478515625
A2-3 − A2-4,全集 vs 仅K/P,ood(-10C),505,06-14-17_13.12 n10degC_NN_Pan18650PF,-0.13269805908203125
A2-3 − A2-4,全集 vs 仅K/P,ood(-10C),606,06-14-17_13.12 n10degC_NN_Pan18650PF,-0.3284645080566406
A2-3 − A2-4,全集 vs 仅K/P,ood(-10C),707,06-14-17_13.12 n10degC_NN_Pan18650PF,-0.6751308441162109
A2-3 − A2-4,全集 vs 仅K/P,ood(-20C),7,06-23-17_23.35 n20degC_HWFET_Pan18650PF,-0.9871153831481934
A2-3 − A2-4,全集 vs 仅K/P,ood(-20C),13,06-23-17_23.35 n20degC_HWFET_Pan18650PF,0.6433439254760742
A2-3 − A2-4,全集 vs 仅K/P,ood(-20C),42,06-23-17_23.35 n20degC_HWFET_Pan18650PF,0.1546473503112793
A2-3 − A2-4,全集 vs 仅K/P,ood(-20C),101,06-23-17_23.35 n20degC_HWFET_Pan18650PF,-0.27256107330322266
A2-3 − A2-4,全集 vs 仅K/P,ood(-20C),202,06-23-17_23.35 n20degC_HWFET_Pan18650PF,-0.5223422050476074
A2-3 − A2-4,全集 vs 仅K/P,ood(-20C),303,06-23-17_23.35 n20degC_HWFET_Pan18650PF,0.46622681617736816
A2-3 − A2-4,全集 vs 仅K/P,ood(-20C),404,06-23-17_23.35 n20degC_HWFET_Pan18650PF,-0.4300389289855957
A2-3 − A2-4,全集 vs 仅K/P,ood(-20C),505,06-23-17_23.35 n20degC_HWFET_Pan18650PF,-0.4581565856933594
A2-3 − A2-4,全集 vs 仅K/P,ood(-20C),606,06-23-17_23.35 n20degC_HWFET_Pan18650PF,-0.7764792442321777
A2-3 − A2-4,全集 vs 仅K/P,ood(-20C),707,06-23-17_23.35 n20degC_HWFET_Pan18650PF,-0.7154436111450195
A2-3 − A2-4,全集 vs 仅K/P,ood(-20C),7,06-23-17_23.35 n20degC_LA92_Pan18650PF,-0.9337735176086426
A2-3 − A2-4,全集 vs 仅K/P,ood(-20C),13,06-23-17_23.35 n20degC_LA92_Pan18650PF,0.7549338340759286
A2-3 − A2-4,全集 vs 仅K/P,ood(-20C),42,06-23-17_23.35 n20degC_LA92_Pan18650PF,0.17107629776000977
A2-3 − A2-4,全集 vs 仅K/P,ood(-20C),101,06-23-17_23.35 n20degC_LA92_Pan18650PF,-0.27335596084594727
A2-3 − A2-4,全集 vs 仅K/P,ood(-20C),202,06-23-17_23.35 n20degC_LA92_Pan18650PF,-0.44403839111328125
A2-3 − A2-4,全集 vs 仅K/P,ood(-20C),303,06-23-17_23.35 n20degC_LA92_Pan18650PF,0.33510303497314453
A2-3 − A2-4,全集 vs 仅K/P,ood(-20C),404,06-23-17_23.35 n20degC_LA92_Pan18650PF,-0.3253040313720703
A2-3 − A2-4,全集 vs 仅K/P,ood(-20C),505,06-23-17_23.35 n20degC_LA92_Pan18650PF,-0.2851986885070801
A2-3 − A2-4,全集 vs 仅K/P,ood(-20C),606,06-23-17_23.35 n20degC_LA92_Pan18650PF,-0.6362690925598145
A2-3 − A2-4,全集 vs 仅K/P,ood(-20C),707,06-23-17_23.35 n20degC_LA92_Pan18650PF,-0.4323592185974121
A2-3 − A2-4,全集 vs 仅K/P,ood(-20C),7,06-23-17_23.35 n20degC_NN_Pan18650PF,-0.9079492092132568
A2-3 − A2-4,全集 vs 仅K/P,ood(-20C),13,06-23-17_23.35 n20degC_NN_Pan18650PF,0.6427650451660156
A2-3 − A2-4,全集 vs 仅K/P,ood(-20C),42,06-23-17_23.35 n20degC_NN_Pan18650PF,0.17965984344482422
A2-3 − A2-4,全集 vs 仅K/P,ood(-20C),101,06-23-17_23.35 n20degC_NN_Pan18650PF,-0.28684282302856445
A2-3 − A2-4,全集 vs 仅K/P,ood(-20C),202,06-23-17_23.35 n20degC_NN_Pan18650PF,-0.3709540367126465
A2-3 − A2-4,全集 vs 仅K/P,ood(-20C),303,06-23-17_23.35 n20degC_NN_Pan18650PF,0.3360285758972168
A2-3 − A2-4,全集 vs 仅K/P,ood(-20C),404,06-23-17_23.35 n20degC_NN_Pan18650PF,-0.3200817108154297
A2-3 − A2-4,全集 vs 仅K/P,ood(-20C),505,06-23-17_23.35 n20degC_NN_Pan18650PF,-0.262093067169189
A2-3 − A2-4,全集 vs 仅K/P,ood(-20C),606,06-23-17_23.35 n20degC_NN_Pan18650PF,-0.6717123985290523
A2-3 − A2-4,全集 vs 仅K/P,ood(-20C),707,06-23-17_23.35 n20degC_NN_Pan18650PF,-0.5573229789733887
A2-3 − A2-4,全集 vs 仅K/P,ood(-20C),7,06-23-17_23.35 n20degC_UDDS_Pan18650PF,-1.0063238143920898
A2-3 − A2-4,全集 vs 仅K/P,ood(-20C),13,06-23-17_23.35 n20degC_UDDS_Pan18650PF,0.772763252258299
A2-3 − A2-4,全集 vs 仅K/P,ood(-20C),42,06-23-17_23.35 n20degC_UDDS_Pan18650PF,0.11557674407958984
A2-3 − A2-4,全集 vs 仅K/P,ood(-20C),101,06-23-17_23.35 n20degC_UDDS_Pan18650PF,-0.23624897003174006
A2-3 − A2-4,全集 vs 仅K/P,ood(-20C),202,06-23-17_23.35 n20degC_UDDS_Pan18650PF,-0.4682493209838867
A2-3 − A2-4,全集 vs 仅K/P,ood(-20C),303,06-23-17_23.35 n20degC_UDDS_Pan18650PF,0.42020511627197266
A2-3 − A2-4,全集 vs 仅K/P,ood(-20C),404,06-23-17_23.35 n20degC_UDDS_Pan18650PF,-0.14496612548827947
A2-3 − A2-4,全集 vs 仅K/P,ood(-20C),505,06-23-17_23.35 n20degC_UDDS_Pan18650PF,-0.18344688415527166
A2-3 − A2-4,全集 vs 仅K/P,ood(-20C),606,06-23-17_23.35 n20degC_UDDS_Pan18650PF,-0.6396074295043945
A2-3 − A2-4,全集 vs 仅K/P,ood(-20C),707,06-23-17_23.35 n20degC_UDDS_Pan18650PF,-0.42221832275390625
A2-3 − A2-4,全集 vs 仅K/P,ood(-20C),7,06-24-17_04.29 n20degC_Cycle_1_Pan18650PF,-0.9369277954101562
A2-3 − A2-4,全集 vs 仅K/P,ood(-20C),13,06-24-17_04.29 n20degC_Cycle_1_Pan18650PF,1.0024890899658239
A2-3 − A2-4,全集 vs 仅K/P,ood(-20C),42,06-24-17_04.29 n20degC_Cycle_1_Pan18650PF,0.0008983612060511348
A2-3 − A2-4,全集 vs 仅K/P,ood(-20C),101,06-24-17_04.29 n20degC_Cycle_1_Pan18650PF,-0.25888824462890625
A2-3 − A2-4,全集 vs 仅K/P,ood(-20C),202,06-24-17_04.29 n20degC_Cycle_1_Pan18650PF,-0.8983020782470739
A2-3 − A2-4,全集 vs 仅K/P,ood(-20C),303,06-24-17_04.29 n20degC_Cycle_1_Pan18650PF,0.837661743164066
A2-3 − A2-4,全集 vs 仅K/P,ood(-20C),404,06-24-17_04.29 n20degC_Cycle_1_Pan18650PF,-0.08346176147460938
A2-3 − A2-4,全集 vs 仅K/P,ood(-20C),505,06-24-17_04.29 n20degC_Cycle_1_Pan18650PF,-0.3508338928222656
A2-3 − A2-4,全集 vs 仅K/P,ood(-20C),606,06-24-17_04.29 n20degC_Cycle_1_Pan18650PF,-0.5419330596923828
A2-3 − A2-4,全集 vs 仅K/P,ood(-20C),707,06-24-17_04.29 n20degC_Cycle_1_Pan18650PF,-0.5844707489013636
A2-3 − A2-4,全集 vs 仅K/P,ood(-20C),7,06-24-17_11.58 n20degC_Cycle_2_Pan18650PF,-0.8041038513183558
A2-3 − A2-4,全集 vs 仅K/P,ood(-20C),13,06-24-17_11.58 n20degC_Cycle_2_Pan18650PF,0.9759769439697301
A2-3 − A2-4,全集 vs 仅K/P,ood(-20C),42,06-24-17_11.58 n20degC_Cycle_2_Pan18650PF,-0.15969467163086293
A2-3 − A2-4,全集 vs 仅K/P,ood(-20C),101,06-24-17_11.58 n20degC_Cycle_2_Pan18650PF,-0.21215248107910156
A2-3 − A2-4,全集 vs 仅K/P,ood(-20C),202,06-24-17_11.58 n20degC_Cycle_2_Pan18650PF,-0.9052085876464879
A2-3 − A2-4,全集 vs 仅K/P,ood(-20C),303,06-24-17_11.58 n20degC_Cycle_2_Pan18650PF,1.1496734619140625
A2-3 − A2-4,全集 vs 仅K/P,ood(-20C),404,06-24-17_11.58 n20degC_Cycle_2_Pan18650PF,-0.2444133758544922
A2-3 − A2-4,全集 vs 仅K/P,ood(-20C),505,06-24-17_11.58 n20degC_Cycle_2_Pan18650PF,-0.22174453735351562
A2-3 − A2-4,全集 vs 仅K/P,ood(-20C),606,06-24-17_11.58 n20degC_Cycle_2_Pan18650PF,-0.3083457946777344
A2-3 − A2-4,全集 vs 仅K/P,ood(-20C),707,06-24-17_11.58 n20degC_Cycle_2_Pan18650PF,-0.6030750274658239
A2-3 − A2-4,全集 vs 仅K/P,ood(-20C),7,06-24-17_19.29 n20degC_Cycle_3_Pan18650PF,-0.8278636932373118
A2-3 − A2-4,全集 vs 仅K/P,ood(-20C),13,06-24-17_19.29 n20degC_Cycle_3_Pan18650PF,1.1369438171386754
A2-3 − A2-4,全集 vs 仅K/P,ood(-20C),42,06-24-17_19.29 n20degC_Cycle_3_Pan18650PF,-0.1520252227783203
A2-3 − A2-4,全集 vs 仅K/P,ood(-20C),101,06-24-17_19.29 n20degC_Cycle_3_Pan18650PF,-0.14337539672851562
A2-3 − A2-4,全集 vs 仅K/P,ood(-20C),202,06-24-17_19.29 n20degC_Cycle_3_Pan18650PF,-0.8377952575683558
A2-3 − A2-4,全集 vs 仅K/P,ood(-20C),303,06-24-17_19.29 n20degC_Cycle_3_Pan18650PF,1.141397476196282
A2-3 − A2-4,全集 vs 仅K/P,ood(-20C),404,06-24-17_19.29 n20degC_Cycle_3_Pan18650PF,-0.25365257263183594
A2-3 − A2-4,全集 vs 仅K/P,ood(-20C),505,06-24-17_19.29 n20degC_Cycle_3_Pan18650PF,-0.1776103973388672
A2-3 − A2-4,全集 vs 仅K/P,ood(-20C),606,06-24-17_19.29 n20degC_Cycle_3_Pan18650PF,-0.5022449493408097
A2-3 − A2-4,全集 vs 仅K/P,ood(-20C),707,06-24-17_19.29 n20degC_Cycle_3_Pan18650PF,-0.4058837890625
A2-3 − A2-4,全集 vs 仅K/P,ood(-20C),7,06-25-17_03.01 n20degC_Cycle_4_Pan18650PF,-0.893829345703125
A2-3 − A2-4,全集 vs 仅K/P,ood(-20C),13,06-25-17_03.01 n20degC_Cycle_4_Pan18650PF,0.9931297302246165
A2-3 − A2-4,全集 vs 仅K/P,ood(-20C),42,06-25-17_03.01 n20degC_Cycle_4_Pan18650PF,-0.10345840454101918
A2-3 − A2-4,全集 vs 仅K/P,ood(-20C),101,06-25-17_03.01 n20degC_Cycle_4_Pan18650PF,-0.287067413330071
A2-3 − A2-4,全集 vs 仅K/P,ood(-20C),202,06-25-17_03.01 n20degC_Cycle_4_Pan18650PF,-0.8917465209960938
A2-3 − A2-4,全集 vs 仅K/P,ood(-20C),303,06-25-17_03.01 n20degC_Cycle_4_Pan18650PF,0.7893428802490234
A2-3 − A2-4,全集 vs 仅K/P,ood(-20C),404,06-25-17_03.01 n20degC_Cycle_4_Pan18650PF,-0.18661689758301137
A2-3 − A2-4,全集 vs 仅K/P,ood(-20C),505,06-25-17_03.01 n20degC_Cycle_4_Pan18650PF,-0.39160728454589844
A2-3 − A2-4,全集 vs 仅K/P,ood(-20C),606,06-25-17_03.01 n20degC_Cycle_4_Pan18650PF,-0.5795135498046875
A2-3 − A2-4,全集 vs 仅K/P,ood(-20C),707,06-25-17_03.01 n20degC_Cycle_4_Pan18650PF,-0.6382389068603516
A2-3 − A2-4,全集 vs 仅K/P,ood(-20C),7,06-25-17_10.31 n20degC_US06_Pan18650PF,-0.22993087768555043
A2-3 − A2-4,全集 vs 仅K/P,ood(-20C),13,06-25-17_10.31 n20degC_US06_Pan18650PF,1.4350337982177734
A2-3 − A2-4,全集 vs 仅K/P,ood(-20C),42,06-25-17_10.31 n20degC_US06_Pan18650PF,0.14447021484375
A2-3 − A2-4,全集 vs 仅K/P,ood(-20C),101,06-25-17_10.31 n20degC_US06_Pan18650PF,0.026500701904293322
A2-3 − A2-4,全集 vs 仅K/P,ood(-20C),202,06-25-17_10.31 n20degC_US06_Pan18650PF,-1.011922836303711
A2-3 − A2-4,全集 vs 仅K/P,ood(-20C),303,06-25-17_10.31 n20degC_US06_Pan18650PF,1.109344482421875
A2-3 − A2-4,全集 vs 仅K/P,ood(-20C),404,06-25-17_10.31 n20degC_US06_Pan18650PF,-0.18471336364746094
A2-3 − A2-4,全集 vs 仅K/P,ood(-20C),505,06-25-17_10.31 n20degC_US06_Pan18650PF,-0.2006359100341797
A2-3 − A2-4,全集 vs 仅K/P,ood(-20C),606,06-25-17_10.31 n20degC_US06_Pan18650PF,0.08166122436523438
A2-3 − A2-4,全集 vs 仅K/P,ood(-20C),707,06-25-17_10.31 n20degC_US06_Pan18650PF,-0.26197052001953125
A2-4 − A2-0,不确定性/增益类 vs 无诊断,test_id(25C),7,03-18-17_02.17 25degC_Cycle_1_Pan18650PF,-0.009994208812713623
A2-4 − A2-0,不确定性/增益类 vs 无诊断,test_id(25C),13,03-18-17_02.17 25degC_Cycle_1_Pan18650PF,0.09387832880020142
A2-4 − A2-0,不确定性/增益类 vs 无诊断,test_id(25C),42,03-18-17_02.17 25degC_Cycle_1_Pan18650PF,0.044936299324035645
A2-4 − A2-0,不确定性/增益类 vs 无诊断,test_id(25C),101,03-18-17_02.17 25degC_Cycle_1_Pan18650PF,-0.008447885513305664
A2-4 − A2-0,不确定性/增益类 vs 无诊断,test_id(25C),202,03-18-17_02.17 25degC_Cycle_1_Pan18650PF,-0.004308938980102539
A2-4 − A2-0,不确定性/增益类 vs 无诊断,test_id(25C),303,03-18-17_02.17 25degC_Cycle_1_Pan18650PF,-0.02528822422027588
A2-4 − A2-0,不确定性/增益类 vs 无诊断,test_id(25C),404,03-18-17_02.17 25degC_Cycle_1_Pan18650PF,-0.08310478925704956
A2-4 − A2-0,不确定性/增益类 vs 无诊断,test_id(25C),505,03-18-17_02.17 25degC_Cycle_1_Pan18650PF,-0.008974909782409668
A2-4 − A2-0,不确定性/增益类 vs 无诊断,test_id(25C),606,03-18-17_02.17 25degC_Cycle_1_Pan18650PF,-0.042671382427215576
A2-4 − A2-0,不确定性/增益类 vs 无诊断,test_id(25C),707,03-18-17_02.17 25degC_Cycle_1_Pan18650PF,-0.0483708381652832
A2-4 − A2-0,不确定性/增益类 vs 无诊断,test_id(25C),7,03-19-17_03.25 25degC_Cycle_2_Pan18650PF,0.016005337238311768
A2-4 − A2-0,不确定性/增益类 vs 无诊断,test_id(25C),13,03-19-17_03.25 25degC_Cycle_2_Pan18650PF,0.1673383116722107
A2-4 − A2-0,不确定性/增益类 vs 无诊断,test_id(25C),42,03-19-17_03.25 25degC_Cycle_2_Pan18650PF,-0.02979588508605957
A2-4 − A2-0,不确定性/增益类 vs 无诊断,test_id(25C),101,03-19-17_03.25 25degC_Cycle_2_Pan18650PF,-0.07692992687225342
A2-4 − A2-0,不确定性/增益类 vs 无诊断,test_id(25C),202,03-19-17_03.25 25degC_Cycle_2_Pan18650PF,0.035992562770843506
A2-4 − A2-0,不确定性/增益类 vs 无诊断,test_id(25C),303,03-19-17_03.25 25degC_Cycle_2_Pan18650PF,-0.0033902525901794434
A2-4 − A2-0,不确定性/增益类 vs 无诊断,test_id(25C),404,03-19-17_03.25 25degC_Cycle_2_Pan18650PF,0.03122425079345703
A2-4 − A2-0,不确定性/增益类 vs 无诊断,test_id(25C),505,03-19-17_03.25 25degC_Cycle_2_Pan18650PF,0.0214652419090271
A2-4 − A2-0,不确定性/增益类 vs 无诊断,test_id(25C),606,03-19-17_03.25 25degC_Cycle_2_Pan18650PF,-0.05002337694168091
A2-4 − A2-0,不确定性/增益类 vs 无诊断,test_id(25C),707,03-19-17_03.25 25degC_Cycle_2_Pan18650PF,-0.04559391736984253
A2-4 − A2-0,不确定性/增益类 vs 无诊断,test_id(25C),7,03-19-17_09.07 25degC_Cycle_3_Pan18650PF,0.013750672340393122
A2-4 − A2-0,不确定性/增益类 vs 无诊断,test_id(25C),13,03-19-17_09.07 25degC_Cycle_3_Pan18650PF,0.2141381800174713
A2-4 − A2-0,不确定性/增益类 vs 无诊断,test_id(25C),42,03-19-17_09.07 25degC_Cycle_3_Pan18650PF,0.03182968497276306
A2-4 − A2-0,不确定性/增益类 vs 无诊断,test_id(25C),101,03-19-17_09.07 25degC_Cycle_3_Pan18650PF,-0.05564877390861511
A2-4 − A2-0,不确定性/增益类 vs 无诊断,test_id(25C),202,03-19-17_09.07 25degC_Cycle_3_Pan18650PF,0.006681501865386963
A2-4 − A2-0,不确定性/增益类 vs 无诊断,test_id(25C),303,03-19-17_09.07 25degC_Cycle_3_Pan18650PF,-0.005884259939193726
A2-4 − A2-0,不确定性/增益类 vs 无诊断,test_id(25C),404,03-19-17_09.07 25degC_Cycle_3_Pan18650PF,0.09216466546058655
A2-4 − A2-0,不确定性/增益类 vs 无诊断,test_id(25C),505,03-19-17_09.07 25degC_Cycle_3_Pan18650PF,0.06454575061798101
A2-4 − A2-0,不确定性/增益类 vs 无诊断,test_id(25C),606,03-19-17_09.07 25degC_Cycle_3_Pan18650PF,0.02071595191955572
A2-4 − A2-0,不确定性/增益类 vs 无诊断,test_id(25C),707,03-19-17_09.07 25degC_Cycle_3_Pan18650PF,0.01019933819770813
A2-4 − A2-0,不确定性/增益类 vs 无诊断,test_id(25C),7,03-19-17_14.31 25degC_Cycle_4_Pan18650PF,0.033419132232666016
A2-4 − A2-0,不确定性/增益类 vs 无诊断,test_id(25C),13,03-19-17_14.31 25degC_Cycle_4_Pan18650PF,0.3062834143638611
A2-4 − A2-0,不确定性/增益类 vs 无诊断,test_id(25C),42,03-19-17_14.31 25degC_Cycle_4_Pan18650PF,-0.1509716510772705
A2-4 − A2-0,不确定性/增益类 vs 无诊断,test_id(25C),101,03-19-17_14.31 25degC_Cycle_4_Pan18650PF,-0.15342098474502563
A2-4 − A2-0,不确定性/增益类 vs 无诊断,test_id(25C),202,03-19-17_14.31 25degC_Cycle_4_Pan18650PF,0.23960161209106445
A2-4 − A2-0,不确定性/增益类 vs 无诊断,test_id(25C),303,03-19-17_14.31 25degC_Cycle_4_Pan18650PF,-0.006899893283843994
A2-4 − A2-0,不确定性/增益类 vs 无诊断,test_id(25C),404,03-19-17_14.31 25degC_Cycle_4_Pan18650PF,0.17037606239318848
A2-4 − A2-0,不确定性/增益类 vs 无诊断,test_id(25C),505,03-19-17_14.31 25degC_Cycle_4_Pan18650PF,0.0863686203956604
A2-4 − A2-0,不确定性/增益类 vs 无诊断,test_id(25C),606,03-19-17_14.31 25degC_Cycle_4_Pan18650PF,0.1399974822998047
A2-4 − A2-0,不确定性/增益类 vs 无诊断,test_id(25C),707,03-19-17_14.31 25degC_Cycle_4_Pan18650PF,0.09136921167373657
A2-4 − A2-0,不确定性/增益类 vs 无诊断,ood(10C),7,03-27-17_09.06 10degC_HWFET_Pan18650PF,0.10390830039978027
A2-4 − A2-0,不确定性/增益类 vs 无诊断,ood(10C),13,03-27-17_09.06 10degC_HWFET_Pan18650PF,0.20003986358642578
A2-4 − A2-0,不确定性/增益类 vs 无诊断,ood(10C),42,03-27-17_09.06 10degC_HWFET_Pan18650PF,0.36730194091796875
A2-4 − A2-0,不确定性/增益类 vs 无诊断,ood(10C),101,03-27-17_09.06 10degC_HWFET_Pan18650PF,-0.22268366813659668
A2-4 − A2-0,不确定性/增益类 vs 无诊断,ood(10C),202,03-27-17_09.06 10degC_HWFET_Pan18650PF,-0.008889913558959961
A2-4 − A2-0,不确定性/增益类 vs 无诊断,ood(10C),303,03-27-17_09.06 10degC_HWFET_Pan18650PF,-0.5181310176849365
A2-4 − A2-0,不确定性/增益类 vs 无诊断,ood(10C),404,03-27-17_09.06 10degC_HWFET_Pan18650PF,-0.21805930137634277
A2-4 − A2-0,不确定性/增益类 vs 无诊断,ood(10C),505,03-27-17_09.06 10degC_HWFET_Pan18650PF,-0.12037968635559082
A2-4 − A2-0,不确定性/增益类 vs 无诊断,ood(10C),606,03-27-17_09.06 10degC_HWFET_Pan18650PF,-0.3287525177001953
A2-4 − A2-0,不确定性/增益类 vs 无诊断,ood(10C),707,03-27-17_09.06 10degC_HWFET_Pan18650PF,0.2249147891998291
A2-4 − A2-0,不确定性/增益类 vs 无诊断,ood(10C),7,03-27-17_09.06 10degC_LA92_Pan18650PF,0.06415033340454102
A2-4 − A2-0,不确定性/增益类 vs 无诊断,ood(10C),13,03-27-17_09.06 10degC_LA92_Pan18650PF,-0.6743695735931396
A2-4 − A2-0,不确定性/增益类 vs 无诊断,ood(10C),42,03-27-17_09.06 10degC_LA92_Pan18650PF,0.17248868942260742
A2-4 − A2-0,不确定性/增益类 vs 无诊断,ood(10C),101,03-27-17_09.06 10degC_LA92_Pan18650PF,-0.04433202743530318
A2-4 − A2-0,不确定性/增益类 vs 无诊断,ood(10C),202,03-27-17_09.06 10degC_LA92_Pan18650PF,-0.08638191223144531
A2-4 − A2-0,不确定性/增益类 vs 无诊断,ood(10C),303,03-27-17_09.06 10degC_LA92_Pan18650PF,-0.5548419952392578
A2-4 − A2-0,不确定性/增益类 vs 无诊断,ood(10C),404,03-27-17_09.06 10degC_LA92_Pan18650PF,-0.3970358371734619
A2-4 − A2-0,不确定性/增益类 vs 无诊断,ood(10C),505,03-27-17_09.06 10degC_LA92_Pan18650PF,-0.12086796760559082
A2-4 − A2-0,不确定性/增益类 vs 无诊断,ood(10C),606,03-27-17_09.06 10degC_LA92_Pan18650PF,-0.3165638446807866
A2-4 − A2-0,不确定性/增益类 vs 无诊断,ood(10C),707,03-27-17_09.06 10degC_LA92_Pan18650PF,0.25491881370544434
A2-4 − A2-0,不确定性/增益类 vs 无诊断,ood(10C),7,03-27-17_09.06 10degC_NN_Pan18650PF,0.08151578903198198
A2-4 − A2-0,不确定性/增益类 vs 无诊断,ood(10C),13,03-27-17_09.06 10degC_NN_Pan18650PF,-0.45729899406433105
A2-4 − A2-0,不确定性/增益类 vs 无诊断,ood(10C),42,03-27-17_09.06 10degC_NN_Pan18650PF,0.22726893424987793
A2-4 − A2-0,不确定性/增益类 vs 无诊断,ood(10C),101,03-27-17_09.06 10degC_NN_Pan18650PF,-0.20410418510437012
A2-4 − A2-0,不确定性/增益类 vs 无诊断,ood(10C),202,03-27-17_09.06 10degC_NN_Pan18650PF,-0.06357836723327592
A2-4 − A2-0,不确定性/增益类 vs 无诊断,ood(10C),303,03-27-17_09.06 10degC_NN_Pan18650PF,-0.48566412925720215
A2-4 − A2-0,不确定性/增益类 vs 无诊断,ood(10C),404,03-27-17_09.06 10degC_NN_Pan18650PF,-0.23212027549743608
A2-4 − A2-0,不确定性/增益类 vs 无诊断,ood(10C),505,03-27-17_09.06 10degC_NN_Pan18650PF,-0.14812350273132324
A2-4 − A2-0,不确定性/增益类 vs 无诊断,ood(10C),606,03-27-17_09.06 10degC_NN_Pan18650PF,-0.30080699920654297
A2-4 − A2-0,不确定性/增益类 vs 无诊断,ood(10C),707,03-27-17_09.06 10degC_NN_Pan18650PF,0.26481103897094727
A2-4 − A2-0,不确定性/增益类 vs 无诊断,ood(10C),7,03-27-17_09.06 10degC_UDDS_Pan18650PF,0.08222436904907182
A2-4 − A2-0,不确定性/增益类 vs 无诊断,ood(10C),13,03-27-17_09.06 10degC_UDDS_Pan18650PF,-0.542184591293335
A2-4 − A2-0,不确定性/增益类 vs 无诊断,ood(10C),42,03-27-17_09.06 10degC_UDDS_Pan18650PF,0.18991661071777344
A2-4 − A2-0,不确定性/增益类 vs 无诊断,ood(10C),101,03-27-17_09.06 10degC_UDDS_Pan18650PF,-0.2202295064926152
A2-4 − A2-0,不确定性/增益类 vs 无诊断,ood(10C),202,03-27-17_09.06 10degC_UDDS_Pan18650PF,0.034261107444763184
A2-4 − A2-0,不确定性/增益类 vs 无诊断,ood(10C),303,03-27-17_09.06 10degC_UDDS_Pan18650PF,-0.5443407297134404
A2-4 − A2-0,不确定性/增益类 vs 无诊断,ood(10C),404,03-27-17_09.06 10degC_UDDS_Pan18650PF,-0.3755810260772705
A2-4 − A2-0,不确定性/增益类 vs 无诊断,ood(10C),505,03-27-17_09.06 10degC_UDDS_Pan18650PF,-0.22787463665008545
A2-4 − A2-0,不确定性/增益类 vs 无诊断,ood(10C),606,03-27-17_09.06 10degC_UDDS_Pan18650PF,-0.37171506881713867
A2-4 − A2-0,不确定性/增益类 vs 无诊断,ood(10C),707,03-27-17_09.06 10degC_UDDS_Pan18650PF,0.3539056777954097
A2-4 − A2-0,不确定性/增益类 vs 无诊断,ood(10C),7,03-27-17_09.06 10degC_US06_Pan18650PF,0.045809268951416016
A2-4 − A2-0,不确定性/增益类 vs 无诊断,ood(10C),13,03-27-17_09.06 10degC_US06_Pan18650PF,-0.48454737663269043
A2-4 − A2-0,不确定性/增益类 vs 无诊断,ood(10C),42,03-27-17_09.06 10degC_US06_Pan18650PF,0.3255400657653813
A2-4 − A2-0,不确定性/增益类 vs 无诊断,ood(10C),101,03-27-17_09.06 10degC_US06_Pan18650PF,-0.13201785087585494
A2-4 − A2-0,不确定性/增益类 vs 无诊断,ood(10C),202,03-27-17_09.06 10degC_US06_Pan18650PF,-0.2148809432983403
A2-4 − A2-0,不确定性/增益类 vs 无诊断,ood(10C),303,03-27-17_09.06 10degC_US06_Pan18650PF,-0.4251153469085698
A2-4 − A2-0,不确定性/增益类 vs 无诊断,ood(10C),404,03-27-17_09.06 10degC_US06_Pan18650PF,-0.09465241432189897
A2-4 − A2-0,不确定性/增益类 vs 无诊断,ood(10C),505,03-27-17_09.06 10degC_US06_Pan18650PF,-0.037281751632689986
A2-4 − A2-0,不确定性/增益类 vs 无诊断,ood(10C),606,03-27-17_09.06 10degC_US06_Pan18650PF,-0.27104473114013716
A2-4 − A2-0,不确定性/增益类 vs 无诊断,ood(10C),707,03-27-17_09.06 10degC_US06_Pan18650PF,0.10391545295715376
A2-4 − A2-0,不确定性/增益类 vs 无诊断,ood(10C),7,03-28-17_12.51 10degC_Cycle_1_Pan18650PF,0.10069489479064941
A2-4 − A2-0,不确定性/增益类 vs 无诊断,ood(10C),13,03-28-17_12.51 10degC_Cycle_1_Pan18650PF,-0.6220412254333487
A2-4 − A2-0,不确定性/增益类 vs 无诊断,ood(10C),42,03-28-17_12.51 10degC_Cycle_1_Pan18650PF,0.25848817825317427
A2-4 − A2-0,不确定性/增益类 vs 无诊断,ood(10C),101,03-28-17_12.51 10degC_Cycle_1_Pan18650PF,-0.07050204277038574
A2-4 − A2-0,不确定性/增益类 vs 无诊断,ood(10C),202,03-28-17_12.51 10degC_Cycle_1_Pan18650PF,-0.02612614631652921
A2-4 − A2-0,不确定性/增益类 vs 无诊断,ood(10C),303,03-28-17_12.51 10degC_Cycle_1_Pan18650PF,-0.4997153282165532
A2-4 − A2-0,不确定性/增益类 vs 无诊断,ood(10C),404,03-28-17_12.51 10degC_Cycle_1_Pan18650PF,-0.3500387668609619
A2-4 − A2-0,不确定性/增益类 vs 无诊断,ood(10C),505,03-28-17_12.51 10degC_Cycle_1_Pan18650PF,-0.12194085121154785
A2-4 − A2-0,不确定性/增益类 vs 无诊断,ood(10C),606,03-28-17_12.51 10degC_Cycle_1_Pan18650PF,-0.2465503215789795
A2-4 − A2-0,不确定性/增益类 vs 无诊断,ood(10C),707,03-28-17_12.51 10degC_Cycle_1_Pan18650PF,0.2916419506072998
A2-4 − A2-0,不确定性/增益类 vs 无诊断,ood(10C),7,03-28-17_18.18 10degC_Cycle_2_Pan18650PF,0.0727229118347168
A2-4 − A2-0,不确定性/增益类 vs 无诊断,ood(10C),13,03-28-17_18.18 10degC_Cycle_2_Pan18650PF,-0.6066761016845703
A2-4 − A2-0,不确定性/增益类 vs 无诊断,ood(10C),42,03-28-17_18.18 10degC_Cycle_2_Pan18650PF,0.19702768325805664
A2-4 − A2-0,不确定性/增益类 vs 无诊断,ood(10C),101,03-28-17_18.18 10degC_Cycle_2_Pan18650PF,-0.08231163024902344
A2-4 − A2-0,不确定性/增益类 vs 无诊断,ood(10C),202,03-28-17_18.18 10degC_Cycle_2_Pan18650PF,-0.11441326141357422
A2-4 − A2-0,不确定性/增益类 vs 无诊断,ood(10C),303,03-28-17_18.18 10degC_Cycle_2_Pan18650PF,-0.5550847053527832
A2-4 − A2-0,不确定性/增益类 vs 无诊断,ood(10C),404,03-28-17_18.18 10degC_Cycle_2_Pan18650PF,-0.4534773826599121
A2-4 − A2-0,不确定性/增益类 vs 无诊断,ood(10C),505,03-28-17_18.18 10degC_Cycle_2_Pan18650PF,-0.12461709976196289
A2-4 − A2-0,不确定性/增益类 vs 无诊断,ood(10C),606,03-28-17_18.18 10degC_Cycle_2_Pan18650PF,-0.2844505310058594
A2-4 − A2-0,不确定性/增益类 vs 无诊断,ood(10C),707,03-28-17_18.18 10degC_Cycle_2_Pan18650PF,0.2617373466491699
A2-4 − A2-0,不确定性/增益类 vs 无诊断,ood(10C),7,04-05-17_17.04 10degC_Cycle_3_Pan18650PF,0.04003572463989258
A2-4 − A2-0,不确定性/增益类 vs 无诊断,ood(10C),13,04-05-17_17.04 10degC_Cycle_3_Pan18650PF,-0.5254497528076172
A2-4 − A2-0,不确定性/增益类 vs 无诊断,ood(10C),42,04-05-17_17.04 10degC_Cycle_3_Pan18650PF,0.23897600173950284
A2-4 − A2-0,不确定性/增益类 vs 无诊断,ood(10C),101,04-05-17_17.04 10degC_Cycle_3_Pan18650PF,-0.16828250885009766
A2-4 − A2-0,不确定性/增益类 vs 无诊断,ood(10C),202,04-05-17_17.04 10degC_Cycle_3_Pan18650PF,-0.09065437316894531
A2-4 − A2-0,不确定性/增益类 vs 无诊断,ood(10C),303,04-05-17_17.04 10degC_Cycle_3_Pan18650PF,-0.5457620620727539
A2-4 − A2-0,不确定性/增益类 vs 无诊断,ood(10C),404,04-05-17_17.04 10degC_Cycle_3_Pan18650PF,-0.3963932991027832
A2-4 − A2-0,不确定性/增益类 vs 无诊断,ood(10C),505,04-05-17_17.04 10degC_Cycle_3_Pan18650PF,-0.2228693962097168
A2-4 − A2-0,不确定性/增益类 vs 无诊断,ood(10C),606,04-05-17_17.04 10degC_Cycle_3_Pan18650PF,-0.3455228805541992
A2-4 − A2-0,不确定性/增益类 vs 无诊断,ood(10C),707,04-05-17_17.04 10degC_Cycle_3_Pan18650PF,0.20877695083618164
A2-4 − A2-0,不确定性/增益类 vs 无诊断,ood(10C),7,04-05-17_22.50 10degC_Cycle_4_Pan18650PF,0.1003565788269043
A2-4 − A2-0,不确定性/增益类 vs 无诊断,ood(10C),13,04-05-17_22.50 10degC_Cycle_4_Pan18650PF,-0.42361974716186523
A2-4 − A2-0,不确定性/增益类 vs 无诊断,ood(10C),42,04-05-17_22.50 10degC_Cycle_4_Pan18650PF,0.24715685844421387
A2-4 − A2-0,不确定性/增益类 vs 无诊断,ood(10C),101,04-05-17_22.50 10degC_Cycle_4_Pan18650PF,-0.1965179443359375
A2-4 − A2-0,不确定性/增益类 vs 无诊断,ood(10C),202,04-05-17_22.50 10degC_Cycle_4_Pan18650PF,-0.053231000900269
A2-4 − A2-0,不确定性/增益类 vs 无诊断,ood(10C),303,04-05-17_22.50 10degC_Cycle_4_Pan18650PF,-0.5279209613800049
A2-4 − A2-0,不确定性/增益类 vs 无诊断,ood(10C),404,04-05-17_22.50 10degC_Cycle_4_Pan18650PF,-0.2940640449523926
A2-4 − A2-0,不确定性/增益类 vs 无诊断,ood(10C),505,04-05-17_22.50 10degC_Cycle_4_Pan18650PF,-0.10494399070739702
A2-4 − A2-0,不确定性/增益类 vs 无诊断,ood(10C),606,04-05-17_22.50 10degC_Cycle_4_Pan18650PF,-0.38083863258361816
A2-4 − A2-0,不确定性/增益类 vs 无诊断,ood(10C),707,04-05-17_22.50 10degC_Cycle_4_Pan18650PF,0.2737851142883301
A2-4 − A2-0,不确定性/增益类 vs 无诊断,ood(0C),7,05-30-17_12.56 0degC_Cycle_1_Pan18650PF,0.2948541641235334
A2-4 − A2-0,不确定性/增益类 vs 无诊断,ood(0C),13,05-30-17_12.56 0degC_Cycle_1_Pan18650PF,-0.02232456207275746
A2-4 − A2-0,不确定性/增益类 vs 无诊断,ood(0C),42,05-30-17_12.56 0degC_Cycle_1_Pan18650PF,0.48704051971435547
A2-4 − A2-0,不确定性/增益类 vs 无诊断,ood(0C),101,05-30-17_12.56 0degC_Cycle_1_Pan18650PF,-0.17909336090088068
A2-4 − A2-0,不确定性/增益类 vs 无诊断,ood(0C),202,05-30-17_12.56 0degC_Cycle_1_Pan18650PF,0.013752937316894531
A2-4 − A2-0,不确定性/增益类 vs 无诊断,ood(0C),303,05-30-17_12.56 0degC_Cycle_1_Pan18650PF,-0.9484672546386719
A2-4 − A2-0,不确定性/增益类 vs 无诊断,ood(0C),404,05-30-17_12.56 0degC_Cycle_1_Pan18650PF,0.3987445831298828
A2-4 − A2-0,不确定性/增益类 vs 无诊断,ood(0C),505,05-30-17_12.56 0degC_Cycle_1_Pan18650PF,-0.5056877136230469
A2-4 − A2-0,不确定性/增益类 vs 无诊断,ood(0C),606,05-30-17_12.56 0degC_Cycle_1_Pan18650PF,-1.3528461456298846
A2-4 − A2-0,不确定性/增益类 vs 无诊断,ood(0C),707,05-30-17_12.56 0degC_Cycle_1_Pan18650PF,0.5523414611816424
A2-4 − A2-0,不确定性/增益类 vs 无诊断,ood(0C),7,05-30-17_20.16 0degC_Cycle_2_Pan18650PF,0.4447050094604492
A2-4 − A2-0,不确定性/增益类 vs 无诊断,ood(0C),13,05-30-17_20.16 0degC_Cycle_2_Pan18650PF,-0.06433868408202947
A2-4 − A2-0,不确定性/增益类 vs 无诊断,ood(0C),42,05-30-17_20.16 0degC_Cycle_2_Pan18650PF,0.49954319000243963
A2-4 − A2-0,不确定性/增益类 vs 无诊断,ood(0C),101,05-30-17_20.16 0degC_Cycle_2_Pan18650PF,-0.07103824615478516
A2-4 − A2-0,不确定性/增益类 vs 无诊断,ood(0C),202,05-30-17_20.16 0degC_Cycle_2_Pan18650PF,-0.0070743560791015625
A2-4 − A2-0,不确定性/增益类 vs 无诊断,ood(0C),303,05-30-17_20.16 0degC_Cycle_2_Pan18650PF,-0.9459972381591797
A2-4 − A2-0,不确定性/增益类 vs 无诊断,ood(0C),404,05-30-17_20.16 0degC_Cycle_2_Pan18650PF,0.32770252227783203
A2-4 − A2-0,不确定性/增益类 vs 无诊断,ood(0C),505,05-30-17_20.16 0degC_Cycle_2_Pan18650PF,-0.3506650924682617
A2-4 − A2-0,不确定性/增益类 vs 无诊断,ood(0C),606,05-30-17_20.16 0degC_Cycle_2_Pan18650PF,-1.1551504135131818
A2-4 − A2-0,不确定性/增益类 vs 无诊断,ood(0C),707,05-30-17_20.16 0degC_Cycle_2_Pan18650PF,0.5703325271606428
A2-4 − A2-0,不确定性/增益类 vs 无诊断,ood(0C),7,06-01-17_10.36 0degC_LA92_Pan18650PF,0.11889934539794922
A2-4 − A2-0,不确定性/增益类 vs 无诊断,ood(0C),13,06-01-17_10.36 0degC_LA92_Pan18650PF,-0.791600227355957
A2-4 − A2-0,不确定性/增益类 vs 无诊断,ood(0C),42,06-01-17_10.36 0degC_LA92_Pan18650PF,0.13368940353393555
A2-4 − A2-0,不确定性/增益类 vs 无诊断,ood(0C),101,06-01-17_10.36 0degC_LA92_Pan18650PF,-0.22635364532470703
A2-4 − A2-0,不确定性/增益类 vs 无诊断,ood(0C),202,06-01-17_10.36 0degC_LA92_Pan18650PF,-0.035649776458740234
A2-4 − A2-0,不确定性/增益类 vs 无诊断,ood(0C),303,06-01-17_10.36 0degC_LA92_Pan18650PF,-0.8140163421630859
A2-4 − A2-0,不确定性/增益类 vs 无诊断,ood(0C),404,06-01-17_10.36 0degC_LA92_Pan18650PF,-0.45588254928588867
A2-4 − A2-0,不确定性/增益类 vs 无诊断,ood(0C),505,06-01-17_10.36 0degC_LA92_Pan18650PF,-0.10631990432739258
A2-4 − A2-0,不确定性/增益类 vs 无诊断,ood(0C),606,06-01-17_10.36 0degC_LA92_Pan18650PF,-0.5220322608947754
A2-4 − A2-0,不确定性/增益类 vs 无诊断,ood(0C),707,06-01-17_10.36 0degC_LA92_Pan18650PF,0.44956445693969727
A2-4 − A2-0,不确定性/增益类 vs 无诊断,ood(0C),7,06-01-17_10.36 0degC_NN_Pan18650PF,0.20702171325683594
A2-4 − A2-0,不确定性/增益类 vs 无诊断,ood(0C),13,06-01-17_10.36 0degC_NN_Pan18650PF,-0.5837655067443848
A2-4 − A2-0,不确定性/增益类 vs 无诊断,ood(0C),42,06-01-17_10.36 0degC_NN_Pan18650PF,0.16864013671875
A2-4 − A2-0,不确定性/增益类 vs 无诊断,ood(0C),101,06-01-17_10.36 0degC_NN_Pan18650PF,-0.30216407775878906
A2-4 − A2-0,不确定性/增益类 vs 无诊断,ood(0C),202,06-01-17_10.36 0degC_NN_Pan18650PF,-0.003548145294189453
A2-4 − A2-0,不确定性/增益类 vs 无诊断,ood(0C),303,06-01-17_10.36 0degC_NN_Pan18650PF,-0.6919159889221191
A2-4 − A2-0,不确定性/增益类 vs 无诊断,ood(0C),404,06-01-17_10.36 0degC_NN_Pan18650PF,-0.3116288185119629
A2-4 − A2-0,不确定性/增益类 vs 无诊断,ood(0C),505,06-01-17_10.36 0degC_NN_Pan18650PF,-0.16211462020874023
A2-4 − A2-0,不确定性/增益类 vs 无诊断,ood(0C),606,06-01-17_10.36 0degC_NN_Pan18650PF,-0.4682154655456543
A2-4 − A2-0,不确定性/增益类 vs 无诊断,ood(0C),707,06-01-17_10.36 0degC_NN_Pan18650PF,0.46761369705200195
A2-4 − A2-0,不确定性/增益类 vs 无诊断,ood(0C),7,06-01-17_15.36 0degC_Cycle_3_Pan18650PF,0.012969017028806817
A2-4 − A2-0,不确定性/增益类 vs 无诊断,ood(0C),13,06-01-17_15.36 0degC_Cycle_3_Pan18650PF,-0.7287988662719744
A2-4 − A2-0,不确定性/增益类 vs 无诊断,ood(0C),42,06-01-17_15.36 0degC_Cycle_3_Pan18650PF,-0.015801429748535156
A2-4 − A2-0,不确定性/增益类 vs 无诊断,ood(0C),101,06-01-17_15.36 0degC_Cycle_3_Pan18650PF,-0.4379997253417951
A2-4 − A2-0,不确定性/增益类 vs 无诊断,ood(0C),202,06-01-17_15.36 0degC_Cycle_3_Pan18650PF,-0.26256561279296875
A2-4 − A2-0,不确定性/增益类 vs 无诊断,ood(0C),303,06-01-17_15.36 0degC_Cycle_3_Pan18650PF,-1.1335067749023455
A2-4 − A2-0,不确定性/增益类 vs 无诊断,ood(0C),404,06-01-17_15.36 0degC_Cycle_3_Pan18650PF,-1.038540840148924
A2-4 − A2-0,不确定性/增益类 vs 无诊断,ood(0C),505,06-01-17_15.36 0degC_Cycle_3_Pan18650PF,-0.5602083206176758
A2-4 − A2-0,不确定性/增益类 vs 无诊断,ood(0C),606,06-01-17_15.36 0degC_Cycle_3_Pan18650PF,-0.617243766784668
A2-4 − A2-0,不确定性/增益类 vs 无诊断,ood(0C),707,06-01-17_15.36 0degC_Cycle_3_Pan18650PF,0.1812114715576172
A2-4 − A2-0,不确定性/增益类 vs 无诊断,ood(0C),7,06-01-17_22.03 0degC_Cycle_4_Pan18650PF,0.0928955078125
A2-4 − A2-0,不确定性/增益类 vs 无诊断,ood(0C),13,06-01-17_22.03 0degC_Cycle_4_Pan18650PF,-0.7705016136169434
A2-4 − A2-0,不确定性/增益类 vs 无诊断,ood(0C),42,06-01-17_22.03 0degC_Cycle_4_Pan18650PF,0.29564476013183594
A2-4 − A2-0,不确定性/增益类 vs 无诊断,ood(0C),101,06-01-17_22.03 0degC_Cycle_4_Pan18650PF,-0.2858848571777344
A2-4 − A2-0,不确定性/增益类 vs 无诊断,ood(0C),202,06-01-17_22.03 0degC_Cycle_4_Pan18650PF,0.061057090759277344
A2-4 − A2-0,不确定性/增益类 vs 无诊断,ood(0C),303,06-01-17_22.03 0degC_Cycle_4_Pan18650PF,-0.9848589897155762
A2-4 − A2-0,不确定性/增益类 vs 无诊断,ood(0C),404,06-01-17_22.03 0degC_Cycle_4_Pan18650PF,-0.45238590240478516
A2-4 − A2-0,不确定性/增益类 vs 无诊断,ood(0C),505,06-01-17_22.03 0degC_Cycle_4_Pan18650PF,-0.13500404357910156
A2-4 − A2-0,不确定性/增益类 vs 无诊断,ood(0C),606,06-01-17_22.03 0degC_Cycle_4_Pan18650PF,-0.5928401947021484
A2-4 − A2-0,不确定性/增益类 vs 无诊断,ood(0C),707,06-01-17_22.03 0degC_Cycle_4_Pan18650PF,0.5692968368530273
A2-4 − A2-0,不确定性/增益类 vs 无诊断,ood(0C),7,06-02-17_04.58 0degC_US06_Pan18650PF,-0.0032958984375
A2-4 − A2-0,不确定性/增益类 vs 无诊断,ood(0C),13,06-02-17_04.58 0degC_US06_Pan18650PF,-0.6555070877075178
A2-4 − A2-0,不确定性/增益类 vs 无诊断,ood(0C),42,06-02-17_04.58 0degC_US06_Pan18650PF,0.3065176010131836
A2-4 − A2-0,不确定性/增益类 vs 无诊断,ood(0C),101,06-02-17_04.58 0degC_US06_Pan18650PF,-0.3786010742187518
A2-4 − A2-0,不确定性/增益类 vs 无诊断,ood(0C),202,06-02-17_04.58 0degC_US06_Pan18650PF,-0.34464740753174006
A2-4 − A2-0,不确定性/增益类 vs 无诊断,ood(0C),303,06-02-17_04.58 0degC_US06_Pan18650PF,-0.9872789382934553
A2-4 − A2-0,不确定性/增益类 vs 无诊断,ood(0C),404,06-02-17_04.58 0degC_US06_Pan18650PF,-0.246951103210451
A2-4 − A2-0,不确定性/增益类 vs 无诊断,ood(0C),505,06-02-17_04.58 0degC_US06_Pan18650PF,-0.26188945770263494
A2-4 − A2-0,不确定性/增益类 vs 无诊断,ood(0C),606,06-02-17_04.58 0degC_US06_Pan18650PF,-0.6134948730468732
A2-4 − A2-0,不确定性/增益类 vs 无诊断,ood(0C),707,06-02-17_04.58 0degC_US06_Pan18650PF,0.20026874542236506
A2-4 − A2-0,不确定性/增益类 vs 无诊断,ood(0C),7,06-02-17_10.43 0degC_HWFET_Pan18650PF,-0.008395195007324219
A2-4 − A2-0,不确定性/增益类 vs 无诊断,ood(0C),13,06-02-17_10.43 0degC_HWFET_Pan18650PF,-0.15746307373046875
A2-4 − A2-0,不确定性/增益类 vs 无诊断,ood(0C),42,06-02-17_10.43 0degC_HWFET_Pan18650PF,0.4528675079345703
A2-4 − A2-0,不确定性/增益类 vs 无诊断,ood(0C),101,06-02-17_10.43 0degC_HWFET_Pan18650PF,-0.6777868270873988
A2-4 − A2-0,不确定性/增益类 vs 无诊断,ood(0C),202,06-02-17_10.43 0degC_HWFET_Pan18650PF,-0.2383775711059588
A2-4 − A2-0,不确定性/增益类 vs 无诊断,ood(0C),303,06-02-17_10.43 0degC_HWFET_Pan18650PF,-1.2218866348266602
A2-4 − A2-0,不确定性/增益类 vs 无诊断,ood(0C),404,06-02-17_10.43 0degC_HWFET_Pan18650PF,-0.9589548110961932
A2-4 − A2-0,不确定性/增益类 vs 无诊断,ood(0C),505,06-02-17_10.43 0degC_HWFET_Pan18650PF,-0.2719545364379883
A2-4 − A2-0,不确定性/增益类 vs 无诊断,ood(0C),606,06-02-17_10.43 0degC_HWFET_Pan18650PF,-0.6912641525268555
A2-4 − A2-0,不确定性/增益类 vs 无诊断,ood(0C),707,06-02-17_10.43 0degC_HWFET_Pan18650PF,0.2534904479980469
A2-4 − A2-0,不确定性/增益类 vs 无诊断,ood(0C),7,06-02-17_17.14 0degC_UDDS_Pan18650PF,0.08321285247802734
A2-4 − A2-0,不确定性/增益类 vs 无诊断,ood(0C),13,06-02-17_17.14 0degC_UDDS_Pan18650PF,-0.9179234504699707
A2-4 − A2-0,不确定性/增益类 vs 无诊断,ood(0C),42,06-02-17_17.14 0degC_UDDS_Pan18650PF,0.06351470947265625
A2-4 − A2-0,不确定性/增益类 vs 无诊断,ood(0C),101,06-02-17_17.14 0degC_UDDS_Pan18650PF,-0.3990659713745117
A2-4 − A2-0,不确定性/增益类 vs 无诊断,ood(0C),202,06-02-17_17.14 0degC_UDDS_Pan18650PF,0.08117103576660156
A2-4 − A2-0,不确定性/增益类 vs 无诊断,ood(0C),303,06-02-17_17.14 0degC_UDDS_Pan18650PF,-1.0484371185302734
A2-4 − A2-0,不确定性/增益类 vs 无诊断,ood(0C),404,06-02-17_17.14 0degC_UDDS_Pan18650PF,-0.8379602432250977
A2-4 − A2-0,不确定性/增益类 vs 无诊断,ood(0C),505,06-02-17_17.14 0degC_UDDS_Pan18650PF,-0.26796722412109375
A2-4 − A2-0,不确定性/增益类 vs 无诊断,ood(0C),606,06-02-17_17.14 0degC_UDDS_Pan18650PF,-0.6483221054077148
A2-4 − A2-0,不确定性/增益类 vs 无诊断,ood(0C),707,06-02-17_17.14 0degC_UDDS_Pan18650PF,0.5591001510620117
A2-4 − A2-0,不确定性/增益类 vs 无诊断,ood(-10C),7,06-07-17_08.39 n10degC_HWFET_Pan18650PF,0.1873455047607422
A2-4 − A2-0,不确定性/增益类 vs 无诊断,ood(-10C),13,06-07-17_08.39 n10degC_HWFET_Pan18650PF,-0.5309972763061523
A2-4 − A2-0,不确定性/增益类 vs 无诊断,ood(-10C),42,06-07-17_08.39 n10degC_HWFET_Pan18650PF,0.272737979888916
A2-4 − A2-0,不确定性/增益类 vs 无诊断,ood(-10C),101,06-07-17_08.39 n10degC_HWFET_Pan18650PF,-0.6680145263671875
A2-4 − A2-0,不确定性/增益类 vs 无诊断,ood(-10C),202,06-07-17_08.39 n10degC_HWFET_Pan18650PF,-0.19776201248168945
A2-4 − A2-0,不确定性/增益类 vs 无诊断,ood(-10C),303,06-07-17_08.39 n10degC_HWFET_Pan18650PF,-1.1525826454162598
A2-4 − A2-0,不确定性/增益类 vs 无诊断,ood(-10C),404,06-07-17_08.39 n10degC_HWFET_Pan18650PF,-0.5896320343017578
A2-4 − A2-0,不确定性/增益类 vs 无诊断,ood(-10C),505,06-07-17_08.39 n10degC_HWFET_Pan18650PF,-0.08142375946044922
A2-4 − A2-0,不确定性/增益类 vs 无诊断,ood(-10C),606,06-07-17_08.39 n10degC_HWFET_Pan18650PF,-0.648566722869873
A2-4 − A2-0,不确定性/增益类 vs 无诊断,ood(-10C),707,06-07-17_08.39 n10degC_HWFET_Pan18650PF,0.48238325119018555
A2-4 − A2-0,不确定性/增益类 vs 无诊断,ood(-10C),7,06-07-17_08.39 n10degC_LA92_Pan18650PF,0.18486261367797852
A2-4 − A2-0,不确定性/增益类 vs 无诊断,ood(-10C),13,06-07-17_08.39 n10degC_LA92_Pan18650PF,-0.8387951850891113
A2-4 − A2-0,不确定性/增益类 vs 无诊断,ood(-10C),42,06-07-17_08.39 n10degC_LA92_Pan18650PF,0.06030607223510742
A2-4 − A2-0,不确定性/增益类 vs 无诊断,ood(-10C),101,06-07-17_08.39 n10degC_LA92_Pan18650PF,-0.39817380905151367
A2-4 − A2-0,不确定性/增益类 vs 无诊断,ood(-10C),202,06-07-17_08.39 n10degC_LA92_Pan18650PF,-0.1480545997619629
A2-4 − A2-0,不确定性/增益类 vs 无诊断,ood(-10C),303,06-07-17_08.39 n10degC_LA92_Pan18650PF,-1.029771327972412
A2-4 − A2-0,不确定性/增益类 vs 无诊断,ood(-10C),404,06-07-17_08.39 n10degC_LA92_Pan18650PF,-0.5948538780212402
A2-4 − A2-0,不确定性/增益类 vs 无诊断,ood(-10C),505,06-07-17_08.39 n10degC_LA92_Pan18650PF,-0.11667203903198242
A2-4 − A2-0,不确定性/增益类 vs 无诊断,ood(-10C),606,06-07-17_08.39 n10degC_LA92_Pan18650PF,-0.7413215637207031
A2-4 − A2-0,不确定性/增益类 vs 无诊断,ood(-10C),707,06-07-17_08.39 n10degC_LA92_Pan18650PF,0.4679899215698242
A2-4 − A2-0,不确定性/增益类 vs 无诊断,ood(-10C),7,06-07-17_08.39 n10degC_UDDS_Pan18650PF,0.1223611831665039
A2-4 − A2-0,不确定性/增益类 vs 无诊断,ood(-10C),13,06-07-17_08.39 n10degC_UDDS_Pan18650PF,-0.9873275756835955
A2-4 − A2-0,不确定性/增益类 vs 无诊断,ood(-10C),42,06-07-17_08.39 n10degC_UDDS_Pan18650PF,-0.14118194580078125
A2-4 − A2-0,不确定性/增益类 vs 无诊断,ood(-10C),101,06-07-17_08.39 n10degC_UDDS_Pan18650PF,-0.5121240615844727
A2-4 − A2-0,不确定性/增益类 vs 无诊断,ood(-10C),202,06-07-17_08.39 n10degC_UDDS_Pan18650PF,-0.1436777114868164
A2-4 − A2-0,不确定性/增益类 vs 无诊断,ood(-10C),303,06-07-17_08.39 n10degC_UDDS_Pan18650PF,-1.216580390930174
A2-4 − A2-0,不确定性/增益类 vs 无诊断,ood(-10C),404,06-07-17_08.39 n10degC_UDDS_Pan18650PF,-0.9372749328613281
A2-4 − A2-0,不确定性/增益类 vs 无诊断,ood(-10C),505,06-07-17_08.39 n10degC_UDDS_Pan18650PF,-0.22275829315185547
A2-4 − A2-0,不确定性/增益类 vs 无诊断,ood(-10C),606,06-07-17_08.39 n10degC_UDDS_Pan18650PF,-0.8749885559082013
A2-4 − A2-0,不确定性/增益类 vs 无诊断,ood(-10C),707,06-07-17_08.39 n10degC_UDDS_Pan18650PF,0.510409355163576
A2-4 − A2-0,不确定性/增益类 vs 无诊断,ood(-10C),7,06-07-17_08.39 n10degC_US06_Pan18650PF,0.3496890068054199
A2-4 − A2-0,不确定性/增益类 vs 无诊断,ood(-10C),13,06-07-17_08.39 n10degC_US06_Pan18650PF,-0.6564586162567134
A2-4 − A2-0,不确定性/增益类 vs 无诊断,ood(-10C),42,06-07-17_08.39 n10degC_US06_Pan18650PF,0.22246217727661133
A2-4 − A2-0,不确定性/增益类 vs 无诊断,ood(-10C),101,06-07-17_08.39 n10degC_US06_Pan18650PF,-0.4022660255432129
A2-4 − A2-0,不确定性/增益类 vs 无诊断,ood(-10C),202,06-07-17_08.39 n10degC_US06_Pan18650PF,-0.1496715545654297
A2-4 − A2-0,不确定性/增益类 vs 无诊断,ood(-10C),303,06-07-17_08.39 n10degC_US06_Pan18650PF,-0.7539963722229004
A2-4 − A2-0,不确定性/增益类 vs 无诊断,ood(-10C),404,06-07-17_08.39 n10degC_US06_Pan18650PF,-0.2272200584411621
A2-4 − A2-0,不确定性/增益类 vs 无诊断,ood(-10C),505,06-07-17_08.39 n10degC_US06_Pan18650PF,-0.04735231399536133
A2-4 − A2-0,不确定性/增益类 vs 无诊断,ood(-10C),606,06-07-17_08.39 n10degC_US06_Pan18650PF,-0.6240482330322266
A2-4 − A2-0,不确定性/增益类 vs 无诊断,ood(-10C),707,06-07-17_08.39 n10degC_US06_Pan18650PF,0.5059103965759277
A2-4 − A2-0,不确定性/增益类 vs 无诊断,ood(-10C),7,06-10-17_11.25 n10degC_Cycle_1_Pan18650PF,0.04772281646728693
A2-4 − A2-0,不确定性/增益类 vs 无诊断,ood(-10C),13,06-10-17_11.25 n10degC_Cycle_1_Pan18650PF,-0.9278402328491229
A2-4 − A2-0,不确定性/增益类 vs 无诊断,ood(-10C),42,06-10-17_11.25 n10degC_Cycle_1_Pan18650PF,0.07086372375488459
A2-4 − A2-0,不确定性/增益类 vs 无诊断,ood(-10C),101,06-10-17_11.25 n10degC_Cycle_1_Pan18650PF,-0.5881261825561541
A2-4 − A2-0,不确定性/增益类 vs 无诊断,ood(-10C),202,06-10-17_11.25 n10degC_Cycle_1_Pan18650PF,-0.32932090759277344
A2-4 − A2-0,不确定性/增益类 vs 无诊断,ood(-10C),303,06-10-17_11.25 n10degC_Cycle_1_Pan18650PF,-1.4617013931274414
A2-4 − A2-0,不确定性/增益类 vs 无诊断,ood(-10C),404,06-10-17_11.25 n10degC_Cycle_1_Pan18650PF,-1.0081958770751953
A2-4 − A2-0,不确定性/增益类 vs 无诊断,ood(-10C),505,06-10-17_11.25 n10degC_Cycle_1_Pan18650PF,-0.21130752563476562
A2-4 − A2-0,不确定性/增益类 vs 无诊断,ood(-10C),606,06-10-17_11.25 n10degC_Cycle_1_Pan18650PF,-0.8403844833373988
A2-4 − A2-0,不确定性/增益类 vs 无诊断,ood(-10C),707,06-10-17_11.25 n10degC_Cycle_1_Pan18650PF,0.44951248168945135
A2-4 − A2-0,不确定性/增益类 vs 无诊断,ood(-10C),7,06-10-17_18.35 n10degC_Cycle_2_Pan18650PF,-0.07576751708984375
A2-4 − A2-0,不确定性/增益类 vs 无诊断,ood(-10C),13,06-10-17_18.35 n10degC_Cycle_2_Pan18650PF,-1.061899185180664
A2-4 − A2-0,不确定性/增益类 vs 无诊断,ood(-10C),42,06-10-17_18.35 n10degC_Cycle_2_Pan18650PF,0.04709815979003906
A2-4 − A2-0,不确定性/增益类 vs 无诊断,ood(-10C),101,06-10-17_18.35 n10degC_Cycle_2_Pan18650PF,-0.7247982025146484
A2-4 − A2-0,不确定性/增益类 vs 无诊断,ood(-10C),202,06-10-17_18.35 n10degC_Cycle_2_Pan18650PF,-0.3581962585449219
A2-4 − A2-0,不确定性/增益类 vs 无诊断,ood(-10C),303,06-10-17_18.35 n10degC_Cycle_2_Pan18650PF,-1.6390953063964844
A2-4 − A2-0,不确定性/增益类 vs 无诊断,ood(-10C),404,06-10-17_18.35 n10degC_Cycle_2_Pan18650PF,-1.198526382446289
A2-4 − A2-0,不确定性/增益类 vs 无诊断,ood(-10C),505,06-10-17_18.35 n10degC_Cycle_2_Pan18650PF,-0.30492401123046875
A2-4 − A2-0,不确定性/增益类 vs 无诊断,ood(-10C),606,06-10-17_18.35 n10degC_Cycle_2_Pan18650PF,-1.1146659851074219
A2-4 − A2-0,不确定性/增益类 vs 无诊断,ood(-10C),707,06-10-17_18.35 n10degC_Cycle_2_Pan18650PF,0.4189300537109375
A2-4 − A2-0,不确定性/增益类 vs 无诊断,ood(-10C),7,06-11-17_01.39 n10degC_Cycle_3_Pan18650PF,-0.09507942199707031
A2-4 − A2-0,不确定性/增益类 vs 无诊断,ood(-10C),13,06-11-17_01.39 n10degC_Cycle_3_Pan18650PF,-1.069711685180664
A2-4 − A2-0,不确定性/增益类 vs 无诊断,ood(-10C),42,06-11-17_01.39 n10degC_Cycle_3_Pan18650PF,-0.13987350463867188
A2-4 − A2-0,不确定性/增益类 vs 无诊断,ood(-10C),101,06-11-17_01.39 n10degC_Cycle_3_Pan18650PF,-0.6307735443115234
A2-4 − A2-0,不确定性/增益类 vs 无诊断,ood(-10C),202,06-11-17_01.39 n10degC_Cycle_3_Pan18650PF,-0.4253578186035156
A2-4 − A2-0,不确定性/增益类 vs 无诊断,ood(-10C),303,06-11-17_01.39 n10degC_Cycle_3_Pan18650PF,-1.6959152221679723
A2-4 − A2-0,不确定性/增益类 vs 无诊断,ood(-10C),404,06-11-17_01.39 n10degC_Cycle_3_Pan18650PF,-1.3166904449462926
A2-4 − A2-0,不确定性/增益类 vs 无诊断,ood(-10C),505,06-11-17_01.39 n10degC_Cycle_3_Pan18650PF,-0.5291805267333984
A2-4 − A2-0,不确定性/增益类 vs 无诊断,ood(-10C),606,06-11-17_01.39 n10degC_Cycle_3_Pan18650PF,-1.0270271301269531
A2-4 − A2-0,不确定性/增益类 vs 无诊断,ood(-10C),707,06-11-17_01.39 n10degC_Cycle_3_Pan18650PF,0.2327289581298828
A2-4 − A2-0,不确定性/增益类 vs 无诊断,ood(-10C),7,06-11-17_08.42 n10degC_Cycle_4_Pan18650PF,0.049171447753904474
A2-4 − A2-0,不确定性/增益类 vs 无诊断,ood(-10C),13,06-11-17_08.42 n10degC_Cycle_4_Pan18650PF,-0.9759969711303729
A2-4 − A2-0,不确定性/增益类 vs 无诊断,ood(-10C),42,06-11-17_08.42 n10degC_Cycle_4_Pan18650PF,0.18145275115966797
A2-4 − A2-0,不确定性/增益类 vs 无诊断,ood(-10C),101,06-11-17_08.42 n10degC_Cycle_4_Pan18650PF,-0.3992052078247088
A2-4 − A2-0,不确定性/增益类 vs 无诊断,ood(-10C),202,06-11-17_08.42 n10degC_Cycle_4_Pan18650PF,-0.11932086944580078
A2-4 − A2-0,不确定性/增益类 vs 无诊断,ood(-10C),303,06-11-17_08.42 n10degC_Cycle_4_Pan18650PF,-1.324620246887207
A2-4 − A2-0,不确定性/增益类 vs 无诊断,ood(-10C),404,06-11-17_08.42 n10degC_Cycle_4_Pan18650PF,-0.6770458221435565
A2-4 − A2-0,不确定性/增益类 vs 无诊断,ood(-10C),505,06-11-17_08.42 n10degC_Cycle_4_Pan18650PF,-0.1771526336669922
A2-4 − A2-0,不确定性/增益类 vs 无诊断,ood(-10C),606,06-11-17_08.42 n10degC_Cycle_4_Pan18650PF,-0.7693948745727521
A2-4 − A2-0,不确定性/增益类 vs 无诊断,ood(-10C),707,06-11-17_08.42 n10degC_Cycle_4_Pan18650PF,0.5860385894775391
A2-4 − A2-0,不确定性/增益类 vs 无诊断,ood(-10C),7,06-14-17_13.12 n10degC_NN_Pan18650PF,0.04553794860839844
A2-4 − A2-0,不确定性/增益类 vs 无诊断,ood(-10C),13,06-14-17_13.12 n10degC_NN_Pan18650PF,-0.9507617950439453
A2-4 − A2-0,不确定性/增益类 vs 无诊断,ood(-10C),42,06-14-17_13.12 n10degC_NN_Pan18650PF,0.08028411865234375
A2-4 − A2-0,不确定性/增益类 vs 无诊断,ood(-10C),101,06-14-17_13.12 n10degC_NN_Pan18650PF,-0.45551109313964844
A2-4 − A2-0,不确定性/增益类 vs 无诊断,ood(-10C),202,06-14-17_13.12 n10degC_NN_Pan18650PF,-0.186004638671875
A2-4 − A2-0,不确定性/增益类 vs 无诊断,ood(-10C),303,06-14-17_13.12 n10degC_NN_Pan18650PF,-1.3429975509643555
A2-4 − A2-0,不确定性/增益类 vs 无诊断,ood(-10C),404,06-14-17_13.12 n10degC_NN_Pan18650PF,-0.9768409729003906
A2-4 − A2-0,不确定性/增益类 vs 无诊断,ood(-10C),505,06-14-17_13.12 n10degC_NN_Pan18650PF,-0.34725189208984375
A2-4 − A2-0,不确定性/增益类 vs 无诊断,ood(-10C),606,06-14-17_13.12 n10degC_NN_Pan18650PF,-0.8776741027832031
A2-4 − A2-0,不确定性/增益类 vs 无诊断,ood(-10C),707,06-14-17_13.12 n10degC_NN_Pan18650PF,0.5188140869140625
A2-4 − A2-0,不确定性/增益类 vs 无诊断,ood(-20C),7,06-23-17_23.35 n20degC_HWFET_Pan18650PF,0.5630941390991211
A2-4 − A2-0,不确定性/增益类 vs 无诊断,ood(-20C),13,06-23-17_23.35 n20degC_HWFET_Pan18650PF,-0.8425335884094238
A2-4 − A2-0,不确定性/增益类 vs 无诊断,ood(-20C),42,06-23-17_23.35 n20degC_HWFET_Pan18650PF,0.08874702453613192
A2-4 − A2-0,不确定性/增益类 vs 无诊断,ood(-20C),101,06-23-17_23.35 n20degC_HWFET_Pan18650PF,-0.7259707450866699
A2-4 − A2-0,不确定性/增益类 vs 无诊断,ood(-20C),202,06-23-17_23.35 n20degC_HWFET_Pan18650PF,-0.3750114440917969
A2-4 − A2-0,不确定性/增益类 vs 无诊断,ood(-20C),303,06-23-17_23.35 n20degC_HWFET_Pan18650PF,-1.2305634021759033
A2-4 − A2-0,不确定性/增益类 vs 无诊断,ood(-20C),404,06-23-17_23.35 n20degC_HWFET_Pan18650PF,-0.5924139022827148
A2-4 − A2-0,不确定性/增益类 vs 无诊断,ood(-20C),505,06-23-17_23.35 n20degC_HWFET_Pan18650PF,-0.019877910614013672
A2-4 − A2-0,不确定性/增益类 vs 无诊断,ood(-20C),606,06-23-17_23.35 n20degC_HWFET_Pan18650PF,-0.767580509185791
A2-4 − A2-0,不确定性/增益类 vs 无诊断,ood(-20C),707,06-23-17_23.35 n20degC_HWFET_Pan18650PF,0.7026815414428702
A2-4 − A2-0,不确定性/增益类 vs 无诊断,ood(-20C),7,06-23-17_23.35 n20degC_LA92_Pan18650PF,0.530552864074707
A2-4 − A2-0,不确定性/增益类 vs 无诊断,ood(-20C),13,06-23-17_23.35 n20degC_LA92_Pan18650PF,-1.0142302513122559
A2-4 − A2-0,不确定性/增益类 vs 无诊断,ood(-20C),42,06-23-17_23.35 n20degC_LA92_Pan18650PF,-0.059053897857666016
A2-4 − A2-0,不确定性/增益类 vs 无诊断,ood(-20C),101,06-23-17_23.35 n20degC_LA92_Pan18650PF,-0.49943017959594727
A2-4 − A2-0,不确定性/增益类 vs 无诊断,ood(-20C),202,06-23-17_23.35 n20degC_LA92_Pan18650PF,-0.36435937881469727
A2-4 − A2-0,不确定性/增益类 vs 无诊断,ood(-20C),303,06-23-17_23.35 n20degC_LA92_Pan18650PF,-1.110971450805664
A2-4 − A2-0,不确定性/增益类 vs 无诊断,ood(-20C),404,06-23-17_23.35 n20degC_LA92_Pan18650PF,-0.6697616577148438
A2-4 − A2-0,不确定性/增益类 vs 无诊断,ood(-20C),505,06-23-17_23.35 n20degC_LA92_Pan18650PF,-0.052032470703125
A2-4 − A2-0,不确定性/增益类 vs 无诊断,ood(-20C),606,06-23-17_23.35 n20degC_LA92_Pan18650PF,-0.881934642791748
A2-4 − A2-0,不确定性/增益类 vs 无诊断,ood(-20C),707,06-23-17_23.35 n20degC_LA92_Pan18650PF,0.6291074752807617
A2-4 − A2-0,不确定性/增益类 vs 无诊断,ood(-20C),7,06-23-17_23.35 n20degC_NN_Pan18650PF,0.5923042297363281
A2-4 − A2-0,不确定性/增益类 vs 无诊断,ood(-20C),13,06-23-17_23.35 n20degC_NN_Pan18650PF,-0.9703226089477539
A2-4 − A2-0,不确定性/增益类 vs 无诊断,ood(-20C),42,06-23-17_23.35 n20degC_NN_Pan18650PF,-0.041123390197753906
A2-4 − A2-0,不确定性/增益类 vs 无诊断,ood(-20C),101,06-23-17_23.35 n20degC_NN_Pan18650PF,-0.5428199768066406
A2-4 − A2-0,不确定性/增益类 vs 无诊断,ood(-20C),202,06-23-17_23.35 n20degC_NN_Pan18650PF,-0.176133394241333
A2-4 − A2-0,不确定性/增益类 vs 无诊断,ood(-20C),303,06-23-17_23.35 n20degC_NN_Pan18650PF,-1.0138640403747559
A2-4 − A2-0,不确定性/增益类 vs 无诊断,ood(-20C),404,06-23-17_23.35 n20degC_NN_Pan18650PF,-0.7124514579772949
A2-4 − A2-0,不确定性/增益类 vs 无诊断,ood(-20C),505,06-23-17_23.35 n20degC_NN_Pan18650PF,-0.15431928634643555
A2-4 − A2-0,不确定性/增益类 vs 无诊断,ood(-20C),606,06-23-17_23.35 n20degC_NN_Pan18650PF,-0.8407840728759766
A2-4 − A2-0,不确定性/增益类 vs 无诊断,ood(-20C),707,06-23-17_23.35 n20degC_NN_Pan18650PF,0.6859922409057617
A2-4 − A2-0,不确定性/增益类 vs 无诊断,ood(-20C),7,06-23-17_23.35 n20degC_UDDS_Pan18650PF,0.3703327178955078
A2-4 − A2-0,不确定性/增益类 vs 无诊断,ood(-20C),13,06-23-17_23.35 n20degC_UDDS_Pan18650PF,-1.1009263992309553
A2-4 − A2-0,不确定性/增益类 vs 无诊断,ood(-20C),42,06-23-17_23.35 n20degC_UDDS_Pan18650PF,-0.24312686920166016
A2-4 − A2-0,不确定性/增益类 vs 无诊断,ood(-20C),101,06-23-17_23.35 n20degC_UDDS_Pan18650PF,-0.5388145446777308
A2-4 − A2-0,不确定性/增益类 vs 无诊断,ood(-20C),202,06-23-17_23.35 n20degC_UDDS_Pan18650PF,-0.4132499694824219
A2-4 − A2-0,不确定性/增益类 vs 无诊断,ood(-20C),303,06-23-17_23.35 n20degC_UDDS_Pan18650PF,-1.2327375411987305
A2-4 − A2-0,不确定性/增益类 vs 无诊断,ood(-20C),404,06-23-17_23.35 n20degC_UDDS_Pan18650PF,-0.9472055435180682
A2-4 − A2-0,不确定性/增益类 vs 无诊断,ood(-20C),505,06-23-17_23.35 n20degC_UDDS_Pan18650PF,-0.07586193084716797
A2-4 − A2-0,不确定性/增益类 vs 无诊断,ood(-20C),606,06-23-17_23.35 n20degC_UDDS_Pan18650PF,-0.9347085952758789
A2-4 − A2-0,不确定性/增益类 vs 无诊断,ood(-20C),707,06-23-17_23.35 n20degC_UDDS_Pan18650PF,0.5891704559326172
A2-4 − A2-0,不确定性/增益类 vs 无诊断,ood(-20C),7,06-24-17_04.29 n20degC_Cycle_1_Pan18650PF,0.08553504943847656
A2-4 − A2-0,不确定性/增益类 vs 无诊断,ood(-20C),13,06-24-17_04.29 n20degC_Cycle_1_Pan18650PF,-1.1513500213623047
A2-4 − A2-0,不确定性/增益类 vs 无诊断,ood(-20C),42,06-24-17_04.29 n20degC_Cycle_1_Pan18650PF,-0.12692642211914062
A2-4 − A2-0,不确定性/增益类 vs 无诊断,ood(-20C),101,06-24-17_04.29 n20degC_Cycle_1_Pan18650PF,-0.6596622467041016
A2-4 − A2-0,不确定性/增益类 vs 无诊断,ood(-20C),202,06-24-17_04.29 n20degC_Cycle_1_Pan18650PF,-0.6461639404296875
A2-4 − A2-0,不确定性/增益类 vs 无诊断,ood(-20C),303,06-24-17_04.29 n20degC_Cycle_1_Pan18650PF,-1.810543060302738
A2-4 − A2-0,不确定性/增益类 vs 无诊断,ood(-20C),404,06-24-17_04.29 n20degC_Cycle_1_Pan18650PF,-1.2145824432373047
A2-4 − A2-0,不确定性/增益类 vs 无诊断,ood(-20C),505,06-24-17_04.29 n20degC_Cycle_1_Pan18650PF,-0.28963470458985086
A2-4 − A2-0,不确定性/增益类 vs 无诊断,ood(-20C),606,06-24-17_04.29 n20degC_Cycle_1_Pan18650PF,-1.220041275024414
A2-4 − A2-0,不确定性/增益类 vs 无诊断,ood(-20C),707,06-24-17_04.29 n20degC_Cycle_1_Pan18650PF,0.4516868591308558
A2-4 − A2-0,不确定性/增益类 vs 无诊断,ood(-20C),7,06-24-17_11.58 n20degC_Cycle_2_Pan18650PF,-0.0004901885986363652
A2-4 − A2-0,不确定性/增益类 vs 无诊断,ood(-20C),13,06-24-17_11.58 n20degC_Cycle_2_Pan18650PF,-1.1595783233642614
A2-4 − A2-0,不确定性/增益类 vs 无诊断,ood(-20C),42,06-24-17_11.58 n20degC_Cycle_2_Pan18650PF,0.013860702514648438
A2-4 − A2-0,不确定性/增益类 vs 无诊断,ood(-20C),101,06-24-17_11.58 n20degC_Cycle_2_Pan18650PF,-0.7284927368164098
A2-4 − A2-0,不确定性/增益类 vs 无诊断,ood(-20C),202,06-24-17_11.58 n20degC_Cycle_2_Pan18650PF,-0.5211772918701207
A2-4 − A2-0,不确定性/增益类 vs 无诊断,ood(-20C),303,06-24-17_11.58 n20degC_Cycle_2_Pan18650PF,-1.9954452514648438
A2-4 − A2-0,不确定性/增益类 vs 无诊断,ood(-20C),404,06-24-17_11.58 n20degC_Cycle_2_Pan18650PF,-1.0530166625976562
A2-4 − A2-0,不确定性/增益类 vs 无诊断,ood(-20C),505,06-24-17_11.58 n20degC_Cycle_2_Pan18650PF,-0.3748741149902344
A2-4 − A2-0,不确定性/增益类 vs 无诊断,ood(-20C),606,06-24-17_11.58 n20degC_Cycle_2_Pan18650PF,-1.4352378845214844
A2-4 − A2-0,不确定性/增益类 vs 无诊断,ood(-20C),707,06-24-17_11.58 n20degC_Cycle_2_Pan18650PF,0.6323261260986364
A2-4 − A2-0,不确定性/增益类 vs 无诊断,ood(-20C),7,06-24-17_19.29 n20degC_Cycle_3_Pan18650PF,-0.013164520263671875
A2-4 − A2-0,不确定性/增益类 vs 无诊断,ood(-20C),13,06-24-17_19.29 n20degC_Cycle_3_Pan18650PF,-1.2374687194824219
A2-4 − A2-0,不确定性/增益类 vs 无诊断,ood(-20C),42,06-24-17_19.29 n20degC_Cycle_3_Pan18650PF,-0.024158477783203125
A2-4 − A2-0,不确定性/增益类 vs 无诊断,ood(-20C),101,06-24-17_19.29 n20degC_Cycle_3_Pan18650PF,-0.6476383209228516
A2-4 − A2-0,不确定性/增益类 vs 无诊断,ood(-20C),202,06-24-17_19.29 n20degC_Cycle_3_Pan18650PF,-0.4354724884033203
A2-4 − A2-0,不确定性/增益类 vs 无诊断,ood(-20C),303,06-24-17_19.29 n20degC_Cycle_3_Pan18650PF,-1.9100627899169922
A2-4 − A2-0,不确定性/增益类 vs 无诊断,ood(-20C),404,06-24-17_19.29 n20degC_Cycle_3_Pan18650PF,-1.1101646423339844
A2-4 − A2-0,不确定性/增益类 vs 无诊断,ood(-20C),505,06-24-17_19.29 n20degC_Cycle_3_Pan18650PF,-0.3987445831298828
A2-4 − A2-0,不确定性/增益类 vs 无诊断,ood(-20C),606,06-24-17_19.29 n20degC_Cycle_3_Pan18650PF,-1.22805404663087
A2-4 − A2-0,不确定性/增益类 vs 无诊断,ood(-20C),707,06-24-17_19.29 n20degC_Cycle_3_Pan18650PF,0.4293212890625
A2-4 − A2-0,不确定性/增益类 vs 无诊断,ood(-20C),7,06-25-17_03.01 n20degC_Cycle_4_Pan18650PF,0.2065525054931605
A2-4 − A2-0,不确定性/增益类 vs 无诊断,ood(-20C),13,06-25-17_03.01 n20degC_Cycle_4_Pan18650PF,-1.1134243011474645
A2-4 − A2-0,不确定性/增益类 vs 无诊断,ood(-20C),42,06-25-17_03.01 n20degC_Cycle_4_Pan18650PF,0.13688087463378906
A2-4 − A2-0,不确定性/增益类 vs 无诊断,ood(-20C),101,06-25-17_03.01 n20degC_Cycle_4_Pan18650PF,-0.6022129058837962
A2-4 − A2-0,不确定性/增益类 vs 无诊断,ood(-20C),202,06-25-17_03.01 n20degC_Cycle_4_Pan18650PF,-0.5366115570068359
A2-4 − A2-0,不确定性/增益类 vs 无诊断,ood(-20C),303,06-25-17_03.01 n20degC_Cycle_4_Pan18650PF,-1.6210441589355469
A2-4 − A2-0,不确定性/增益类 vs 无诊断,ood(-20C),404,06-25-17_03.01 n20degC_Cycle_4_Pan18650PF,-0.8916301727294922
A2-4 − A2-0,不确定性/增益类 vs 无诊断,ood(-20C),505,06-25-17_03.01 n20degC_Cycle_4_Pan18650PF,-0.09798240661621094
A2-4 − A2-0,不确定性/增益类 vs 无诊断,ood(-20C),606,06-25-17_03.01 n20degC_Cycle_4_Pan18650PF,-0.9821109771728516
A2-4 − A2-0,不确定性/增益类 vs 无诊断,ood(-20C),707,06-25-17_03.01 n20degC_Cycle_4_Pan18650PF,0.7495479583740199
A2-4 − A2-0,不确定性/增益类 vs 无诊断,ood(-20C),7,06-25-17_10.31 n20degC_US06_Pan18650PF,-0.21536827087401988
A2-4 − A2-0,不确定性/增益类 vs 无诊断,ood(-20C),13,06-25-17_10.31 n20degC_US06_Pan18650PF,-1.085617065429684
A2-4 − A2-0,不确定性/增益类 vs 无诊断,ood(-20C),42,06-25-17_10.31 n20degC_US06_Pan18650PF,0.2096710205078125
A2-4 − A2-0,不确定性/增益类 vs 无诊断,ood(-20C),101,06-25-17_10.31 n20degC_US06_Pan18650PF,-0.6060409545898402
A2-4 − A2-0,不确定性/增益类 vs 无诊断,ood(-20C),202,06-25-17_10.31 n20degC_US06_Pan18650PF,-0.44263648986816406
A2-4 − A2-0,不确定性/增益类 vs 无诊断,ood(-20C),303,06-25-17_10.31 n20degC_US06_Pan18650PF,-1.667877197265625
A2-4 − A2-0,不确定性/增益类 vs 无诊断,ood(-20C),404,06-25-17_10.31 n20degC_US06_Pan18650PF,-0.6722927093505824
A2-4 − A2-0,不确定性/增益类 vs 无诊断,ood(-20C),505,06-25-17_10.31 n20degC_US06_Pan18650PF,-0.3127059936523402
A2-4 − A2-0,不确定性/增益类 vs 无诊断,ood(-20C),606,06-25-17_10.31 n20degC_US06_Pan18650PF,-1.1383800506591797
A2-4 − A2-0,不确定性/增益类 vs 无诊断,ood(-20C),707,06-25-17_10.31 n20degC_US06_Pan18650PF,0.4417839050292969
