exp,seed,eval_group,cycle_id,n,ekf_RMSE,nn_RMSE,ekf_MAE,nn_MAE,ekf_MAX,nn_MAX,ref
A2-0,7,val(25C),03-21-17_00.29 25degC_UDDS_Pan18650PF,22119,1.5091198682785034,1.0440362691879272,1.4729361534118652,0.9049355387687684,2.8923842906951904,4.361695766448975,S1
A2-0,7,test_id(25C),03-18-17_02.17 25degC_Cycle_1_Pan18650PF,10655,0.5577367544174194,0.7471683025360107,0.4274957478046417,0.6116927862167358,2.85761833190918,3.2053141593933105,S1
A2-0,7,test_id(25C),03-19-17_03.25 25degC_Cycle_2_Pan18650PF,10819,0.7980073094367981,0.7091434001922607,0.6773711442947388,0.4865049421787262,3.8061656951904297,3.615640640258789,S1
A2-0,7,test_id(25C),03-19-17_09.07 25degC_Cycle_3_Pan18650PF,9936,0.5716968774795532,0.4324845671653747,0.526796817779541,0.3222151696681976,1.0240869522094729,1.4018217325210571,S1
A2-0,7,test_id(25C),03-19-17_14.31 25degC_Cycle_4_Pan18650PF,11778,0.9032625555992126,0.8733615279197693,0.7918484807014465,0.5686728954315186,3.374241828918457,4.485087394714356,S1
A2-0,7,ood(10C),03-27-17_09.06 10degC_HWFET_Pan18650PF,10263,2.4030654430389404,2.5509064197540283,1.952929139137268,1.9507488012313845,8.288605690002441,7.600108623504639,S1
A2-0,7,ood(10C),03-27-17_09.06 10degC_LA92_Pan18650PF,15817,1.838112235069275,2.4519498348236084,1.6532007455825806,2.0947070121765137,3.1014151573181152,4.15280818939209,S1
A2-0,7,ood(10C),03-27-17_09.06 10degC_NN_Pan18650PF,13750,1.384708285331726,1.9338328838348389,1.2487564086914062,1.631914734840393,2.603825330734253,3.6463701725006095,S1
A2-0,7,ood(10C),03-27-17_09.06 10degC_UDDS_Pan18650PF,24281,0.7483742237091064,1.2032610177993774,0.6570649743080139,1.075334548950195,2.0992648601531982,3.116933822631836,S1
A2-0,7,ood(10C),03-27-17_09.06 10degC_US06_Pan18650PF,3882,2.582253932952881,3.246302843093872,2.507454872131348,3.203433990478516,3.63446307182312,4.399476051330566,S1
A2-0,7,ood(10C),03-28-17_12.51 10degC_Cycle_1_Pan18650PF,9067,1.8653419017791748,2.6316733360290527,1.7895753383636477,2.5710561275482178,2.57422423362732,3.6103978157043457,S1
A2-0,7,ood(10C),03-28-17_18.18 10degC_Cycle_2_Pan18650PF,7795,3.0697789192199707,3.839731454849243,3.0289480686187744,3.806806802749634,4.284008502960205,5.16021728515625,S1
A2-0,7,ood(10C),04-05-17_17.04 10degC_Cycle_3_Pan18650PF,9769,2.631728172302246,3.391510486602783,2.4990668296813965,3.260439157485962,6.371574878692627,5.997991561889648,S1
A2-0,7,ood(10C),04-05-17_22.50 10degC_Cycle_4_Pan18650PF,9589,1.091448426246643,1.7820991277694702,1.0099141597747805,1.6686670780181885,1.8464959859848025,3.4725775718688965,S1
A2-0,7,ood(0C),05-30-17_12.56 0degC_Cycle_1_Pan18650PF,8487,4.934931755065918,5.102080345153809,4.733814239501953,4.77237606048584,7.470005512237549,7.636952877044678,S1
A2-0,7,ood(0C),05-30-17_20.16 0degC_Cycle_2_Pan18650PF,8060,5.283172130584717,5.465381622314453,4.996809482574463,5.015091896057129,9.116023063659668,9.70903205871582,S1
A2-0,7,ood(0C),06-01-17_10.36 0degC_LA92_Pan18650PF,15077,2.095378875732422,2.518110990524292,1.7240800857543943,1.8613533973693848,3.831493616104126,4.834432125091553,S1
A2-0,7,ood(0C),06-01-17_10.36 0degC_NN_Pan18650PF,13148,1.457082748413086,1.7887004613876345,1.2210693359375,1.2438435554504397,3.2343292236328125,4.202735900878906,S1
A2-0,7,ood(0C),06-01-17_15.36 0degC_Cycle_3_Pan18650PF,5931,6.142489433288574,6.710387706756592,5.865081310272217,6.401360511779785,8.96208667755127,9.955397605895996,S1
A2-0,7,ood(0C),06-01-17_22.03 0degC_Cycle_4_Pan18650PF,7389,3.171359062194824,3.788213014602661,3.049534559249878,3.671274185180664,4.093801021575928,5.040246963500977,S1
A2-0,7,ood(0C),06-02-17_04.58 0degC_US06_Pan18650PF,3344,6.671102523803711,7.37136173248291,6.200530529022217,6.835368633270264,8.390694618225098,9.31384563446045,S1
A2-0,7,ood(0C),06-02-17_10.43 0degC_HWFET_Pan18650PF,5670,7.212000370025635,7.826588630676269,6.990440368652344,7.614394664764404,9.013738632202148,9.978856086730955,S1
A2-0,7,ood(0C),06-02-17_17.14 0degC_UDDS_Pan18650PF,12540,3.190485954284668,3.734060287475586,2.9935877323150635,3.561495780944824,4.677614212036133,5.585375308990479,S1
A2-0,7,ood(-10C),06-07-17_08.39 n10degC_HWFET_Pan18650PF,11951,3.4016926288604736,3.622659206390381,2.381418228149414,2.386423349380493,8.346379280090332,9.017364501953123,S1
A2-0,7,ood(-10C),06-07-17_08.39 n10degC_LA92_Pan18650PF,13765,3.662468671798706,3.93904447555542,2.644167900085449,2.7021095752716064,8.308347702026367,9.287036895751951,S1
A2-0,7,ood(-10C),06-07-17_08.39 n10degC_UDDS_Pan18650PF,17786,4.724403381347656,4.999700546264648,3.696313142776489,3.818146228790283,8.852611541748047,9.41143798828125,S1
A2-0,7,ood(-10C),06-07-17_08.39 n10degC_US06_Pan18650PF,9929,1.5720794200897217,1.8130550384521484,1.2001672983169556,1.1559621095657349,4.790685653686523,5.595953464508057,S1
A2-0,7,ood(-10C),06-10-17_11.25 n10degC_Cycle_1_Pan18650PF,5706,6.60512638092041,7.0794758796691895,6.451104164123535,6.919254302978516,8.205490112304688,8.985997200012207,S1
A2-0,7,ood(-10C),06-10-17_18.35 n10degC_Cycle_2_Pan18650PF,5654,12.16176986694336,12.616857528686523,12.135697364807127,12.58751106262207,13.866462707519531,14.706058502197266,S1
A2-0,7,ood(-10C),06-11-17_01.39 n10degC_Cycle_3_Pan18650PF,5368,12.64407730102539,13.125354766845703,12.542119026184082,13.02292251586914,16.49686050415039,17.184301376342773,S1
A2-0,7,ood(-10C),06-11-17_08.42 n10degC_Cycle_4_Pan18650PF,5791,5.355126857757568,5.775150299072266,4.935229301452637,5.32030725479126,8.565593719482422,9.783125877380373,S1
A2-0,7,ood(-10C),06-14-17_13.12 n10degC_NN_Pan18650PF,4939,11.515380859375,12.033276557922363,11.487773895263672,12.005724906921388,13.074525833129885,13.952425956726074,S1
A2-0,7,ood(-20C),06-23-17_23.35 n20degC_HWFET_Pan18650PF,11042,1.3390394449234009,1.431352615356445,0.9279404282569884,0.953183889389038,4.958640575408936,5.464208602905273,S1
A2-0,7,ood(-20C),06-23-17_23.35 n20degC_LA92_Pan18650PF,12521,1.699766755104065,1.8741371631622317,1.2532685995101929,1.3308051824569702,5.283014297485352,6.100824356079102,S1
A2-0,7,ood(-20C),06-23-17_23.35 n20degC_NN_Pan18650PF,11350,1.1017630100250244,1.0536328554153442,0.8814716339111328,0.7153593301773071,3.7301185131073,4.376717567443848,S1
A2-0,7,ood(-20C),06-23-17_23.35 n20degC_UDDS_Pan18650PF,15753,5.160928726196289,5.3328728675842285,3.931597948074341,4.007169723510742,10.603472709655762,11.211380004882812,S1
A2-0,7,ood(-20C),06-24-17_04.29 n20degC_Cycle_1_Pan18650PF,4752,17.6080379486084,17.996118545532227,17.551179885864258,17.93610954284668,20.16110610961914,20.53327751159668,S1
A2-0,7,ood(-20C),06-24-17_11.58 n20degC_Cycle_2_Pan18650PF,4718,16.20331382751465,16.581287384033203,16.175241470336914,16.557594299316406,19.785266876220703,20.234153747558597,S1
A2-0,7,ood(-20C),06-24-17_19.29 n20degC_Cycle_3_Pan18650PF,4695,16.29913330078125,16.659135818481445,16.251310348510742,16.60543441772461,21.421072006225582,21.700193405151367,S1
A2-0,7,ood(-20C),06-25-17_03.01 n20degC_Cycle_4_Pan18650PF,4715,13.217724800109863,13.58839988708496,13.189414978027344,13.560623168945312,15.192038536071776,15.851003646850586,S1
A2-0,7,ood(-20C),06-25-17_10.31 n20degC_US06_Pan18650PF,2333,17.03714370727539,17.53500747680664,16.91422462463379,17.41258430480957,20.965356826782227,22.18524169921875,S1
A2-0,13,val(25C),03-21-17_00.29 25degC_UDDS_Pan18650PF,22119,1.5091198682785034,0.9589056968688964,1.4729361534118652,0.8208260536193848,2.8923842906951904,3.58528470993042,S1
A2-0,13,test_id(25C),03-18-17_02.17 25degC_Cycle_1_Pan18650PF,10655,0.5577367544174194,0.7302535176277161,0.4274957478046417,0.607749879360199,2.85761833190918,2.063615560531616,S1
A2-0,13,test_id(25C),03-19-17_03.25 25degC_Cycle_2_Pan18650PF,10819,0.7980073094367981,0.773029625415802,0.6773711442947388,0.4793729484081268,3.8061656951904297,5.835777282714844,S1
A2-0,13,test_id(25C),03-19-17_09.07 25degC_Cycle_3_Pan18650PF,9936,0.5716968774795532,0.4571135938167572,0.526796817779541,0.3337845504283905,1.0240869522094729,1.5618994235992432,S1
A2-0,13,test_id(25C),03-19-17_14.31 25degC_Cycle_4_Pan18650PF,11778,0.9032625555992126,0.924974799156189,0.7918484807014465,0.565772294998169,3.374241828918457,4.800229072570801,S1
A2-0,13,ood(10C),03-27-17_09.06 10degC_HWFET_Pan18650PF,10263,2.4030654430389404,3.0464344024658203,1.952929139137268,2.3964648246765137,8.288605690002441,10.706209182739258,S1
A2-0,13,ood(10C),03-27-17_09.06 10degC_LA92_Pan18650PF,15817,1.838112235069275,3.0999298095703125,1.6532007455825806,2.761894941329956,3.1014151573181152,5.439128875732422,S1
A2-0,13,ood(10C),03-27-17_09.06 10degC_NN_Pan18650PF,13750,1.384708285331726,2.565089225769043,1.2487564086914062,2.2565767765045166,2.603825330734253,4.946070671081543,S1
A2-0,13,ood(10C),03-27-17_09.06 10degC_UDDS_Pan18650PF,24281,0.7483742237091064,1.918122410774231,0.6570649743080139,1.7704328298568726,2.0992648601531982,4.781548976898193,S1
A2-0,13,ood(10C),03-27-17_09.06 10degC_US06_Pan18650PF,3882,2.582253932952881,3.9520108699798575,2.507454872131348,3.8379199504852295,3.63446307182312,5.661420822143555,S1
A2-0,13,ood(10C),03-28-17_12.51 10degC_Cycle_1_Pan18650PF,9067,1.8653419017791748,3.280204057693481,1.7895753383636477,3.168973445892334,2.57422423362732,4.748025417327881,S1
A2-0,13,ood(10C),03-28-17_18.18 10degC_Cycle_2_Pan18650PF,7795,3.0697789192199707,4.406095027923584,3.0289480686187744,4.339269161224365,4.284008502960205,6.0508575439453125,S1
A2-0,13,ood(10C),04-05-17_17.04 10degC_Cycle_3_Pan18650PF,9769,2.631728172302246,4.0629658699035645,2.4990668296813965,3.941536903381348,6.371574878692627,7.79669189453125,S1
A2-0,13,ood(10C),04-05-17_22.50 10degC_Cycle_4_Pan18650PF,9589,1.091448426246643,2.4033021926879883,1.0099141597747805,2.311631441116333,1.8464959859848025,4.107093334197998,S1
A2-0,13,ood(0C),05-30-17_12.56 0degC_Cycle_1_Pan18650PF,8487,4.934931755065918,6.956796646118164,4.733814239501953,6.8173441886901855,7.470005512237549,11.179256439208984,S1
A2-0,13,ood(0C),05-30-17_20.16 0degC_Cycle_2_Pan18650PF,8060,5.283172130584717,7.180454254150391,4.996809482574463,6.925550937652588,9.116023063659668,10.787571907043455,S1
A2-0,13,ood(0C),06-01-17_10.36 0degC_LA92_Pan18650PF,15077,2.095378875732422,3.4795656204223637,1.7240800857543943,2.910799980163574,3.831493616104126,6.3989338874816895,S1
A2-0,13,ood(0C),06-01-17_10.36 0degC_NN_Pan18650PF,13148,1.457082748413086,2.672677516937256,1.2210693359375,2.230519771575928,3.2343292236328125,5.631424903869629,S1
A2-0,13,ood(0C),06-01-17_15.36 0degC_Cycle_3_Pan18650PF,5931,6.142489433288574,7.560654163360596,5.865081310272217,7.167103290557861,8.96208667755127,10.877933502197266,S1
A2-0,13,ood(0C),06-01-17_22.03 0degC_Cycle_4_Pan18650PF,7389,3.171359062194824,4.989558219909668,3.049534559249878,4.931835651397705,4.093801021575928,6.10558557510376,S1
A2-0,13,ood(0C),06-02-17_04.58 0degC_US06_Pan18650PF,3344,6.671102523803711,8.234278678894043,6.200530529022217,7.803615093231201,8.390694618225098,10.275979042053224,S1
A2-0,13,ood(0C),06-02-17_10.43 0degC_HWFET_Pan18650PF,5670,7.212000370025635,8.622668266296387,6.990440368652344,8.501988410949707,9.013738632202148,10.789517402648926,S1
A2-0,13,ood(0C),06-02-17_17.14 0degC_UDDS_Pan18650PF,12540,3.190485954284668,4.968504428863525,2.9935877323150635,4.890413761138916,4.677614212036133,6.720978736877441,S1
A2-0,13,ood(-10C),06-07-17_08.39 n10degC_HWFET_Pan18650PF,11951,3.4016926288604736,4.782648086547852,2.381418228149414,3.55631685256958,8.346379280090332,11.090897560119627,S1
A2-0,13,ood(-10C),06-07-17_08.39 n10degC_LA92_Pan18650PF,13765,3.662468671798706,5.152378082275391,2.644167900085449,3.945702791213989,8.308347702026367,10.985368728637695,S1
A2-0,13,ood(-10C),06-07-17_08.39 n10degC_UDDS_Pan18650PF,17786,4.724403381347656,6.409867763519287,3.696313142776489,5.24229907989502,8.852611541748047,11.534797668457031,S1
A2-0,13,ood(-10C),06-07-17_08.39 n10degC_US06_Pan18650PF,9929,1.5720794200897217,2.688893318176269,1.2001672983169556,2.082340955734253,4.790685653686523,7.72373104095459,S1
A2-0,13,ood(-10C),06-10-17_11.25 n10degC_Cycle_1_Pan18650PF,5706,6.60512638092041,8.679144859313965,6.451104164123535,8.538613319396973,8.205490112304688,10.902961730957031,S1
A2-0,13,ood(-10C),06-10-17_18.35 n10degC_Cycle_2_Pan18650PF,5654,12.16176986694336,14.252437591552734,12.135697364807127,14.230859756469728,13.866462707519531,15.717824935913086,S1
A2-0,13,ood(-10C),06-11-17_01.39 n10degC_Cycle_3_Pan18650PF,5368,12.64407730102539,14.68950080871582,12.542119026184082,14.620656967163086,16.49686050415039,17.923686981201172,S1
A2-0,13,ood(-10C),06-11-17_08.42 n10degC_Cycle_4_Pan18650PF,5791,5.355126857757568,7.388486385345459,4.935229301452637,6.8646416664123535,8.565593719482422,11.362297058105469,S1
A2-0,13,ood(-10C),06-14-17_13.12 n10degC_NN_Pan18650PF,4939,11.515380859375,13.57284164428711,11.487773895263672,13.55385398864746,13.074525833129885,14.871957778930664,S1
A2-0,13,ood(-20C),06-23-17_23.35 n20degC_HWFET_Pan18650PF,11042,1.3390394449234009,2.7757809162139893,0.9279404282569884,2.2231454849243164,4.958640575408936,7.790765285491943,S1
A2-0,13,ood(-20C),06-23-17_23.35 n20degC_LA92_Pan18650PF,12521,1.699766755104065,3.291025400161743,1.2532685995101929,2.6560757160186768,5.283014297485352,8.309727668762207,S1
A2-0,13,ood(-20C),06-23-17_23.35 n20degC_NN_Pan18650PF,11350,1.1017630100250244,2.0191903114318848,0.8814716339111328,1.5875608921051023,3.7301185131073,6.793816566467285,S1
A2-0,13,ood(-20C),06-23-17_23.35 n20degC_UDDS_Pan18650PF,15753,5.160928726196289,7.0041327476501465,3.931597948074341,5.541951656341553,10.603472709655762,13.60309886932373,S1
A2-0,13,ood(-20C),06-24-17_04.29 n20degC_Cycle_1_Pan18650PF,4752,17.6080379486084,20.001354217529297,17.551179885864258,19.954877853393555,20.16110610961914,22.74884796142578,S1
A2-0,13,ood(-20C),06-24-17_11.58 n20degC_Cycle_2_Pan18650PF,4718,16.20331382751465,18.5350341796875,16.175241470336914,18.502195358276367,19.785266876220703,22.095834732055664,S1
A2-0,13,ood(-20C),06-24-17_19.29 n20degC_Cycle_3_Pan18650PF,4695,16.29913330078125,18.69394302368164,16.251310348510742,18.65702438354492,21.421072006225582,24.11954689025879,S1
A2-0,13,ood(-20C),06-25-17_03.01 n20degC_Cycle_4_Pan18650PF,4715,13.217724800109863,15.609885215759276,13.189414978027344,15.58696460723877,15.192038536071776,17.904359817504883,S1
A2-0,13,ood(-20C),06-25-17_10.31 n20degC_US06_Pan18650PF,2333,17.03714370727539,19.30397605895996,16.91422462463379,19.17055892944336,20.965356826782227,23.53423118591309,S1
A2-0,42,val(25C),03-21-17_00.29 25degC_UDDS_Pan18650PF,22119,1.5091198682785034,1.0068070888519287,1.4729361534118652,0.8546338677406311,2.8923842906951904,3.845229148864746,S1
A2-0,42,test_id(25C),03-18-17_02.17 25degC_Cycle_1_Pan18650PF,10655,0.5577367544174194,0.7172539234161377,0.4274957478046417,0.5968477129936218,2.85761833190918,1.7040395736694336,S1
A2-0,42,test_id(25C),03-19-17_03.25 25degC_Cycle_2_Pan18650PF,10819,0.7980073094367981,0.6634761691093445,0.6773711442947388,0.4437300860881805,3.8061656951904297,3.603604793548584,S1
A2-0,42,test_id(25C),03-19-17_09.07 25degC_Cycle_3_Pan18650PF,9936,0.5716968774795532,0.4544794857501983,0.526796817779541,0.3553470373153686,1.0240869522094729,1.7208688259124756,S1
A2-0,42,test_id(25C),03-19-17_14.31 25degC_Cycle_4_Pan18650PF,11778,0.9032625555992126,0.6728492975234985,0.7918484807014465,0.4517073631286621,3.374241828918457,3.410383462905884,S1
A2-0,42,ood(10C),03-27-17_09.06 10degC_HWFET_Pan18650PF,10263,2.4030654430389404,2.440009117126465,1.952929139137268,1.9592281579971316,8.288605690002441,7.412379264831543,S1
A2-0,42,ood(10C),03-27-17_09.06 10degC_LA92_Pan18650PF,15817,1.838112235069275,2.5897390842437744,1.6532007455825806,2.3248980045318604,3.1014151573181152,4.405583381652832,S1
A2-0,42,ood(10C),03-27-17_09.06 10degC_NN_Pan18650PF,13750,1.384708285331726,2.028428077697754,1.2487564086914062,1.8207587003707888,2.603825330734253,3.9532992839813232,S1
A2-0,42,ood(10C),03-27-17_09.06 10degC_UDDS_Pan18650PF,24281,0.7483742237091064,1.4234546422958374,0.6570649743080139,1.3263059854507446,2.0992648601531982,4.017749786376953,S1
A2-0,42,ood(10C),03-27-17_09.06 10degC_US06_Pan18650PF,3882,2.582253932952881,3.2347254753112797,2.507454872131348,3.194166898727417,3.63446307182312,4.449477195739746,S1
A2-0,42,ood(10C),03-28-17_12.51 10degC_Cycle_1_Pan18650PF,9067,1.8653419017791748,2.779294490814209,1.7895753383636477,2.7006468772888184,2.57422423362732,3.9699387550354,S1
A2-0,42,ood(10C),03-28-17_18.18 10degC_Cycle_2_Pan18650PF,7795,3.0697789192199707,3.9069766998291016,3.0289480686187744,3.866425275802612,4.284008502960205,5.462065696716309,S1
A2-0,42,ood(10C),04-05-17_17.04 10degC_Cycle_3_Pan18650PF,9769,2.631728172302246,3.536749124526977,2.4990668296813965,3.405606508255005,6.371574878692627,6.138998985290527,S1
A2-0,42,ood(10C),04-05-17_22.50 10degC_Cycle_4_Pan18650PF,9589,1.091448426246643,1.8975692987442017,1.0099141597747805,1.7560575008392334,1.8464959859848025,3.015065193176269,S1
A2-0,42,ood(0C),05-30-17_12.56 0degC_Cycle_1_Pan18650PF,8487,4.934931755065918,5.43756628036499,4.733814239501953,5.0553879737854,7.470005512237549,8.192535400390625,S1
A2-0,42,ood(0C),05-30-17_20.16 0degC_Cycle_2_Pan18650PF,8060,5.283172130584717,5.77596378326416,4.996809482574463,5.260551929473877,9.116023063659668,10.203203201293944,S1
A2-0,42,ood(0C),06-01-17_10.36 0degC_LA92_Pan18650PF,15077,2.095378875732422,2.8539066314697266,1.7240800857543943,2.4220190048217773,3.831493616104126,5.032938480377197,S1
A2-0,42,ood(0C),06-01-17_10.36 0degC_NN_Pan18650PF,13148,1.457082748413086,2.0772640705108643,1.2210693359375,1.7685353755950928,3.2343292236328125,4.440059661865234,S1
A2-0,42,ood(0C),06-01-17_15.36 0degC_Cycle_3_Pan18650PF,5931,6.142489433288574,6.941256999969482,5.865081310272217,6.583376884460449,8.96208667755127,10.227819442749023,S1
A2-0,42,ood(0C),06-01-17_22.03 0degC_Cycle_4_Pan18650PF,7389,3.171359062194824,4.179481029510498,3.049534559249878,4.074361801147461,4.093801021575928,5.41039514541626,S1
A2-0,42,ood(0C),06-02-17_04.58 0degC_US06_Pan18650PF,3344,6.671102523803711,7.430613994598389,6.200530529022217,6.855778217315674,8.390694618225098,9.760169982910156,S1
A2-0,42,ood(0C),06-02-17_10.43 0degC_HWFET_Pan18650PF,5670,7.212000370025635,7.777283191680908,6.990440368652344,7.556681156158447,9.013738632202148,10.185797691345217,S1
A2-0,42,ood(0C),06-02-17_17.14 0degC_UDDS_Pan18650PF,12540,3.190485954284668,4.26576042175293,2.9935877323150635,4.114893436431885,4.677614212036133,6.023867607116699,S1
A2-0,42,ood(-10C),06-07-17_08.39 n10degC_HWFET_Pan18650PF,11951,3.4016926288604736,3.9721853733062735,2.381418228149414,2.96236252784729,8.346379280090332,10.11490249633789,S1
A2-0,42,ood(-10C),06-07-17_08.39 n10degC_LA92_Pan18650PF,13765,3.662468671798706,4.372113227844238,2.644167900085449,3.3490235805511475,8.308347702026367,9.863116264343262,S1
A2-0,42,ood(-10C),06-07-17_08.39 n10degC_UDDS_Pan18650PF,17786,4.724403381347656,5.585173606872559,3.696313142776489,4.570890426635742,8.852611541748047,10.46053981781006,S1
A2-0,42,ood(-10C),06-07-17_08.39 n10degC_US06_Pan18650PF,9929,1.5720794200897217,2.049185276031494,1.2001672983169556,1.644155740737915,4.790685653686523,5.581895351409912,S1
A2-0,42,ood(-10C),06-10-17_11.25 n10degC_Cycle_1_Pan18650PF,5706,6.60512638092041,7.580795764923096,6.451104164123535,7.44894552230835,8.205490112304688,9.753732681274414,S1
A2-0,42,ood(-10C),06-10-17_18.35 n10degC_Cycle_2_Pan18650PF,5654,12.16176986694336,13.228889465332031,12.135697364807127,13.208148956298828,13.866462707519531,14.748739242553713,S1
A2-0,42,ood(-10C),06-11-17_01.39 n10degC_Cycle_3_Pan18650PF,5368,12.64407730102539,13.622177124023438,12.542119026184082,13.529695510864258,16.49686050415039,17.04483413696289,S1
A2-0,42,ood(-10C),06-11-17_08.42 n10degC_Cycle_4_Pan18650PF,5791,5.355126857757568,6.323070049285889,4.935229301452637,5.829475402832031,8.565593719482422,10.501581192016602,S1
A2-0,42,ood(-10C),06-14-17_13.12 n10degC_NN_Pan18650PF,4939,11.515380859375,12.533230781555176,11.487773895263672,12.50500202178955,13.074525833129885,13.907773971557615,S1
A2-0,42,ood(-20C),06-23-17_23.35 n20degC_HWFET_Pan18650PF,11042,1.3390394449234009,2.006002187728882,0.9279404282569884,1.6627799272537231,4.958640575408936,6.667133331298828,S1
A2-0,42,ood(-20C),06-23-17_23.35 n20degC_LA92_Pan18650PF,12521,1.699766755104065,2.438491106033325,1.2532685995101929,2.059355497360229,5.283014297485352,6.792271614074707,S1
A2-0,42,ood(-20C),06-23-17_23.35 n20degC_NN_Pan18650PF,11350,1.1017630100250244,1.5133788585662842,0.8814716339111328,1.1695935726165771,3.7301185131073,4.992068290710449,S1
A2-0,42,ood(-20C),06-23-17_23.35 n20degC_UDDS_Pan18650PF,15753,5.160928726196289,5.984999179840088,3.931597948074341,4.805744171142578,10.603472709655762,12.461769104003906,S1
A2-0,42,ood(-20C),06-24-17_04.29 n20degC_Cycle_1_Pan18650PF,4752,17.6080379486084,18.59674453735352,17.551179885864258,18.545196533203125,20.16110610961914,21.37652015686035,S1
A2-0,42,ood(-20C),06-24-17_11.58 n20degC_Cycle_2_Pan18650PF,4718,16.20331382751465,17.278945922851562,16.175241470336914,17.245098114013672,19.785266876220703,20.83865165710449,S1
A2-0,42,ood(-20C),06-24-17_19.29 n20degC_Cycle_3_Pan18650PF,4695,16.29913330078125,17.25836753845215,16.251310348510742,17.216264724731445,21.421072006225582,22.86958122253418,S1
A2-0,42,ood(-20C),06-25-17_03.01 n20degC_Cycle_4_Pan18650PF,4715,13.217724800109863,14.299888610839844,13.189414978027344,14.268568992614746,15.192038536071776,16.475021362304688,S1
A2-0,42,ood(-20C),06-25-17_10.31 n20degC_US06_Pan18650PF,2333,17.03714370727539,18.06881523132324,16.91422462463379,17.93934440612793,20.965356826782227,22.70032501220703,S1
A2-0,101,val(25C),03-21-17_00.29 25degC_UDDS_Pan18650PF,22119,1.5091198682785034,1.080152988433838,1.4729361534118652,0.9363548159599304,2.8923842906951904,4.025827407836914,S1
A2-0,101,test_id(25C),03-18-17_02.17 25degC_Cycle_1_Pan18650PF,10655,0.5577367544174194,0.6965458393096924,0.4274957478046417,0.5884595513343811,2.85761833190918,2.3541884422302246,S1
A2-0,101,test_id(25C),03-19-17_03.25 25degC_Cycle_2_Pan18650PF,10819,0.7980073094367981,0.6909316778182983,0.6773711442947388,0.4563565254211426,3.8061656951904297,3.433681011199951,S1
A2-0,101,test_id(25C),03-19-17_09.07 25degC_Cycle_3_Pan18650PF,9936,0.5716968774795532,0.4128898680210113,0.526796817779541,0.2818402051925659,1.0240869522094729,1.6981067657470703,S1
A2-0,101,test_id(25C),03-19-17_14.31 25degC_Cycle_4_Pan18650PF,11778,0.9032625555992126,0.6360763907432556,0.7918484807014465,0.4839081168174743,3.374241828918457,3.240394830703736,S1
A2-0,101,ood(10C),03-27-17_09.06 10degC_HWFET_Pan18650PF,10263,2.4030654430389404,2.680060148239136,1.952929139137268,2.04156494140625,8.288605690002441,8.084792137145996,S1
A2-0,101,ood(10C),03-27-17_09.06 10degC_LA92_Pan18650PF,15817,1.838112235069275,2.423593521118164,1.6532007455825806,2.071823835372925,3.1014151573181152,4.06226921081543,S1
A2-0,101,ood(10C),03-27-17_09.06 10degC_NN_Pan18650PF,13750,1.384708285331726,1.892914175987244,1.2487564086914062,1.5944992303848269,2.603825330734253,3.456207275390625,S1
A2-0,101,ood(10C),03-27-17_09.06 10degC_UDDS_Pan18650PF,24281,0.7483742237091064,1.202339768409729,0.6570649743080139,1.0763750076293943,2.0992648601531982,3.1843667030334477,S1
A2-0,101,ood(10C),03-27-17_09.06 10degC_US06_Pan18650PF,3882,2.582253932952881,3.241551399230957,2.507454872131348,3.2040414810180664,3.63446307182312,4.275477409362793,S1
A2-0,101,ood(10C),03-28-17_12.51 10degC_Cycle_1_Pan18650PF,9067,1.8653419017791748,2.601482629776001,1.7895753383636477,2.558617353439331,2.57422423362732,3.405571222305298,S1
A2-0,101,ood(10C),03-28-17_18.18 10degC_Cycle_2_Pan18650PF,7795,3.0697789192199707,3.838096857070923,3.0289480686187744,3.810378789901733,4.284008502960205,5.374628067016602,S1
A2-0,101,ood(10C),04-05-17_17.04 10degC_Cycle_3_Pan18650PF,9769,2.631728172302246,3.3587474822998047,2.4990668296813965,3.2267985343933105,6.371574878692627,7.382237434387207,S1
A2-0,101,ood(10C),04-05-17_22.50 10degC_Cycle_4_Pan18650PF,9589,1.091448426246643,1.7888166904449463,1.0099141597747805,1.6974623203277588,1.8464959859848025,2.74269700050354,S1
A2-0,101,ood(0C),05-30-17_12.56 0degC_Cycle_1_Pan18650PF,8487,4.934931755065918,5.785735607147217,4.733814239501953,5.592029571533203,7.470005512237549,8.967686653137207,S1
A2-0,101,ood(0C),05-30-17_20.16 0degC_Cycle_2_Pan18650PF,8060,5.283172130584717,6.097026824951172,4.996809482574463,5.767096519470215,9.116023063659668,10.146190643310549,S1
A2-0,101,ood(0C),06-01-17_10.36 0degC_LA92_Pan18650PF,15077,2.095378875732422,2.643887519836426,1.7240800857543943,2.0020463466644287,3.831493616104126,4.76667594909668,S1
A2-0,101,ood(0C),06-01-17_10.36 0degC_NN_Pan18650PF,13148,1.457082748413086,1.8831323385238647,1.2210693359375,1.3534245491027832,3.2343292236328125,4.167672157287598,S1
A2-0,101,ood(0C),06-01-17_15.36 0degC_Cycle_3_Pan18650PF,5931,6.142489433288574,6.881772994995117,5.865081310272217,6.556137561798096,8.96208667755127,10.173644065856934,S1
A2-0,101,ood(0C),06-01-17_22.03 0degC_Cycle_4_Pan18650PF,7389,3.171359062194824,3.99075984954834,3.049534559249878,3.894005298614502,4.093801021575928,5.089694976806641,S1
A2-0,101,ood(0C),06-02-17_04.58 0degC_US06_Pan18650PF,3344,6.671102523803711,7.446750640869141,6.200530529022217,6.899565696716309,8.390694618225098,9.630285263061523,S1
A2-0,101,ood(0C),06-02-17_10.43 0degC_HWFET_Pan18650PF,5670,7.212000370025635,7.988089561462402,6.990440368652344,7.78122091293335,9.013738632202148,10.068570137023926,S1
A2-0,101,ood(0C),06-02-17_17.14 0degC_UDDS_Pan18650PF,12540,3.190485954284668,3.993656635284424,2.9935877323150635,3.827688694000244,4.677614212036133,5.681015968322754,S1
A2-0,101,ood(-10C),06-07-17_08.39 n10degC_HWFET_Pan18650PF,11951,3.4016926288604736,3.8540759086608887,2.381418228149414,2.506157636642456,8.346379280090332,9.144685745239258,S1
A2-0,101,ood(-10C),06-07-17_08.39 n10degC_LA92_Pan18650PF,13765,3.662468671798706,4.180261611938477,2.644167900085449,2.8657896518707275,8.308347702026367,9.223827362060549,S1
A2-0,101,ood(-10C),06-07-17_08.39 n10degC_UDDS_Pan18650PF,17786,4.724403381347656,5.3295769691467285,3.696313142776489,4.094179630279541,8.852611541748047,9.776721954345703,S1
A2-0,101,ood(-10C),06-07-17_08.39 n10degC_US06_Pan18650PF,9929,1.5720794200897217,1.8729442358016968,1.2001672983169556,1.1231595277786257,4.790685653686523,5.500394344329834,S1
A2-0,101,ood(-10C),06-10-17_11.25 n10degC_Cycle_1_Pan18650PF,5706,6.60512638092041,7.4262003898620605,6.451104164123535,7.293733596801758,8.205490112304688,8.942340850830078,S1
A2-0,101,ood(-10C),06-10-17_18.35 n10degC_Cycle_2_Pan18650PF,5654,12.16176986694336,13.000621795654297,12.135697364807127,12.976137161254885,13.866462707519531,14.910391807556152,S1
A2-0,101,ood(-10C),06-11-17_01.39 n10degC_Cycle_3_Pan18650PF,5368,12.64407730102539,13.481298446655272,12.542119026184082,13.38448429107666,16.49686050415039,17.41669273376465,S1
A2-0,101,ood(-10C),06-11-17_08.42 n10degC_Cycle_4_Pan18650PF,5791,5.355126857757568,6.119591236114502,4.935229301452637,5.644433975219727,8.565593719482422,9.493947982788086,S1
A2-0,101,ood(-10C),06-14-17_13.12 n10degC_NN_Pan18650PF,4939,11.515380859375,12.362313270568848,11.487773895263672,12.334484100341797,13.074525833129885,14.057489395141602,S1
A2-0,101,ood(-20C),06-23-17_23.35 n20degC_HWFET_Pan18650PF,11042,1.3390394449234009,1.6933512687683103,0.9279404282569884,1.110058069229126,4.958640575408936,5.792338848114014,S1
A2-0,101,ood(-20C),06-23-17_23.35 n20degC_LA92_Pan18650PF,12521,1.699766755104065,2.1730096340179443,1.2532685995101929,1.521617412567139,5.283014297485352,6.1865315437316895,S1
A2-0,101,ood(-20C),06-23-17_23.35 n20degC_NN_Pan18650PF,11350,1.1017630100250244,1.1277189254760742,0.8814716339111328,0.6006997227668762,3.7301185131073,4.654315948486328,S1
A2-0,101,ood(-20C),06-23-17_23.35 n20degC_UDDS_Pan18650PF,15753,5.160928726196289,5.761237144470215,3.931597948074341,4.29148006439209,10.603472709655762,11.523398399353027,S1
A2-0,101,ood(-20C),06-24-17_04.29 n20degC_Cycle_1_Pan18650PF,4752,17.6080379486084,18.45270156860352,17.551179885864258,18.395273208618164,20.16110610961914,21.116680145263672,S1
A2-0,101,ood(-20C),06-24-17_11.58 n20degC_Cycle_2_Pan18650PF,4718,16.20331382751465,17.039581298828125,16.175241470336914,17.011550903320312,19.785266876220703,20.666736602783203,S1
A2-0,101,ood(-20C),06-24-17_19.29 n20degC_Cycle_3_Pan18650PF,4695,16.29913330078125,17.128944396972656,16.251310348510742,17.08235740661621,21.421072006225582,22.48362922668457,S1
A2-0,101,ood(-20C),06-25-17_03.01 n20degC_Cycle_4_Pan18650PF,4715,13.217724800109863,14.082636833190918,13.189414978027344,14.051249504089355,15.192038536071776,16.435503005981445,S1
A2-0,101,ood(-20C),06-25-17_10.31 n20degC_US06_Pan18650PF,2333,17.03714370727539,17.947021484375,16.91422462463379,17.83384895324707,20.965356826782227,21.969858169555664,S1
A2-0,202,val(25C),03-21-17_00.29 25degC_UDDS_Pan18650PF,22119,1.5091198682785034,1.0582656860351562,1.4729361534118652,0.9140238165855408,2.8923842906951904,3.831933975219727,S1
A2-0,202,test_id(25C),03-18-17_02.17 25degC_Cycle_1_Pan18650PF,10655,0.5577367544174194,0.7229868173599243,0.4274957478046417,0.591137707233429,2.85761833190918,2.617757558822632,S1
A2-0,202,test_id(25C),03-19-17_03.25 25degC_Cycle_2_Pan18650PF,10819,0.7980073094367981,0.7142772674560547,0.6773711442947388,0.485049843788147,3.8061656951904297,3.932509422302246,S1
A2-0,202,test_id(25C),03-19-17_09.07 25degC_Cycle_3_Pan18650PF,9936,0.5716968774795532,0.4683433771133423,0.526796817779541,0.3211635947227478,1.0240869522094729,1.6760834455490112,S1
A2-0,202,test_id(25C),03-19-17_14.31 25degC_Cycle_4_Pan18650PF,11778,0.9032625555992126,0.7910338044166565,0.7918484807014465,0.5335351228713989,3.374241828918457,3.7729837894439697,S1
A2-0,202,ood(10C),03-27-17_09.06 10degC_HWFET_Pan18650PF,10263,2.4030654430389404,2.614041566848755,1.952929139137268,2.1242034435272217,8.288605690002441,8.23054027557373,S1
A2-0,202,ood(10C),03-27-17_09.06 10degC_LA92_Pan18650PF,15817,1.838112235069275,2.447860717773437,1.6532007455825806,2.1827831268310547,3.1014151573181152,4.275576591491699,S1
A2-0,202,ood(10C),03-27-17_09.06 10degC_NN_Pan18650PF,13750,1.384708285331726,1.932604193687439,1.2487564086914062,1.7182029485702517,2.603825330734253,3.7057504653930655,S1
A2-0,202,ood(10C),03-27-17_09.06 10degC_UDDS_Pan18650PF,24281,0.7483742237091064,1.267876386642456,0.6570649743080139,1.1827486753463743,2.0992648601531982,3.1255345344543457,S1
A2-0,202,ood(10C),03-27-17_09.06 10degC_US06_Pan18650PF,3882,2.582253932952881,3.219320297241211,2.507454872131348,3.160796642303467,3.63446307182312,4.570851802825928,S1
A2-0,202,ood(10C),03-28-17_12.51 10degC_Cycle_1_Pan18650PF,9067,1.8653419017791748,2.637601137161255,1.7895753383636477,2.578464269638061,2.57422423362732,3.7588863372802734,S1
A2-0,202,ood(10C),03-28-17_18.18 10degC_Cycle_2_Pan18650PF,7795,3.0697789192199707,3.8140828609466553,3.0289480686187744,3.7751662731170654,4.284008502960205,5.635705471038818,S1
A2-0,202,ood(10C),04-05-17_17.04 10degC_Cycle_3_Pan18650PF,9769,2.631728172302246,3.3900821208953857,2.4990668296813965,3.24788498878479,6.371574878692627,6.681606769561768,S1
A2-0,202,ood(10C),04-05-17_22.50 10degC_Cycle_4_Pan18650PF,9589,1.091448426246643,1.8218798637390137,1.0099141597747805,1.7099308967590332,1.8464959859848025,2.8762478828430176,S1
A2-0,202,ood(0C),05-30-17_12.56 0degC_Cycle_1_Pan18650PF,8487,4.934931755065918,5.794557094573975,4.733814239501953,5.566349983215332,7.470005512237549,9.42402458190918,S1
A2-0,202,ood(0C),05-30-17_20.16 0degC_Cycle_2_Pan18650PF,8060,5.283172130584717,6.078315734863281,4.996809482574463,5.722228527069092,9.116023063659668,10.453832626342772,S1
A2-0,202,ood(0C),06-01-17_10.36 0degC_LA92_Pan18650PF,15077,2.095378875732422,2.6580617427825928,1.7240800857543943,2.2242770195007324,3.831493616104126,4.713222026824951,S1
A2-0,202,ood(0C),06-01-17_10.36 0degC_NN_Pan18650PF,13148,1.457082748413086,1.9238725900650024,1.2210693359375,1.6125940084457395,3.2343292236328125,4.170690536499023,S1
A2-0,202,ood(0C),06-01-17_15.36 0degC_Cycle_3_Pan18650PF,5931,6.142489433288574,6.795267105102539,5.865081310272217,6.455806732177734,8.96208667755127,10.113503456115724,S1
A2-0,202,ood(0C),06-01-17_22.03 0degC_Cycle_4_Pan18650PF,7389,3.171359062194824,3.987433195114136,3.049534559249878,3.880974292755127,4.093801021575928,5.369248390197754,S1
A2-0,202,ood(0C),06-02-17_04.58 0degC_US06_Pan18650PF,3344,6.671102523803711,7.286987781524658,6.200530529022217,6.728215217590332,8.390694618225098,9.554716110229492,S1
A2-0,202,ood(0C),06-02-17_10.43 0degC_HWFET_Pan18650PF,5670,7.212000370025635,8.001298904418945,6.990440368652344,7.791582107543945,9.013738632202148,10.325913429260254,S1
A2-0,202,ood(0C),06-02-17_17.14 0degC_UDDS_Pan18650PF,12540,3.190485954284668,4.054317951202393,2.9935877323150635,3.8592355251312256,4.677614212036133,5.986088275909424,S1
A2-0,202,ood(-10C),06-07-17_08.39 n10degC_HWFET_Pan18650PF,11951,3.4016926288604736,3.8968000411987305,2.381418228149414,2.8682093620300293,8.346379280090332,9.262846946716309,S1
A2-0,202,ood(-10C),06-07-17_08.39 n10degC_LA92_Pan18650PF,13765,3.662468671798706,4.184588432312012,2.644167900085449,3.1724867820739746,8.308347702026367,9.143199920654297,S1
A2-0,202,ood(-10C),06-07-17_08.39 n10degC_UDDS_Pan18650PF,17786,4.724403381347656,5.376272201538086,3.696313142776489,4.371983528137207,8.852611541748047,10.014464378356934,S1
A2-0,202,ood(-10C),06-07-17_08.39 n10degC_US06_Pan18650PF,9929,1.5720794200897217,1.91748309135437,1.2001672983169556,1.5004292726516724,4.790685653686523,5.765152454376221,S1
A2-0,202,ood(-10C),06-10-17_11.25 n10degC_Cycle_1_Pan18650PF,5706,6.60512638092041,7.401330471038818,6.451104164123535,7.287722587585449,8.205490112304688,9.11212158203125,S1
A2-0,202,ood(-10C),06-10-17_18.35 n10degC_Cycle_2_Pan18650PF,5654,12.16176986694336,12.927483558654783,12.135697364807127,12.900714874267578,13.866462707519531,14.828125,S1
A2-0,202,ood(-10C),06-11-17_01.39 n10degC_Cycle_3_Pan18650PF,5368,12.64407730102539,13.377659797668455,12.542119026184082,13.27869701385498,16.49686050415039,17.20647621154785,S1
A2-0,202,ood(-10C),06-11-17_08.42 n10degC_Cycle_4_Pan18650PF,5791,5.355126857757568,6.040674209594727,4.935229301452637,5.599563121795654,8.565593719482422,9.441744804382324,S1
A2-0,202,ood(-10C),06-14-17_13.12 n10degC_NN_Pan18650PF,4939,11.515380859375,12.27059841156006,11.487773895263672,12.235129356384276,13.074525833129885,13.999013900756836,S1
A2-0,202,ood(-20C),06-23-17_23.35 n20degC_HWFET_Pan18650PF,11042,1.3390394449234009,1.8741273880004885,0.9279404282569884,1.5652176141738892,4.958640575408936,5.647598743438721,S1
A2-0,202,ood(-20C),06-23-17_23.35 n20degC_LA92_Pan18650PF,12521,1.699766755104065,2.2976906299591064,1.2532685995101929,1.9319030046463013,5.283014297485352,6.065281391143799,S1
A2-0,202,ood(-20C),06-23-17_23.35 n20degC_NN_Pan18650PF,11350,1.1017630100250244,1.3424954414367676,0.8814716339111328,1.044731855392456,3.7301185131073,4.470449447631836,S1
A2-0,202,ood(-20C),06-23-17_23.35 n20degC_UDDS_Pan18650PF,15753,5.160928726196289,5.846922874450684,3.931597948074341,4.664256572723389,10.603472709655762,11.32380485534668,S1
A2-0,202,ood(-20C),06-24-17_04.29 n20degC_Cycle_1_Pan18650PF,4752,17.6080379486084,18.37802124023437,17.551179885864258,18.315439224243164,20.16110610961914,21.396520614624023,S1
A2-0,202,ood(-20C),06-24-17_11.58 n20degC_Cycle_2_Pan18650PF,4718,16.20331382751465,16.93355369567871,16.175241470336914,16.897600173950195,19.785266876220703,20.67707633972168,S1
A2-0,202,ood(-20C),06-24-17_19.29 n20degC_Cycle_3_Pan18650PF,4695,16.29913330078125,16.98824119567871,16.251310348510742,16.946489334106445,21.421072006225582,22.222570419311523,S1
A2-0,202,ood(-20C),06-25-17_03.01 n20degC_Cycle_4_Pan18650PF,4715,13.217724800109863,14.030953407287598,13.189414978027344,13.988037109375,15.192038536071776,16.464879989624023,S1
A2-0,202,ood(-20C),06-25-17_10.31 n20degC_US06_Pan18650PF,2333,17.03714370727539,17.69198989868164,16.91422462463379,17.571313858032227,20.965356826782227,21.7971248626709,S1
A2-0,303,val(25C),03-21-17_00.29 25degC_UDDS_Pan18650PF,22119,1.5091198682785034,1.015852451324463,1.4729361534118652,0.8610360026359558,2.8923842906951904,3.8275673389434814,S1
A2-0,303,test_id(25C),03-18-17_02.17 25degC_Cycle_1_Pan18650PF,10655,0.5577367544174194,0.715183675289154,0.4274957478046417,0.5923455357551575,2.85761833190918,2.283362865447998,S1
A2-0,303,test_id(25C),03-19-17_03.25 25degC_Cycle_2_Pan18650PF,10819,0.7980073094367981,0.7242509722709656,0.6773711442947388,0.4617902338504791,3.8061656951904297,3.882599353790283,S1
A2-0,303,test_id(25C),03-19-17_09.07 25degC_Cycle_3_Pan18650PF,9936,0.5716968774795532,0.4427875876426697,0.526796817779541,0.309548944234848,1.0240869522094729,1.4974769353866575,S1
A2-0,303,test_id(25C),03-19-17_14.31 25degC_Cycle_4_Pan18650PF,11778,0.9032625555992126,0.7286547422409058,0.7918484807014465,0.521113395690918,3.374241828918457,3.5099282264709477,S1
A2-0,303,ood(10C),03-27-17_09.06 10degC_HWFET_Pan18650PF,10263,2.4030654430389404,2.903340101242065,1.952929139137268,2.3744430541992188,8.288605690002441,8.314462661743164,S1
A2-0,303,ood(10C),03-27-17_09.06 10degC_LA92_Pan18650PF,15817,1.838112235069275,2.810253858566284,1.6532007455825806,2.5220773220062256,3.1014151573181152,4.591548919677734,S1
A2-0,303,ood(10C),03-27-17_09.06 10degC_NN_Pan18650PF,13750,1.384708285331726,2.254760980606079,1.2487564086914062,2.0278987884521484,2.603825330734253,3.9870028495788574,S1
A2-0,303,ood(10C),03-27-17_09.06 10degC_UDDS_Pan18650PF,24281,0.7483742237091064,1.5795564651489258,0.6570649743080139,1.4744610786437988,2.0992648601531982,3.388568639755249,S1
A2-0,303,ood(10C),03-27-17_09.06 10degC_US06_Pan18650PF,3882,2.582253932952881,3.5187995433807373,2.507454872131348,3.476661205291748,3.63446307182312,4.734251499176025,S1
A2-0,303,ood(10C),03-28-17_12.51 10degC_Cycle_1_Pan18650PF,9067,1.8653419017791748,2.9884393215179443,1.7895753383636477,2.9380946159362797,2.57422423362732,3.9908947944641113,S1
A2-0,303,ood(10C),03-28-17_18.18 10degC_Cycle_2_Pan18650PF,7795,3.0697789192199707,4.218473434448242,3.0289480686187744,4.187933921813965,4.284008502960205,5.711130142211914,S1
A2-0,303,ood(10C),04-05-17_17.04 10degC_Cycle_3_Pan18650PF,9769,2.631728172302246,3.735247850418091,2.4990668296813965,3.619075536727905,6.371574878692627,6.9303789138793945,S1
A2-0,303,ood(10C),04-05-17_22.50 10degC_Cycle_4_Pan18650PF,9589,1.091448426246643,2.15685510635376,1.0099141597747805,2.0750577449798584,1.8464959859848025,3.144537925720215,S1
A2-0,303,ood(0C),05-30-17_12.56 0degC_Cycle_1_Pan18650PF,8487,4.934931755065918,6.17336893081665,4.733814239501953,5.990248680114746,7.470005512237549,9.357553482055664,S1
A2-0,303,ood(0C),05-30-17_20.16 0degC_Cycle_2_Pan18650PF,8060,5.283172130584717,6.5118088722229,4.996809482574463,6.1768975257873535,9.116023063659668,10.624021530151367,S1
A2-0,303,ood(0C),06-01-17_10.36 0degC_LA92_Pan18650PF,15077,2.095378875732422,3.0505406856536865,1.7240800857543943,2.6068294048309326,3.831493616104126,5.395918846130371,S1
A2-0,303,ood(0C),06-01-17_10.36 0degC_NN_Pan18650PF,13148,1.457082748413086,2.270838975906372,1.2210693359375,1.9566813707351685,3.2343292236328125,4.604173183441162,S1
A2-0,303,ood(0C),06-01-17_15.36 0degC_Cycle_3_Pan18650PF,5931,6.142489433288574,7.225674629211426,5.865081310272217,6.874905109405518,8.96208667755127,10.611252784729004,S1
A2-0,303,ood(0C),06-01-17_22.03 0degC_Cycle_4_Pan18650PF,7389,3.171359062194824,4.423630714416504,3.049534559249878,4.331178665161133,4.093801021575928,5.732293128967285,S1
A2-0,303,ood(0C),06-02-17_04.58 0degC_US06_Pan18650PF,3344,6.671102523803711,7.736216068267822,6.200530529022217,7.170788764953613,8.390694618225098,10.149097442626951,S1
A2-0,303,ood(0C),06-02-17_10.43 0degC_HWFET_Pan18650PF,5670,7.212000370025635,8.406734466552734,6.990440368652344,8.204716682434082,9.013738632202148,10.568843841552734,S1
A2-0,303,ood(0C),06-02-17_17.14 0degC_UDDS_Pan18650PF,12540,3.190485954284668,4.443190574645996,2.9935877323150635,4.286415576934815,4.677614212036133,6.330092430114746,S1
A2-0,303,ood(-10C),06-07-17_08.39 n10degC_HWFET_Pan18650PF,11951,3.4016926288604736,4.229871273040772,2.381418228149414,3.2061712741851807,8.346379280090332,9.564885139465332,S1
A2-0,303,ood(-10C),06-07-17_08.39 n10degC_LA92_Pan18650PF,13765,3.662468671798706,4.591686248779297,2.644167900085449,3.5646603107452397,8.308347702026367,9.90703582763672,S1
A2-0,303,ood(-10C),06-07-17_08.39 n10degC_UDDS_Pan18650PF,17786,4.724403381347656,5.800512790679932,3.696313142776489,4.7823591232299805,8.852611541748047,10.410626411437988,S1
A2-0,303,ood(-10C),06-07-17_08.39 n10degC_US06_Pan18650PF,9929,1.5720794200897217,2.2916100025177,1.2001672983169556,1.858388304710388,4.790685653686523,6.249917984008789,S1
A2-0,303,ood(-10C),06-10-17_11.25 n10degC_Cycle_1_Pan18650PF,5706,6.60512638092041,7.905314445495605,6.451104164123535,7.785395622253418,8.205490112304688,9.427966117858888,S1
A2-0,303,ood(-10C),06-10-17_18.35 n10degC_Cycle_2_Pan18650PF,5654,12.16176986694336,13.486668586730955,12.135697364807127,13.464290618896484,13.866462707519531,15.207619667053224,S1
A2-0,303,ood(-10C),06-11-17_01.39 n10degC_Cycle_3_Pan18650PF,5368,12.64407730102539,13.962190628051758,12.542119026184082,13.873213768005373,16.49686050415039,17.731082916259766,S1
A2-0,303,ood(-10C),06-11-17_08.42 n10degC_Cycle_4_Pan18650PF,5791,5.355126857757568,6.595348358154297,4.935229301452637,6.114669322967529,8.565593719482422,10.242429733276367,S1
A2-0,303,ood(-10C),06-14-17_13.12 n10degC_NN_Pan18650PF,4939,11.515380859375,12.808941841125488,11.487773895263672,12.78156280517578,13.074525833129885,14.409591674804688,S1
A2-0,303,ood(-20C),06-23-17_23.35 n20degC_HWFET_Pan18650PF,11042,1.3390394449234009,2.207849740982056,0.9279404282569884,1.8732329607009888,4.958640575408936,6.370765686035156,S1
A2-0,303,ood(-20C),06-23-17_23.35 n20degC_LA92_Pan18650PF,12521,1.699766755104065,2.7033519744873047,1.2532685995101929,2.2871193885803223,5.283014297485352,6.859498500823975,S1
A2-0,303,ood(-20C),06-23-17_23.35 n20degC_NN_Pan18650PF,11350,1.1017630100250244,1.6157095432281494,0.8814716339111328,1.290882229804993,3.7301185131073,5.259991645812988,S1
A2-0,303,ood(-20C),06-23-17_23.35 n20degC_UDDS_Pan18650PF,15753,5.160928726196289,6.299622058868408,3.931597948074341,5.060836315155029,10.603472709655762,12.269657135009766,S1
A2-0,303,ood(-20C),06-24-17_04.29 n20degC_Cycle_1_Pan18650PF,4752,17.6080379486084,19.044946670532227,17.551179885864258,18.990375518798828,20.16110610961914,21.852840423583984,S1
A2-0,303,ood(-20C),06-24-17_11.58 n20degC_Cycle_2_Pan18650PF,4718,16.20331382751465,17.612682342529297,16.175241470336914,17.584327697753906,19.785266876220703,21.11251640319824,S1
A2-0,303,ood(-20C),06-24-17_19.29 n20degC_Cycle_3_Pan18650PF,4695,16.29913330078125,17.715009689331055,16.251310348510742,17.674041748046875,21.421072006225582,22.810997009277344,S1
A2-0,303,ood(-20C),06-25-17_03.01 n20degC_Cycle_4_Pan18650PF,4715,13.217724800109863,14.6774320602417,13.189414978027344,14.644891738891602,15.192038536071776,17.283716201782227,S1
A2-0,303,ood(-20C),06-25-17_10.31 n20degC_US06_Pan18650PF,2333,17.03714370727539,18.411836624145508,16.91422462463379,18.302982330322266,20.965356826782227,22.54011344909668,S1
A2-0,404,val(25C),03-21-17_00.29 25degC_UDDS_Pan18650PF,22119,1.5091198682785034,1.0434985160827637,1.4729361534118652,0.9213986396789552,2.8923842906951904,3.485300064086914,S1
A2-0,404,test_id(25C),03-18-17_02.17 25degC_Cycle_1_Pan18650PF,10655,0.5577367544174194,0.7032902836799622,0.4274957478046417,0.5795009732246399,2.85761833190918,2.2095718383789062,S1
A2-0,404,test_id(25C),03-19-17_03.25 25degC_Cycle_2_Pan18650PF,10819,0.7980073094367981,0.6920093297958374,0.6773711442947388,0.471824049949646,3.8061656951904297,4.476004123687744,S1
A2-0,404,test_id(25C),03-19-17_09.07 25degC_Cycle_3_Pan18650PF,9936,0.5716968774795532,0.4344484508037567,0.526796817779541,0.3164393603801727,1.0240869522094729,1.604106068611145,S1
A2-0,404,test_id(25C),03-19-17_14.31 25degC_Cycle_4_Pan18650PF,11778,0.9032625555992126,0.6588770151138306,0.7918484807014465,0.484739750623703,3.374241828918457,3.0710699558258057,S1
A2-0,404,ood(10C),03-27-17_09.06 10degC_HWFET_Pan18650PF,10263,2.4030654430389404,2.3574137687683105,1.952929139137268,1.8882713317871092,8.288605690002441,7.419021606445312,S1
A2-0,404,ood(10C),03-27-17_09.06 10degC_LA92_Pan18650PF,15817,1.838112235069275,2.41428279876709,1.6532007455825806,2.1490066051483154,3.1014151573181152,4.3635783195495605,S1
A2-0,404,ood(10C),03-27-17_09.06 10degC_NN_Pan18650PF,13750,1.384708285331726,1.8844451904296875,1.2487564086914062,1.6616805791854858,2.603825330734253,3.754571437835693,S1
A2-0,404,ood(10C),03-27-17_09.06 10degC_UDDS_Pan18650PF,24281,0.7483742237091064,1.1890549659729004,0.6570649743080139,1.104883313179016,2.0992648601531982,3.2001309394836426,S1
A2-0,404,ood(10C),03-27-17_09.06 10degC_US06_Pan18650PF,3882,2.582253932952881,3.2187321186065674,2.507454872131348,3.145615816116333,3.63446307182312,4.626541614532471,S1
A2-0,404,ood(10C),03-28-17_12.51 10degC_Cycle_1_Pan18650PF,9067,1.8653419017791748,2.520224571228028,1.7895753383636477,2.456664562225342,2.57422423362732,3.5025737285614014,S1
A2-0,404,ood(10C),03-28-17_18.18 10degC_Cycle_2_Pan18650PF,7795,3.0697789192199707,3.722854852676392,3.0289480686187744,3.6759400367736816,4.284008502960205,5.486856460571289,S1
A2-0,404,ood(10C),04-05-17_17.04 10degC_Cycle_3_Pan18650PF,9769,2.631728172302246,3.2632737159729004,2.4990668296813965,3.1211626529693604,6.371574878692627,6.05077600479126,S1
A2-0,404,ood(10C),04-05-17_22.50 10degC_Cycle_4_Pan18650PF,9589,1.091448426246643,1.726221203804016,1.0099141597747805,1.5995720624923706,1.8464959859848025,2.9444942474365234,S1
A2-0,404,ood(0C),05-30-17_12.56 0degC_Cycle_1_Pan18650PF,8487,4.934931755065918,5.304117679595947,4.733814239501953,5.02074146270752,7.470005512237549,8.166836738586426,S1
A2-0,404,ood(0C),05-30-17_20.16 0degC_Cycle_2_Pan18650PF,8060,5.283172130584717,5.686398029327393,4.996809482574463,5.3096842765808105,9.116023063659668,10.19858455657959,S1
A2-0,404,ood(0C),06-01-17_10.36 0degC_LA92_Pan18650PF,15077,2.095378875732422,2.545064926147461,1.7240800857543943,2.105949640274048,3.831493616104126,4.5040693283081055,S1
A2-0,404,ood(0C),06-01-17_10.36 0degC_NN_Pan18650PF,13148,1.457082748413086,1.7876970767974854,1.2210693359375,1.4794450998306274,3.2343292236328125,3.880940198898315,S1
A2-0,404,ood(0C),06-01-17_15.36 0degC_Cycle_3_Pan18650PF,5931,6.142489433288574,6.6322021484375,5.865081310272217,6.274665832519531,8.96208667755127,10.037195205688477,S1
A2-0,404,ood(0C),06-01-17_22.03 0degC_Cycle_4_Pan18650PF,7389,3.171359062194824,3.7859370708465576,3.049534559249878,3.6681559085845943,4.093801021575928,5.261427879333496,S1
A2-0,404,ood(0C),06-02-17_04.58 0degC_US06_Pan18650PF,3344,6.671102523803711,7.181690692901611,6.200530529022217,6.62789249420166,8.390694618225098,9.484827995300291,S1
A2-0,404,ood(0C),06-02-17_10.43 0degC_HWFET_Pan18650PF,5670,7.212000370025635,7.424051761627197,6.990440368652344,7.17393684387207,9.013738632202148,10.084471702575684,S1
A2-0,404,ood(0C),06-02-17_17.14 0degC_UDDS_Pan18650PF,12540,3.190485954284668,3.913623332977295,2.9935877323150635,3.702500104904175,4.677614212036133,5.879496097564697,S1
A2-0,404,ood(-10C),06-07-17_08.39 n10degC_HWFET_Pan18650PF,11951,3.4016926288604736,3.620673894882202,2.381418228149414,2.6143698692321777,8.346379280090332,8.748433113098145,S1
A2-0,404,ood(-10C),06-07-17_08.39 n10degC_LA92_Pan18650PF,13765,3.662468671798706,4.035211563110352,2.644167900085449,2.986816644668579,8.308347702026367,9.010700225830078,S1
A2-0,404,ood(-10C),06-07-17_08.39 n10degC_UDDS_Pan18650PF,17786,4.724403381347656,5.216990470886231,3.696313142776489,4.18556547164917,8.852611541748047,9.620238304138184,S1
A2-0,404,ood(-10C),06-07-17_08.39 n10degC_US06_Pan18650PF,9929,1.5720794200897217,1.7560203075408936,1.2001672983169556,1.3194913864135742,4.790685653686523,5.082816123962402,S1
A2-0,404,ood(-10C),06-10-17_11.25 n10degC_Cycle_1_Pan18650PF,5706,6.60512638092041,7.11225175857544,6.451104164123535,6.9954986572265625,8.205490112304688,8.491373062133789,S1
A2-0,404,ood(-10C),06-10-17_18.35 n10degC_Cycle_2_Pan18650PF,5654,12.16176986694336,12.681782722473145,12.135697364807127,12.652718544006348,13.866462707519531,14.610544204711914,S1
A2-0,404,ood(-10C),06-11-17_01.39 n10degC_Cycle_3_Pan18650PF,5368,12.64407730102539,13.145553588867188,12.542119026184082,13.043067932128906,16.49686050415039,16.80852699279785,S1
A2-0,404,ood(-10C),06-11-17_08.42 n10degC_Cycle_4_Pan18650PF,5791,5.355126857757568,5.8609466552734375,4.935229301452637,5.416899681091309,8.565593719482422,9.285144805908203,S1
A2-0,404,ood(-10C),06-14-17_13.12 n10degC_NN_Pan18650PF,4939,11.515380859375,12.074575424194336,11.487773895263672,12.039121627807615,13.074525833129885,13.770710945129396,S1
A2-0,404,ood(-20C),06-23-17_23.35 n20degC_HWFET_Pan18650PF,11042,1.3390394449234009,1.667614221572876,0.9279404282569884,1.3258920907974243,4.958640575408936,5.423382759094238,S1
A2-0,404,ood(-20C),06-23-17_23.35 n20degC_LA92_Pan18650PF,12521,1.699766755104065,2.1064116954803467,1.2532685995101929,1.6954766511917114,5.283014297485352,5.925558567047119,S1
A2-0,404,ood(-20C),06-23-17_23.35 n20degC_NN_Pan18650PF,11350,1.1017630100250244,1.171688199043274,0.8814716339111328,0.8697215914726257,3.7301185131073,4.245370864868164,S1
A2-0,404,ood(-20C),06-23-17_23.35 n20degC_UDDS_Pan18650PF,15753,5.160928726196289,5.680056571960449,3.931597948074341,4.438241481781006,10.603472709655762,11.347869873046877,S1
A2-0,404,ood(-20C),06-24-17_04.29 n20degC_Cycle_1_Pan18650PF,4752,17.6080379486084,18.21660804748535,17.551179885864258,18.15093231201172,20.16110610961914,21.349136352539062,S1
A2-0,404,ood(-20C),06-24-17_11.58 n20degC_Cycle_2_Pan18650PF,4718,16.20331382751465,16.740554809570312,16.175241470336914,16.711219787597656,19.785266876220703,19.95634078979492,S1
A2-0,404,ood(-20C),06-24-17_19.29 n20degC_Cycle_3_Pan18650PF,4695,16.29913330078125,16.829185485839844,16.251310348510742,16.78610610961914,21.421072006225582,22.38932037353516,S1
A2-0,404,ood(-20C),06-25-17_03.01 n20degC_Cycle_4_Pan18650PF,4715,13.217724800109863,13.85336971282959,13.189414978027344,13.808320045471191,15.192038536071776,16.30225944519043,S1
A2-0,404,ood(-20C),06-25-17_10.31 n20degC_US06_Pan18650PF,2333,17.03714370727539,17.510114669799805,16.91422462463379,17.39603614807129,20.965356826782227,21.670541763305664,S1
A2-0,505,val(25C),03-21-17_00.29 25degC_UDDS_Pan18650PF,22119,1.5091198682785034,1.052146553993225,1.4729361534118652,0.8990664482116699,2.8923842906951904,3.572582244873047,S1
A2-0,505,test_id(25C),03-18-17_02.17 25degC_Cycle_1_Pan18650PF,10655,0.5577367544174194,0.724200427532196,0.4274957478046417,0.595496416091919,2.85761833190918,2.41421890258789,S1
A2-0,505,test_id(25C),03-19-17_03.25 25degC_Cycle_2_Pan18650PF,10819,0.7980073094367981,0.7210284471511841,0.6773711442947388,0.4879496097564697,3.8061656951904297,4.471988201141357,S1
A2-0,505,test_id(25C),03-19-17_09.07 25degC_Cycle_3_Pan18650PF,9936,0.5716968774795532,0.4215898215770721,0.526796817779541,0.2890496551990509,1.0240869522094729,1.6959235668182373,S1
A2-0,505,test_id(25C),03-19-17_14.31 25degC_Cycle_4_Pan18650PF,11778,0.9032625555992126,0.605300784111023,0.7918484807014465,0.4374049007892608,3.374241828918457,4.145591735839844,S1
A2-0,505,ood(10C),03-27-17_09.06 10degC_HWFET_Pan18650PF,10263,2.4030654430389404,2.812842607498169,1.952929139137268,2.3687572479248047,8.288605690002441,8.818570137023926,S1
A2-0,505,ood(10C),03-27-17_09.06 10degC_LA92_Pan18650PF,15817,1.838112235069275,2.653148889541626,1.6532007455825806,2.419278383255005,3.1014151573181152,4.21232795715332,S1
A2-0,505,ood(10C),03-27-17_09.06 10degC_NN_Pan18650PF,13750,1.384708285331726,2.139575242996216,1.2487564086914062,1.958666443824768,2.603825330734253,3.708948612213135,S1
A2-0,505,ood(10C),03-27-17_09.06 10degC_UDDS_Pan18650PF,24281,0.7483742237091064,1.5213629007339478,0.6570649743080139,1.441001057624817,2.0992648601531982,3.4686391353607178,S1
A2-0,505,ood(10C),03-27-17_09.06 10degC_US06_Pan18650PF,3882,2.582253932952881,3.420227527618408,2.507454872131348,3.3881752490997314,3.63446307182312,4.491865634918213,S1
A2-0,505,ood(10C),03-28-17_12.51 10degC_Cycle_1_Pan18650PF,9067,1.8653419017791748,2.871777057647705,1.7895753383636477,2.8354697227478027,2.57422423362732,3.660281181335449,S1
A2-0,505,ood(10C),03-28-17_18.18 10degC_Cycle_2_Pan18650PF,7795,3.0697789192199707,4.087775230407715,3.0289480686187744,4.063912391662598,4.284008502960205,5.733546257019043,S1
A2-0,505,ood(10C),04-05-17_17.04 10degC_Cycle_3_Pan18650PF,9769,2.631728172302246,3.617020845413208,2.4990668296813965,3.477838516235352,6.371574878692627,6.169681072235107,S1
A2-0,505,ood(10C),04-05-17_22.50 10degC_Cycle_4_Pan18650PF,9589,1.091448426246643,2.080305814743042,1.0099141597747805,1.990417718887329,1.8464959859848025,3.2553954124450684,S1
A2-0,505,ood(0C),05-30-17_12.56 0degC_Cycle_1_Pan18650PF,8487,4.934931755065918,5.810871124267578,4.733814239501953,5.463256359100342,7.470005512237549,9.646991729736328,S1
A2-0,505,ood(0C),05-30-17_20.16 0degC_Cycle_2_Pan18650PF,8060,5.283172130584717,6.120047092437744,4.996809482574463,5.6172590255737305,9.116023063659668,10.738973617553713,S1
A2-0,505,ood(0C),06-01-17_10.36 0degC_LA92_Pan18650PF,15077,2.095378875732422,2.9953904151916504,1.7240800857543943,2.585660219192505,3.831493616104126,4.877014636993408,S1
A2-0,505,ood(0C),06-01-17_10.36 0degC_NN_Pan18650PF,13148,1.457082748413086,2.255157709121704,1.2210693359375,1.9680780172348025,3.2343292236328125,4.271141529083252,S1
A2-0,505,ood(0C),06-01-17_15.36 0degC_Cycle_3_Pan18650PF,5931,6.142489433288574,7.288349628448486,5.865081310272217,6.919676303863525,8.96208667755127,10.509805679321287,S1
A2-0,505,ood(0C),06-01-17_22.03 0degC_Cycle_4_Pan18650PF,7389,3.171359062194824,4.403752326965332,3.049534559249878,4.29856014251709,4.093801021575928,5.846895217895508,S1
A2-0,505,ood(0C),06-02-17_04.58 0degC_US06_Pan18650PF,3344,6.671102523803711,7.663219928741455,6.200530529022217,7.087681293487549,8.390694618225098,10.037134170532228,S1
A2-0,505,ood(0C),06-02-17_10.43 0degC_HWFET_Pan18650PF,5670,7.212000370025635,8.39732837677002,6.990440368652344,8.175973892211914,9.013738632202148,10.74000072479248,S1
A2-0,505,ood(0C),06-02-17_17.14 0degC_UDDS_Pan18650PF,12540,3.190485954284668,4.532179832458496,2.9935877323150635,4.343394756317139,4.677614212036133,6.451696395874023,S1
A2-0,505,ood(-10C),06-07-17_08.39 n10degC_HWFET_Pan18650PF,11951,3.4016926288604736,4.300969123840332,2.381418228149414,3.3375391960144043,8.346379280090332,9.466110229492188,S1
A2-0,505,ood(-10C),06-07-17_08.39 n10degC_LA92_Pan18650PF,13765,3.662468671798706,4.607015609741211,2.644167900085449,3.647805690765381,8.308347702026367,9.519137382507324,S1
A2-0,505,ood(-10C),06-07-17_08.39 n10degC_UDDS_Pan18650PF,17786,4.724403381347656,5.8745222091674805,3.696313142776489,4.898257732391357,8.852611541748047,10.179605484008787,S1
A2-0,505,ood(-10C),06-07-17_08.39 n10degC_US06_Pan18650PF,9929,1.5720794200897217,2.249485492706299,1.2001672983169556,1.8964684009552,4.790685653686523,5.901426315307617,S1
A2-0,505,ood(-10C),06-10-17_11.25 n10degC_Cycle_1_Pan18650PF,5706,6.60512638092041,7.988746166229248,6.451104164123535,7.880560398101807,8.205490112304688,9.315587043762209,S1
A2-0,505,ood(-10C),06-10-17_18.35 n10degC_Cycle_2_Pan18650PF,5654,12.16176986694336,13.529955863952637,12.135697364807127,13.50294017791748,13.866462707519531,15.494057655334473,S1
A2-0,505,ood(-10C),06-11-17_01.39 n10degC_Cycle_3_Pan18650PF,5368,12.64407730102539,14.008825302124023,12.542119026184082,13.908858299255373,16.49686050415039,17.781681060791016,S1
A2-0,505,ood(-10C),06-11-17_08.42 n10degC_Cycle_4_Pan18650PF,5791,5.355126857757568,6.571051120758057,4.935229301452637,6.142736434936523,8.565593719482422,9.532281875610352,S1
A2-0,505,ood(-10C),06-14-17_13.12 n10degC_NN_Pan18650PF,4939,11.515380859375,12.86781406402588,11.487773895263672,12.83346939086914,13.074525833129885,14.598715782165527,S1
A2-0,505,ood(-20C),06-23-17_23.35 n20degC_HWFET_Pan18650PF,11042,1.3390394449234009,2.386425733566284,0.9279404282569884,2.1090149879455566,4.958640575408936,6.288515567779541,S1
A2-0,505,ood(-20C),06-23-17_23.35 n20degC_LA92_Pan18650PF,12521,1.699766755104065,2.8205878734588623,1.2532685995101929,2.4780850410461426,5.283014297485352,6.523755073547363,S1
A2-0,505,ood(-20C),06-23-17_23.35 n20degC_NN_Pan18650PF,11350,1.1017630100250244,1.7783640623092651,0.8814716339111328,1.5115708112716677,3.7301185131073,5.139701843261719,S1
A2-0,505,ood(-20C),06-23-17_23.35 n20degC_UDDS_Pan18650PF,15753,5.160928726196289,6.426044940948486,3.931597948074341,5.266720294952393,10.603472709655762,11.756624221801758,S1
A2-0,505,ood(-20C),06-24-17_04.29 n20degC_Cycle_1_Pan18650PF,4752,17.6080379486084,19.133773803710938,17.551179885864258,19.076799392700195,20.16110610961914,22.1735897064209,S1
A2-0,505,ood(-20C),06-24-17_11.58 n20degC_Cycle_2_Pan18650PF,4718,16.20331382751465,17.696115493774414,16.175241470336914,17.667278289794922,19.785266876220703,21.06223487854004,S1
A2-0,505,ood(-20C),06-24-17_19.29 n20degC_Cycle_3_Pan18650PF,4695,16.29913330078125,17.751798629760742,16.251310348510742,17.71132469177246,21.421072006225582,23.23489570617676,S1
A2-0,505,ood(-20C),06-25-17_03.01 n20degC_Cycle_4_Pan18650PF,4715,13.217724800109863,14.77395725250244,13.189414978027344,14.736075401306152,15.192038536071776,17.115385055541992,S1
A2-0,505,ood(-20C),06-25-17_10.31 n20degC_US06_Pan18650PF,2333,17.03714370727539,18.27241325378418,16.91422462463379,18.1755313873291,20.965356826782227,21.93364143371582,S1
A2-0,606,val(25C),03-21-17_00.29 25degC_UDDS_Pan18650PF,22119,1.5091198682785034,0.9984211325645448,1.4729361534118652,0.8746711611747742,2.8923842906951904,3.816595554351807,S1
A2-0,606,test_id(25C),03-18-17_02.17 25degC_Cycle_1_Pan18650PF,10655,0.5577367544174194,0.7019631266593933,0.4274957478046417,0.5716664791107178,2.85761833190918,2.0325608253479004,S1
A2-0,606,test_id(25C),03-19-17_03.25 25degC_Cycle_2_Pan18650PF,10819,0.7980073094367981,0.7355585098266602,0.6773711442947388,0.5042656064033508,3.8061656951904297,3.6523942947387695,S1
A2-0,606,test_id(25C),03-19-17_09.07 25degC_Cycle_3_Pan18650PF,9936,0.5716968774795532,0.4405648410320282,0.526796817779541,0.3034510612487793,1.0240869522094729,1.5954653024673462,S1
A2-0,606,test_id(25C),03-19-17_14.31 25degC_Cycle_4_Pan18650PF,11778,0.9032625555992126,0.6471594572067261,0.7918484807014465,0.4843960702419281,3.374241828918457,3.125762224197388,S1
A2-0,606,ood(10C),03-27-17_09.06 10degC_HWFET_Pan18650PF,10263,2.4030654430389404,2.9205338954925537,1.952929139137268,2.2872560024261475,8.288605690002441,8.271023750305176,S1
A2-0,606,ood(10C),03-27-17_09.06 10degC_LA92_Pan18650PF,15817,1.838112235069275,2.6193618774414062,1.6532007455825806,2.2636308670043945,3.1014151573181152,4.647733688354492,S1
A2-0,606,ood(10C),03-27-17_09.06 10degC_NN_Pan18650PF,13750,1.384708285331726,2.1237146854400635,1.2487564086914062,1.8115897178649905,2.603825330734253,3.982198715209961,S1
A2-0,606,ood(10C),03-27-17_09.06 10degC_UDDS_Pan18650PF,24281,0.7483742237091064,1.4478970766067505,0.6570649743080139,1.2999285459518433,2.0992648601531982,3.2190499305725098,S1
A2-0,606,ood(10C),03-27-17_09.06 10degC_US06_Pan18650PF,3882,2.582253932952881,3.384428024291992,2.507454872131348,3.340381145477295,3.63446307182312,4.967677593231201,S1
A2-0,606,ood(10C),03-28-17_12.51 10degC_Cycle_1_Pan18650PF,9067,1.8653419017791748,2.845747947692871,1.7895753383636477,2.796916246414185,2.57422423362732,3.998687267303467,S1
A2-0,606,ood(10C),03-28-17_18.18 10degC_Cycle_2_Pan18650PF,7795,3.0697789192199707,4.055511474609375,3.0289480686187744,4.026978015899658,4.284008502960205,5.524680137634277,S1
A2-0,606,ood(10C),04-05-17_17.04 10degC_Cycle_3_Pan18650PF,9769,2.631728172302246,3.584073543548584,2.4990668296813965,3.469520092010498,6.371574878692627,6.231731414794922,S1
A2-0,606,ood(10C),04-05-17_22.50 10degC_Cycle_4_Pan18650PF,9589,1.091448426246643,2.0392086505889893,1.0099141597747805,1.9599618911743164,1.8464959859848025,3.127380609512329,S1
A2-0,606,ood(0C),05-30-17_12.56 0degC_Cycle_1_Pan18650PF,8487,4.934931755065918,5.893163204193115,4.733814239501953,5.673339366912842,7.470005512237549,9.358043670654297,S1
A2-0,606,ood(0C),05-30-17_20.16 0degC_Cycle_2_Pan18650PF,8060,5.283172130584717,6.199914932250977,4.996809482574463,5.834985733032227,9.116023063659668,10.408370971679688,S1
A2-0,606,ood(0C),06-01-17_10.36 0degC_LA92_Pan18650PF,15077,2.095378875732422,2.7722909450531006,1.7240800857543943,2.129971027374268,3.831493616104126,4.898536682128906,S1
A2-0,606,ood(0C),06-01-17_10.36 0degC_NN_Pan18650PF,13148,1.457082748413086,2.0246310234069824,1.2210693359375,1.4920681715011597,3.2343292236328125,4.627437114715576,S1
A2-0,606,ood(0C),06-01-17_15.36 0degC_Cycle_3_Pan18650PF,5931,6.142489433288574,7.068746566772461,5.865081310272217,6.747230052947998,8.96208667755127,10.108795166015623,S1
A2-0,606,ood(0C),06-01-17_22.03 0degC_Cycle_4_Pan18650PF,7389,3.171359062194824,4.199270725250244,3.049534559249878,4.105464935302734,4.093801021575928,5.406068801879883,S1
A2-0,606,ood(0C),06-02-17_04.58 0degC_US06_Pan18650PF,3344,6.671102523803711,7.579042434692383,6.200530529022217,7.04330587387085,8.390694618225098,9.516511917114258,S1
A2-0,606,ood(0C),06-02-17_10.43 0degC_HWFET_Pan18650PF,5670,7.212000370025635,8.299095153808594,6.990440368652344,8.098892211914062,9.013738632202148,10.330805778503418,S1
A2-0,606,ood(0C),06-02-17_17.14 0degC_UDDS_Pan18650PF,12540,3.190485954284668,4.223099708557129,2.9935877323150635,4.074787139892578,4.677614212036133,5.9803571701049805,S1
A2-0,606,ood(-10C),06-07-17_08.39 n10degC_HWFET_Pan18650PF,11951,3.4016926288604736,4.04573392868042,2.381418228149414,2.673895359039306,8.346379280090332,9.67205047607422,S1
A2-0,606,ood(-10C),06-07-17_08.39 n10degC_LA92_Pan18650PF,13765,3.662468671798706,4.317994117736816,2.644167900085449,3.000187873840332,8.308347702026367,9.662200927734377,S1
A2-0,606,ood(-10C),06-07-17_08.39 n10degC_UDDS_Pan18650PF,17786,4.724403381347656,5.523932456970215,3.696313142776489,4.269947052001953,8.852611541748047,10.371623992919922,S1
A2-0,606,ood(-10C),06-07-17_08.39 n10degC_US06_Pan18650PF,9929,1.5720794200897217,1.950294017791748,1.2001672983169556,1.2151275873184204,4.790685653686523,5.55682897567749,S1
A2-0,606,ood(-10C),06-10-17_11.25 n10degC_Cycle_1_Pan18650PF,5706,6.60512638092041,7.657858848571777,6.451104164123535,7.523046493530273,8.205490112304688,9.560564041137695,S1
A2-0,606,ood(-10C),06-10-17_18.35 n10degC_Cycle_2_Pan18650PF,5654,12.16176986694336,13.231952667236328,12.135697364807127,13.207036972045898,13.866462707519531,15.04031467437744,S1
A2-0,606,ood(-10C),06-11-17_01.39 n10degC_Cycle_3_Pan18650PF,5368,12.64407730102539,13.69501781463623,12.542119026184082,13.60150146484375,16.49686050415039,17.678178787231445,S1
A2-0,606,ood(-10C),06-11-17_08.42 n10degC_Cycle_4_Pan18650PF,5791,5.355126857757568,6.3223652839660645,4.935229301452637,5.835426330566406,8.565593719482422,9.734383583068848,S1
A2-0,606,ood(-10C),06-14-17_13.12 n10degC_NN_Pan18650PF,4939,11.515380859375,12.558968544006348,11.487773895263672,12.53269100189209,13.074525833129885,14.34712028503418,S1
A2-0,606,ood(-20C),06-23-17_23.35 n20degC_HWFET_Pan18650PF,11042,1.3390394449234009,1.840038537979126,0.9279404282569884,1.256145715713501,4.958640575408936,6.305454730987549,S1
A2-0,606,ood(-20C),06-23-17_23.35 n20degC_LA92_Pan18650PF,12521,1.699766755104065,2.299976348876953,1.2532685995101929,1.650568962097168,5.283014297485352,6.581442356109619,S1
A2-0,606,ood(-20C),06-23-17_23.35 n20degC_NN_Pan18650PF,11350,1.1017630100250244,1.2235583066940308,0.8814716339111328,0.6842858791351318,3.7301185131073,5.001544952392578,S1
A2-0,606,ood(-20C),06-23-17_23.35 n20degC_UDDS_Pan18650PF,15753,5.160928726196289,5.94777250289917,3.931597948074341,4.4670729637146,10.603472709655762,12.037728309631348,S1
A2-0,606,ood(-20C),06-24-17_04.29 n20degC_Cycle_1_Pan18650PF,4752,17.6080379486084,18.66846466064453,17.551179885864258,18.61395072937012,20.16110610961914,21.389562606811523,S1
A2-0,606,ood(-20C),06-24-17_11.58 n20degC_Cycle_2_Pan18650PF,4718,16.20331382751465,17.26763916015625,16.175241470336914,17.238866806030273,19.785266876220703,21.24703788757324,S1
A2-0,606,ood(-20C),06-24-17_19.29 n20degC_Cycle_3_Pan18650PF,4695,16.29913330078125,17.354923248291016,16.251310348510742,17.312585830688477,21.421072006225582,22.533113479614254,S1
A2-0,606,ood(-20C),06-25-17_03.01 n20degC_Cycle_4_Pan18650PF,4715,13.217724800109863,14.29830265045166,13.189414978027344,14.270237922668455,15.192038536071776,16.584110260009766,S1
A2-0,606,ood(-20C),06-25-17_10.31 n20degC_US06_Pan18650PF,2333,17.03714370727539,18.03580474853516,16.91422462463379,17.918537139892578,20.965356826782227,22.102413177490234,S1
A2-0,707,val(25C),03-21-17_00.29 25degC_UDDS_Pan18650PF,22119,1.5091198682785034,1.100767731666565,1.4729361534118652,0.921579897403717,2.8923842906951904,3.968037605285645,S1
A2-0,707,test_id(25C),03-18-17_02.17 25degC_Cycle_1_Pan18650PF,10655,0.5577367544174194,0.7298441529273987,0.4274957478046417,0.6174566149711609,2.85761833190918,1.9169002771377563,S1
A2-0,707,test_id(25C),03-19-17_03.25 25degC_Cycle_2_Pan18650PF,10819,0.7980073094367981,0.6194825768470764,0.6773711442947388,0.4142304360866546,3.8061656951904297,2.382534503936768,S1
A2-0,707,test_id(25C),03-19-17_09.07 25degC_Cycle_3_Pan18650PF,9936,0.5716968774795532,0.3794775009155273,0.526796817779541,0.2888064682483673,1.0240869522094729,1.4665579795837402,S1
A2-0,707,test_id(25C),03-19-17_14.31 25degC_Cycle_4_Pan18650PF,11778,0.9032625555992126,0.6200416684150696,0.7918484807014465,0.4711362719535827,3.374241828918457,2.665184736251831,S1
A2-0,707,ood(10C),03-27-17_09.06 10degC_HWFET_Pan18650PF,10263,2.4030654430389404,2.383917093276977,1.952929139137268,1.843512296676636,8.288605690002441,6.921000003814697,S1
A2-0,707,ood(10C),03-27-17_09.06 10degC_LA92_Pan18650PF,15817,1.838112235069275,2.546358585357666,1.6532007455825806,2.218306064605713,3.1014151573181152,4.007261753082275,S1
A2-0,707,ood(10C),03-27-17_09.06 10degC_NN_Pan18650PF,13750,1.384708285331726,1.9652587175369265,1.2487564086914062,1.7050505876541138,2.603825330734253,3.4893627166748047,S1
A2-0,707,ood(10C),03-27-17_09.06 10degC_UDDS_Pan18650PF,24281,0.7483742237091064,1.3276727199554443,0.6570649743080139,1.2113591432571411,2.0992648601531982,2.5296311378479004,S1
A2-0,707,ood(10C),03-27-17_09.06 10degC_US06_Pan18650PF,3882,2.582253932952881,3.2459328174591064,2.507454872131348,3.2213501930236816,3.63446307182312,4.194087982177734,S1
A2-0,707,ood(10C),03-28-17_12.51 10degC_Cycle_1_Pan18650PF,9067,1.8653419017791748,2.706321477890014,1.7895753383636477,2.6615123748779297,2.57422423362732,3.517974376678467,S1
A2-0,707,ood(10C),03-28-17_18.18 10degC_Cycle_2_Pan18650PF,7795,3.0697789192199707,3.94117283821106,3.0289480686187744,3.915958881378174,4.284008502960205,5.259252548217773,S1
A2-0,707,ood(10C),04-05-17_17.04 10degC_Cycle_3_Pan18650PF,9769,2.631728172302246,3.445614814758301,2.4990668296813965,3.3233776092529297,6.371574878692627,5.688007354736328,S1
A2-0,707,ood(10C),04-05-17_22.50 10degC_Cycle_4_Pan18650PF,9589,1.091448426246643,1.845755696296692,1.0099141597747805,1.7228258848190308,1.8464959859848025,2.980635404586792,S1
A2-0,707,ood(0C),05-30-17_12.56 0degC_Cycle_1_Pan18650PF,8487,4.934931755065918,5.370683193206787,4.733814239501953,5.023347854614258,7.470005512237549,8.091874122619629,S1
A2-0,707,ood(0C),05-30-17_20.16 0degC_Cycle_2_Pan18650PF,8060,5.283172130584717,5.768330097198486,4.996809482574463,5.307495594024658,9.116023063659668,10.14537525177002,S1
A2-0,707,ood(0C),06-01-17_10.36 0degC_LA92_Pan18650PF,15077,2.095378875732422,2.741816997528076,1.7240800857543943,2.1490912437438965,3.831493616104126,4.690908432006836,S1
A2-0,707,ood(0C),06-01-17_10.36 0degC_NN_Pan18650PF,13148,1.457082748413086,1.9669007062911987,1.2210693359375,1.4918265342712402,3.2343292236328125,4.22870683670044,S1
A2-0,707,ood(0C),06-01-17_15.36 0degC_Cycle_3_Pan18650PF,5931,6.142489433288574,6.98554277420044,5.865081310272217,6.630630493164063,8.96208667755127,10.261035919189451,S1
A2-0,707,ood(0C),06-01-17_22.03 0degC_Cycle_4_Pan18650PF,7389,3.171359062194824,4.080012321472168,3.049534559249878,3.9615657329559326,4.093801021575928,5.3515625,S1
A2-0,707,ood(0C),06-02-17_04.58 0degC_US06_Pan18650PF,3344,6.671102523803711,7.460597515106201,6.200530529022217,6.85356330871582,8.390694618225098,9.638147354125977,S1
A2-0,707,ood(0C),06-02-17_10.43 0degC_HWFET_Pan18650PF,5670,7.212000370025635,7.754673480987549,6.990440368652344,7.473942279815674,9.013738632202148,10.23615837097168,S1
A2-0,707,ood(0C),06-02-17_17.14 0degC_UDDS_Pan18650PF,12540,3.190485954284668,4.162510871887207,2.9935877323150635,3.9816250801086426,4.677614212036133,5.943875312805176,S1
A2-0,707,ood(-10C),06-07-17_08.39 n10degC_HWFET_Pan18650PF,11951,3.4016926288604736,3.814262866973877,2.381418228149414,2.604696273803711,8.346379280090332,8.887502670288086,S1
A2-0,707,ood(-10C),06-07-17_08.39 n10degC_LA92_Pan18650PF,13765,3.662468671798706,4.254214763641357,2.644167900085449,3.0257046222686768,8.308347702026367,9.229272842407228,S1
A2-0,707,ood(-10C),06-07-17_08.39 n10degC_UDDS_Pan18650PF,17786,4.724403381347656,5.455758094787598,3.696313142776489,4.274862766265869,8.852611541748047,9.838825225830078,S1
A2-0,707,ood(-10C),06-07-17_08.39 n10degC_US06_Pan18650PF,9929,1.5720794200897217,1.8682835102081297,1.2001672983169556,1.2537004947662354,4.790685653686523,5.018600463867188,S1
A2-0,707,ood(-10C),06-10-17_11.25 n10degC_Cycle_1_Pan18650PF,5706,6.60512638092041,7.484044075012207,6.451104164123535,7.362378120422363,8.205490112304688,8.79823112487793,S1
A2-0,707,ood(-10C),06-10-17_18.35 n10degC_Cycle_2_Pan18650PF,5654,12.16176986694336,13.084778785705566,12.135697364807127,13.05698013305664,13.866462707519531,15.152151107788086,S1
A2-0,707,ood(-10C),06-11-17_01.39 n10degC_Cycle_3_Pan18650PF,5368,12.64407730102539,13.561763763427734,12.542119026184082,13.45522403717041,16.49686050415039,17.765615463256836,S1
A2-0,707,ood(-10C),06-11-17_08.42 n10degC_Cycle_4_Pan18650PF,5791,5.355126857757568,6.18766975402832,4.935229301452637,5.72950553894043,8.565593719482422,9.15249252319336,S1
A2-0,707,ood(-10C),06-14-17_13.12 n10degC_NN_Pan18650PF,4939,11.515380859375,12.463401794433594,11.487773895263672,12.43052577972412,13.074525833129885,14.368436813354492,S1
A2-0,707,ood(-20C),06-23-17_23.35 n20degC_HWFET_Pan18650PF,11042,1.3390394449234009,1.7492856979370115,0.9279404282569884,1.260285258293152,4.958640575408936,5.695652484893799,S1
A2-0,707,ood(-20C),06-23-17_23.35 n20degC_LA92_Pan18650PF,12521,1.699766755104065,2.259661197662353,1.2532685995101929,1.6897997856140137,5.283014297485352,6.07285213470459,S1
A2-0,707,ood(-20C),06-23-17_23.35 n20degC_NN_Pan18650PF,11350,1.1017630100250244,1.2038002014160156,0.8814716339111328,0.736793577671051,3.7301185131073,4.602296352386475,S1
A2-0,707,ood(-20C),06-23-17_23.35 n20degC_UDDS_Pan18650PF,15753,5.160928726196289,5.882879257202148,3.931597948074341,4.477138996124268,10.603472709655762,11.16817855834961,S1
A2-0,707,ood(-20C),06-24-17_04.29 n20degC_Cycle_1_Pan18650PF,4752,17.6080379486084,18.54278564453125,17.551179885864258,18.485197067260746,20.16110610961914,21.345792770385746,S1
A2-0,707,ood(-20C),06-24-17_11.58 n20degC_Cycle_2_Pan18650PF,4718,16.20331382751465,17.129255294799805,16.175241470336914,17.102819442749023,19.785266876220703,20.347177505493164,S1
A2-0,707,ood(-20C),06-24-17_19.29 n20degC_Cycle_3_Pan18650PF,4695,16.29913330078125,17.208555221557617,16.251310348510742,17.165367126464844,21.421072006225582,22.34391593933105,S1
A2-0,707,ood(-20C),06-25-17_03.01 n20degC_Cycle_4_Pan18650PF,4715,13.217724800109863,14.176294326782228,13.189414978027344,14.139869689941406,15.192038536071776,16.50494956970215,S1
A2-0,707,ood(-20C),06-25-17_10.31 n20degC_US06_Pan18650PF,2333,17.03714370727539,17.874635696411133,16.91422462463379,17.779008865356445,20.965356826782227,21.78019142150879,S1
A2-1,7,val(25C),03-21-17_00.29 25degC_UDDS_Pan18650PF,22119,1.5091198682785034,1.010932683944702,1.4729361534118652,0.8858620524406433,2.8923842906951904,3.910597324371338,S1
A2-1,7,test_id(25C),03-18-17_02.17 25degC_Cycle_1_Pan18650PF,10655,0.5577367544174194,0.7298809885978699,0.4274957478046417,0.5961946845054626,2.85761833190918,2.2331581115722656,S1
A2-1,7,test_id(25C),03-19-17_03.25 25degC_Cycle_2_Pan18650PF,10819,0.7980073094367981,0.6751304864883423,0.6773711442947388,0.4486185908317566,3.8061656951904297,2.523236989974976,S1
A2-1,7,test_id(25C),03-19-17_09.07 25degC_Cycle_3_Pan18650PF,9936,0.5716968774795532,0.4673382341861725,0.526796817779541,0.3262589573860168,1.0240869522094729,1.8695881366729736,S1
A2-1,7,test_id(25C),03-19-17_14.31 25degC_Cycle_4_Pan18650PF,11778,0.9032625555992126,0.6684906482696533,0.7918484807014465,0.4872885048389435,3.374241828918457,2.574914932250977,S1
A2-1,7,ood(10C),03-27-17_09.06 10degC_HWFET_Pan18650PF,10263,2.4030654430389404,2.640061616897583,1.952929139137268,2.1462032794952397,8.288605690002441,7.973440647125244,S1
A2-1,7,ood(10C),03-27-17_09.06 10degC_LA92_Pan18650PF,15817,1.838112235069275,2.6171464920043945,1.6532007455825806,2.3660247325897217,3.1014151573181152,4.607831954956055,S1
A2-1,7,ood(10C),03-27-17_09.06 10degC_NN_Pan18650PF,13750,1.384708285331726,2.111621141433716,1.2487564086914062,1.9083502292633057,2.603825330734253,4.129690170288086,S1
A2-1,7,ood(10C),03-27-17_09.06 10degC_UDDS_Pan18650PF,24281,0.7483742237091064,1.4869061708450315,0.6570649743080139,1.3736175298690796,2.0992648601531982,4.600949287414551,S1
A2-1,7,ood(10C),03-27-17_09.06 10degC_US06_Pan18650PF,3882,2.582253932952881,3.372802734375,2.507454872131348,3.307869672775269,3.63446307182312,5.0776214599609375,S1
A2-1,7,ood(10C),03-28-17_12.51 10degC_Cycle_1_Pan18650PF,9067,1.8653419017791748,2.824644088745117,1.7895753383636477,2.75080943107605,2.57422423362732,4.041592597961426,S1
A2-1,7,ood(10C),03-28-17_18.18 10degC_Cycle_2_Pan18650PF,7795,3.0697789192199707,3.956577301025391,3.0289480686187744,3.9141130447387695,4.284008502960205,5.694275856018066,S1
A2-1,7,ood(10C),04-05-17_17.04 10degC_Cycle_3_Pan18650PF,9769,2.631728172302246,3.5743794441223145,2.4990668296813965,3.423339366912842,6.371574878692627,6.539905071258545,S1
A2-1,7,ood(10C),04-05-17_22.50 10degC_Cycle_4_Pan18650PF,9589,1.091448426246643,1.9514527320861816,1.0099141597747805,1.8484911918640137,1.8464959859848025,3.2388463020324707,S1
A2-1,7,ood(0C),05-30-17_12.56 0degC_Cycle_1_Pan18650PF,8487,4.934931755065918,5.761580944061279,4.733814239501953,5.504019737243652,7.470005512237549,9.485185623168944,S1
A2-1,7,ood(0C),05-30-17_20.16 0degC_Cycle_2_Pan18650PF,8060,5.283172130584717,6.046840190887451,4.996809482574463,5.639858245849609,9.116023063659668,10.484240531921388,S1
A2-1,7,ood(0C),06-01-17_10.36 0degC_LA92_Pan18650PF,15077,2.095378875732422,3.000157117843628,1.7240800857543943,2.5440332889556885,3.831493616104126,6.232701301574707,S1
A2-1,7,ood(0C),06-01-17_10.36 0degC_NN_Pan18650PF,13148,1.457082748413086,2.234461784362793,1.2210693359375,1.9091821908950808,3.2343292236328125,5.641768932342529,S1
A2-1,7,ood(0C),06-01-17_15.36 0degC_Cycle_3_Pan18650PF,5931,6.142489433288574,6.967564105987549,5.865081310272217,6.560995101928711,8.96208667755127,10.399412155151367,S1
A2-1,7,ood(0C),06-01-17_22.03 0degC_Cycle_4_Pan18650PF,7389,3.171359062194824,4.4207024574279785,3.049534559249878,4.3566975593566895,4.093801021575928,5.566048622131348,S1
A2-1,7,ood(0C),06-02-17_04.58 0degC_US06_Pan18650PF,3344,6.671102523803711,7.56300687789917,6.200530529022217,7.004804611206055,8.390694618225098,9.727067947387695,S1
A2-1,7,ood(0C),06-02-17_10.43 0degC_HWFET_Pan18650PF,5670,7.212000370025635,8.137968063354492,6.990440368652344,7.997754573822021,9.013738632202148,10.409984588623049,S1
A2-1,7,ood(0C),06-02-17_17.14 0degC_UDDS_Pan18650PF,12540,3.190485954284668,4.3927741050720215,2.9935877323150635,4.267495155334473,4.677614212036133,6.186850547790527,S1
A2-1,7,ood(-10C),06-07-17_08.39 n10degC_HWFET_Pan18650PF,11951,3.4016926288604736,4.286478996276856,2.381418228149414,3.1669702529907227,8.346379280090332,10.80103874206543,S1
A2-1,7,ood(-10C),06-07-17_08.39 n10degC_LA92_Pan18650PF,13765,3.662468671798706,4.574530601501465,2.644167900085449,3.475689649581909,8.308347702026367,10.89736557006836,S1
A2-1,7,ood(-10C),06-07-17_08.39 n10degC_UDDS_Pan18650PF,17786,4.724403381347656,5.754819869995117,3.696313142776489,4.692024230957031,8.852611541748047,11.394790649414062,S1
A2-1,7,ood(-10C),06-07-17_08.39 n10degC_US06_Pan18650PF,9929,1.5720794200897217,2.2835803031921387,1.2001672983169556,1.792330980300903,4.790685653686523,6.897061347961426,S1
A2-1,7,ood(-10C),06-10-17_11.25 n10degC_Cycle_1_Pan18650PF,5706,6.60512638092041,7.8951096534729,6.451104164123535,7.751896381378174,8.205490112304688,10.623934745788574,S1
A2-1,7,ood(-10C),06-10-17_18.35 n10degC_Cycle_2_Pan18650PF,5654,12.16176986694336,13.466146469116213,12.135697364807127,13.43964958190918,13.866462707519531,15.49131202697754,S1
A2-1,7,ood(-10C),06-11-17_01.39 n10degC_Cycle_3_Pan18650PF,5368,12.64407730102539,13.843926429748535,12.542119026184082,13.751897811889648,16.49686050415039,17.718114852905273,S1
A2-1,7,ood(-10C),06-11-17_08.42 n10degC_Cycle_4_Pan18650PF,5791,5.355126857757568,6.65369987487793,4.935229301452637,6.106056213378906,8.565593719482422,11.001827239990234,S1
A2-1,7,ood(-10C),06-14-17_13.12 n10degC_NN_Pan18650PF,4939,11.515380859375,12.800201416015623,11.487773895263672,12.765576362609863,13.074525833129885,14.802913665771484,S1
A2-1,7,ood(-20C),06-23-17_23.35 n20degC_HWFET_Pan18650PF,11042,1.3390394449234009,2.181529998779297,0.9279404282569884,1.804194688796997,4.958640575408936,7.758503437042236,S1
A2-1,7,ood(-20C),06-23-17_23.35 n20degC_LA92_Pan18650PF,12521,1.699766755104065,2.59952974319458,1.2532685995101929,2.159491062164306,5.283014297485352,8.03880500793457,S1
A2-1,7,ood(-20C),06-23-17_23.35 n20degC_NN_Pan18650PF,11350,1.1017630100250244,1.596349000930786,0.8814716339111328,1.2246158123016355,3.7301185131073,6.64206600189209,S1
A2-1,7,ood(-20C),06-23-17_23.35 n20degC_UDDS_Pan18650PF,15753,5.160928726196289,6.192039966583252,3.931597948074341,4.950898170471191,10.603472709655762,13.108993530273438,S1
A2-1,7,ood(-20C),06-24-17_04.29 n20degC_Cycle_1_Pan18650PF,4752,17.6080379486084,18.833908081054688,17.551179885864258,18.77267074584961,20.16110610961914,21.61441802978516,S1
A2-1,7,ood(-20C),06-24-17_11.58 n20degC_Cycle_2_Pan18650PF,4718,16.20331382751465,17.6077938079834,16.175241470336914,17.56144142150879,19.785266876220703,22.6816520690918,S1
A2-1,7,ood(-20C),06-24-17_19.29 n20degC_Cycle_3_Pan18650PF,4695,16.29913330078125,17.6019287109375,16.251310348510742,17.545726776123047,21.421072006225582,24.62560272216797,S1
A2-1,7,ood(-20C),06-25-17_03.01 n20degC_Cycle_4_Pan18650PF,4715,13.217724800109863,14.550980567932127,13.189414978027344,14.517831802368164,15.192038536071776,16.704452514648438,S1
A2-1,7,ood(-20C),06-25-17_10.31 n20degC_US06_Pan18650PF,2333,17.03714370727539,18.25829124450684,16.91422462463379,18.114545822143555,20.965356826782227,22.9788875579834,S1
A2-1,13,val(25C),03-21-17_00.29 25degC_UDDS_Pan18650PF,22119,1.5091198682785034,1.0047301054000854,1.4729361534118652,0.8768919110298157,2.8923842906951904,3.8711771965026855,S1
A2-1,13,test_id(25C),03-18-17_02.17 25degC_Cycle_1_Pan18650PF,10655,0.5577367544174194,0.6786328554153442,0.4274957478046417,0.5571111440658569,2.85761833190918,2.379978656768799,S1
A2-1,13,test_id(25C),03-19-17_03.25 25degC_Cycle_2_Pan18650PF,10819,0.7980073094367981,0.6538572907447815,0.6773711442947388,0.4375595152378082,3.8061656951904297,2.520837545394897,S1
A2-1,13,test_id(25C),03-19-17_09.07 25degC_Cycle_3_Pan18650PF,9936,0.5716968774795532,0.4560047388076782,0.526796817779541,0.3189862966537475,1.0240869522094729,1.702581763267517,S1
A2-1,13,test_id(25C),03-19-17_14.31 25degC_Cycle_4_Pan18650PF,11778,0.9032625555992126,0.7046857476234436,0.7918484807014465,0.4869425892829895,3.374241828918457,3.477024793624878,S1
A2-1,13,ood(10C),03-27-17_09.06 10degC_HWFET_Pan18650PF,10263,2.4030654430389404,2.2916181087493896,1.952929139137268,1.8765982389450075,8.288605690002441,6.902650356292725,S1
A2-1,13,ood(10C),03-27-17_09.06 10degC_LA92_Pan18650PF,15817,1.838112235069275,2.424989461898804,1.6532007455825806,2.1921346187591557,3.1014151573181152,4.140294075012207,S1
A2-1,13,ood(10C),03-27-17_09.06 10degC_NN_Pan18650PF,13750,1.384708285331726,1.8876636028289795,1.2487564086914062,1.7128102779388428,2.603825330734253,3.674262046813965,S1
A2-1,13,ood(10C),03-27-17_09.06 10degC_UDDS_Pan18650PF,24281,0.7483742237091064,1.2401190996170044,0.6570649743080139,1.162485957145691,2.0992648601531982,3.481656074523926,S1
A2-1,13,ood(10C),03-27-17_09.06 10degC_US06_Pan18650PF,3882,2.582253932952881,3.123525619506836,2.507454872131348,3.0827882289886475,3.63446307182312,4.3551201820373535,S1
A2-1,13,ood(10C),03-28-17_12.51 10degC_Cycle_1_Pan18650PF,9067,1.8653419017791748,2.5894112586975098,1.7895753383636477,2.518831491470337,2.57422423362732,3.811523914337158,S1
A2-1,13,ood(10C),03-28-17_18.18 10degC_Cycle_2_Pan18650PF,7795,3.0697789192199707,3.746383428573608,3.0289480686187744,3.706951141357422,4.284008502960205,5.476900100708008,S1
A2-1,13,ood(10C),04-05-17_17.04 10degC_Cycle_3_Pan18650PF,9769,2.631728172302246,3.33771014213562,2.4990668296813965,3.1971538066864014,6.371574878692627,5.738389015197754,S1
A2-1,13,ood(10C),04-05-17_22.50 10degC_Cycle_4_Pan18650PF,9589,1.091448426246643,1.7626622915267944,1.0099141597747805,1.6324950456619265,1.8464959859848025,4.168301582336426,S1
A2-1,13,ood(0C),05-30-17_12.56 0degC_Cycle_1_Pan18650PF,8487,4.934931755065918,5.22098970413208,4.733814239501953,4.729670524597168,7.470005512237549,8.234217643737793,S1
A2-1,13,ood(0C),05-30-17_20.16 0degC_Cycle_2_Pan18650PF,8060,5.283172130584717,5.634476184844971,4.996809482574463,5.142919063568115,9.116023063659668,10.341440200805664,S1
A2-1,13,ood(0C),06-01-17_10.36 0degC_LA92_Pan18650PF,15077,2.095378875732422,2.6998133659362797,1.7240800857543943,2.3358287811279297,3.831493616104126,4.613714218139648,S1
A2-1,13,ood(0C),06-01-17_10.36 0degC_NN_Pan18650PF,13148,1.457082748413086,1.9511131048202517,1.2210693359375,1.709139108657837,3.2343292236328125,4.033898830413818,S1
A2-1,13,ood(0C),06-01-17_15.36 0degC_Cycle_3_Pan18650PF,5931,6.142489433288574,6.860875129699707,5.865081310272217,6.49544620513916,8.96208667755127,10.33392333984375,S1
A2-1,13,ood(0C),06-01-17_22.03 0degC_Cycle_4_Pan18650PF,7389,3.171359062194824,3.965366840362549,3.049534559249878,3.847157001495361,4.093801021575928,5.450542449951172,S1
A2-1,13,ood(0C),06-02-17_04.58 0degC_US06_Pan18650PF,3344,6.671102523803711,7.279582023620605,6.200530529022217,6.713805198669434,8.390694618225098,9.741683959960938,S1
A2-1,13,ood(0C),06-02-17_10.43 0degC_HWFET_Pan18650PF,5670,7.212000370025635,7.629788398742676,6.990440368652344,7.345729351043701,9.013738632202148,10.179730415344238,S1
A2-1,13,ood(0C),06-02-17_17.14 0degC_UDDS_Pan18650PF,12540,3.190485954284668,4.081628322601318,2.9935877323150635,3.886719465255737,4.677614212036133,6.062069416046143,S1
A2-1,13,ood(-10C),06-07-17_08.39 n10degC_HWFET_Pan18650PF,11951,3.4016926288604736,3.864070653915405,2.381418228149414,2.9659881591796875,8.346379280090332,8.965859413146973,S1
A2-1,13,ood(-10C),06-07-17_08.39 n10degC_LA92_Pan18650PF,13765,3.662468671798706,4.153496742248535,2.644167900085449,3.243744373321533,8.308347702026367,9.033843040466309,S1
A2-1,13,ood(-10C),06-07-17_08.39 n10degC_UDDS_Pan18650PF,17786,4.724403381347656,5.349668025970459,3.696313142776489,4.428260326385498,8.852611541748047,9.61232089996338,S1
A2-1,13,ood(-10C),06-07-17_08.39 n10degC_US06_Pan18650PF,9929,1.5720794200897217,1.9691243171691892,1.2001672983169556,1.661600112915039,4.790685653686523,5.189155101776123,S1
A2-1,13,ood(-10C),06-10-17_11.25 n10degC_Cycle_1_Pan18650PF,5706,6.60512638092041,7.351931571960449,6.451104164123535,7.227731704711914,8.205490112304688,8.849464416503906,S1
A2-1,13,ood(-10C),06-10-17_18.35 n10degC_Cycle_2_Pan18650PF,5654,12.16176986694336,12.899286270141602,12.135697364807127,12.873238563537598,13.866462707519531,14.89242172241211,S1
A2-1,13,ood(-10C),06-11-17_01.39 n10degC_Cycle_3_Pan18650PF,5368,12.64407730102539,13.364928245544434,12.542119026184082,13.25509548187256,16.49686050415039,17.174957275390625,S1
A2-1,13,ood(-10C),06-11-17_08.42 n10degC_Cycle_4_Pan18650PF,5791,5.355126857757568,5.996139049530029,4.935229301452637,5.550672054290772,8.565593719482422,9.376197814941406,S1
A2-1,13,ood(-10C),06-14-17_13.12 n10degC_NN_Pan18650PF,4939,11.515380859375,12.19784450531006,11.487773895263672,12.148144721984863,13.074525833129885,14.00876808166504,S1
A2-1,13,ood(-20C),06-23-17_23.35 n20degC_HWFET_Pan18650PF,11042,1.3390394449234009,1.926547288894653,0.9279404282569884,1.6919660568237305,4.958640575408936,5.601247310638428,S1
A2-1,13,ood(-20C),06-23-17_23.35 n20degC_LA92_Pan18650PF,12521,1.699766755104065,2.312442779541016,1.2532685995101929,2.0351150035858154,5.283014297485352,6.050497531890869,S1
A2-1,13,ood(-20C),06-23-17_23.35 n20degC_NN_Pan18650PF,11350,1.1017630100250244,1.4805797338485718,0.8814716339111328,1.2204283475875854,3.7301185131073,4.5306715965271,S1
A2-1,13,ood(-20C),06-23-17_23.35 n20degC_UDDS_Pan18650PF,15753,5.160928726196289,5.783524513244629,3.931597948074341,4.721168518066406,10.603472709655762,11.24362850189209,S1
A2-1,13,ood(-20C),06-24-17_04.29 n20degC_Cycle_1_Pan18650PF,4752,17.6080379486084,18.27074241638184,17.551179885864258,18.20614624023437,20.16110610961914,21.568696975708008,S1
A2-1,13,ood(-20C),06-24-17_11.58 n20degC_Cycle_2_Pan18650PF,4718,16.20331382751465,16.85724449157715,16.175241470336914,16.826435089111328,19.785266876220703,20.254301071166992,S1
A2-1,13,ood(-20C),06-24-17_19.29 n20degC_Cycle_3_Pan18650PF,4695,16.29913330078125,16.943695068359375,16.251310348510742,16.895566940307617,21.421072006225582,22.72559928894043,S1
A2-1,13,ood(-20C),06-25-17_03.01 n20degC_Cycle_4_Pan18650PF,4715,13.217724800109863,13.991146087646484,13.189414978027344,13.947093963623049,15.192038536071776,16.584117889404297,S1
A2-1,13,ood(-20C),06-25-17_10.31 n20degC_US06_Pan18650PF,2333,17.03714370727539,17.770174026489258,16.91422462463379,17.665054321289062,20.965356826782227,22.05197525024414,S1
A2-1,42,val(25C),03-21-17_00.29 25degC_UDDS_Pan18650PF,22119,1.5091198682785034,1.0261207818984983,1.4729361534118652,0.8937966823577881,2.8923842906951904,4.011256694793701,S1
A2-1,42,test_id(25C),03-18-17_02.17 25degC_Cycle_1_Pan18650PF,10655,0.5577367544174194,0.6994299292564392,0.4274957478046417,0.5603054761886597,2.85761833190918,2.764824390411377,S1
A2-1,42,test_id(25C),03-19-17_03.25 25degC_Cycle_2_Pan18650PF,10819,0.7980073094367981,0.6826520562171936,0.6773711442947388,0.4795272946357727,3.8061656951904297,3.381056547164917,S1
A2-1,42,test_id(25C),03-19-17_09.07 25degC_Cycle_3_Pan18650PF,9936,0.5716968774795532,0.414771556854248,0.526796817779541,0.2917009890079498,1.0240869522094729,1.59094500541687,S1
A2-1,42,test_id(25C),03-19-17_14.31 25degC_Cycle_4_Pan18650PF,11778,0.9032625555992126,0.6867341995239258,0.7918484807014465,0.5009431838989258,3.374241828918457,3.369976043701172,S1
A2-1,42,ood(10C),03-27-17_09.06 10degC_HWFET_Pan18650PF,10263,2.4030654430389404,2.864773750305176,1.952929139137268,2.246832132339477,8.288605690002441,8.692519187927246,S1
A2-1,42,ood(10C),03-27-17_09.06 10degC_LA92_Pan18650PF,15817,1.838112235069275,2.5007429122924805,1.6532007455825806,2.1721577644348145,3.1014151573181152,4.23758602142334,S1
A2-1,42,ood(10C),03-27-17_09.06 10degC_NN_Pan18650PF,13750,1.384708285331726,1.9854921102523804,1.2487564086914062,1.7088820934295654,2.603825330734253,3.699146270751953,S1
A2-1,42,ood(10C),03-27-17_09.06 10degC_UDDS_Pan18650PF,24281,0.7483742237091064,1.316759467124939,0.6570649743080139,1.19514262676239,2.0992648601531982,3.3918609619140625,S1
A2-1,42,ood(10C),03-27-17_09.06 10degC_US06_Pan18650PF,3882,2.582253932952881,3.2598445415496826,2.507454872131348,3.221168041229248,3.63446307182312,4.402679443359375,S1
A2-1,42,ood(10C),03-28-17_12.51 10degC_Cycle_1_Pan18650PF,9067,1.8653419017791748,2.711942672729492,1.7895753383636477,2.654850959777832,2.57422423362732,3.7085940837860103,S1
A2-1,42,ood(10C),03-28-17_18.18 10degC_Cycle_2_Pan18650PF,7795,3.0697789192199707,3.896050214767456,3.0289480686187744,3.86365008354187,4.284008502960205,5.437626838684082,S1
A2-1,42,ood(10C),04-05-17_17.04 10degC_Cycle_3_Pan18650PF,9769,2.631728172302246,3.4345269203186035,2.4990668296813965,3.313856840133667,6.371574878692627,6.120825290679932,S1
A2-1,42,ood(10C),04-05-17_22.50 10degC_Cycle_4_Pan18650PF,9589,1.091448426246643,1.9090536832809448,1.0099141597747805,1.815868139266968,1.8464959859848025,2.9034385681152344,S1
A2-1,42,ood(0C),05-30-17_12.56 0degC_Cycle_1_Pan18650PF,8487,4.934931755065918,5.690018653869629,4.733814239501953,5.497318744659424,7.470005512237549,8.070024490356445,S1
A2-1,42,ood(0C),05-30-17_20.16 0degC_Cycle_2_Pan18650PF,8060,5.283172130584717,6.000317096710205,4.996809482574463,5.675275802612305,9.116023063659668,10.139396667480469,S1
A2-1,42,ood(0C),06-01-17_10.36 0degC_LA92_Pan18650PF,15077,2.095378875732422,2.727667093276977,1.7240800857543943,2.096116065979004,3.831493616104126,4.91233491897583,S1
A2-1,42,ood(0C),06-01-17_10.36 0degC_NN_Pan18650PF,13148,1.457082748413086,1.961308717727661,1.2210693359375,1.447623372077942,3.2343292236328125,4.249837398529053,S1
A2-1,42,ood(0C),06-01-17_15.36 0degC_Cycle_3_Pan18650PF,5931,6.142489433288574,6.993519306182861,5.865081310272217,6.684101581573486,8.96208667755127,10.214523315429688,S1
A2-1,42,ood(0C),06-01-17_22.03 0degC_Cycle_4_Pan18650PF,7389,3.171359062194824,4.113182067871094,3.049534559249878,4.017876625061035,4.093801021575928,5.227407455444336,S1
A2-1,42,ood(0C),06-02-17_04.58 0degC_US06_Pan18650PF,3344,6.671102523803711,7.532674789428711,6.200530529022217,6.993742942810059,8.390694618225098,9.64990520477295,S1
A2-1,42,ood(0C),06-02-17_10.43 0degC_HWFET_Pan18650PF,5670,7.212000370025635,8.138193130493164,6.990440368652344,7.932710647583008,9.013738632202148,10.018049240112305,S1
A2-1,42,ood(0C),06-02-17_17.14 0degC_UDDS_Pan18650PF,12540,3.190485954284668,4.1335062980651855,2.9935877323150635,3.9885270595550537,4.677614212036133,5.818413257598877,S1
A2-1,42,ood(-10C),06-07-17_08.39 n10degC_HWFET_Pan18650PF,11951,3.4016926288604736,3.969366788864136,2.381418228149414,2.5852062702178955,8.346379280090332,9.519368171691896,S1
A2-1,42,ood(-10C),06-07-17_08.39 n10degC_LA92_Pan18650PF,13765,3.662468671798706,4.287895202636719,2.644167900085449,2.949491500854492,8.308347702026367,9.683212280273438,S1
A2-1,42,ood(-10C),06-07-17_08.39 n10degC_UDDS_Pan18650PF,17786,4.724403381347656,5.469038486480713,3.696313142776489,4.203316688537598,8.852611541748047,10.269649505615234,S1
A2-1,42,ood(-10C),06-07-17_08.39 n10degC_US06_Pan18650PF,9929,1.5720794200897217,1.8952367305755613,1.2001672983169556,1.1535273790359497,4.790685653686523,5.710507869720459,S1
A2-1,42,ood(-10C),06-10-17_11.25 n10degC_Cycle_1_Pan18650PF,5706,6.60512638092041,7.571749210357666,6.451104164123535,7.428162097930908,8.205490112304688,9.389790534973145,S1
A2-1,42,ood(-10C),06-10-17_18.35 n10degC_Cycle_2_Pan18650PF,5654,12.16176986694336,13.176620483398438,12.135697364807127,13.151693344116213,13.866462707519531,15.00987148284912,S1
A2-1,42,ood(-10C),06-11-17_01.39 n10degC_Cycle_3_Pan18650PF,5368,12.64407730102539,13.641308784484863,12.542119026184082,13.549765586853027,16.49686050415039,17.345911026000977,S1
A2-1,42,ood(-10C),06-11-17_08.42 n10degC_Cycle_4_Pan18650PF,5791,5.355126857757568,6.293256759643555,4.935229301452637,5.792648315429688,8.565593719482422,10.319135665893556,S1
A2-1,42,ood(-10C),06-14-17_13.12 n10degC_NN_Pan18650PF,4939,11.515380859375,12.494305610656738,11.487773895263672,12.46855354309082,13.074525833129885,14.200064659118652,S1
A2-1,42,ood(-20C),06-23-17_23.35 n20degC_HWFET_Pan18650PF,11042,1.3390394449234009,1.775188684463501,0.9279404282569884,1.1707406044006348,4.958640575408936,6.290194511413574,S1
A2-1,42,ood(-20C),06-23-17_23.35 n20degC_LA92_Pan18650PF,12521,1.699766755104065,2.2859694957733154,1.2532685995101929,1.6080294847488403,5.283014297485352,6.954911708831787,S1
A2-1,42,ood(-20C),06-23-17_23.35 n20degC_NN_Pan18650PF,11350,1.1017630100250244,1.20517897605896,0.8814716339111328,0.6486639380455017,3.7301185131073,5.146763801574707,S1
A2-1,42,ood(-20C),06-23-17_23.35 n20degC_UDDS_Pan18650PF,15753,5.160928726196289,5.896186828613281,3.931597948074341,4.396176338195801,10.603472709655762,11.931093215942385,S1
A2-1,42,ood(-20C),06-24-17_04.29 n20degC_Cycle_1_Pan18650PF,4752,17.6080379486084,18.62906265258789,17.551179885864258,18.57361602783203,20.16110610961914,21.251089096069336,S1
A2-1,42,ood(-20C),06-24-17_11.58 n20degC_Cycle_2_Pan18650PF,4718,16.20331382751465,17.23297691345215,16.175241470336914,17.208026885986328,19.785266876220703,20.144960403442383,S1
A2-1,42,ood(-20C),06-24-17_19.29 n20degC_Cycle_3_Pan18650PF,4695,16.29913330078125,17.328323364257812,16.251310348510742,17.287979125976562,21.421072006225582,22.399145126342773,S1
A2-1,42,ood(-20C),06-25-17_03.01 n20degC_Cycle_4_Pan18650PF,4715,13.217724800109863,14.26034927368164,13.189414978027344,14.231197357177734,15.192038536071776,16.702543258666992,S1
A2-1,42,ood(-20C),06-25-17_10.31 n20degC_US06_Pan18650PF,2333,17.03714370727539,18.120140075683597,16.91422462463379,18.004831314086914,20.965356826782227,22.46620178222656,S1
A2-1,101,val(25C),03-21-17_00.29 25degC_UDDS_Pan18650PF,22119,1.5091198682785034,1.036513090133667,1.4729361534118652,0.9083850979804992,2.8923842906951904,3.6840219497680655,S1
A2-1,101,test_id(25C),03-18-17_02.17 25degC_Cycle_1_Pan18650PF,10655,0.5577367544174194,0.6794710159301758,0.4274957478046417,0.5509181618690491,2.85761833190918,2.0413594245910645,S1
A2-1,101,test_id(25C),03-19-17_03.25 25degC_Cycle_2_Pan18650PF,10819,0.7980073094367981,0.6824538111686707,0.6773711442947388,0.4862528145313263,3.8061656951904297,3.639386415481568,S1
A2-1,101,test_id(25C),03-19-17_09.07 25degC_Cycle_3_Pan18650PF,9936,0.5716968774795532,0.4042011499404907,0.526796817779541,0.2883000373840332,1.0240869522094729,1.483590602874756,S1
A2-1,101,test_id(25C),03-19-17_14.31 25degC_Cycle_4_Pan18650PF,11778,0.9032625555992126,0.6127462387084961,0.7918484807014465,0.458827793598175,3.374241828918457,2.855440855026245,S1
A2-1,101,ood(10C),03-27-17_09.06 10degC_HWFET_Pan18650PF,10263,2.4030654430389404,2.36362624168396,1.952929139137268,1.8963139057159424,8.288605690002441,6.660238265991211,S1
A2-1,101,ood(10C),03-27-17_09.06 10degC_LA92_Pan18650PF,15817,1.838112235069275,2.4427971839904785,1.6532007455825806,2.1542868614196777,3.1014151573181152,4.13715124130249,S1
A2-1,101,ood(10C),03-27-17_09.06 10degC_NN_Pan18650PF,13750,1.384708285331726,1.9214258193969729,1.2487564086914062,1.6886231899261477,2.603825330734253,3.675421714782715,S1
A2-1,101,ood(10C),03-27-17_09.06 10degC_UDDS_Pan18650PF,24281,0.7483742237091064,1.3278619050979614,0.6570649743080139,1.2297370433807373,2.0992648601531982,2.739377021789551,S1
A2-1,101,ood(10C),03-27-17_09.06 10degC_US06_Pan18650PF,3882,2.582253932952881,3.0126914978027344,2.507454872131348,2.9803006649017334,3.63446307182312,4.220879554748535,S1
A2-1,101,ood(10C),03-28-17_12.51 10degC_Cycle_1_Pan18650PF,9067,1.8653419017791748,2.6278791427612305,1.7895753383636477,2.5690622329711914,2.57422423362732,3.774395942687988,S1
A2-1,101,ood(10C),03-28-17_18.18 10degC_Cycle_2_Pan18650PF,7795,3.0697789192199707,3.795486927032471,3.0289480686187744,3.764399766921997,4.284008502960205,5.417050361633301,S1
A2-1,101,ood(10C),04-05-17_17.04 10degC_Cycle_3_Pan18650PF,9769,2.631728172302246,3.375354766845703,2.4990668296813965,3.2514448165893555,6.371574878692627,5.280619621276856,S1
A2-1,101,ood(10C),04-05-17_22.50 10degC_Cycle_4_Pan18650PF,9589,1.091448426246643,1.8128618001937864,1.0099141597747805,1.679116129875183,1.8464959859848025,2.8780264854431152,S1
A2-1,101,ood(0C),05-30-17_12.56 0degC_Cycle_1_Pan18650PF,8487,4.934931755065918,5.300960063934326,4.733814239501953,4.875260353088379,7.470005512237549,8.16918659210205,S1
A2-1,101,ood(0C),05-30-17_20.16 0degC_Cycle_2_Pan18650PF,8060,5.283172130584717,5.672266960144043,4.996809482574463,5.120213508605957,9.116023063659668,10.292317390441896,S1
A2-1,101,ood(0C),06-01-17_10.36 0degC_LA92_Pan18650PF,15077,2.095378875732422,2.694543838500977,1.7240800857543943,2.17630934715271,3.831493616104126,4.819211006164551,S1
A2-1,101,ood(0C),06-01-17_10.36 0degC_NN_Pan18650PF,13148,1.457082748413086,1.9302505254745483,1.2210693359375,1.5331239700317385,3.2343292236328125,4.183551788330078,S1
A2-1,101,ood(0C),06-01-17_15.36 0degC_Cycle_3_Pan18650PF,5931,6.142489433288574,6.929216384887695,5.865081310272217,6.573935031890869,8.96208667755127,10.079923629760742,S1
A2-1,101,ood(0C),06-01-17_22.03 0degC_Cycle_4_Pan18650PF,7389,3.171359062194824,4.022605895996094,3.049534559249878,3.8958849906921382,4.093801021575928,5.421990394592285,S1
A2-1,101,ood(0C),06-02-17_04.58 0degC_US06_Pan18650PF,3344,6.671102523803711,7.286115646362305,6.200530529022217,6.694798469543457,8.390694618225098,9.560553550720217,S1
A2-1,101,ood(0C),06-02-17_10.43 0degC_HWFET_Pan18650PF,5670,7.212000370025635,7.818003177642822,6.990440368652344,7.538926124572754,9.013738632202148,10.176037788391112,S1
A2-1,101,ood(0C),06-02-17_17.14 0degC_UDDS_Pan18650PF,12540,3.190485954284668,4.175454616546631,2.9935877323150635,3.9819042682647705,4.677614212036133,6.009416103363037,S1
A2-1,101,ood(-10C),06-07-17_08.39 n10degC_HWFET_Pan18650PF,11951,3.4016926288604736,3.795465469360352,2.381418228149414,2.669954299926758,8.346379280090332,9.126880645751951,S1
A2-1,101,ood(-10C),06-07-17_08.39 n10degC_LA92_Pan18650PF,13765,3.662468671798706,4.189091682434082,2.644167900085449,3.0515360832214355,8.308347702026367,9.429656982421877,S1
A2-1,101,ood(-10C),06-07-17_08.39 n10degC_UDDS_Pan18650PF,17786,4.724403381347656,5.414578437805176,3.696313142776489,4.299422740936279,8.852611541748047,9.961674690246582,S1
A2-1,101,ood(-10C),06-07-17_08.39 n10degC_US06_Pan18650PF,9929,1.5720794200897217,1.803288459777832,1.2001672983169556,1.2992960214614868,4.790685653686523,4.96633243560791,S1
A2-1,101,ood(-10C),06-10-17_11.25 n10degC_Cycle_1_Pan18650PF,5706,6.60512638092041,7.390829086303711,6.451104164123535,7.272650718688965,8.205490112304688,8.882696151733398,S1
A2-1,101,ood(-10C),06-10-17_18.35 n10degC_Cycle_2_Pan18650PF,5654,12.16176986694336,13.00679874420166,12.135697364807127,12.981109619140623,13.866462707519531,14.856527328491213,S1
A2-1,101,ood(-10C),06-11-17_01.39 n10degC_Cycle_3_Pan18650PF,5368,12.64407730102539,13.464338302612305,12.542119026184082,13.360177993774414,16.49686050415039,17.46802520751953,S1
A2-1,101,ood(-10C),06-11-17_08.42 n10degC_Cycle_4_Pan18650PF,5791,5.355126857757568,6.132967472076416,4.935229301452637,5.676598072052002,8.565593719482422,9.480756759643556,S1
A2-1,101,ood(-10C),06-14-17_13.12 n10degC_NN_Pan18650PF,4939,11.515380859375,12.373473167419434,11.487773895263672,12.33777141571045,13.074525833129885,14.116140365600586,S1
A2-1,101,ood(-20C),06-23-17_23.35 n20degC_HWFET_Pan18650PF,11042,1.3390394449234009,1.7067772150039673,0.9279404282569884,1.2787785530090332,4.958640575408936,5.8637895584106445,S1
A2-1,101,ood(-20C),06-23-17_23.35 n20degC_LA92_Pan18650PF,12521,1.699766755104065,2.217212200164795,1.2532685995101929,1.715012550354004,5.283014297485352,6.371027946472168,S1
A2-1,101,ood(-20C),06-23-17_23.35 n20degC_NN_Pan18650PF,11350,1.1017630100250244,1.2538609504699707,0.8814716339111328,0.8406400680541992,3.7301185131073,4.9300079345703125,S1
A2-1,101,ood(-20C),06-23-17_23.35 n20degC_UDDS_Pan18650PF,15753,5.160928726196289,5.801529407501221,3.931597948074341,4.474875926971436,10.603472709655762,11.249258041381836,S1
A2-1,101,ood(-20C),06-24-17_04.29 n20degC_Cycle_1_Pan18650PF,4752,17.6080379486084,18.387758255004883,17.551179885864258,18.332969665527344,20.16110610961914,21.21063995361328,S1
A2-1,101,ood(-20C),06-24-17_11.58 n20degC_Cycle_2_Pan18650PF,4718,16.20331382751465,16.938791275024414,16.175241470336914,16.910961151123047,19.785266876220703,19.4724063873291,S1
A2-1,101,ood(-20C),06-24-17_19.29 n20degC_Cycle_3_Pan18650PF,4695,16.29913330078125,17.021217346191406,16.251310348510742,16.978544235229492,21.421072006225582,22.181934356689453,S1
A2-1,101,ood(-20C),06-25-17_03.01 n20degC_Cycle_4_Pan18650PF,4715,13.217724800109863,14.017200469970703,13.189414978027344,13.977871894836426,15.192038536071776,16.395801544189453,S1
A2-1,101,ood(-20C),06-25-17_10.31 n20degC_US06_Pan18650PF,2333,17.03714370727539,17.825571060180664,16.91422462463379,17.715866088867188,20.965356826782227,21.796140670776367,S1
A2-1,202,val(25C),03-21-17_00.29 25degC_UDDS_Pan18650PF,22119,1.5091198682785034,0.9954975247383118,1.4729361534118652,0.8697777390480042,2.8923842906951904,3.717661619186402,S1
A2-1,202,test_id(25C),03-18-17_02.17 25degC_Cycle_1_Pan18650PF,10655,0.5577367544174194,0.689881443977356,0.4274957478046417,0.56452476978302,2.85761833190918,2.154214382171631,S1
A2-1,202,test_id(25C),03-19-17_03.25 25degC_Cycle_2_Pan18650PF,10819,0.7980073094367981,0.6554152965545654,0.6773711442947388,0.4327418804168701,3.8061656951904297,2.750600099563598,S1
A2-1,202,test_id(25C),03-19-17_09.07 25degC_Cycle_3_Pan18650PF,9936,0.5716968774795532,0.456034243106842,0.526796817779541,0.3244180381298065,1.0240869522094729,1.786417841911316,S1
A2-1,202,test_id(25C),03-19-17_14.31 25degC_Cycle_4_Pan18650PF,11778,0.9032625555992126,0.7846232652664185,0.7918484807014465,0.5377753376960754,3.374241828918457,4.257937908172607,S1
A2-1,202,ood(10C),03-27-17_09.06 10degC_HWFET_Pan18650PF,10263,2.4030654430389404,2.364942789077759,1.952929139137268,1.8972541093826292,8.288605690002441,8.268961906433105,S1
A2-1,202,ood(10C),03-27-17_09.06 10degC_LA92_Pan18650PF,15817,1.838112235069275,2.525958776473999,1.6532007455825806,2.253525733947754,3.1014151573181152,4.3750762939453125,S1
A2-1,202,ood(10C),03-27-17_09.06 10degC_NN_Pan18650PF,13750,1.384708285331726,1.908932447433472,1.2487564086914062,1.6911519765853882,2.603825330734253,3.8029956817626953,S1
A2-1,202,ood(10C),03-27-17_09.06 10degC_UDDS_Pan18650PF,24281,0.7483742237091064,1.1766339540481567,0.6570649743080139,1.0516875982284546,2.0992648601531982,3.5338034629821777,S1
A2-1,202,ood(10C),03-27-17_09.06 10degC_US06_Pan18650PF,3882,2.582253932952881,3.1650404930114746,2.507454872131348,3.1285183429718018,3.63446307182312,4.364961624145508,S1
A2-1,202,ood(10C),03-28-17_12.51 10degC_Cycle_1_Pan18650PF,9067,1.8653419017791748,2.582237243652344,1.7895753383636477,2.51299262046814,2.57422423362732,3.598473072052002,S1
A2-1,202,ood(10C),03-28-17_18.18 10degC_Cycle_2_Pan18650PF,7795,3.0697789192199707,3.7477502822875977,3.0289480686187744,3.701151132583618,4.284008502960205,5.136740207672119,S1
A2-1,202,ood(10C),04-05-17_17.04 10degC_Cycle_3_Pan18650PF,9769,2.631728172302246,3.3852553367614746,2.4990668296813965,3.236370801925659,6.371574878692627,6.587670803070068,S1
A2-1,202,ood(10C),04-05-17_22.50 10degC_Cycle_4_Pan18650PF,9589,1.091448426246643,1.725723147392273,1.0099141597747805,1.5889296531677246,1.8464959859848025,3.097346782684326,S1
A2-1,202,ood(0C),05-30-17_12.56 0degC_Cycle_1_Pan18650PF,8487,4.934931755065918,5.348283767700195,4.733814239501953,5.092321872711182,7.470005512237549,8.032164573669434,S1
A2-1,202,ood(0C),05-30-17_20.16 0degC_Cycle_2_Pan18650PF,8060,5.283172130584717,5.60113000869751,4.996809482574463,5.174859523773193,9.116023063659668,10.140144348144531,S1
A2-1,202,ood(0C),06-01-17_10.36 0degC_LA92_Pan18650PF,15077,2.095378875732422,2.740362882614136,1.7240800857543943,2.278748035430908,3.831493616104126,5.048436164855957,S1
A2-1,202,ood(0C),06-01-17_10.36 0degC_NN_Pan18650PF,13148,1.457082748413086,1.892726182937622,1.2210693359375,1.5854196548461914,3.2343292236328125,4.275959014892578,S1
A2-1,202,ood(0C),06-01-17_15.36 0degC_Cycle_3_Pan18650PF,5931,6.142489433288574,6.719228267669678,5.865081310272217,6.363239288330078,8.96208667755127,10.147744178771973,S1
A2-1,202,ood(0C),06-01-17_22.03 0degC_Cycle_4_Pan18650PF,7389,3.171359062194824,3.956467628479004,3.049534559249878,3.870970487594605,4.093801021575928,5.36083984375,S1
A2-1,202,ood(0C),06-02-17_04.58 0degC_US06_Pan18650PF,3344,6.671102523803711,7.367781162261963,6.200530529022217,6.814233303070068,8.390694618225098,9.564408302307127,S1
A2-1,202,ood(0C),06-02-17_10.43 0degC_HWFET_Pan18650PF,5670,7.212000370025635,7.690839767456055,6.990440368652344,7.492916584014893,9.013738632202148,10.154545783996582,S1
A2-1,202,ood(0C),06-02-17_17.14 0degC_UDDS_Pan18650PF,12540,3.190485954284668,3.9340105056762695,2.9935877323150635,3.753155469894409,4.677614212036133,5.956271648406982,S1
A2-1,202,ood(-10C),06-07-17_08.39 n10degC_HWFET_Pan18650PF,11951,3.4016926288604736,3.892000675201416,2.381418228149414,2.827325820922852,8.346379280090332,9.469855308532717,S1
A2-1,202,ood(-10C),06-07-17_08.39 n10degC_LA92_Pan18650PF,13765,3.662468671798706,4.203350067138672,2.644167900085449,3.1532201766967773,8.308347702026367,9.527116775512695,S1
A2-1,202,ood(-10C),06-07-17_08.39 n10degC_UDDS_Pan18650PF,17786,4.724403381347656,5.329917907714844,3.696313142776489,4.311831951141357,8.852611541748047,9.930773735046388,S1
A2-1,202,ood(-10C),06-07-17_08.39 n10degC_US06_Pan18650PF,9929,1.5720794200897217,1.9635430574417116,1.2001672983169556,1.490406155586243,4.790685653686523,5.624099254608154,S1
A2-1,202,ood(-10C),06-10-17_11.25 n10degC_Cycle_1_Pan18650PF,5706,6.60512638092041,7.36109733581543,6.451104164123535,7.24280309677124,8.205490112304688,9.092204093933104,S1
A2-1,202,ood(-10C),06-10-17_18.35 n10degC_Cycle_2_Pan18650PF,5654,12.16176986694336,12.953859329223633,12.135697364807127,12.926008224487305,13.866462707519531,15.09013843536377,S1
A2-1,202,ood(-10C),06-11-17_01.39 n10degC_Cycle_3_Pan18650PF,5368,12.64407730102539,13.465362548828123,12.542119026184082,13.367680549621582,16.49686050415039,17.463024139404297,S1
A2-1,202,ood(-10C),06-11-17_08.42 n10degC_Cycle_4_Pan18650PF,5791,5.355126857757568,6.121750354766846,4.935229301452637,5.655762195587158,8.565593719482422,10.287383079528809,S1
A2-1,202,ood(-10C),06-14-17_13.12 n10degC_NN_Pan18650PF,4939,11.515380859375,12.289390563964844,11.487773895263672,12.249382972717283,13.074525833129885,14.161521911621094,S1
A2-1,202,ood(-20C),06-23-17_23.35 n20degC_HWFET_Pan18650PF,11042,1.3390394449234009,1.8356719017028809,0.9279404282569884,1.497026443481445,4.958640575408936,6.132534980773926,S1
A2-1,202,ood(-20C),06-23-17_23.35 n20degC_LA92_Pan18650PF,12521,1.699766755104065,2.2818145751953125,1.2532685995101929,1.863823413848877,5.283014297485352,6.615591049194336,S1
A2-1,202,ood(-20C),06-23-17_23.35 n20degC_NN_Pan18650PF,11350,1.1017630100250244,1.2348204851150513,0.8814716339111328,0.9369162321090698,3.7301185131073,5.277585506439209,S1
A2-1,202,ood(-20C),06-23-17_23.35 n20degC_UDDS_Pan18650PF,15753,5.160928726196289,5.867559909820557,3.931597948074341,4.620112419128418,10.603472709655762,11.857830047607422,S1
A2-1,202,ood(-20C),06-24-17_04.29 n20degC_Cycle_1_Pan18650PF,4752,17.6080379486084,18.455841064453125,17.551179885864258,18.37872886657715,20.16110610961914,21.4725399017334,S1
A2-1,202,ood(-20C),06-24-17_11.58 n20degC_Cycle_2_Pan18650PF,4718,16.20331382751465,16.943666458129883,16.175241470336914,16.907140731811523,19.785266876220703,21.23198699951172,S1
A2-1,202,ood(-20C),06-24-17_19.29 n20degC_Cycle_3_Pan18650PF,4695,16.29913330078125,17.10364532470703,16.251310348510742,17.06055450439453,21.421072006225582,22.46737670898437,S1
A2-1,202,ood(-20C),06-25-17_03.01 n20degC_Cycle_4_Pan18650PF,4715,13.217724800109863,14.065272331237791,13.189414978027344,14.012612342834473,15.192038536071776,16.73834991455078,S1
A2-1,202,ood(-20C),06-25-17_10.31 n20degC_US06_Pan18650PF,2333,17.03714370727539,17.910018920898438,16.91422462463379,17.772480010986328,20.965356826782227,22.770830154418945,S1
A2-1,303,val(25C),03-21-17_00.29 25degC_UDDS_Pan18650PF,22119,1.5091198682785034,0.9745216965675354,1.4729361534118652,0.8293175101280212,2.8923842906951904,3.668891429901123,S1
A2-1,303,test_id(25C),03-18-17_02.17 25degC_Cycle_1_Pan18650PF,10655,0.5577367544174194,0.7023673057556152,0.4274957478046417,0.5920405983924866,2.85761833190918,2.0166232585906982,S1
A2-1,303,test_id(25C),03-19-17_03.25 25degC_Cycle_2_Pan18650PF,10819,0.7980073094367981,0.6791582703590393,0.6773711442947388,0.4452069401741028,3.8061656951904297,3.32020115852356,S1
A2-1,303,test_id(25C),03-19-17_09.07 25degC_Cycle_3_Pan18650PF,9936,0.5716968774795532,0.4639950692653656,0.526796817779541,0.3289991617202759,1.0240869522094729,1.7521662712097168,S1
A2-1,303,test_id(25C),03-19-17_14.31 25degC_Cycle_4_Pan18650PF,11778,0.9032625555992126,0.6413551568984985,0.7918484807014465,0.4662058651447296,3.374241828918457,3.066956043243408,S1
A2-1,303,ood(10C),03-27-17_09.06 10degC_HWFET_Pan18650PF,10263,2.4030654430389404,2.437651395797729,1.952929139137268,1.953262448310852,8.288605690002441,6.607157707214356,S1
A2-1,303,ood(10C),03-27-17_09.06 10degC_LA92_Pan18650PF,15817,1.838112235069275,2.6752588748931885,1.6532007455825806,2.37781834602356,3.1014151573181152,4.75026273727417,S1
A2-1,303,ood(10C),03-27-17_09.06 10degC_NN_Pan18650PF,13750,1.384708285331726,2.2137696743011475,1.2487564086914062,1.951006770133972,2.603825330734253,4.222908973693848,S1
A2-1,303,ood(10C),03-27-17_09.06 10degC_UDDS_Pan18650PF,24281,0.7483742237091064,1.5641857385635376,0.6570649743080139,1.4331724643707275,2.0992648601531982,3.44107723236084,S1
A2-1,303,ood(10C),03-27-17_09.06 10degC_US06_Pan18650PF,3882,2.582253932952881,3.3667142391204834,2.507454872131348,3.314140796661377,3.63446307182312,5.091887474060059,S1
A2-1,303,ood(10C),03-28-17_12.51 10degC_Cycle_1_Pan18650PF,9067,1.8653419017791748,2.8886311054229736,1.7895753383636477,2.8090579509735107,2.57422423362732,4.204366683959961,S1
A2-1,303,ood(10C),03-28-17_18.18 10degC_Cycle_2_Pan18650PF,7795,3.0697789192199707,4.03609561920166,3.0289480686187744,3.993212938308716,4.284008502960205,5.402040958404541,S1
A2-1,303,ood(10C),04-05-17_17.04 10degC_Cycle_3_Pan18650PF,9769,2.631728172302246,3.6176297664642334,2.4990668296813965,3.4916460514068604,6.371574878692627,5.766031265258789,S1
A2-1,303,ood(10C),04-05-17_22.50 10degC_Cycle_4_Pan18650PF,9589,1.091448426246643,2.0411312580108643,1.0099141597747805,1.9231337308883667,1.8464959859848025,3.409242868423462,S1
A2-1,303,ood(0C),05-30-17_12.56 0degC_Cycle_1_Pan18650PF,8487,4.934931755065918,5.5189971923828125,4.733814239501953,5.035383224487305,7.470005512237549,8.187121391296387,S1
A2-1,303,ood(0C),05-30-17_20.16 0degC_Cycle_2_Pan18650PF,8060,5.283172130584717,5.92192268371582,4.996809482574463,5.35374927520752,9.116023063659668,10.16923999786377,S1
A2-1,303,ood(0C),06-01-17_10.36 0degC_LA92_Pan18650PF,15077,2.095378875732422,2.976956605911255,1.7240800857543943,2.4632601737976074,3.831493616104126,5.441689491271973,S1
A2-1,303,ood(0C),06-01-17_10.36 0degC_NN_Pan18650PF,13148,1.457082748413086,2.2173874378204346,1.2210693359375,1.822010159492493,3.2343292236328125,4.742161273956299,S1
A2-1,303,ood(0C),06-01-17_15.36 0degC_Cycle_3_Pan18650PF,5931,6.142489433288574,7.161004543304443,5.865081310272217,6.800981521606445,8.96208667755127,10.408843994140623,S1
A2-1,303,ood(0C),06-01-17_22.03 0degC_Cycle_4_Pan18650PF,7389,3.171359062194824,4.357489585876465,3.049534559249878,4.266327381134033,4.093801021575928,5.523273468017578,S1
A2-1,303,ood(0C),06-02-17_04.58 0degC_US06_Pan18650PF,3344,6.671102523803711,7.592370510101318,6.200530529022217,6.989644527435303,8.390694618225098,9.80629062652588,S1
A2-1,303,ood(0C),06-02-17_10.43 0degC_HWFET_Pan18650PF,5670,7.212000370025635,7.894907474517822,6.990440368652344,7.661720275878906,9.013738632202148,10.225348472595217,S1
A2-1,303,ood(0C),06-02-17_17.14 0degC_UDDS_Pan18650PF,12540,3.190485954284668,4.476860523223877,2.9935877323150635,4.353527069091797,4.677614212036133,6.091548442840576,S1
A2-1,303,ood(-10C),06-07-17_08.39 n10degC_HWFET_Pan18650PF,11951,3.4016926288604736,4.003955364227295,2.381418228149414,2.916844129562378,8.346379280090332,9.575955390930176,S1
A2-1,303,ood(-10C),06-07-17_08.39 n10degC_LA92_Pan18650PF,13765,3.662468671798706,4.528192043304443,2.644167900085449,3.3902058601379395,8.308347702026367,9.893214225769045,S1
A2-1,303,ood(-10C),06-07-17_08.39 n10degC_UDDS_Pan18650PF,17786,4.724403381347656,5.780515670776367,3.696313142776489,4.660150527954102,8.852611541748047,10.637945175170898,S1
A2-1,303,ood(-10C),06-07-17_08.39 n10degC_US06_Pan18650PF,9929,1.5720794200897217,2.06638765335083,1.2001672983169556,1.5899851322174072,4.790685653686523,5.757920742034912,S1
A2-1,303,ood(-10C),06-10-17_11.25 n10degC_Cycle_1_Pan18650PF,5706,6.60512638092041,7.8253173828125,6.451104164123535,7.684891700744629,8.205490112304688,9.52308177947998,S1
A2-1,303,ood(-10C),06-10-17_18.35 n10degC_Cycle_2_Pan18650PF,5654,12.16176986694336,13.412842750549316,12.135697364807127,13.393324851989746,13.866462707519531,14.901311874389648,S1
A2-1,303,ood(-10C),06-11-17_01.39 n10degC_Cycle_3_Pan18650PF,5368,12.64407730102539,13.836164474487305,12.542119026184082,13.748536109924316,16.49686050415039,17.355600357055664,S1
A2-1,303,ood(-10C),06-11-17_08.42 n10degC_Cycle_4_Pan18650PF,5791,5.355126857757568,6.482729434967041,4.935229301452637,5.984082221984863,8.565593719482422,9.84011173248291,S1
A2-1,303,ood(-10C),06-14-17_13.12 n10degC_NN_Pan18650PF,4939,11.515380859375,12.811074256896973,11.487773895263672,12.787047386169434,13.074525833129885,14.366986274719238,S1
A2-1,303,ood(-20C),06-23-17_23.35 n20degC_HWFET_Pan18650PF,11042,1.3390394449234009,1.929264068603516,0.9279404282569884,1.5628564357757568,4.958640575408936,6.537881851196289,S1
A2-1,303,ood(-20C),06-23-17_23.35 n20degC_LA92_Pan18650PF,12521,1.699766755104065,2.5259833335876465,1.2532685995101929,2.075927734375,5.283014297485352,6.745622634887695,S1
A2-1,303,ood(-20C),06-23-17_23.35 n20degC_NN_Pan18650PF,11350,1.1017630100250244,1.5526001453399658,0.8814716339111328,1.1414003372192385,3.7301185131073,5.936073303222656,S1
A2-1,303,ood(-20C),06-23-17_23.35 n20degC_UDDS_Pan18650PF,15753,5.160928726196289,6.161896705627441,3.931597948074341,4.878001689910889,10.603472709655762,12.139182090759276,S1
A2-1,303,ood(-20C),06-24-17_04.29 n20degC_Cycle_1_Pan18650PF,4752,17.6080379486084,18.819150924682617,17.551179885864258,18.7726993560791,20.16110610961914,21.53400993347168,S1
A2-1,303,ood(-20C),06-24-17_11.58 n20degC_Cycle_2_Pan18650PF,4718,16.20331382751465,17.461511611938477,16.175241470336914,17.431806564331055,19.785266876220703,21.12112045288086,S1
A2-1,303,ood(-20C),06-24-17_19.29 n20degC_Cycle_3_Pan18650PF,4695,16.29913330078125,17.494325637817383,16.251310348510742,17.452075958251953,21.421072006225582,23.63149642944336,S1
A2-1,303,ood(-20C),06-25-17_03.01 n20degC_Cycle_4_Pan18650PF,4715,13.217724800109863,14.423733711242676,13.189414978027344,14.390681266784668,15.192038536071776,16.798309326171875,S1
A2-1,303,ood(-20C),06-25-17_10.31 n20degC_US06_Pan18650PF,2333,17.03714370727539,18.079700469970703,16.91422462463379,17.96160125732422,20.965356826782227,21.913837432861328,S1
A2-1,404,val(25C),03-21-17_00.29 25degC_UDDS_Pan18650PF,22119,1.5091198682785034,1.0300791263580322,1.4729361534118652,0.888440728187561,2.8923842906951904,3.698972225189209,S1
A2-1,404,test_id(25C),03-18-17_02.17 25degC_Cycle_1_Pan18650PF,10655,0.5577367544174194,0.7201142311096191,0.4274957478046417,0.6070768237113953,2.85761833190918,2.103562116622925,S1
A2-1,404,test_id(25C),03-19-17_03.25 25degC_Cycle_2_Pan18650PF,10819,0.7980073094367981,0.6538006663322449,0.6773711442947388,0.4408914744853973,3.8061656951904297,3.4953572750091557,S1
A2-1,404,test_id(25C),03-19-17_09.07 25degC_Cycle_3_Pan18650PF,9936,0.5716968774795532,0.4124581217765808,0.526796817779541,0.2978697419166565,1.0240869522094729,1.4047051668167114,S1
A2-1,404,test_id(25C),03-19-17_14.31 25degC_Cycle_4_Pan18650PF,11778,0.9032625555992126,0.5954338908195496,0.7918484807014465,0.4359533488750458,3.374241828918457,2.6719791889190674,S1
A2-1,404,ood(10C),03-27-17_09.06 10degC_HWFET_Pan18650PF,10263,2.4030654430389404,2.670574903488159,1.952929139137268,2.173725843429565,8.288605690002441,7.210936546325684,S1
A2-1,404,ood(10C),03-27-17_09.06 10degC_LA92_Pan18650PF,15817,1.838112235069275,2.528584718704224,1.6532007455825806,2.2465806007385254,3.1014151573181152,4.112797737121582,S1
A2-1,404,ood(10C),03-27-17_09.06 10degC_NN_Pan18650PF,13750,1.384708285331726,2.01636815071106,1.2487564086914062,1.785641312599182,2.603825330734253,3.761512279510498,S1
A2-1,404,ood(10C),03-27-17_09.06 10degC_UDDS_Pan18650PF,24281,0.7483742237091064,1.4005893468856812,0.6570649743080139,1.304802656173706,2.0992648601531982,3.387511730194092,S1
A2-1,404,ood(10C),03-27-17_09.06 10degC_US06_Pan18650PF,3882,2.582253932952881,3.2083120346069336,2.507454872131348,3.185349941253662,3.63446307182312,4.5032477378845215,S1
A2-1,404,ood(10C),03-28-17_12.51 10degC_Cycle_1_Pan18650PF,9067,1.8653419017791748,2.7264533042907715,1.7895753383636477,2.683224439620972,2.57422423362732,3.687509059906006,S1
A2-1,404,ood(10C),03-28-17_18.18 10degC_Cycle_2_Pan18650PF,7795,3.0697789192199707,3.935768604278565,3.0289480686187744,3.912534236907959,4.284008502960205,5.482048988342285,S1
A2-1,404,ood(10C),04-05-17_17.04 10degC_Cycle_3_Pan18650PF,9769,2.631728172302246,3.4724485874176025,2.4990668296813965,3.338467121124268,6.371574878692627,5.567107677459717,S1
A2-1,404,ood(10C),04-05-17_22.50 10degC_Cycle_4_Pan18650PF,9589,1.091448426246643,1.9644962549209597,1.0099141597747805,1.857688546180725,1.8464959859848025,3.0191829204559326,S1
A2-1,404,ood(0C),05-30-17_12.56 0degC_Cycle_1_Pan18650PF,8487,4.934931755065918,5.561554908752441,4.733814239501953,5.250860691070557,7.470005512237549,8.346027374267578,S1
A2-1,404,ood(0C),05-30-17_20.16 0degC_Cycle_2_Pan18650PF,8060,5.283172130584717,5.892017364501953,4.996809482574463,5.410426616668701,9.116023063659668,10.48623275756836,S1
A2-1,404,ood(0C),06-01-17_10.36 0degC_LA92_Pan18650PF,15077,2.095378875732422,2.8291404247283936,1.7240800857543943,2.3604445457458496,3.831493616104126,4.852527618408203,S1
A2-1,404,ood(0C),06-01-17_10.36 0degC_NN_Pan18650PF,13148,1.457082748413086,2.0716545581817627,1.2210693359375,1.7264832258224487,3.2343292236328125,4.166922092437744,S1
A2-1,404,ood(0C),06-01-17_15.36 0degC_Cycle_3_Pan18650PF,5931,6.142489433288574,7.129971504211426,5.865081310272217,6.798623085021973,8.96208667755127,10.364532470703123,S1
A2-1,404,ood(0C),06-01-17_22.03 0degC_Cycle_4_Pan18650PF,7389,3.171359062194824,4.207108497619629,3.049534559249878,4.093791961669922,4.093801021575928,5.643957614898682,S1
A2-1,404,ood(0C),06-02-17_04.58 0degC_US06_Pan18650PF,3344,6.671102523803711,7.5375237464904785,6.200530529022217,6.96614933013916,8.390694618225098,9.930776596069336,S1
A2-1,404,ood(0C),06-02-17_10.43 0degC_HWFET_Pan18650PF,5670,7.212000370025635,8.21186351776123,6.990440368652344,7.98491096496582,9.013738632202148,10.37127685546875,S1
A2-1,404,ood(0C),06-02-17_17.14 0degC_UDDS_Pan18650PF,12540,3.190485954284668,4.30730676651001,2.9935877323150635,4.133060455322266,4.677614212036133,6.223869800567627,S1
A2-1,404,ood(-10C),06-07-17_08.39 n10degC_HWFET_Pan18650PF,11951,3.4016926288604736,4.081884860992432,2.381418228149414,3.014477014541626,8.346379280090332,9.435213088989258,S1
A2-1,404,ood(-10C),06-07-17_08.39 n10degC_LA92_Pan18650PF,13765,3.662468671798706,4.408703327178955,2.644167900085449,3.352341413497925,8.308347702026367,9.47077465057373,S1
A2-1,404,ood(-10C),06-07-17_08.39 n10degC_UDDS_Pan18650PF,17786,4.724403381347656,5.626186847686768,3.696313142776489,4.575146675109863,8.852611541748047,10.16666030883789,S1
A2-1,404,ood(-10C),06-07-17_08.39 n10degC_US06_Pan18650PF,9929,1.5720794200897217,2.03232479095459,1.2001672983169556,1.608330011367798,4.790685653686523,5.728178977966309,S1
A2-1,404,ood(-10C),06-10-17_11.25 n10degC_Cycle_1_Pan18650PF,5706,6.60512638092041,7.718493461608887,6.451104164123535,7.588571071624756,8.205490112304688,9.283360481262209,S1
A2-1,404,ood(-10C),06-10-17_18.35 n10degC_Cycle_2_Pan18650PF,5654,12.16176986694336,13.314661026000977,12.135697364807127,13.291007995605469,13.866462707519531,15.090351104736328,S1
A2-1,404,ood(-10C),06-11-17_01.39 n10degC_Cycle_3_Pan18650PF,5368,12.64407730102539,13.76600170135498,12.542119026184082,13.668437004089355,16.49686050415039,17.610668182373047,S1
A2-1,404,ood(-10C),06-11-17_08.42 n10degC_Cycle_4_Pan18650PF,5791,5.355126857757568,6.384037494659424,4.935229301452637,5.90536642074585,8.565593719482422,10.128623962402344,S1
A2-1,404,ood(-10C),06-14-17_13.12 n10degC_NN_Pan18650PF,4939,11.515380859375,12.614885330200195,11.487773895263672,12.584779739379885,13.074525833129885,14.518497467041016,S1
A2-1,404,ood(-20C),06-23-17_23.35 n20degC_HWFET_Pan18650PF,11042,1.3390394449234009,1.9381171464920044,0.9279404282569884,1.524984359741211,4.958640575408936,6.011813163757324,S1
A2-1,404,ood(-20C),06-23-17_23.35 n20degC_LA92_Pan18650PF,12521,1.699766755104065,2.449258089065552,1.2532685995101929,1.9607839584350584,5.283014297485352,6.694602966308594,S1
A2-1,404,ood(-20C),06-23-17_23.35 n20degC_NN_Pan18650PF,11350,1.1017630100250244,1.3943675756454468,0.8814716339111328,0.9869221448898317,3.7301185131073,5.320270538330078,S1
A2-1,404,ood(-20C),06-23-17_23.35 n20degC_UDDS_Pan18650PF,15753,5.160928726196289,6.052573204040527,3.931597948074341,4.7258734703063965,10.603472709655762,11.717632293701172,S1
A2-1,404,ood(-20C),06-24-17_04.29 n20degC_Cycle_1_Pan18650PF,4752,17.6080379486084,18.768234252929688,17.551179885864258,18.713653564453125,20.16110610961914,21.763282775878903,S1
A2-1,404,ood(-20C),06-24-17_11.58 n20degC_Cycle_2_Pan18650PF,4718,16.20331382751465,17.391902923583984,16.175241470336914,17.364437103271484,19.785266876220703,20.656152725219727,S1
A2-1,404,ood(-20C),06-24-17_19.29 n20degC_Cycle_3_Pan18650PF,4695,16.29913330078125,17.453657150268555,16.251310348510742,17.412736892700195,21.421072006225582,22.63033676147461,S1
A2-1,404,ood(-20C),06-25-17_03.01 n20degC_Cycle_4_Pan18650PF,4715,13.217724800109863,14.427048683166504,13.189414978027344,14.392157554626465,15.192038536071776,17.23472785949707,S1
A2-1,404,ood(-20C),06-25-17_10.31 n20degC_US06_Pan18650PF,2333,17.03714370727539,18.23480224609375,16.91422462463379,18.120746612548828,20.965356826782227,22.76895904541016,S1
A2-1,505,val(25C),03-21-17_00.29 25degC_UDDS_Pan18650PF,22119,1.5091198682785034,0.9746706485748292,1.4729361534118652,0.8537025451660156,2.8923842906951904,4.121409893035889,S1
A2-1,505,test_id(25C),03-18-17_02.17 25degC_Cycle_1_Pan18650PF,10655,0.5577367544174194,0.707321286201477,0.4274957478046417,0.5790664553642273,2.85761833190918,1.963086485862732,S1
A2-1,505,test_id(25C),03-19-17_03.25 25degC_Cycle_2_Pan18650PF,10819,0.7980073094367981,0.6802172064781189,0.6773711442947388,0.458677738904953,3.8061656951904297,2.753145456314087,S1
A2-1,505,test_id(25C),03-19-17_09.07 25degC_Cycle_3_Pan18650PF,9936,0.5716968774795532,0.4350811839103699,0.526796817779541,0.3070592880249023,1.0240869522094729,1.5556031465530396,S1
A2-1,505,test_id(25C),03-19-17_14.31 25degC_Cycle_4_Pan18650PF,11778,0.9032625555992126,0.6467143893241882,0.7918484807014465,0.4774771332740783,3.374241828918457,2.582918643951416,S1
A2-1,505,ood(10C),03-27-17_09.06 10degC_HWFET_Pan18650PF,10263,2.4030654430389404,2.6442275047302246,1.952929139137268,2.1689131259918213,8.288605690002441,7.168544292449951,S1
A2-1,505,ood(10C),03-27-17_09.06 10degC_LA92_Pan18650PF,15817,1.838112235069275,2.597752809524536,1.6532007455825806,2.341669797897339,3.1014151573181152,4.333828449249268,S1
A2-1,505,ood(10C),03-27-17_09.06 10degC_NN_Pan18650PF,13750,1.384708285331726,2.0590150356292725,1.2487564086914062,1.859559416770935,2.603825330734253,3.8315725326538086,S1
A2-1,505,ood(10C),03-27-17_09.06 10degC_UDDS_Pan18650PF,24281,0.7483742237091064,1.4693669080734253,0.6570649743080139,1.374885082244873,2.0992648601531982,3.1735424995422363,S1
A2-1,505,ood(10C),03-27-17_09.06 10degC_US06_Pan18650PF,3882,2.582253932952881,3.2196359634399414,2.507454872131348,3.175923109054565,3.63446307182312,4.481308937072754,S1
A2-1,505,ood(10C),03-28-17_12.51 10degC_Cycle_1_Pan18650PF,9067,1.8653419017791748,2.835364818572998,1.7895753383636477,2.769648551940918,2.57422423362732,3.952844619750977,S1
A2-1,505,ood(10C),03-28-17_18.18 10degC_Cycle_2_Pan18650PF,7795,3.0697789192199707,3.974011421203613,3.0289480686187744,3.9363760948181152,4.284008502960205,5.514692306518555,S1
A2-1,505,ood(10C),04-05-17_17.04 10degC_Cycle_3_Pan18650PF,9769,2.631728172302246,3.547126293182373,2.4990668296813965,3.418987512588501,6.371574878692627,5.652949333190918,S1
A2-1,505,ood(10C),04-05-17_22.50 10degC_Cycle_4_Pan18650PF,9589,1.091448426246643,1.9423519372940063,1.0099141597747805,1.814467191696167,1.8464959859848025,3.116785049438477,S1
A2-1,505,ood(0C),05-30-17_12.56 0degC_Cycle_1_Pan18650PF,8487,4.934931755065918,5.705750942230225,4.733814239501953,5.37677526473999,7.470005512237549,9.01170253753662,S1
A2-1,505,ood(0C),05-30-17_20.16 0degC_Cycle_2_Pan18650PF,8060,5.283172130584717,6.010235786437988,4.996809482574463,5.569175720214844,9.116023063659668,10.534509658813477,S1
A2-1,505,ood(0C),06-01-17_10.36 0degC_LA92_Pan18650PF,15077,2.095378875732422,2.924912452697754,1.7240800857543943,2.4741997718811035,3.831493616104126,5.413002014160156,S1
A2-1,505,ood(0C),06-01-17_10.36 0degC_NN_Pan18650PF,13148,1.457082748413086,2.1583642959594727,1.2210693359375,1.830263614654541,3.2343292236328125,4.580259323120117,S1
A2-1,505,ood(0C),06-01-17_15.36 0degC_Cycle_3_Pan18650PF,5931,6.142489433288574,7.090157508850098,5.865081310272217,6.721275329589844,8.96208667755127,10.492364883422852,S1
A2-1,505,ood(0C),06-01-17_22.03 0degC_Cycle_4_Pan18650PF,7389,3.171359062194824,4.319582939147949,3.049534559249878,4.219571590423584,4.093801021575928,5.826608657836914,S1
A2-1,505,ood(0C),06-02-17_04.58 0degC_US06_Pan18650PF,3344,6.671102523803711,7.446850299835205,6.200530529022217,6.831431865692139,8.390694618225098,10.002703666687012,S1
A2-1,505,ood(0C),06-02-17_10.43 0degC_HWFET_Pan18650PF,5670,7.212000370025635,8.04309368133545,6.990440368652344,7.820842266082764,9.013738632202148,10.618890762329102,S1
A2-1,505,ood(0C),06-02-17_17.14 0degC_UDDS_Pan18650PF,12540,3.190485954284668,4.420781135559082,2.9935877323150635,4.254745960235596,4.677614212036133,6.414191246032715,S1
A2-1,505,ood(-10C),06-07-17_08.39 n10degC_HWFET_Pan18650PF,11951,3.4016926288604736,4.168888568878174,2.381418228149414,3.090554714202881,8.346379280090332,9.677801132202148,S1
A2-1,505,ood(-10C),06-07-17_08.39 n10degC_LA92_Pan18650PF,13765,3.662468671798706,4.46964693069458,2.644167900085449,3.410140037536621,8.308347702026367,10.10285472869873,S1
A2-1,505,ood(-10C),06-07-17_08.39 n10degC_UDDS_Pan18650PF,17786,4.724403381347656,5.731663703918457,3.696313142776489,4.673666477203369,8.852611541748047,10.888319969177246,S1
A2-1,505,ood(-10C),06-07-17_08.39 n10degC_US06_Pan18650PF,9929,1.5720794200897217,2.0896568298339844,1.2001672983169556,1.6458818912506104,4.790685653686523,5.757309913635254,S1
A2-1,505,ood(-10C),06-10-17_11.25 n10degC_Cycle_1_Pan18650PF,5706,6.60512638092041,7.828257083892822,6.451104164123535,7.70856761932373,8.205490112304688,9.609085083007812,S1
A2-1,505,ood(-10C),06-10-17_18.35 n10degC_Cycle_2_Pan18650PF,5654,12.16176986694336,13.339703559875488,12.135697364807127,13.314814567565918,13.866462707519531,15.031225204467772,S1
A2-1,505,ood(-10C),06-11-17_01.39 n10degC_Cycle_3_Pan18650PF,5368,12.64407730102539,13.779755592346191,12.542119026184082,13.686344146728516,16.49686050415039,17.45323371887207,S1
A2-1,505,ood(-10C),06-11-17_08.42 n10degC_Cycle_4_Pan18650PF,5791,5.355126857757568,6.464000701904297,4.935229301452637,5.9878129959106445,8.565593719482422,9.956005096435549,S1
A2-1,505,ood(-10C),06-14-17_13.12 n10degC_NN_Pan18650PF,4939,11.515380859375,12.67407512664795,11.487773895263672,12.642779350280762,13.074525833129885,14.406414031982422,S1
A2-1,505,ood(-20C),06-23-17_23.35 n20degC_HWFET_Pan18650PF,11042,1.3390394449234009,2.086540699005127,0.9279404282569884,1.7192296981811523,4.958640575408936,6.527914047241211,S1
A2-1,505,ood(-20C),06-23-17_23.35 n20degC_LA92_Pan18650PF,12521,1.699766755104065,2.5364818572998047,1.2532685995101929,2.1093008518218994,5.283014297485352,6.77918004989624,S1
A2-1,505,ood(-20C),06-23-17_23.35 n20degC_NN_Pan18650PF,11350,1.1017630100250244,1.489277482032776,0.8814716339111328,1.148899793624878,3.7301185131073,5.391464710235596,S1
A2-1,505,ood(-20C),06-23-17_23.35 n20degC_UDDS_Pan18650PF,15753,5.160928726196289,6.143847465515137,3.931597948074341,4.888491153717041,10.603472709655762,12.072266578674316,S1
A2-1,505,ood(-20C),06-24-17_04.29 n20degC_Cycle_1_Pan18650PF,4752,17.6080379486084,18.794063568115234,17.551179885864258,18.739017486572266,20.16110610961914,22.01698303222656,S1
A2-1,505,ood(-20C),06-24-17_11.58 n20degC_Cycle_2_Pan18650PF,4718,16.20331382751465,17.358137130737305,16.175241470336914,17.325654983520508,19.785266876220703,20.64015388488769,S1
A2-1,505,ood(-20C),06-24-17_19.29 n20degC_Cycle_3_Pan18650PF,4695,16.29913330078125,17.421478271484375,16.251310348510742,17.380661010742188,21.421072006225582,23.117170333862305,S1
A2-1,505,ood(-20C),06-25-17_03.01 n20degC_Cycle_4_Pan18650PF,4715,13.217724800109863,14.493605613708496,13.189414978027344,14.453986167907717,15.192038536071776,16.90646743774414,S1
A2-1,505,ood(-20C),06-25-17_10.31 n20degC_US06_Pan18650PF,2333,17.03714370727539,18.078065872192383,16.91422462463379,17.962732315063477,20.965356826782227,22.16633033752441,S1
A2-1,606,val(25C),03-21-17_00.29 25degC_UDDS_Pan18650PF,22119,1.5091198682785034,1.119444727897644,1.4729361534118652,0.9865085482597352,2.8923842906951904,3.798346996307373,S1
A2-1,606,test_id(25C),03-18-17_02.17 25degC_Cycle_1_Pan18650PF,10655,0.5577367544174194,0.7199493050575256,0.4274957478046417,0.6133525967597961,2.85761833190918,2.836023330688477,S1
A2-1,606,test_id(25C),03-19-17_03.25 25degC_Cycle_2_Pan18650PF,10819,0.7980073094367981,0.6346093416213989,0.6773711442947388,0.4468493163585663,3.8061656951904297,3.240679979324341,S1
A2-1,606,test_id(25C),03-19-17_09.07 25degC_Cycle_3_Pan18650PF,9936,0.5716968774795532,0.3761540055274963,0.526796817779541,0.2855570912361145,1.0240869522094729,1.340450882911682,S1
A2-1,606,test_id(25C),03-19-17_14.31 25degC_Cycle_4_Pan18650PF,11778,0.9032625555992126,0.6144682168960571,0.7918484807014465,0.48350390791893,3.374241828918457,2.6035046577453613,S1
A2-1,606,ood(10C),03-27-17_09.06 10degC_HWFET_Pan18650PF,10263,2.4030654430389404,2.906275987625122,1.952929139137268,2.4127321243286133,8.288605690002441,8.182060241699219,S1
A2-1,606,ood(10C),03-27-17_09.06 10degC_LA92_Pan18650PF,15817,1.838112235069275,2.9250073432922363,1.6532007455825806,2.644312858581543,3.1014151573181152,4.796739101409912,S1
A2-1,606,ood(10C),03-27-17_09.06 10degC_NN_Pan18650PF,13750,1.384708285331726,2.357985258102417,1.2487564086914062,2.125713348388672,2.603825330734253,4.275547504425049,S1
A2-1,606,ood(10C),03-27-17_09.06 10degC_UDDS_Pan18650PF,24281,0.7483742237091064,1.805557370185852,0.6570649743080139,1.6843427419662476,2.0992648601531982,3.628058433532715,S1
A2-1,606,ood(10C),03-27-17_09.06 10degC_US06_Pan18650PF,3882,2.582253932952881,3.570199966430664,2.507454872131348,3.5400516986846924,3.63446307182312,4.850601196289063,S1
A2-1,606,ood(10C),03-28-17_12.51 10degC_Cycle_1_Pan18650PF,9067,1.8653419017791748,3.138078212738037,1.7895753383636477,3.085331678390503,2.57422423362732,4.349837779998779,S1
A2-1,606,ood(10C),03-28-17_18.18 10degC_Cycle_2_Pan18650PF,7795,3.0697789192199707,4.325193881988525,3.0289480686187744,4.295550346374512,4.284008502960205,5.624089241027832,S1
A2-1,606,ood(10C),04-05-17_17.04 10degC_Cycle_3_Pan18650PF,9769,2.631728172302246,3.871812582015991,2.4990668296813965,3.7532360553741455,6.371574878692627,6.557168006896973,S1
A2-1,606,ood(10C),04-05-17_22.50 10degC_Cycle_4_Pan18650PF,9589,1.091448426246643,2.3304367065429688,1.0099141597747805,2.2423062324523926,1.8464959859848025,3.6112003326416016,S1
A2-1,606,ood(0C),05-30-17_12.56 0degC_Cycle_1_Pan18650PF,8487,4.934931755065918,6.205790519714356,4.733814239501953,5.978597164154053,7.470005512237549,8.997159957885742,S1
A2-1,606,ood(0C),05-30-17_20.16 0degC_Cycle_2_Pan18650PF,8060,5.283172130584717,6.5401105880737305,4.996809482574463,6.134043216705322,9.116023063659668,10.973827362060549,S1
A2-1,606,ood(0C),06-01-17_10.36 0degC_LA92_Pan18650PF,15077,2.095378875732422,3.294797658920288,1.7240800857543943,2.826366662979126,3.831493616104126,5.785168170928955,S1
A2-1,606,ood(0C),06-01-17_10.36 0degC_NN_Pan18650PF,13148,1.457082748413086,2.4964427947998047,1.2210693359375,2.162451982498169,3.2343292236328125,4.879874706268311,S1
A2-1,606,ood(0C),06-01-17_15.36 0degC_Cycle_3_Pan18650PF,5931,6.142489433288574,7.645397663116455,5.865081310272217,7.272802829742432,8.96208667755127,10.985916137695312,S1
A2-1,606,ood(0C),06-01-17_22.03 0degC_Cycle_4_Pan18650PF,7389,3.171359062194824,4.789629459381104,3.049534559249878,4.699127197265625,4.093801021575928,6.463563919067383,S1
A2-1,606,ood(0C),06-02-17_04.58 0degC_US06_Pan18650PF,3344,6.671102523803711,8.011857986450195,6.200530529022217,7.425949096679687,8.390694618225098,10.457186698913574,S1
A2-1,606,ood(0C),06-02-17_10.43 0degC_HWFET_Pan18650PF,5670,7.212000370025635,8.72273063659668,6.990440368652344,8.528618812561035,9.013738632202148,11.197125434875488,S1
A2-1,606,ood(0C),06-02-17_17.14 0degC_UDDS_Pan18650PF,12540,3.190485954284668,4.942500591278076,2.9935877323150635,4.80014705657959,4.677614212036133,7.0662713050842285,S1
A2-1,606,ood(-10C),06-07-17_08.39 n10degC_HWFET_Pan18650PF,11951,3.4016926288604736,4.539778232574463,2.381418228149414,3.4654061794281006,8.346379280090332,10.462886810302734,S1
A2-1,606,ood(-10C),06-07-17_08.39 n10degC_LA92_Pan18650PF,13765,3.662468671798706,4.872596263885498,2.644167900085449,3.814260244369507,8.308347702026367,10.73455810546875,S1
A2-1,606,ood(-10C),06-07-17_08.39 n10degC_UDDS_Pan18650PF,17786,4.724403381347656,6.170460224151611,3.696313142776489,5.105692386627197,8.852611541748047,11.35731315612793,S1
A2-1,606,ood(-10C),06-07-17_08.39 n10degC_US06_Pan18650PF,9929,1.5720794200897217,2.3269288539886475,1.2001672983169556,1.917047142982483,4.790685653686523,5.742310523986816,S1
A2-1,606,ood(-10C),06-10-17_11.25 n10degC_Cycle_1_Pan18650PF,5706,6.60512638092041,8.357003211975098,6.451104164123535,8.230928421020508,8.205490112304688,10.384485244750977,S1
A2-1,606,ood(-10C),06-10-17_18.35 n10degC_Cycle_2_Pan18650PF,5654,12.16176986694336,13.97774600982666,12.135697364807127,13.952557563781738,13.866462707519531,15.955211639404297,S1
A2-1,606,ood(-10C),06-11-17_01.39 n10degC_Cycle_3_Pan18650PF,5368,12.64407730102539,14.436837196350098,12.542119026184082,14.345553398132324,16.49686050415039,18.319849014282227,S1
A2-1,606,ood(-10C),06-11-17_08.42 n10degC_Cycle_4_Pan18650PF,5791,5.355126857757568,6.980097770690918,4.935229301452637,6.521302700042725,8.565593719482422,10.49437427520752,S1
A2-1,606,ood(-10C),06-14-17_13.12 n10degC_NN_Pan18650PF,4939,11.515380859375,13.26413631439209,11.487773895263672,13.235235214233398,13.074525833129885,15.21718406677246,S1
A2-1,606,ood(-20C),06-23-17_23.35 n20degC_HWFET_Pan18650PF,11042,1.3390394449234009,2.464527130126953,0.9279404282569884,2.108245849609375,4.958640575408936,7.394407272338867,S1
A2-1,606,ood(-20C),06-23-17_23.35 n20degC_LA92_Pan18650PF,12521,1.699766755104065,2.9676783084869385,1.2532685995101929,2.528569459915161,5.283014297485352,7.945426940917969,S1
A2-1,606,ood(-20C),06-23-17_23.35 n20degC_NN_Pan18650PF,11350,1.1017630100250244,1.8195343017578125,0.8814716339111328,1.514438509941101,3.7301185131073,6.6494646072387695,S1
A2-1,606,ood(-20C),06-23-17_23.35 n20degC_UDDS_Pan18650PF,15753,5.160928726196289,6.583587646484375,3.931597948074341,5.321262359619141,10.603472709655762,12.911224365234377,S1
A2-1,606,ood(-20C),06-24-17_04.29 n20degC_Cycle_1_Pan18650PF,4752,17.6080379486084,19.439212799072266,17.551179885864258,19.381370544433597,20.16110610961914,22.79438591003418,S1
A2-1,606,ood(-20C),06-24-17_11.58 n20degC_Cycle_2_Pan18650PF,4718,16.20331382751465,18.012718200683594,16.175241470336914,17.98316764831543,19.785266876220703,21.541820526123047,S1
A2-1,606,ood(-20C),06-24-17_19.29 n20degC_Cycle_3_Pan18650PF,4695,16.29913330078125,18.091291427612305,16.251310348510742,18.05298614501953,21.421072006225582,23.21162796020508,S1
A2-1,606,ood(-20C),06-25-17_03.01 n20degC_Cycle_4_Pan18650PF,4715,13.217724800109863,15.095874786376951,13.189414978027344,15.057732582092283,15.192038536071776,18.10832977294922,S1
A2-1,606,ood(-20C),06-25-17_10.31 n20degC_US06_Pan18650PF,2333,17.03714370727539,18.7972412109375,16.91422462463379,18.687963485717773,20.965356826782227,23.040193557739254,S1
A2-1,707,val(25C),03-21-17_00.29 25degC_UDDS_Pan18650PF,22119,1.5091198682785034,0.9864601492881776,1.4729361534118652,0.8628219366073608,2.8923842906951904,3.731800556182861,S1
A2-1,707,test_id(25C),03-18-17_02.17 25degC_Cycle_1_Pan18650PF,10655,0.5577367544174194,0.7220094799995422,0.4274957478046417,0.5826665163040161,2.85761833190918,2.9695420265197754,S1
A2-1,707,test_id(25C),03-19-17_03.25 25degC_Cycle_2_Pan18650PF,10819,0.7980073094367981,0.6802589893341064,0.6773711442947388,0.466785192489624,3.8061656951904297,3.1895132064819336,S1
A2-1,707,test_id(25C),03-19-17_09.07 25degC_Cycle_3_Pan18650PF,9936,0.5716968774795532,0.3979880213737488,0.526796817779541,0.2729043960571289,1.0240869522094729,1.4539086818695068,S1
A2-1,707,test_id(25C),03-19-17_14.31 25degC_Cycle_4_Pan18650PF,11778,0.9032625555992126,0.6056980490684509,0.7918484807014465,0.4424013495445251,3.374241828918457,3.372355461120605,S1
A2-1,707,ood(10C),03-27-17_09.06 10degC_HWFET_Pan18650PF,10263,2.4030654430389404,2.685591697692871,1.952929139137268,2.226162910461426,8.288605690002441,8.81200122833252,S1
A2-1,707,ood(10C),03-27-17_09.06 10degC_LA92_Pan18650PF,15817,1.838112235069275,2.4439616203308105,1.6532007455825806,2.2367217540740967,3.1014151573181152,4.091986179351807,S1
A2-1,707,ood(10C),03-27-17_09.06 10degC_NN_Pan18650PF,13750,1.384708285331726,1.9592876434326167,1.2487564086914062,1.7990552186965942,2.603825330734253,3.8939266204833984,S1
A2-1,707,ood(10C),03-27-17_09.06 10degC_UDDS_Pan18650PF,24281,0.7483742237091064,1.274014949798584,0.6570649743080139,1.2147023677825928,2.0992648601531982,4.288986206054688,S1
A2-1,707,ood(10C),03-27-17_09.06 10degC_US06_Pan18650PF,3882,2.582253932952881,3.26179313659668,2.507454872131348,3.227137565612793,3.63446307182312,4.636440277099609,S1
A2-1,707,ood(10C),03-28-17_12.51 10degC_Cycle_1_Pan18650PF,9067,1.8653419017791748,2.620206117630005,1.7895753383636477,2.577127456665039,2.57422423362732,3.702070236206055,S1
A2-1,707,ood(10C),03-28-17_18.18 10degC_Cycle_2_Pan18650PF,7795,3.0697789192199707,3.817614078521729,3.0289480686187744,3.7889938354492183,4.284008502960205,5.519836902618408,S1
A2-1,707,ood(10C),04-05-17_17.04 10degC_Cycle_3_Pan18650PF,9769,2.631728172302246,3.3721206188201904,2.4990668296813965,3.240780830383301,6.371574878692627,5.79569149017334,S1
A2-1,707,ood(10C),04-05-17_22.50 10degC_Cycle_4_Pan18650PF,9589,1.091448426246643,1.848332762718201,1.0099141597747805,1.7392784357070925,1.8464959859848025,4.643784999847412,S1
A2-1,707,ood(0C),05-30-17_12.56 0degC_Cycle_1_Pan18650PF,8487,4.934931755065918,5.889917373657227,4.733814239501953,5.692653179168701,7.470005512237549,9.156277656555176,S1
A2-1,707,ood(0C),05-30-17_20.16 0degC_Cycle_2_Pan18650PF,8060,5.283172130584717,6.099804878234863,4.996809482574463,5.751297473907471,9.116023063659668,10.317252159118652,S1
A2-1,707,ood(0C),06-01-17_10.36 0degC_LA92_Pan18650PF,15077,2.095378875732422,2.851624011993408,1.7240800857543943,2.506829023361206,3.831493616104126,7.841703414916992,S1
A2-1,707,ood(0C),06-01-17_10.36 0degC_NN_Pan18650PF,13148,1.457082748413086,2.104274034500122,1.2210693359375,1.884511113166809,3.2343292236328125,5.056690216064453,S1
A2-1,707,ood(0C),06-01-17_15.36 0degC_Cycle_3_Pan18650PF,5931,6.142489433288574,6.93737268447876,5.865081310272217,6.599705219268799,8.96208667755127,11.316650390625,S1
A2-1,707,ood(0C),06-01-17_22.03 0degC_Cycle_4_Pan18650PF,7389,3.171359062194824,4.1420745849609375,3.049534559249878,4.044500827789307,4.093801021575928,5.775047302246094,S1
A2-1,707,ood(0C),06-02-17_04.58 0degC_US06_Pan18650PF,3344,6.671102523803711,7.562085151672363,6.200530529022217,6.9927191734313965,8.390694618225098,10.42734146118164,S1
A2-1,707,ood(0C),06-02-17_10.43 0degC_HWFET_Pan18650PF,5670,7.212000370025635,8.072446823120117,6.990440368652344,7.876304626464844,9.013738632202148,10.439874649047852,S1
A2-1,707,ood(0C),06-02-17_17.14 0degC_UDDS_Pan18650PF,12540,3.190485954284668,4.193684577941895,2.9935877323150635,4.022305488586426,4.677614212036133,6.143516540527344,S1
A2-1,707,ood(-10C),06-07-17_08.39 n10degC_HWFET_Pan18650PF,11951,3.4016926288604736,4.282063484191895,2.381418228149414,3.357262134552002,8.346379280090332,10.545711517333984,S1
A2-1,707,ood(-10C),06-07-17_08.39 n10degC_LA92_Pan18650PF,13765,3.662468671798706,4.559270858764648,2.644167900085449,3.670753240585327,8.308347702026367,10.479852676391602,S1
A2-1,707,ood(-10C),06-07-17_08.39 n10degC_UDDS_Pan18650PF,17786,4.724403381347656,5.795630931854248,3.696313142776489,4.87333869934082,8.852611541748047,11.204303741455078,S1
A2-1,707,ood(-10C),06-07-17_08.39 n10degC_US06_Pan18650PF,9929,1.5720794200897217,2.2328364849090576,1.2001672983169556,1.942938208580017,4.790685653686523,6.427366256713867,S1
A2-1,707,ood(-10C),06-10-17_11.25 n10degC_Cycle_1_Pan18650PF,5706,6.60512638092041,7.825530529022217,6.451104164123535,7.701422214508057,8.205490112304688,10.401925086975098,S1
A2-1,707,ood(-10C),06-10-17_18.35 n10degC_Cycle_2_Pan18650PF,5654,12.16176986694336,13.397668838500977,12.135697364807127,13.370868682861328,13.866462707519531,15.64999294281006,S1
A2-1,707,ood(-10C),06-11-17_01.39 n10degC_Cycle_3_Pan18650PF,5368,12.64407730102539,13.74170970916748,12.542119026184082,13.649884223937988,16.49686050415039,17.42005729675293,S1
A2-1,707,ood(-10C),06-11-17_08.42 n10degC_Cycle_4_Pan18650PF,5791,5.355126857757568,6.585894107818604,4.935229301452637,6.120835304260254,8.565593719482422,12.205449104309082,S1
A2-1,707,ood(-10C),06-14-17_13.12 n10degC_NN_Pan18650PF,4939,11.515380859375,12.657252311706545,11.487773895263672,12.626075744628906,13.074525833129885,15.086529731750488,S1
A2-1,707,ood(-20C),06-23-17_23.35 n20degC_HWFET_Pan18650PF,11042,1.3390394449234009,2.4638144969940186,0.9279404282569884,2.1839778423309326,4.958640575408936,7.829867362976074,S1
A2-1,707,ood(-20C),06-23-17_23.35 n20degC_LA92_Pan18650PF,12521,1.699766755104065,3.013598680496216,1.2532685995101929,2.667452335357666,5.283014297485352,8.812950134277344,S1
A2-1,707,ood(-20C),06-23-17_23.35 n20degC_NN_Pan18650PF,11350,1.1017630100250244,1.9861263036727903,0.8814716339111328,1.6768271923065186,3.7301185131073,8.18409252166748,S1
A2-1,707,ood(-20C),06-23-17_23.35 n20degC_UDDS_Pan18650PF,15753,5.160928726196289,6.492829322814941,3.931597948074341,5.370014667510986,10.603472709655762,13.752349853515623,S1
A2-1,707,ood(-20C),06-24-17_04.29 n20degC_Cycle_1_Pan18650PF,4752,17.6080379486084,19.05649185180664,17.551179885864258,18.99619483947754,20.16110610961914,22.65093994140625,S1
A2-1,707,ood(-20C),06-24-17_11.58 n20degC_Cycle_2_Pan18650PF,4718,16.20331382751465,17.670408248901367,16.175241470336914,17.63494873046875,19.785266876220703,23.018949508666992,S1
A2-1,707,ood(-20C),06-24-17_19.29 n20degC_Cycle_3_Pan18650PF,4695,16.29913330078125,17.790298461914062,16.251310348510742,17.75088119506836,21.421072006225582,22.886777877807617,S1
A2-1,707,ood(-20C),06-25-17_03.01 n20degC_Cycle_4_Pan18650PF,4715,13.217724800109863,14.863008499145508,13.189414978027344,14.811075210571287,15.192038536071776,19.98013687133789,S1
A2-1,707,ood(-20C),06-25-17_10.31 n20degC_US06_Pan18650PF,2333,17.03714370727539,18.63698387145996,16.91422462463379,18.49679946899414,20.965356826782227,25.182273864746094,S1
A2-2,7,val(25C),03-21-17_00.29 25degC_UDDS_Pan18650PF,22119,1.5091198682785034,1.0835607051849363,1.4729361534118652,0.949321150779724,2.8923842906951904,3.869257688522339,S1
A2-2,7,test_id(25C),03-18-17_02.17 25degC_Cycle_1_Pan18650PF,10655,0.5577367544174194,0.6860090494155884,0.4274957478046417,0.576762855052948,2.85761833190918,2.305934190750122,S1
A2-2,7,test_id(25C),03-19-17_03.25 25degC_Cycle_2_Pan18650PF,10819,0.7980073094367981,0.6172526478767395,0.6773711442947388,0.4207136631011963,3.8061656951904297,2.802690267562866,S1
A2-2,7,test_id(25C),03-19-17_09.07 25degC_Cycle_3_Pan18650PF,9936,0.5716968774795532,0.3974048793315887,0.526796817779541,0.2921946942806244,1.0240869522094729,1.4425177574157717,S1
A2-2,7,test_id(25C),03-19-17_14.31 25degC_Cycle_4_Pan18650PF,11778,0.9032625555992126,0.581525444984436,0.7918484807014465,0.4548251926898956,3.374241828918457,2.296629905700684,S1
A2-2,7,ood(10C),03-27-17_09.06 10degC_HWFET_Pan18650PF,10263,2.4030654430389404,2.6690797805786133,1.952929139137268,2.037609815597534,8.288605690002441,7.318917751312256,S1
A2-2,7,ood(10C),03-27-17_09.06 10degC_LA92_Pan18650PF,15817,1.838112235069275,2.417169570922852,1.6532007455825806,2.0547120571136475,3.1014151573181152,3.9354782104492183,S1
A2-2,7,ood(10C),03-27-17_09.06 10degC_NN_Pan18650PF,13750,1.384708285331726,1.8933255672454836,1.2487564086914062,1.573234796524048,2.603825330734253,3.518693447113037,S1
A2-2,7,ood(10C),03-27-17_09.06 10degC_UDDS_Pan18650PF,24281,0.7483742237091064,1.2026758193969729,0.6570649743080139,1.072309970855713,2.0992648601531982,2.414996385574341,S1
A2-2,7,ood(10C),03-27-17_09.06 10degC_US06_Pan18650PF,3882,2.582253932952881,3.1837072372436523,2.507454872131348,3.1543185710906982,3.63446307182312,4.415051460266113,S1
A2-2,7,ood(10C),03-28-17_12.51 10degC_Cycle_1_Pan18650PF,9067,1.8653419017791748,2.61319637298584,1.7895753383636477,2.5681426525115967,2.57422423362732,3.4699110984802246,S1
A2-2,7,ood(10C),03-28-17_18.18 10degC_Cycle_2_Pan18650PF,7795,3.0697789192199707,3.83116626739502,3.0289480686187744,3.804574966430664,4.284008502960205,5.378727912902832,S1
A2-2,7,ood(10C),04-05-17_17.04 10degC_Cycle_3_Pan18650PF,9769,2.631728172302246,3.36103892326355,2.4990668296813965,3.255145788192749,6.371574878692627,5.555882453918457,S1
A2-2,7,ood(10C),04-05-17_22.50 10degC_Cycle_4_Pan18650PF,9589,1.091448426246643,1.7983709573745728,1.0099141597747805,1.696123719215393,1.8464959859848025,2.816855907440185,S1
A2-2,7,ood(0C),05-30-17_12.56 0degC_Cycle_1_Pan18650PF,8487,4.934931755065918,5.3837080001831055,4.733814239501953,5.0971856117248535,7.470005512237549,8.016364097595215,S1
A2-2,7,ood(0C),05-30-17_20.16 0degC_Cycle_2_Pan18650PF,8060,5.283172130584717,5.769448280334473,4.996809482574463,5.38814640045166,9.116023063659668,10.074284553527832,S1
A2-2,7,ood(0C),06-01-17_10.36 0degC_LA92_Pan18650PF,15077,2.095378875732422,2.593472957611084,1.7240800857543943,1.8755475282669067,3.831493616104126,4.586982727050781,S1
A2-2,7,ood(0C),06-01-17_10.36 0degC_NN_Pan18650PF,13148,1.457082748413086,1.8183091878890991,1.2210693359375,1.2051844596862793,3.2343292236328125,4.006655693054199,S1
A2-2,7,ood(0C),06-01-17_15.36 0degC_Cycle_3_Pan18650PF,5931,6.142489433288574,6.864413738250732,5.865081310272217,6.547224521636963,8.96208667755127,10.112857818603516,S1
A2-2,7,ood(0C),06-01-17_22.03 0degC_Cycle_4_Pan18650PF,7389,3.171359062194824,3.92028284072876,3.049534559249878,3.807031154632568,4.093801021575928,5.070625305175781,S1
A2-2,7,ood(0C),06-02-17_04.58 0degC_US06_Pan18650PF,3344,6.671102523803711,7.35840368270874,6.200530529022217,6.799027919769287,8.390694618225098,9.49905014038086,S1
A2-2,7,ood(0C),06-02-17_10.43 0degC_HWFET_Pan18650PF,5670,7.212000370025635,7.941473960876465,6.990440368652344,7.681478500366211,9.013738632202148,10.07433032989502,S1
A2-2,7,ood(0C),06-02-17_17.14 0degC_UDDS_Pan18650PF,12540,3.190485954284668,3.950401544570923,2.9935877323150635,3.778305768966675,4.677614212036133,5.619477272033691,S1
A2-2,7,ood(-10C),06-07-17_08.39 n10degC_HWFET_Pan18650PF,11951,3.4016926288604736,3.840716600418091,2.381418228149414,2.378206491470337,8.346379280090332,9.337112426757812,S1
A2-2,7,ood(-10C),06-07-17_08.39 n10degC_LA92_Pan18650PF,13765,3.662468671798706,4.119853973388672,2.644167900085449,2.71838903427124,8.308347702026367,9.235326766967772,S1
A2-2,7,ood(-10C),06-07-17_08.39 n10degC_UDDS_Pan18650PF,17786,4.724403381347656,5.286665916442871,3.696313142776489,3.972917079925537,8.852611541748047,9.88876724243164,S1
A2-2,7,ood(-10C),06-07-17_08.39 n10degC_US06_Pan18650PF,9929,1.5720794200897217,1.8000246286392212,1.2001672983169556,0.9483535289764404,4.790685653686523,5.168225288391113,S1
A2-2,7,ood(-10C),06-10-17_11.25 n10degC_Cycle_1_Pan18650PF,5706,6.60512638092041,7.358912467956543,6.451104164123535,7.225752830505371,8.205490112304688,9.183917045593262,S1
A2-2,7,ood(-10C),06-10-17_18.35 n10degC_Cycle_2_Pan18650PF,5654,12.16176986694336,12.942166328430176,12.135697364807127,12.915813446044922,13.866462707519531,14.802168846130373,S1
A2-2,7,ood(-10C),06-11-17_01.39 n10degC_Cycle_3_Pan18650PF,5368,12.64407730102539,13.390801429748535,12.542119026184082,13.29047393798828,16.49686050415039,17.018362045288086,S1
A2-2,7,ood(-10C),06-11-17_08.42 n10degC_Cycle_4_Pan18650PF,5791,5.355126857757568,6.077136039733887,4.935229301452637,5.605039596557617,8.565593719482422,9.489624977111816,S1
A2-2,7,ood(-10C),06-14-17_13.12 n10degC_NN_Pan18650PF,4939,11.515380859375,12.247114181518556,11.487773895263672,12.21711254119873,13.074525833129885,14.00485897064209,S1
A2-2,7,ood(-20C),06-23-17_23.35 n20degC_HWFET_Pan18650PF,11042,1.3390394449234009,1.6538035869598389,0.9279404282569884,0.9447569251060486,4.958640575408936,5.9281816482543945,S1
A2-2,7,ood(-20C),06-23-17_23.35 n20degC_LA92_Pan18650PF,12521,1.699766755104065,2.109969139099121,1.2532685995101929,1.353020191192627,5.283014297485352,6.197989940643311,S1
A2-2,7,ood(-20C),06-23-17_23.35 n20degC_NN_Pan18650PF,11350,1.1017630100250244,1.0837091207504272,0.8814716339111328,0.4623976945877075,3.7301185131073,4.740684509277344,S1
A2-2,7,ood(-20C),06-23-17_23.35 n20degC_UDDS_Pan18650PF,15753,5.160928726196289,5.697198390960693,3.931597948074341,4.141378879547119,10.603472709655762,11.192002296447754,S1
A2-2,7,ood(-20C),06-24-17_04.29 n20degC_Cycle_1_Pan18650PF,4752,17.6080379486084,18.312116622924805,17.551179885864258,18.25564384460449,20.16110610961914,21.11009788513184,S1
A2-2,7,ood(-20C),06-24-17_11.58 n20degC_Cycle_2_Pan18650PF,4718,16.20331382751465,16.90663719177246,16.175241470336914,16.879165649414062,19.785266876220703,19.894287109375,S1
A2-2,7,ood(-20C),06-24-17_19.29 n20degC_Cycle_3_Pan18650PF,4695,16.29913330078125,17.017383575439453,16.251310348510742,16.9733829498291,21.421072006225582,22.115219116210938,S1
A2-2,7,ood(-20C),06-25-17_03.01 n20degC_Cycle_4_Pan18650PF,4715,13.217724800109863,13.988688468933104,13.189414978027344,13.956915855407717,15.192038536071776,16.377798080444336,S1
A2-2,7,ood(-20C),06-25-17_10.31 n20degC_US06_Pan18650PF,2333,17.03714370727539,17.76336097717285,16.91422462463379,17.65345001220703,20.965356826782227,21.675111770629883,S1
A2-2,13,val(25C),03-21-17_00.29 25degC_UDDS_Pan18650PF,22119,1.5091198682785034,0.9925137162208556,1.4729361534118652,0.8610849380493164,2.8923842906951904,3.5920653343200684,S1
A2-2,13,test_id(25C),03-18-17_02.17 25degC_Cycle_1_Pan18650PF,10655,0.5577367544174194,0.7082514762878418,0.4274957478046417,0.5915541648864746,2.85761833190918,2.243691921234131,S1
A2-2,13,test_id(25C),03-19-17_03.25 25degC_Cycle_2_Pan18650PF,10819,0.7980073094367981,0.5932131409645081,0.6773711442947388,0.3996284008026123,3.8061656951904297,2.7536582946777344,S1
A2-2,13,test_id(25C),03-19-17_09.07 25degC_Cycle_3_Pan18650PF,9936,0.5716968774795532,0.3717101216316223,0.526796817779541,0.267856240272522,1.0240869522094729,1.4194283485412598,S1
A2-2,13,test_id(25C),03-19-17_14.31 25degC_Cycle_4_Pan18650PF,11778,0.9032625555992126,0.572123646736145,0.7918484807014465,0.4336793124675751,3.374241828918457,2.825806140899658,S1
A2-2,13,ood(10C),03-27-17_09.06 10degC_HWFET_Pan18650PF,10263,2.4030654430389404,2.715508460998535,1.952929139137268,2.1084389686584477,8.288605690002441,6.688823699951172,S1
A2-2,13,ood(10C),03-27-17_09.06 10degC_LA92_Pan18650PF,15817,1.838112235069275,2.437255859375,1.6532007455825806,2.089576005935669,3.1014151573181152,3.911391258239746,S1
A2-2,13,ood(10C),03-27-17_09.06 10degC_NN_Pan18650PF,13750,1.384708285331726,1.9235804080963133,1.2487564086914062,1.6244628429412842,2.603825330734253,3.476536273956299,S1
A2-2,13,ood(10C),03-27-17_09.06 10degC_UDDS_Pan18650PF,24281,0.7483742237091064,1.2663614749908447,0.6570649743080139,1.139881610870361,2.0992648601531982,2.598686695098877,S1
A2-2,13,ood(10C),03-27-17_09.06 10degC_US06_Pan18650PF,3882,2.582253932952881,3.217234373092652,2.507454872131348,3.184220790863037,3.63446307182312,4.358942985534668,S1
A2-2,13,ood(10C),03-28-17_12.51 10degC_Cycle_1_Pan18650PF,9067,1.8653419017791748,2.658371686935425,1.7895753383636477,2.617773056030273,2.57422423362732,3.469989776611328,S1
A2-2,13,ood(10C),03-28-17_18.18 10degC_Cycle_2_Pan18650PF,7795,3.0697789192199707,3.877016067504883,3.0289480686187744,3.8528010845184326,4.284008502960205,5.320949554443359,S1
A2-2,13,ood(10C),04-05-17_17.04 10degC_Cycle_3_Pan18650PF,9769,2.631728172302246,3.379760265350342,2.4990668296813965,3.257174015045166,6.371574878692627,5.422124862670898,S1
A2-2,13,ood(10C),04-05-17_22.50 10degC_Cycle_4_Pan18650PF,9589,1.091448426246643,1.854155778884888,1.0099141597747805,1.7509911060333252,1.8464959859848025,2.7644739151000977,S1
A2-2,13,ood(0C),05-30-17_12.56 0degC_Cycle_1_Pan18650PF,8487,4.934931755065918,5.596519470214844,4.733814239501953,5.322144031524658,7.470005512237549,8.166181564331055,S1
A2-2,13,ood(0C),05-30-17_20.16 0degC_Cycle_2_Pan18650PF,8060,5.283172130584717,5.919517517089844,4.996809482574463,5.531710624694824,9.116023063659668,10.179018020629885,S1
A2-2,13,ood(0C),06-01-17_10.36 0degC_LA92_Pan18650PF,15077,2.095378875732422,2.579609632492065,1.7240800857543943,1.958889961242676,3.831493616104126,4.54746150970459,S1
A2-2,13,ood(0C),06-01-17_10.36 0degC_NN_Pan18650PF,13148,1.457082748413086,1.8391190767288208,1.2210693359375,1.3243176937103271,3.2343292236328125,4.085437297821045,S1
A2-2,13,ood(0C),06-01-17_15.36 0degC_Cycle_3_Pan18650PF,5931,6.142489433288574,6.917315483093262,5.865081310272217,6.604709148406982,8.96208667755127,9.956233024597168,S1
A2-2,13,ood(0C),06-01-17_22.03 0degC_Cycle_4_Pan18650PF,7389,3.171359062194824,3.952104091644287,3.049534559249878,3.828248262405396,4.093801021575928,5.188970565795898,S1
A2-2,13,ood(0C),06-02-17_04.58 0degC_US06_Pan18650PF,3344,6.671102523803711,7.390291213989258,6.200530529022217,6.840670108795166,8.390694618225098,9.450324058532717,S1
A2-2,13,ood(0C),06-02-17_10.43 0degC_HWFET_Pan18650PF,5670,7.212000370025635,8.060108184814453,6.990440368652344,7.825315475463867,9.013738632202148,10.097963333129885,S1
A2-2,13,ood(0C),06-02-17_17.14 0degC_UDDS_Pan18650PF,12540,3.190485954284668,4.005950450897217,2.9935877323150635,3.820729970932007,4.677614212036133,5.758942127227783,S1
A2-2,13,ood(-10C),06-07-17_08.39 n10degC_HWFET_Pan18650PF,11951,3.4016926288604736,3.8382842540740967,2.381418228149414,2.500990152359009,8.346379280090332,9.2511568069458,S1
A2-2,13,ood(-10C),06-07-17_08.39 n10degC_LA92_Pan18650PF,13765,3.662468671798706,4.100451946258545,2.644167900085449,2.8169913291931152,8.308347702026367,9.101213455200195,S1
A2-2,13,ood(-10C),06-07-17_08.39 n10degC_UDDS_Pan18650PF,17786,4.724403381347656,5.279790878295898,3.696313142776489,4.058061122894287,8.852611541748047,9.727534294128418,S1
A2-2,13,ood(-10C),06-07-17_08.39 n10degC_US06_Pan18650PF,9929,1.5720794200897217,1.7680423259735107,1.2001672983169556,1.0766270160675049,4.790685653686523,5.220305442810059,S1
A2-2,13,ood(-10C),06-10-17_11.25 n10degC_Cycle_1_Pan18650PF,5706,6.60512638092041,7.369077205657959,6.451104164123535,7.236195087432861,8.205490112304688,9.104981422424316,S1
A2-2,13,ood(-10C),06-10-17_18.35 n10degC_Cycle_2_Pan18650PF,5654,12.16176986694336,12.9478120803833,12.135697364807127,12.92026424407959,13.866462707519531,14.736577987670898,S1
A2-2,13,ood(-10C),06-11-17_01.39 n10degC_Cycle_3_Pan18650PF,5368,12.64407730102539,13.405344009399414,12.542119026184082,13.300999641418455,16.49686050415039,17.390993118286133,S1
A2-2,13,ood(-10C),06-11-17_08.42 n10degC_Cycle_4_Pan18650PF,5791,5.355126857757568,6.028963565826416,4.935229301452637,5.572399616241455,8.565593719482422,9.254912376403809,S1
A2-2,13,ood(-10C),06-14-17_13.12 n10degC_NN_Pan18650PF,4939,11.515380859375,12.275078773498535,11.487773895263672,12.24312973022461,13.074525833129885,14.128156661987305,S1
A2-2,13,ood(-20C),06-23-17_23.35 n20degC_HWFET_Pan18650PF,11042,1.3390394449234009,1.6290814876556396,0.9279404282569884,1.0641133785247805,4.958640575408936,5.93721342086792,S1
A2-2,13,ood(-20C),06-23-17_23.35 n20degC_LA92_Pan18650PF,12521,1.699766755104065,2.065851211547852,1.2532685995101929,1.4482223987579346,5.283014297485352,6.068536281585693,S1
A2-2,13,ood(-20C),06-23-17_23.35 n20degC_NN_Pan18650PF,11350,1.1017630100250244,1.098473310470581,0.8814716339111328,0.6023868322372437,3.7301185131073,4.816131114959717,S1
A2-2,13,ood(-20C),06-23-17_23.35 n20degC_UDDS_Pan18650PF,15753,5.160928726196289,5.6705641746521,3.931597948074341,4.222867488861084,10.603472709655762,11.144704818725586,S1
A2-2,13,ood(-20C),06-24-17_04.29 n20degC_Cycle_1_Pan18650PF,4752,17.6080379486084,18.276819229125977,17.551179885864258,18.21860885620117,20.16110610961914,21.21113586425781,S1
A2-2,13,ood(-20C),06-24-17_11.58 n20degC_Cycle_2_Pan18650PF,4718,16.20331382751465,16.90392303466797,16.175241470336914,16.876049041748047,19.785266876220703,20.2275447845459,S1
A2-2,13,ood(-20C),06-24-17_19.29 n20degC_Cycle_3_Pan18650PF,4695,16.29913330078125,16.960866928100586,16.251310348510742,16.916271209716797,21.421072006225582,22.098854064941406,S1
A2-2,13,ood(-20C),06-25-17_03.01 n20degC_Cycle_4_Pan18650PF,4715,13.217724800109863,13.947078704833984,13.189414978027344,13.914057731628418,15.192038536071776,16.205060958862305,S1
A2-2,13,ood(-20C),06-25-17_10.31 n20degC_US06_Pan18650PF,2333,17.03714370727539,17.70204734802246,16.91422462463379,17.595165252685547,20.965356826782227,21.751588821411133,S1
A2-2,42,val(25C),03-21-17_00.29 25degC_UDDS_Pan18650PF,22119,1.5091198682785034,1.0057963132858276,1.4729361534118652,0.873239278793335,2.8923842906951904,3.881279945373535,S1
A2-2,42,test_id(25C),03-18-17_02.17 25degC_Cycle_1_Pan18650PF,10655,0.5577367544174194,0.6715382933616638,0.4274957478046417,0.5426915884017944,2.85761833190918,2.769962310791016,S1
A2-2,42,test_id(25C),03-19-17_03.25 25degC_Cycle_2_Pan18650PF,10819,0.7980073094367981,0.6360000967979431,0.6773711442947388,0.4482287466526031,3.8061656951904297,2.4865338802337646,S1
A2-2,42,test_id(25C),03-19-17_09.07 25degC_Cycle_3_Pan18650PF,9936,0.5716968774795532,0.4085889458656311,0.526796817779541,0.2840436995029449,1.0240869522094729,1.4786088466644287,S1
A2-2,42,test_id(25C),03-19-17_14.31 25degC_Cycle_4_Pan18650PF,11778,0.9032625555992126,0.6644200682640076,0.7918484807014465,0.4693528413772583,3.374241828918457,3.647686243057251,S1
A2-2,42,ood(10C),03-27-17_09.06 10degC_HWFET_Pan18650PF,10263,2.4030654430389404,2.6594645977020264,1.952929139137268,2.1587488651275635,8.288605690002441,6.643101692199707,S1
A2-2,42,ood(10C),03-27-17_09.06 10degC_LA92_Pan18650PF,15817,1.838112235069275,2.4564950466156006,1.6532007455825806,2.17986798286438,3.1014151573181152,4.0083184242248535,S1
A2-2,42,ood(10C),03-27-17_09.06 10degC_NN_Pan18650PF,13750,1.384708285331726,1.968615174293518,1.2487564086914062,1.727206826210022,2.603825330734253,3.5789639949798584,S1
A2-2,42,ood(10C),03-27-17_09.06 10degC_UDDS_Pan18650PF,24281,0.7483742237091064,1.312390923500061,0.6570649743080139,1.2198693752288818,2.0992648601531982,2.767867088317871,S1
A2-2,42,ood(10C),03-27-17_09.06 10degC_US06_Pan18650PF,3882,2.582253932952881,3.199465274810791,2.507454872131348,3.160379409790039,3.63446307182312,4.527690887451172,S1
A2-2,42,ood(10C),03-28-17_12.51 10degC_Cycle_1_Pan18650PF,9067,1.8653419017791748,2.6587276458740234,1.7895753383636477,2.6079864501953125,2.57422423362732,3.4736990928649902,S1
A2-2,42,ood(10C),03-28-17_18.18 10degC_Cycle_2_Pan18650PF,7795,3.0697789192199707,3.864656209945679,3.0289480686187744,3.832427501678467,4.284008502960205,5.544861793518066,S1
A2-2,42,ood(10C),04-05-17_17.04 10degC_Cycle_3_Pan18650PF,9769,2.631728172302246,3.4306585788726807,2.4990668296813965,3.3324854373931885,6.371574878692627,5.485791206359863,S1
A2-2,42,ood(10C),04-05-17_22.50 10degC_Cycle_4_Pan18650PF,9589,1.091448426246643,1.895993709564209,1.0099141597747805,1.7921392917633057,1.8464959859848025,3.268177032470703,S1
A2-2,42,ood(0C),05-30-17_12.56 0degC_Cycle_1_Pan18650PF,8487,4.934931755065918,5.403553009033203,4.733814239501953,4.919942378997803,7.470005512237549,8.20630931854248,S1
A2-2,42,ood(0C),05-30-17_20.16 0degC_Cycle_2_Pan18650PF,8060,5.283172130584717,5.79332160949707,4.996809482574463,5.254647731781006,9.116023063659668,10.32839012145996,S1
A2-2,42,ood(0C),06-01-17_10.36 0degC_LA92_Pan18650PF,15077,2.095378875732422,2.7642712593078613,1.7240800857543943,2.2713282108306885,3.831493616104126,4.811891555786133,S1
A2-2,42,ood(0C),06-01-17_10.36 0degC_NN_Pan18650PF,13148,1.457082748413086,1.9901833534240725,1.2210693359375,1.622688889503479,3.2343292236328125,4.26733922958374,S1
A2-2,42,ood(0C),06-01-17_15.36 0degC_Cycle_3_Pan18650PF,5931,6.142489433288574,7.074704647064209,5.865081310272217,6.7211527824401855,8.96208667755127,10.342458724975586,S1
A2-2,42,ood(0C),06-01-17_22.03 0degC_Cycle_4_Pan18650PF,7389,3.171359062194824,4.096593379974365,3.049534559249878,3.992257833480835,4.093801021575928,5.314643859863281,S1
A2-2,42,ood(0C),06-02-17_04.58 0degC_US06_Pan18650PF,3344,6.671102523803711,7.414066314697266,6.200530529022217,6.845820903778076,8.390694618225098,9.813182830810549,S1
A2-2,42,ood(0C),06-02-17_10.43 0degC_HWFET_Pan18650PF,5670,7.212000370025635,8.094043731689453,6.990440368652344,7.829804420471191,9.013738632202148,10.236560821533203,S1
A2-2,42,ood(0C),06-02-17_17.14 0degC_UDDS_Pan18650PF,12540,3.190485954284668,4.2431254386901855,2.9935877323150635,4.07465124130249,4.677614212036133,5.91226053237915,S1
A2-2,42,ood(-10C),06-07-17_08.39 n10degC_HWFET_Pan18650PF,11951,3.4016926288604736,3.9992516040802,2.381418228149414,2.884899139404297,8.346379280090332,9.353771209716797,S1
A2-2,42,ood(-10C),06-07-17_08.39 n10degC_LA92_Pan18650PF,13765,3.662468671798706,4.342226505279541,2.644167900085449,3.236869096755981,8.308347702026367,9.660399436950684,S1
A2-2,42,ood(-10C),06-07-17_08.39 n10degC_UDDS_Pan18650PF,17786,4.724403381347656,5.596200466156006,3.696313142776489,4.503120422363281,8.852611541748047,10.316971778869627,S1
A2-2,42,ood(-10C),06-07-17_08.39 n10degC_US06_Pan18650PF,9929,1.5720794200897217,1.946382522583008,1.2001672983169556,1.468245506286621,4.790685653686523,5.240726947784424,S1
A2-2,42,ood(-10C),06-10-17_11.25 n10degC_Cycle_1_Pan18650PF,5706,6.60512638092041,7.635593414306641,6.451104164123535,7.511233329772949,8.205490112304688,9.144742965698242,S1
A2-2,42,ood(-10C),06-10-17_18.35 n10degC_Cycle_2_Pan18650PF,5654,12.16176986694336,13.241860389709473,12.135697364807127,13.217249870300291,13.866462707519531,15.092628479003906,S1
A2-2,42,ood(-10C),06-11-17_01.39 n10degC_Cycle_3_Pan18650PF,5368,12.64407730102539,13.638787269592283,12.542119026184082,13.532357215881348,16.49686050415039,17.636938095092773,S1
A2-2,42,ood(-10C),06-11-17_08.42 n10degC_Cycle_4_Pan18650PF,5791,5.355126857757568,6.335631370544434,4.935229301452637,5.864739418029785,8.565593719482422,9.532099723815918,S1
A2-2,42,ood(-10C),06-14-17_13.12 n10degC_NN_Pan18650PF,4939,11.515380859375,12.535772323608398,11.487773895263672,12.499223709106444,13.074525833129885,14.341147422790527,S1
A2-2,42,ood(-20C),06-23-17_23.35 n20degC_HWFET_Pan18650PF,11042,1.3390394449234009,1.8814167976379397,0.9279404282569884,1.496285319328308,4.958640575408936,6.20817756652832,S1
A2-2,42,ood(-20C),06-23-17_23.35 n20degC_LA92_Pan18650PF,12521,1.699766755104065,2.3830506801605225,1.2532685995101929,1.933081030845642,5.283014297485352,6.5570068359375,S1
A2-2,42,ood(-20C),06-23-17_23.35 n20degC_NN_Pan18650PF,11350,1.1017630100250244,1.3868826627731323,0.8814716339111328,1.0098196268081665,3.7301185131073,5.276327610015869,S1
A2-2,42,ood(-20C),06-23-17_23.35 n20degC_UDDS_Pan18650PF,15753,5.160928726196289,5.982544422149658,3.931597948074341,4.6995134353637695,10.603472709655762,11.599687576293944,S1
A2-2,42,ood(-20C),06-24-17_04.29 n20degC_Cycle_1_Pan18650PF,4752,17.6080379486084,18.590131759643555,17.551179885864258,18.53469657897949,20.16110610961914,21.648550033569336,S1
A2-2,42,ood(-20C),06-24-17_11.58 n20degC_Cycle_2_Pan18650PF,4718,16.20331382751465,17.20082664489746,16.175241470336914,17.170663833618164,19.785266876220703,20.45383644104004,S1
A2-2,42,ood(-20C),06-24-17_19.29 n20degC_Cycle_3_Pan18650PF,4695,16.29913330078125,17.28904151916504,16.251310348510742,17.250246047973633,21.421072006225582,22.755830764770508,S1
A2-2,42,ood(-20C),06-25-17_03.01 n20degC_Cycle_4_Pan18650PF,4715,13.217724800109863,14.283469200134276,13.189414978027344,14.247125625610352,15.192038536071776,16.764129638671875,S1
A2-2,42,ood(-20C),06-25-17_10.31 n20degC_US06_Pan18650PF,2333,17.03714370727539,17.88808822631836,16.91422462463379,17.77934455871582,20.965356826782227,22.04224967956543,S1
A2-2,101,val(25C),03-21-17_00.29 25degC_UDDS_Pan18650PF,22119,1.5091198682785034,1.0845623016357422,1.4729361534118652,0.9485756754875184,2.8923842906951904,4.257772922515869,S1
A2-2,101,test_id(25C),03-18-17_02.17 25degC_Cycle_1_Pan18650PF,10655,0.5577367544174194,0.6825131177902222,0.4274957478046417,0.5786483287811279,2.85761833190918,1.8374537229537964,S1
A2-2,101,test_id(25C),03-19-17_03.25 25degC_Cycle_2_Pan18650PF,10819,0.7980073094367981,0.6104450821876526,0.6773711442947388,0.4007322192192077,3.8061656951904297,2.8177003860473637,S1
A2-2,101,test_id(25C),03-19-17_09.07 25degC_Cycle_3_Pan18650PF,9936,0.5716968774795532,0.3416917622089386,0.526796817779541,0.249055877327919,1.0240869522094729,1.291244387626648,S1
A2-2,101,test_id(25C),03-19-17_14.31 25degC_Cycle_4_Pan18650PF,11778,0.9032625555992126,0.5876855254173279,0.7918484807014465,0.4447483420372009,3.374241828918457,2.4770827293396,S1
A2-2,101,ood(10C),03-27-17_09.06 10degC_HWFET_Pan18650PF,10263,2.4030654430389404,2.3255271911621094,1.952929139137268,1.747253656387329,8.288605690002441,6.285451889038086,S1
A2-2,101,ood(10C),03-27-17_09.06 10degC_LA92_Pan18650PF,15817,1.838112235069275,2.3965909481048584,1.6532007455825806,2.039906740188598,3.1014151573181152,3.7462213039398193,S1
A2-2,101,ood(10C),03-27-17_09.06 10degC_NN_Pan18650PF,13750,1.384708285331726,1.8507024049758911,1.2487564086914062,1.5512522459030151,2.603825330734253,3.2276899814605717,S1
A2-2,101,ood(10C),03-27-17_09.06 10degC_UDDS_Pan18650PF,24281,0.7483742237091064,1.1867730617523191,0.6570649743080139,1.059720754623413,2.0992648601531982,3.20190167427063,S1
A2-2,101,ood(10C),03-27-17_09.06 10degC_US06_Pan18650PF,3882,2.582253932952881,3.0890932083129883,2.507454872131348,3.0632123947143555,3.63446307182312,4.167959213256836,S1
A2-2,101,ood(10C),03-28-17_12.51 10degC_Cycle_1_Pan18650PF,9067,1.8653419017791748,2.5508062839508057,1.7895753383636477,2.5076351165771484,2.57422423362732,3.2700986862182617,S1
A2-2,101,ood(10C),03-28-17_18.18 10degC_Cycle_2_Pan18650PF,7795,3.0697789192199707,3.785459518432617,3.0289480686187744,3.761765956878662,4.284008502960205,5.269505977630615,S1
A2-2,101,ood(10C),04-05-17_17.04 10degC_Cycle_3_Pan18650PF,9769,2.631728172302246,3.292759895324707,2.4990668296813965,3.1767466068267822,6.371574878692627,5.497608661651611,S1
A2-2,101,ood(10C),04-05-17_22.50 10degC_Cycle_4_Pan18650PF,9589,1.091448426246643,1.7358083724975586,1.0099141597747805,1.6283773183822632,1.8464959859848025,2.8911075592041016,S1
A2-2,101,ood(0C),05-30-17_12.56 0degC_Cycle_1_Pan18650PF,8487,4.934931755065918,5.222516059875488,4.733814239501953,4.849337577819824,7.470005512237549,7.8985724449157715,S1
A2-2,101,ood(0C),05-30-17_20.16 0degC_Cycle_2_Pan18650PF,8060,5.283172130584717,5.633581638336182,4.996809482574463,5.201467037200928,9.116023063659668,10.014833450317385,S1
A2-2,101,ood(0C),06-01-17_10.36 0degC_LA92_Pan18650PF,15077,2.095378875732422,2.569911479949951,1.7240800857543943,1.934624433517456,3.831493616104126,4.448257446289063,S1
A2-2,101,ood(0C),06-01-17_10.36 0degC_NN_Pan18650PF,13148,1.457082748413086,1.7989457845687866,1.2210693359375,1.2755718231201172,3.2343292236328125,3.7672929763793945,S1
A2-2,101,ood(0C),06-01-17_15.36 0degC_Cycle_3_Pan18650PF,5931,6.142489433288574,6.819576263427734,5.865081310272217,6.474310874938965,8.96208667755127,10.006794929504396,S1
A2-2,101,ood(0C),06-01-17_22.03 0degC_Cycle_4_Pan18650PF,7389,3.171359062194824,3.870176076889038,3.049534559249878,3.727727651596069,4.093801021575928,5.153149604797363,S1
A2-2,101,ood(0C),06-02-17_04.58 0degC_US06_Pan18650PF,3344,6.671102523803711,7.255069732666016,6.200530529022217,6.704450130462647,8.390694618225098,9.470001220703123,S1
A2-2,101,ood(0C),06-02-17_10.43 0degC_HWFET_Pan18650PF,5670,7.212000370025635,7.604010581970215,6.990440368652344,7.277467727661133,9.013738632202148,9.985721588134766,S1
A2-2,101,ood(0C),06-02-17_17.14 0degC_UDDS_Pan18650PF,12540,3.190485954284668,3.962260007858277,2.9935877323150635,3.7618563175201416,4.677614212036133,5.762356758117676,S1
A2-2,101,ood(-10C),06-07-17_08.39 n10degC_HWFET_Pan18650PF,11951,3.4016926288604736,3.6766185760498047,2.381418228149414,2.4278578758239746,8.346379280090332,8.713329315185547,S1
A2-2,101,ood(-10C),06-07-17_08.39 n10degC_LA92_Pan18650PF,13765,3.662468671798706,4.055655002593994,2.644167900085449,2.8040764331817627,8.308347702026367,8.883983612060547,S1
A2-2,101,ood(-10C),06-07-17_08.39 n10degC_UDDS_Pan18650PF,17786,4.724403381347656,5.267789840698242,3.696313142776489,4.063644409179688,8.852611541748047,9.590139389038086,S1
A2-2,101,ood(-10C),06-07-17_08.39 n10degC_US06_Pan18650PF,9929,1.5720794200897217,1.6919987201690674,1.2001672983169556,1.0540761947631836,4.790685653686523,4.717040538787842,S1
A2-2,101,ood(-10C),06-10-17_11.25 n10degC_Cycle_1_Pan18650PF,5706,6.60512638092041,7.22144889831543,6.451104164123535,7.099623680114746,8.205490112304688,8.49484920501709,S1
A2-2,101,ood(-10C),06-10-17_18.35 n10degC_Cycle_2_Pan18650PF,5654,12.16176986694336,12.826650619506836,12.135697364807127,12.79386043548584,13.866462707519531,14.670492172241213,S1
A2-2,101,ood(-10C),06-11-17_01.39 n10degC_Cycle_3_Pan18650PF,5368,12.64407730102539,13.311692237854004,12.542119026184082,13.195840835571287,16.49686050415039,17.310937881469727,S1
A2-2,101,ood(-10C),06-11-17_08.42 n10degC_Cycle_4_Pan18650PF,5791,5.355126857757568,5.969768047332764,4.935229301452637,5.528312206268311,8.565593719482422,9.00454330444336,S1
A2-2,101,ood(-10C),06-14-17_13.12 n10degC_NN_Pan18650PF,4939,11.515380859375,12.19254207611084,11.487773895263672,12.15419864654541,13.074525833129885,13.979978561401367,S1
A2-2,101,ood(-20C),06-23-17_23.35 n20degC_HWFET_Pan18650PF,11042,1.3390394449234009,1.6073262691497805,0.9279404282569884,1.093061089515686,4.958640575408936,5.523386955261231,S1
A2-2,101,ood(-20C),06-23-17_23.35 n20degC_LA92_Pan18650PF,12521,1.699766755104065,2.0738091468811035,1.2532685995101929,1.4937520027160645,5.283014297485352,5.849425315856934,S1
A2-2,101,ood(-20C),06-23-17_23.35 n20degC_NN_Pan18650PF,11350,1.1017630100250244,1.062340497970581,0.8814716339111328,0.6163789629936218,3.7301185131073,4.20290470123291,S1
A2-2,101,ood(-20C),06-23-17_23.35 n20degC_UDDS_Pan18650PF,15753,5.160928726196289,5.691763877868652,3.931597948074341,4.274911403656006,10.603472709655762,10.838865280151367,S1
A2-2,101,ood(-20C),06-24-17_04.29 n20degC_Cycle_1_Pan18650PF,4752,17.6080379486084,18.258808135986328,17.551179885864258,18.19472312927246,20.16110610961914,21.089393615722656,S1
A2-2,101,ood(-20C),06-24-17_11.58 n20degC_Cycle_2_Pan18650PF,4718,16.20331382751465,16.856599807739258,16.175241470336914,16.82910919189453,19.785266876220703,19.697582244873047,S1
A2-2,101,ood(-20C),06-24-17_19.29 n20degC_Cycle_3_Pan18650PF,4695,16.29913330078125,16.9350528717041,16.251310348510742,16.889907836914062,21.421072006225582,21.88520622253418,S1
A2-2,101,ood(-20C),06-25-17_03.01 n20degC_Cycle_4_Pan18650PF,4715,13.217724800109863,13.903088569641112,13.189414978027344,13.859740257263184,15.192038536071776,16.28243637084961,S1
A2-2,101,ood(-20C),06-25-17_10.31 n20degC_US06_Pan18650PF,2333,17.03714370727539,17.568965911865234,16.91422462463379,17.478240966796875,20.965356826782227,21.391231536865234,S1
A2-2,202,val(25C),03-21-17_00.29 25degC_UDDS_Pan18650PF,22119,1.5091198682785034,1.0722451210021973,1.4729361534118652,0.9372052550315856,2.8923842906951904,3.229783058166504,S1
A2-2,202,test_id(25C),03-18-17_02.17 25degC_Cycle_1_Pan18650PF,10655,0.5577367544174194,0.7436085939407349,0.4274957478046417,0.5949805378913879,2.85761833190918,2.0295073986053467,S1
A2-2,202,test_id(25C),03-19-17_03.25 25degC_Cycle_2_Pan18650PF,10819,0.7980073094367981,0.6940799355506897,0.6773711442947388,0.4884184002876282,3.8061656951904297,2.833138465881348,S1
A2-2,202,test_id(25C),03-19-17_09.07 25degC_Cycle_3_Pan18650PF,9936,0.5716968774795532,0.4639751315116882,0.526796817779541,0.320567786693573,1.0240869522094729,1.6005136966705322,S1
A2-2,202,test_id(25C),03-19-17_14.31 25degC_Cycle_4_Pan18650PF,11778,0.9032625555992126,0.7278717160224915,0.7918484807014465,0.5039803981781006,3.374241828918457,3.5190579891204834,S1
A2-2,202,ood(10C),03-27-17_09.06 10degC_HWFET_Pan18650PF,10263,2.4030654430389404,2.6492807865142822,1.952929139137268,2.2695672512054443,8.288605690002441,6.793399333953857,S1
A2-2,202,ood(10C),03-27-17_09.06 10degC_LA92_Pan18650PF,15817,1.838112235069275,2.67005467414856,1.6532007455825806,2.4693491458892822,3.1014151573181152,4.112618446350098,S1
A2-2,202,ood(10C),03-27-17_09.06 10degC_NN_Pan18650PF,13750,1.384708285331726,2.188632011413574,1.2487564086914062,2.0420637130737305,2.603825330734253,3.812819480895996,S1
A2-2,202,ood(10C),03-27-17_09.06 10degC_UDDS_Pan18650PF,24281,0.7483742237091064,1.543725848197937,0.6570649743080139,1.4757188558578491,2.0992648601531982,2.895482063293457,S1
A2-2,202,ood(10C),03-27-17_09.06 10degC_US06_Pan18650PF,3882,2.582253932952881,3.3897576332092285,2.507454872131348,3.3583903312683105,3.63446307182312,4.674926280975342,S1
A2-2,202,ood(10C),03-28-17_12.51 10degC_Cycle_1_Pan18650PF,9067,1.8653419017791748,2.8387012481689453,1.7895753383636477,2.7985081672668457,2.57422423362732,3.6789398193359375,S1
A2-2,202,ood(10C),03-28-17_18.18 10degC_Cycle_2_Pan18650PF,7795,3.0697789192199707,4.07092809677124,3.0289480686187744,4.044968605041504,4.284008502960205,5.802570343017578,S1
A2-2,202,ood(10C),04-05-17_17.04 10degC_Cycle_3_Pan18650PF,9769,2.631728172302246,3.5659821033477783,2.4990668296813965,3.41498064994812,6.371574878692627,5.976098537445068,S1
A2-2,202,ood(10C),04-05-17_22.50 10degC_Cycle_4_Pan18650PF,9589,1.091448426246643,2.051025629043579,1.0099141597747805,1.9312371015548704,1.8464959859848025,3.200625419616699,S1
A2-2,202,ood(0C),05-30-17_12.56 0degC_Cycle_1_Pan18650PF,8487,4.934931755065918,5.7445268630981445,4.733814239501953,5.346341133117676,7.470005512237549,8.761711120605469,S1
A2-2,202,ood(0C),05-30-17_20.16 0degC_Cycle_2_Pan18650PF,8060,5.283172130584717,6.103872776031494,4.996809482574463,5.596377849578857,9.116023063659668,10.814852714538574,S1
A2-2,202,ood(0C),06-01-17_10.36 0degC_LA92_Pan18650PF,15077,2.095378875732422,3.098140239715576,1.7240800857543943,2.7597744464874268,3.831493616104126,5.126568794250488,S1
A2-2,202,ood(0C),06-01-17_10.36 0degC_NN_Pan18650PF,13148,1.457082748413086,2.3698408603668213,1.2210693359375,2.147984981536865,3.2343292236328125,4.535020351409912,S1
A2-2,202,ood(0C),06-01-17_15.36 0degC_Cycle_3_Pan18650PF,5931,6.142489433288574,7.341939926147461,5.865081310272217,6.978511810302734,8.96208667755127,10.668927192687988,S1
A2-2,202,ood(0C),06-01-17_22.03 0degC_Cycle_4_Pan18650PF,7389,3.171359062194824,4.448427200317383,3.049534559249878,4.331394195556641,4.093801021575928,5.898388385772705,S1
A2-2,202,ood(0C),06-02-17_04.58 0degC_US06_Pan18650PF,3344,6.671102523803711,7.714242935180664,6.200530529022217,7.116844654083252,8.390694618225098,10.021796226501465,S1
A2-2,202,ood(0C),06-02-17_10.43 0degC_HWFET_Pan18650PF,5670,7.212000370025635,8.270246505737305,6.990440368652344,8.04189395904541,9.013738632202148,10.827486038208008,S1
A2-2,202,ood(0C),06-02-17_17.14 0degC_UDDS_Pan18650PF,12540,3.190485954284668,4.600272178649902,2.9935877323150635,4.406952857971191,4.677614212036133,6.519896507263184,S1
A2-2,202,ood(-10C),06-07-17_08.39 n10degC_HWFET_Pan18650PF,11951,3.4016926288604736,4.436415672302246,2.381418228149414,3.55861759185791,8.346379280090332,9.749650955200195,S1
A2-2,202,ood(-10C),06-07-17_08.39 n10degC_LA92_Pan18650PF,13765,3.662468671798706,4.7102532386779785,2.644167900085449,3.834937572479248,8.308347702026367,9.954858779907228,S1
A2-2,202,ood(-10C),06-07-17_08.39 n10degC_UDDS_Pan18650PF,17786,4.724403381347656,6.002162933349609,3.696313142776489,5.0876665115356445,8.852611541748047,10.63650894165039,S1
A2-2,202,ood(-10C),06-07-17_08.39 n10degC_US06_Pan18650PF,9929,1.5720794200897217,2.386883497238159,1.2001672983169556,2.1041417121887207,4.790685653686523,5.558521270751953,S1
A2-2,202,ood(-10C),06-10-17_11.25 n10degC_Cycle_1_Pan18650PF,5706,6.60512638092041,8.087543487548828,6.451104164123535,7.983335971832275,8.205490112304688,9.62154769897461,S1
A2-2,202,ood(-10C),06-10-17_18.35 n10degC_Cycle_2_Pan18650PF,5654,12.16176986694336,13.659218788146973,12.135697364807127,13.630786895751951,13.866462707519531,15.849167823791504,S1
A2-2,202,ood(-10C),06-11-17_01.39 n10degC_Cycle_3_Pan18650PF,5368,12.64407730102539,14.109862327575684,12.542119026184082,14.00631046295166,16.49686050415039,18.411977767944336,S1
A2-2,202,ood(-10C),06-11-17_08.42 n10degC_Cycle_4_Pan18650PF,5791,5.355126857757568,6.700314998626709,4.935229301452637,6.274177551269531,8.565593719482422,9.768555641174316,S1
A2-2,202,ood(-10C),06-14-17_13.12 n10degC_NN_Pan18650PF,4939,11.515380859375,12.973650932312012,11.487773895263672,12.935572624206545,13.074525833129885,15.25697135925293,S1
A2-2,202,ood(-20C),06-23-17_23.35 n20degC_HWFET_Pan18650PF,11042,1.3390394449234009,2.569816827774048,0.9279404282569884,2.3389334678649902,4.958640575408936,6.479491710662842,S1
A2-2,202,ood(-20C),06-23-17_23.35 n20degC_LA92_Pan18650PF,12521,1.699766755104065,2.967918634414673,1.2532685995101929,2.670971632003784,5.283014297485352,7.1020588874816895,S1
A2-2,202,ood(-20C),06-23-17_23.35 n20degC_NN_Pan18650PF,11350,1.1017630100250244,1.982945799827576,0.8814716339111328,1.7376573085784912,3.7301185131073,5.409996509552002,S1
A2-2,202,ood(-20C),06-23-17_23.35 n20degC_UDDS_Pan18650PF,15753,5.160928726196289,6.559157848358154,3.931597948074341,5.469347953796387,10.603472709655762,12.125662803649902,S1
A2-2,202,ood(-20C),06-24-17_04.29 n20degC_Cycle_1_Pan18650PF,4752,17.6080379486084,19.205808639526367,17.551179885864258,19.14826393127441,20.16110610961914,22.473018646240234,S1
A2-2,202,ood(-20C),06-24-17_11.58 n20degC_Cycle_2_Pan18650PF,4718,16.20331382751465,17.76031494140625,16.175241470336914,17.72675323486328,19.785266876220703,20.787492752075195,S1
A2-2,202,ood(-20C),06-24-17_19.29 n20degC_Cycle_3_Pan18650PF,4695,16.29913330078125,17.867984771728516,16.251310348510742,17.829397201538086,21.421072006225582,22.962480545043945,S1
A2-2,202,ood(-20C),06-25-17_03.01 n20degC_Cycle_4_Pan18650PF,4715,13.217724800109863,14.850640296936035,13.189414978027344,14.809617042541504,15.192038536071776,17.52353286743164,S1
A2-2,202,ood(-20C),06-25-17_10.31 n20degC_US06_Pan18650PF,2333,17.03714370727539,18.352651596069336,16.91422462463379,18.257062911987305,20.965356826782227,22.13782119750977,S1
A2-2,303,val(25C),03-21-17_00.29 25degC_UDDS_Pan18650PF,22119,1.5091198682785034,1.027382493019104,1.4729361534118652,0.8792864084243774,2.8923842906951904,3.9884400367736816,S1
A2-2,303,test_id(25C),03-18-17_02.17 25degC_Cycle_1_Pan18650PF,10655,0.5577367544174194,0.701303243637085,0.4274957478046417,0.5766894817352295,2.85761833190918,2.2249679565429688,S1
A2-2,303,test_id(25C),03-19-17_03.25 25degC_Cycle_2_Pan18650PF,10819,0.7980073094367981,0.6469458937644958,0.6773711442947388,0.4312090873718261,3.8061656951904297,2.9737329483032227,S1
A2-2,303,test_id(25C),03-19-17_09.07 25degC_Cycle_3_Pan18650PF,9936,0.5716968774795532,0.4336684942245483,0.526796817779541,0.2957930266857147,1.0240869522094729,1.6420862674713137,S1
A2-2,303,test_id(25C),03-19-17_14.31 25degC_Cycle_4_Pan18650PF,11778,0.9032625555992126,0.7315576672554016,0.7918484807014465,0.5212010145187378,3.374241828918457,3.275651216506958,S1
A2-2,303,ood(10C),03-27-17_09.06 10degC_HWFET_Pan18650PF,10263,2.4030654430389404,2.180407285690308,1.952929139137268,1.6331695318222046,8.288605690002441,6.865773677825928,S1
A2-2,303,ood(10C),03-27-17_09.06 10degC_LA92_Pan18650PF,15817,1.838112235069275,2.2780683040618896,1.6532007455825806,1.957376837730408,3.1014151573181152,3.875551700592041,S1
A2-2,303,ood(10C),03-27-17_09.06 10degC_NN_Pan18650PF,13750,1.384708285331726,1.7590265274047852,1.2487564086914062,1.4820772409439087,2.603825330734253,3.439866542816162,S1
A2-2,303,ood(10C),03-27-17_09.06 10degC_UDDS_Pan18650PF,24281,0.7483742237091064,0.8938859105110168,0.6570649743080139,0.776600182056427,2.0992648601531982,3.0219101905822754,S1
A2-2,303,ood(10C),03-27-17_09.06 10degC_US06_Pan18650PF,3882,2.582253932952881,3.1433019638061523,2.507454872131348,3.1172313690185547,3.63446307182312,4.222292423248291,S1
A2-2,303,ood(10C),03-28-17_12.51 10degC_Cycle_1_Pan18650PF,9067,1.8653419017791748,2.335073947906494,1.7895753383636477,2.267519950866699,2.57422423362732,3.5541434288024902,S1
A2-2,303,ood(10C),03-28-17_18.18 10degC_Cycle_2_Pan18650PF,7795,3.0697789192199707,3.582386016845703,3.0289480686187744,3.528025388717652,4.284008502960205,5.212738037109375,S1
A2-2,303,ood(10C),04-05-17_17.04 10degC_Cycle_3_Pan18650PF,9769,2.631728172302246,3.168402194976806,2.4990668296813965,3.0194203853607178,6.371574878692627,5.838961601257324,S1
A2-2,303,ood(10C),04-05-17_22.50 10degC_Cycle_4_Pan18650PF,9589,1.091448426246643,1.5748498439788818,1.0099141597747805,1.4189268350601196,1.8464959859848025,2.8956079483032227,S1
A2-2,303,ood(0C),05-30-17_12.56 0degC_Cycle_1_Pan18650PF,8487,4.934931755065918,5.050634860992432,4.733814239501953,4.683135032653809,7.470005512237549,7.966433525085449,S1
A2-2,303,ood(0C),05-30-17_20.16 0degC_Cycle_2_Pan18650PF,8060,5.283172130584717,5.407689571380615,4.996809482574463,4.921683311462402,9.116023063659668,10.02475929260254,S1
A2-2,303,ood(0C),06-01-17_10.36 0degC_LA92_Pan18650PF,15077,2.095378875732422,2.482424020767212,1.7240800857543943,1.8370567560195925,3.831493616104126,4.794027805328369,S1
A2-2,303,ood(0C),06-01-17_10.36 0degC_NN_Pan18650PF,13148,1.457082748413086,1.6377956867218018,1.2210693359375,1.135623574256897,3.2343292236328125,4.138133049011231,S1
A2-2,303,ood(0C),06-01-17_15.36 0degC_Cycle_3_Pan18650PF,5931,6.142489433288574,6.666529178619385,5.865081310272217,6.333767414093018,8.96208667755127,10.442801475524902,S1
A2-2,303,ood(0C),06-01-17_22.03 0degC_Cycle_4_Pan18650PF,7389,3.171359062194824,3.60702395439148,3.049534559249878,3.4705440998077397,4.093801021575928,5.349789142608643,S1
A2-2,303,ood(0C),06-02-17_04.58 0degC_US06_Pan18650PF,3344,6.671102523803711,7.358127117156982,6.200530529022217,6.769208908081055,8.390694618225098,9.86960220336914,S1
A2-2,303,ood(0C),06-02-17_10.43 0degC_HWFET_Pan18650PF,5670,7.212000370025635,7.225610733032227,6.990440368652344,6.951707363128662,9.013738632202148,10.129176139831545,S1
A2-2,303,ood(0C),06-02-17_17.14 0degC_UDDS_Pan18650PF,12540,3.190485954284668,3.647061109542847,2.9935877323150635,3.4213128089904785,4.677614212036133,5.951970100402832,S1
A2-2,303,ood(-10C),06-07-17_08.39 n10degC_HWFET_Pan18650PF,11951,3.4016926288604736,3.4063730239868164,2.381418228149414,2.1601786613464355,8.346379280090332,8.991700172424316,S1
A2-2,303,ood(-10C),06-07-17_08.39 n10degC_LA92_Pan18650PF,13765,3.662468671798706,4.015021324157715,2.644167900085449,2.6923141479492188,8.308347702026367,9.116007804870604,S1
A2-2,303,ood(-10C),06-07-17_08.39 n10degC_UDDS_Pan18650PF,17786,4.724403381347656,5.15641975402832,3.696313142776489,3.909268856048584,8.852611541748047,9.779930114746094,S1
A2-2,303,ood(-10C),06-07-17_08.39 n10degC_US06_Pan18650PF,9929,1.5720794200897217,1.724373459815979,1.2001672983169556,0.9605151414871216,4.790685653686523,5.222046852111816,S1
A2-2,303,ood(-10C),06-10-17_11.25 n10degC_Cycle_1_Pan18650PF,5706,6.60512638092041,7.085193634033203,6.451104164123535,6.95487117767334,8.205490112304688,8.80609130859375,S1
A2-2,303,ood(-10C),06-10-17_18.35 n10degC_Cycle_2_Pan18650PF,5654,12.16176986694336,12.737913131713867,12.135697364807127,12.695569038391112,13.866462707519531,15.258172988891602,S1
A2-2,303,ood(-10C),06-11-17_01.39 n10degC_Cycle_3_Pan18650PF,5368,12.64407730102539,13.180376052856444,12.542119026184082,13.06281280517578,16.49686050415039,17.460067749023438,S1
A2-2,303,ood(-10C),06-11-17_08.42 n10degC_Cycle_4_Pan18650PF,5791,5.355126857757568,5.867541313171387,4.935229301452637,5.407298564910889,8.565593719482422,9.646596908569336,S1
A2-2,303,ood(-10C),06-14-17_13.12 n10degC_NN_Pan18650PF,4939,11.515380859375,12.076422691345217,11.487773895263672,12.027095794677734,13.074525833129885,14.445636749267578,S1
A2-2,303,ood(-20C),06-23-17_23.35 n20degC_HWFET_Pan18650PF,11042,1.3390394449234009,1.3627057075500488,0.9279404282569884,0.8456193804740906,4.958640575408936,5.267092704772949,S1
A2-2,303,ood(-20C),06-23-17_23.35 n20degC_LA92_Pan18650PF,12521,1.699766755104065,2.0645077228546143,1.2532685995101929,1.4159234762191772,5.283014297485352,6.224239349365234,S1
A2-2,303,ood(-20C),06-23-17_23.35 n20degC_NN_Pan18650PF,11350,1.1017630100250244,1.0224791765213013,0.8814716339111328,0.5449318885803223,3.7301185131073,4.567048072814941,S1
A2-2,303,ood(-20C),06-23-17_23.35 n20degC_UDDS_Pan18650PF,15753,5.160928726196289,5.661054611206055,3.931597948074341,4.188003063201904,10.603472709655762,11.18704891204834,S1
A2-2,303,ood(-20C),06-24-17_04.29 n20degC_Cycle_1_Pan18650PF,4752,17.6080379486084,18.249574661254883,17.551179885864258,18.175315856933597,20.16110610961914,21.618549346923828,S1
A2-2,303,ood(-20C),06-24-17_11.58 n20degC_Cycle_2_Pan18650PF,4718,16.20331382751465,16.881723403930664,16.175241470336914,16.85171890258789,19.785266876220703,20.201473236083984,S1
A2-2,303,ood(-20C),06-24-17_19.29 n20degC_Cycle_3_Pan18650PF,4695,16.29913330078125,16.950855255126953,16.251310348510742,16.894351959228516,21.421072006225582,22.56483459472656,S1
A2-2,303,ood(-20C),06-25-17_03.01 n20degC_Cycle_4_Pan18650PF,4715,13.217724800109863,13.84388828277588,13.189414978027344,13.78029441833496,15.192038536071776,16.963809967041016,S1
A2-2,303,ood(-20C),06-25-17_10.31 n20degC_US06_Pan18650PF,2333,17.03714370727539,17.855785369873047,16.91422462463379,17.747961044311523,20.965356826782227,22.004919052124023,S1
A2-2,404,val(25C),03-21-17_00.29 25degC_UDDS_Pan18650PF,22119,1.5091198682785034,1.0116045475006104,1.4729361534118652,0.8841257095336914,2.8923842906951904,3.511304378509521,S1
A2-2,404,test_id(25C),03-18-17_02.17 25degC_Cycle_1_Pan18650PF,10655,0.5577367544174194,0.6868954300880432,0.4274957478046417,0.5556730628013611,2.85761833190918,2.2798988819122314,S1
A2-2,404,test_id(25C),03-19-17_03.25 25degC_Cycle_2_Pan18650PF,10819,0.7980073094367981,0.6758291721343994,0.6773711442947388,0.4659183323383331,3.8061656951904297,3.112917423248291,S1
A2-2,404,test_id(25C),03-19-17_09.07 25degC_Cycle_3_Pan18650PF,9936,0.5716968774795532,0.431305855512619,0.526796817779541,0.2984057962894439,1.0240869522094729,1.4980072975158691,S1
A2-2,404,test_id(25C),03-19-17_14.31 25degC_Cycle_4_Pan18650PF,11778,0.9032625555992126,0.6047754287719727,0.7918484807014465,0.4313134849071502,3.374241828918457,3.221656322479248,S1
A2-2,404,ood(10C),03-27-17_09.06 10degC_HWFET_Pan18650PF,10263,2.4030654430389404,2.72198748588562,1.952929139137268,2.212688446044922,8.288605690002441,7.461008071899414,S1
A2-2,404,ood(10C),03-27-17_09.06 10degC_LA92_Pan18650PF,15817,1.838112235069275,2.550889015197754,1.6532007455825806,2.282371759414673,3.1014151573181152,4.335287570953369,S1
A2-2,404,ood(10C),03-27-17_09.06 10degC_NN_Pan18650PF,13750,1.384708285331726,2.0462968349456787,1.2487564086914062,1.824521780014038,2.603825330734253,4.092820644378662,S1
A2-2,404,ood(10C),03-27-17_09.06 10degC_UDDS_Pan18650PF,24281,0.7483742237091064,1.4063054323196411,0.6570649743080139,1.3156883716583252,2.0992648601531982,3.1588430404663086,S1
A2-2,404,ood(10C),03-27-17_09.06 10degC_US06_Pan18650PF,3882,2.582253932952881,3.2588112354278564,2.507454872131348,3.213784456253052,3.63446307182312,4.8065948486328125,S1
A2-2,404,ood(10C),03-28-17_12.51 10degC_Cycle_1_Pan18650PF,9067,1.8653419017791748,2.7885661125183105,1.7895753383636477,2.7248923778533936,2.57422423362732,3.929318904876709,S1
A2-2,404,ood(10C),03-28-17_18.18 10degC_Cycle_2_Pan18650PF,7795,3.0697789192199707,3.935783624649048,3.0289480686187744,3.8978288173675537,4.284008502960205,5.5780229568481445,S1
A2-2,404,ood(10C),04-05-17_17.04 10degC_Cycle_3_Pan18650PF,9769,2.631728172302246,3.509920120239258,2.4990668296813965,3.3984975814819336,6.371574878692627,6.022674560546875,S1
A2-2,404,ood(10C),04-05-17_22.50 10degC_Cycle_4_Pan18650PF,9589,1.091448426246643,1.9454286098480225,1.0099141597747805,1.8084149360656736,1.8464959859848025,3.059067249298096,S1
A2-2,404,ood(0C),05-30-17_12.56 0degC_Cycle_1_Pan18650PF,8487,4.934931755065918,5.544169902801514,4.733814239501953,5.205607891082764,7.470005512237549,8.229022026062012,S1
A2-2,404,ood(0C),05-30-17_20.16 0degC_Cycle_2_Pan18650PF,8060,5.283172130584717,5.8954267501831055,4.996809482574463,5.418337345123291,9.116023063659668,10.322432518005373,S1
A2-2,404,ood(0C),06-01-17_10.36 0degC_LA92_Pan18650PF,15077,2.095378875732422,2.872013092041016,1.7240800857543943,2.419955015182495,3.831493616104126,5.393929481506348,S1
A2-2,404,ood(0C),06-01-17_10.36 0degC_NN_Pan18650PF,13148,1.457082748413086,2.099929094314575,1.2210693359375,1.7686269283294678,3.2343292236328125,4.945414066314697,S1
A2-2,404,ood(0C),06-01-17_15.36 0degC_Cycle_3_Pan18650PF,5931,6.142489433288574,7.078956127166748,5.865081310272217,6.777571678161621,8.96208667755127,10.2019681930542,S1
A2-2,404,ood(0C),06-01-17_22.03 0degC_Cycle_4_Pan18650PF,7389,3.171359062194824,4.242883682250977,3.049534559249878,4.14495849609375,4.093801021575928,5.418090343475342,S1
A2-2,404,ood(0C),06-02-17_04.58 0degC_US06_Pan18650PF,3344,6.671102523803711,7.574507713317871,6.200530529022217,7.015218257904053,8.390694618225098,9.696949005126951,S1
A2-2,404,ood(0C),06-02-17_10.43 0degC_HWFET_Pan18650PF,5670,7.212000370025635,8.224617004394531,6.990440368652344,7.997624397277832,9.013738632202148,10.311468124389648,S1
A2-2,404,ood(0C),06-02-17_17.14 0degC_UDDS_Pan18650PF,12540,3.190485954284668,4.300206661224365,2.9935877323150635,4.158381938934326,4.677614212036133,6.032485008239746,S1
A2-2,404,ood(-10C),06-07-17_08.39 n10degC_HWFET_Pan18650PF,11951,3.4016926288604736,4.184441089630127,2.381418228149414,3.0863428115844727,8.346379280090332,10.069684982299805,S1
A2-2,404,ood(-10C),06-07-17_08.39 n10degC_LA92_Pan18650PF,13765,3.662468671798706,4.4589715003967285,2.644167900085449,3.3707194328308105,8.308347702026367,9.960379600524902,S1
A2-2,404,ood(-10C),06-07-17_08.39 n10degC_UDDS_Pan18650PF,17786,4.724403381347656,5.674391746520996,3.696313142776489,4.606251239776611,8.852611541748047,10.653573989868164,S1
A2-2,404,ood(-10C),06-07-17_08.39 n10degC_US06_Pan18650PF,9929,1.5720794200897217,2.100969076156616,1.2001672983169556,1.6538432836532593,4.790685653686523,5.960106372833252,S1
A2-2,404,ood(-10C),06-10-17_11.25 n10degC_Cycle_1_Pan18650PF,5706,6.60512638092041,7.756661891937256,6.451104164123535,7.614187717437744,8.205490112304688,9.905863761901855,S1
A2-2,404,ood(-10C),06-10-17_18.35 n10degC_Cycle_2_Pan18650PF,5654,12.16176986694336,13.393680572509766,12.135697364807127,13.371987342834473,13.866462707519531,14.908567428588867,S1
A2-2,404,ood(-10C),06-11-17_01.39 n10degC_Cycle_3_Pan18650PF,5368,12.64407730102539,13.785926818847656,12.542119026184082,13.700020790100098,16.49686050415039,17.333097457885742,S1
A2-2,404,ood(-10C),06-11-17_08.42 n10degC_Cycle_4_Pan18650PF,5791,5.355126857757568,6.493510246276856,4.935229301452637,5.9676713943481445,8.565593719482422,10.413847923278809,S1
A2-2,404,ood(-10C),06-14-17_13.12 n10degC_NN_Pan18650PF,4939,11.515380859375,12.66930103302002,11.487773895263672,12.647075653076172,13.074525833129885,14.147327423095703,S1
A2-2,404,ood(-20C),06-23-17_23.35 n20degC_HWFET_Pan18650PF,11042,1.3390394449234009,2.106717586517334,0.9279404282569884,1.74278461933136,4.958640575408936,6.839292049407959,S1
A2-2,404,ood(-20C),06-23-17_23.35 n20degC_LA92_Pan18650PF,12521,1.699766755104065,2.5111238956451416,1.2532685995101929,2.0939478874206543,5.283014297485352,6.955052375793457,S1
A2-2,404,ood(-20C),06-23-17_23.35 n20degC_NN_Pan18650PF,11350,1.1017630100250244,1.5642324686050415,0.8814716339111328,1.1831986904144287,3.7301185131073,5.547048568725586,S1
A2-2,404,ood(-20C),06-23-17_23.35 n20degC_UDDS_Pan18650PF,15753,5.160928726196289,6.089272499084473,3.931597948074341,4.857500553131104,10.603472709655762,12.277458190917969,S1
A2-2,404,ood(-20C),06-24-17_04.29 n20degC_Cycle_1_Pan18650PF,4752,17.6080379486084,18.803546905517575,17.551179885864258,18.753984451293945,20.16110610961914,21.54889297485352,S1
A2-2,404,ood(-20C),06-24-17_11.58 n20degC_Cycle_2_Pan18650PF,4718,16.20331382751465,17.52998161315918,16.175241470336914,17.49732780456543,19.785266876220703,21.199594497680664,S1
A2-2,404,ood(-20C),06-24-17_19.29 n20degC_Cycle_3_Pan18650PF,4695,16.29913330078125,17.549814224243164,16.251310348510742,17.507854461669922,21.421072006225582,22.896055221557617,S1
A2-2,404,ood(-20C),06-25-17_03.01 n20degC_Cycle_4_Pan18650PF,4715,13.217724800109863,14.45356559753418,13.189414978027344,14.430845260620115,15.192038536071776,16.624000549316406,S1
A2-2,404,ood(-20C),06-25-17_10.31 n20degC_US06_Pan18650PF,2333,17.03714370727539,18.2973747253418,16.91422462463379,18.168920516967773,20.965356826782227,22.73259925842285,S1
A2-2,505,val(25C),03-21-17_00.29 25degC_UDDS_Pan18650PF,22119,1.5091198682785034,1.045256733894348,1.4729361534118652,0.9112149477005004,2.8923842906951904,3.4925456047058105,S1
A2-2,505,test_id(25C),03-18-17_02.17 25degC_Cycle_1_Pan18650PF,10655,0.5577367544174194,0.6900092363357544,0.4274957478046417,0.569081723690033,2.85761833190918,1.964362382888794,S1
A2-2,505,test_id(25C),03-19-17_03.25 25degC_Cycle_2_Pan18650PF,10819,0.7980073094367981,0.6877588033676147,0.6773711442947388,0.4776704013347626,3.8061656951904297,3.0783488750457764,S1
A2-2,505,test_id(25C),03-19-17_09.07 25degC_Cycle_3_Pan18650PF,9936,0.5716968774795532,0.4484457671642303,0.526796817779541,0.3049322366714477,1.0240869522094729,1.6381464004516602,S1
A2-2,505,test_id(25C),03-19-17_14.31 25degC_Cycle_4_Pan18650PF,11778,0.9032625555992126,0.6493596434593201,0.7918484807014465,0.4870660901069641,3.374241828918457,2.933135747909546,S1
A2-2,505,ood(10C),03-27-17_09.06 10degC_HWFET_Pan18650PF,10263,2.4030654430389404,2.6419894695281982,1.952929139137268,2.0285301208496094,8.288605690002441,7.758013725280762,S1
A2-2,505,ood(10C),03-27-17_09.06 10degC_LA92_Pan18650PF,15817,1.838112235069275,2.4996862411499023,1.6532007455825806,2.144901752471924,3.1014151573181152,4.161421775817871,S1
A2-2,505,ood(10C),03-27-17_09.06 10degC_NN_Pan18650PF,13750,1.384708285331726,1.9589574337005613,1.2487564086914062,1.658458232879639,2.603825330734253,3.787289619445801,S1
A2-2,505,ood(10C),03-27-17_09.06 10degC_UDDS_Pan18650PF,24281,0.7483742237091064,1.2526099681854248,0.6570649743080139,1.127850890159607,2.0992648601531982,3.0066516399383545,S1
A2-2,505,ood(10C),03-27-17_09.06 10degC_US06_Pan18650PF,3882,2.582253932952881,3.247737169265747,2.507454872131348,3.212433338165283,3.63446307182312,4.62391471862793,S1
A2-2,505,ood(10C),03-28-17_12.51 10degC_Cycle_1_Pan18650PF,9067,1.8653419017791748,2.667276382446289,1.7895753383636477,2.6173057556152344,2.57422423362732,3.792208671569824,S1
A2-2,505,ood(10C),03-28-17_18.18 10degC_Cycle_2_Pan18650PF,7795,3.0697789192199707,3.886838436126709,3.0289480686187744,3.856639623641968,4.284008502960205,5.279519081115723,S1
A2-2,505,ood(10C),04-05-17_17.04 10degC_Cycle_3_Pan18650PF,9769,2.631728172302246,3.429147481918335,2.4990668296813965,3.3083372116088867,6.371574878692627,5.877842903137207,S1
A2-2,505,ood(10C),04-05-17_22.50 10degC_Cycle_4_Pan18650PF,9589,1.091448426246643,1.8433036804199217,1.0099141597747805,1.732871413230896,1.8464959859848025,2.867074966430664,S1
A2-2,505,ood(0C),05-30-17_12.56 0degC_Cycle_1_Pan18650PF,8487,4.934931755065918,5.37661600112915,4.733814239501953,5.061124801635742,7.470005512237549,7.975831031799316,S1
A2-2,505,ood(0C),05-30-17_20.16 0degC_Cycle_2_Pan18650PF,8060,5.283172130584717,5.730359554290772,4.996809482574463,5.272441864013672,9.116023063659668,10.076617240905762,S1
A2-2,505,ood(0C),06-01-17_10.36 0degC_LA92_Pan18650PF,15077,2.095378875732422,2.707848310470581,1.7240800857543943,2.0606436729431152,3.831493616104126,5.132665634155273,S1
A2-2,505,ood(0C),06-01-17_10.36 0degC_NN_Pan18650PF,13148,1.457082748413086,1.932714343070984,1.2210693359375,1.3966333866119385,3.2343292236328125,4.565535545349121,S1
A2-2,505,ood(0C),06-01-17_15.36 0degC_Cycle_3_Pan18650PF,5931,6.142489433288574,6.973597049713135,5.865081310272217,6.661455631256104,8.96208667755127,10.121747970581056,S1
A2-2,505,ood(0C),06-01-17_22.03 0degC_Cycle_4_Pan18650PF,7389,3.171359062194824,4.04210901260376,3.049534559249878,3.929122924804688,4.093801021575928,5.167497158050537,S1
A2-2,505,ood(0C),06-02-17_04.58 0degC_US06_Pan18650PF,3344,6.671102523803711,7.50423002243042,6.200530529022217,6.953830718994141,8.390694618225098,9.547361373901367,S1
A2-2,505,ood(0C),06-02-17_10.43 0degC_HWFET_Pan18650PF,5670,7.212000370025635,8.000033378601074,6.990440368652344,7.773229598999023,9.013738632202148,10.030941009521484,S1
A2-2,505,ood(0C),06-02-17_17.14 0degC_UDDS_Pan18650PF,12540,3.190485954284668,4.062146186828613,2.9935877323150635,3.897263765335083,4.677614212036133,5.75891637802124,S1
A2-2,505,ood(-10C),06-07-17_08.39 n10degC_HWFET_Pan18650PF,11951,3.4016926288604736,3.9134280681610103,2.381418228149414,2.553788423538208,8.346379280090332,9.52385711669922,S1
A2-2,505,ood(-10C),06-07-17_08.39 n10degC_LA92_Pan18650PF,13765,3.662468671798706,4.247704029083252,2.644167900085449,2.922895669937134,8.308347702026367,9.906073570251465,S1
A2-2,505,ood(-10C),06-07-17_08.39 n10degC_UDDS_Pan18650PF,17786,4.724403381347656,5.421738624572754,3.696313142776489,4.171999454498291,8.852611541748047,10.46428680419922,S1
A2-2,505,ood(-10C),06-07-17_08.39 n10degC_US06_Pan18650PF,9929,1.5720794200897217,1.9635231494903564,1.2001672983169556,1.1877355575561523,4.790685653686523,6.05836296081543,S1
A2-2,505,ood(-10C),06-10-17_11.25 n10degC_Cycle_1_Pan18650PF,5706,6.60512638092041,7.535140037536621,6.451104164123535,7.39874267578125,8.205490112304688,9.39760398864746,S1
A2-2,505,ood(-10C),06-10-17_18.35 n10degC_Cycle_2_Pan18650PF,5654,12.16176986694336,13.126999855041504,12.135697364807127,13.099451065063477,13.866462707519531,15.223722457885742,S1
A2-2,505,ood(-10C),06-11-17_01.39 n10degC_Cycle_3_Pan18650PF,5368,12.64407730102539,13.57314682006836,12.542119026184082,13.471497535705566,16.49686050415039,17.661148071289062,S1
A2-2,505,ood(-10C),06-11-17_08.42 n10degC_Cycle_4_Pan18650PF,5791,5.355126857757568,6.245759963989258,4.935229301452637,5.760316848754883,8.565593719482422,10.127981185913086,S1
A2-2,505,ood(-10C),06-14-17_13.12 n10degC_NN_Pan18650PF,4939,11.515380859375,12.461417198181152,11.487773895263672,12.430656433105469,13.074525833129885,14.932672500610352,S1
A2-2,505,ood(-20C),06-23-17_23.35 n20degC_HWFET_Pan18650PF,11042,1.3390394449234009,1.7552577257156372,0.9279404282569884,1.1549757719039917,4.958640575408936,6.360085487365723,S1
A2-2,505,ood(-20C),06-23-17_23.35 n20degC_LA92_Pan18650PF,12521,1.699766755104065,2.274153232574463,1.2532685995101929,1.5901081562042236,5.283014297485352,7.145104885101318,S1
A2-2,505,ood(-20C),06-23-17_23.35 n20degC_NN_Pan18650PF,11350,1.1017630100250244,1.204438328742981,0.8814716339111328,0.647335410118103,3.7301185131073,5.932068824768066,S1
A2-2,505,ood(-20C),06-23-17_23.35 n20degC_UDDS_Pan18650PF,15753,5.160928726196289,5.87737512588501,3.931597948074341,4.37699556350708,10.603472709655762,11.988824844360352,S1
A2-2,505,ood(-20C),06-24-17_04.29 n20degC_Cycle_1_Pan18650PF,4752,17.6080379486084,18.61874771118164,17.551179885864258,18.561634063720703,20.16110610961914,21.18109130859375,S1
A2-2,505,ood(-20C),06-24-17_11.58 n20degC_Cycle_2_Pan18650PF,4718,16.20331382751465,17.20428466796875,16.175241470336914,17.1800479888916,19.785266876220703,20.875205993652344,S1
A2-2,505,ood(-20C),06-24-17_19.29 n20degC_Cycle_3_Pan18650PF,4695,16.29913330078125,17.297208786010742,16.251310348510742,17.252601623535156,21.421072006225582,22.12423324584961,S1
A2-2,505,ood(-20C),06-25-17_03.01 n20degC_Cycle_4_Pan18650PF,4715,13.217724800109863,14.233327865600586,13.189414978027344,14.203042030334473,15.192038536071776,17.02961540222168,S1
A2-2,505,ood(-20C),06-25-17_10.31 n20degC_US06_Pan18650PF,2333,17.03714370727539,18.009685516357422,16.91422462463379,17.90573501586914,20.965356826782227,22.517498016357425,S1
A2-2,606,val(25C),03-21-17_00.29 25degC_UDDS_Pan18650PF,22119,1.5091198682785034,1.0693401098251345,1.4729361534118652,0.9273347854614258,2.8923842906951904,3.622593402862549,S1
A2-2,606,test_id(25C),03-18-17_02.17 25degC_Cycle_1_Pan18650PF,10655,0.5577367544174194,0.6858762502670288,0.4274957478046417,0.5653678178787231,2.85761833190918,1.9991655349731443,S1
A2-2,606,test_id(25C),03-19-17_03.25 25degC_Cycle_2_Pan18650PF,10819,0.7980073094367981,0.6163211464881897,0.6773711442947388,0.422307014465332,3.8061656951904297,2.3532254695892334,S1
A2-2,606,test_id(25C),03-19-17_09.07 25degC_Cycle_3_Pan18650PF,9936,0.5716968774795532,0.4240662753582001,0.526796817779541,0.298904538154602,1.0240869522094729,1.4651470184326172,S1
A2-2,606,test_id(25C),03-19-17_14.31 25degC_Cycle_4_Pan18650PF,11778,0.9032625555992126,0.6173714995384216,0.7918484807014465,0.4616247713565826,3.374241828918457,3.2298388481140137,S1
A2-2,606,ood(10C),03-27-17_09.06 10degC_HWFET_Pan18650PF,10263,2.4030654430389404,2.588559150695801,1.952929139137268,2.097280979156494,8.288605690002441,5.898571014404297,S1
A2-2,606,ood(10C),03-27-17_09.06 10degC_LA92_Pan18650PF,15817,1.838112235069275,2.4991140365600586,1.6532007455825806,2.209364414215088,3.1014151573181152,4.105781555175781,S1
A2-2,606,ood(10C),03-27-17_09.06 10degC_NN_Pan18650PF,13750,1.384708285331726,1.9938194751739504,1.2487564086914062,1.7526851892471311,2.603825330734253,3.708173274993897,S1
A2-2,606,ood(10C),03-27-17_09.06 10degC_UDDS_Pan18650PF,24281,0.7483742237091064,1.313080906867981,0.6570649743080139,1.2215849161148071,2.0992648601531982,3.089298725128174,S1
A2-2,606,ood(10C),03-27-17_09.06 10degC_US06_Pan18650PF,3882,2.582253932952881,3.304014205932617,2.507454872131348,3.2719473838806152,3.63446307182312,4.644193172454834,S1
A2-2,606,ood(10C),03-28-17_12.51 10degC_Cycle_1_Pan18650PF,9067,1.8653419017791748,2.6855037212371826,1.7895753383636477,2.6453726291656494,2.57422423362732,3.7802329063415527,S1
A2-2,606,ood(10C),03-28-17_18.18 10degC_Cycle_2_Pan18650PF,7795,3.0697789192199707,3.922805786132813,3.0289480686187744,3.896695137023926,4.284008502960205,5.452675342559815,S1
A2-2,606,ood(10C),04-05-17_17.04 10degC_Cycle_3_Pan18650PF,9769,2.631728172302246,3.441066265106201,2.4990668296813965,3.328080892562866,6.371574878692627,5.813840866088867,S1
A2-2,606,ood(10C),04-05-17_22.50 10degC_Cycle_4_Pan18650PF,9589,1.091448426246643,1.9142754077911377,1.0099141597747805,1.8001035451889038,1.8464959859848025,3.014113187789917,S1
A2-2,606,ood(0C),05-30-17_12.56 0degC_Cycle_1_Pan18650PF,8487,4.934931755065918,5.462507724761963,4.733814239501953,5.081791400909424,7.470005512237549,8.29238224029541,S1
A2-2,606,ood(0C),05-30-17_20.16 0degC_Cycle_2_Pan18650PF,8060,5.283172130584717,5.852517127990723,4.996809482574463,5.386284828186035,9.116023063659668,10.339025497436523,S1
A2-2,606,ood(0C),06-01-17_10.36 0degC_LA92_Pan18650PF,15077,2.095378875732422,2.7918508052825928,1.7240800857543943,2.284844398498535,3.831493616104126,4.889791965484619,S1
A2-2,606,ood(0C),06-01-17_10.36 0degC_NN_Pan18650PF,13148,1.457082748413086,2.020688533782959,1.2210693359375,1.634097456932068,3.2343292236328125,4.2905683517456055,S1
A2-2,606,ood(0C),06-01-17_15.36 0degC_Cycle_3_Pan18650PF,5931,6.142489433288574,7.099314212799072,5.865081310272217,6.754217624664307,8.96208667755127,10.718873023986816,S1
A2-2,606,ood(0C),06-01-17_22.03 0degC_Cycle_4_Pan18650PF,7389,3.171359062194824,4.115051746368408,3.049534559249878,3.980952024459839,4.093801021575928,5.343924045562744,S1
A2-2,606,ood(0C),06-02-17_04.58 0degC_US06_Pan18650PF,3344,6.671102523803711,7.533357620239258,6.200530529022217,6.9611921310424805,8.390694618225098,10.0762939453125,S1
A2-2,606,ood(0C),06-02-17_10.43 0degC_HWFET_Pan18650PF,5670,7.212000370025635,8.092669486999512,6.990440368652344,7.830789566040039,9.013738632202148,10.278196334838867,S1
A2-2,606,ood(0C),06-02-17_17.14 0degC_UDDS_Pan18650PF,12540,3.190485954284668,4.221136093139648,2.9935877323150635,4.020576477050781,4.677614212036133,5.967482089996338,S1
A2-2,606,ood(-10C),06-07-17_08.39 n10degC_HWFET_Pan18650PF,11951,3.4016926288604736,3.9887290000915527,2.381418228149414,2.898211717605591,8.346379280090332,9.334092140197754,S1
A2-2,606,ood(-10C),06-07-17_08.39 n10degC_LA92_Pan18650PF,13765,3.662468671798706,4.32559871673584,2.644167900085449,3.2436466217041016,8.308347702026367,9.753780364990234,S1
A2-2,606,ood(-10C),06-07-17_08.39 n10degC_UDDS_Pan18650PF,17786,4.724403381347656,5.555306911468506,3.696313142776489,4.485641479492188,8.852611541748047,10.3834228515625,S1
A2-2,606,ood(-10C),06-07-17_08.39 n10degC_US06_Pan18650PF,9929,1.5720794200897217,2.0162525177001958,1.2001672983169556,1.5321801900863647,4.790685653686523,5.6311798095703125,S1
A2-2,606,ood(-10C),06-10-17_11.25 n10degC_Cycle_1_Pan18650PF,5706,6.60512638092041,7.611403942108154,6.451104164123535,7.4922194480896,8.205490112304688,9.219478607177734,S1
A2-2,606,ood(-10C),06-10-17_18.35 n10degC_Cycle_2_Pan18650PF,5654,12.16176986694336,13.214688301086426,12.135697364807127,13.18569278717041,13.866462707519531,15.07140827178955,S1
A2-2,606,ood(-10C),06-11-17_01.39 n10degC_Cycle_3_Pan18650PF,5368,12.64407730102539,13.689215660095217,12.542119026184082,13.588006019592283,16.49686050415039,17.59795570373535,S1
A2-2,606,ood(-10C),06-11-17_08.42 n10degC_Cycle_4_Pan18650PF,5791,5.355126857757568,6.327586650848389,4.935229301452637,5.868045330047607,8.565593719482422,10.336766242980955,S1
A2-2,606,ood(-10C),06-14-17_13.12 n10degC_NN_Pan18650PF,4939,11.515380859375,12.53301239013672,11.487773895263672,12.497344017028809,13.074525833129885,14.33515739440918,S1
A2-2,606,ood(-20C),06-23-17_23.35 n20degC_HWFET_Pan18650PF,11042,1.3390394449234009,1.8634724617004397,0.9279404282569884,1.5508794784545898,4.958640575408936,6.453732967376709,S1
A2-2,606,ood(-20C),06-23-17_23.35 n20degC_LA92_Pan18650PF,12521,1.699766755104065,2.4199695587158203,1.2532685995101929,1.997575521469116,5.283014297485352,6.735926151275635,S1
A2-2,606,ood(-20C),06-23-17_23.35 n20degC_NN_Pan18650PF,11350,1.1017630100250244,1.3815892934799194,0.8814716339111328,1.042584776878357,3.7301185131073,5.053622245788574,S1
A2-2,606,ood(-20C),06-23-17_23.35 n20degC_UDDS_Pan18650PF,15753,5.160928726196289,6.005030155181885,3.931597948074341,4.747859477996826,10.603472709655762,11.925819396972656,S1
A2-2,606,ood(-20C),06-24-17_04.29 n20degC_Cycle_1_Pan18650PF,4752,17.6080379486084,18.630563735961918,17.551179885864258,18.567951202392575,20.16110610961914,21.667524337768555,S1
A2-2,606,ood(-20C),06-24-17_11.58 n20degC_Cycle_2_Pan18650PF,4718,16.20331382751465,17.238231658935547,16.175241470336914,17.209341049194336,19.785266876220703,20.61118507385254,S1
A2-2,606,ood(-20C),06-24-17_19.29 n20degC_Cycle_3_Pan18650PF,4695,16.29913330078125,17.283767700195312,16.251310348510742,17.244102478027344,21.421072006225582,22.511343002319336,S1
A2-2,606,ood(-20C),06-25-17_03.01 n20degC_Cycle_4_Pan18650PF,4715,13.217724800109863,14.319963455200195,13.189414978027344,14.27635669708252,15.192038536071776,17.176345825195312,S1
A2-2,606,ood(-20C),06-25-17_10.31 n20degC_US06_Pan18650PF,2333,17.03714370727539,18.08047103881836,16.91422462463379,17.975500106811523,20.965356826782227,22.55450820922852,S1
A2-2,707,val(25C),03-21-17_00.29 25degC_UDDS_Pan18650PF,22119,1.5091198682785034,1.0452287197113037,1.4729361534118652,0.92129784822464,2.8923842906951904,3.505051851272583,S1
A2-2,707,test_id(25C),03-18-17_02.17 25degC_Cycle_1_Pan18650PF,10655,0.5577367544174194,0.6904482841491699,0.4274957478046417,0.5561344027519226,2.85761833190918,2.2083890438079834,S1
A2-2,707,test_id(25C),03-19-17_03.25 25degC_Cycle_2_Pan18650PF,10819,0.7980073094367981,0.6480203866958618,0.6773711442947388,0.4670220911502838,3.8061656951904297,2.054102897644043,S1
A2-2,707,test_id(25C),03-19-17_09.07 25degC_Cycle_3_Pan18650PF,9936,0.5716968774795532,0.4139548242092132,0.526796817779541,0.2878405749797821,1.0240869522094729,1.455732822418213,S1
A2-2,707,test_id(25C),03-19-17_14.31 25degC_Cycle_4_Pan18650PF,11778,0.9032625555992126,0.6287176609039307,0.7918484807014465,0.4709837436676025,3.374241828918457,3.073364734649658,S1
A2-2,707,ood(10C),03-27-17_09.06 10degC_HWFET_Pan18650PF,10263,2.4030654430389404,2.499962329864502,1.952929139137268,2.0732533931732178,8.288605690002441,6.768871307373047,S1
A2-2,707,ood(10C),03-27-17_09.06 10degC_LA92_Pan18650PF,15817,1.838112235069275,2.5240957736968994,1.6532007455825806,2.2834062576293945,3.1014151573181152,4.15669584274292,S1
A2-2,707,ood(10C),03-27-17_09.06 10degC_NN_Pan18650PF,13750,1.384708285331726,2.015953779220581,1.2487564086914062,1.8288354873657229,2.603825330734253,3.5531439781188965,S1
A2-2,707,ood(10C),03-27-17_09.06 10degC_UDDS_Pan18650PF,24281,0.7483742237091064,1.375213861465454,0.6570649743080139,1.304310917854309,2.0992648601531982,3.0437488555908203,S1
A2-2,707,ood(10C),03-27-17_09.06 10degC_US06_Pan18650PF,3882,2.582253932952881,3.253415107727051,2.507454872131348,3.225705146789551,3.63446307182312,4.453824043273926,S1
A2-2,707,ood(10C),03-28-17_12.51 10degC_Cycle_1_Pan18650PF,9067,1.8653419017791748,2.7058651447296143,1.7895753383636477,2.6599252223968506,2.57422423362732,3.645981788635254,S1
A2-2,707,ood(10C),03-28-17_18.18 10degC_Cycle_2_Pan18650PF,7795,3.0697789192199707,3.9195261001586914,3.0289480686187744,3.8904099464416495,4.284008502960205,5.63795280456543,S1
A2-2,707,ood(10C),04-05-17_17.04 10degC_Cycle_3_Pan18650PF,9769,2.631728172302246,3.464826822280884,2.4990668296813965,3.3379902839660645,6.371574878692627,5.7237229347229,S1
A2-2,707,ood(10C),04-05-17_22.50 10degC_Cycle_4_Pan18650PF,9589,1.091448426246643,1.9049968719482424,1.0099141597747805,1.76609468460083,1.8464959859848025,3.0795321464538574,S1
A2-2,707,ood(0C),05-30-17_12.56 0degC_Cycle_1_Pan18650PF,8487,4.934931755065918,5.5121660232543945,4.733814239501953,5.085685253143311,7.470005512237549,8.523782730102539,S1
A2-2,707,ood(0C),05-30-17_20.16 0degC_Cycle_2_Pan18650PF,8060,5.283172130584717,5.8638763427734375,4.996809482574463,5.3144612312316895,9.116023063659668,10.605015754699709,S1
A2-2,707,ood(0C),06-01-17_10.36 0degC_LA92_Pan18650PF,15077,2.095378875732422,2.872483730316162,1.7240800857543943,2.463789939880371,3.831493616104126,5.0086846351623535,S1
A2-2,707,ood(0C),06-01-17_10.36 0degC_NN_Pan18650PF,13148,1.457082748413086,2.123051404953003,1.2210693359375,1.835634708404541,3.2343292236328125,4.124392509460449,S1
A2-2,707,ood(0C),06-01-17_15.36 0degC_Cycle_3_Pan18650PF,5931,6.142489433288574,7.135808944702148,5.865081310272217,6.778957366943359,8.96208667755127,10.293033599853516,S1
A2-2,707,ood(0C),06-01-17_22.03 0degC_Cycle_4_Pan18650PF,7389,3.171359062194824,4.199410438537598,3.049534559249878,4.074434757232666,4.093801021575928,5.555816173553467,S1
A2-2,707,ood(0C),06-02-17_04.58 0degC_US06_Pan18650PF,3344,6.671102523803711,7.517539024353027,6.200530529022217,6.912431716918945,8.390694618225098,9.783038139343262,S1
A2-2,707,ood(0C),06-02-17_10.43 0degC_HWFET_Pan18650PF,5670,7.212000370025635,8.024859428405762,6.990440368652344,7.75444221496582,9.013738632202148,10.425827980041504,S1
A2-2,707,ood(0C),06-02-17_17.14 0degC_UDDS_Pan18650PF,12540,3.190485954284668,4.350180625915527,2.9935877323150635,4.142379760742188,4.677614212036133,6.1571125984191895,S1
A2-2,707,ood(-10C),06-07-17_08.39 n10degC_HWFET_Pan18650PF,11951,3.4016926288604736,4.156384468078613,2.381418228149414,3.2079062461853027,8.346379280090332,9.567442893981934,S1
A2-2,707,ood(-10C),06-07-17_08.39 n10degC_LA92_Pan18650PF,13765,3.662468671798706,4.446078300476074,2.644167900085449,3.507086038589477,8.308347702026367,9.613829612731934,S1
A2-2,707,ood(-10C),06-07-17_08.39 n10degC_UDDS_Pan18650PF,17786,4.724403381347656,5.692442893981934,3.696313142776489,4.735435485839844,8.852611541748047,10.215996742248535,S1
A2-2,707,ood(-10C),06-07-17_08.39 n10degC_US06_Pan18650PF,9929,1.5720794200897217,2.1551332473754883,1.2001672983169556,1.806526780128479,4.790685653686523,5.402867317199707,S1
A2-2,707,ood(-10C),06-10-17_11.25 n10degC_Cycle_1_Pan18650PF,5706,6.60512638092041,7.768496036529541,6.451104164123535,7.664414882659912,8.205490112304688,9.348371505737305,S1
A2-2,707,ood(-10C),06-10-17_18.35 n10degC_Cycle_2_Pan18650PF,5654,12.16176986694336,13.324332237243652,12.135697364807127,13.293726921081545,13.866462707519531,15.160621643066406,S1
A2-2,707,ood(-10C),06-11-17_01.39 n10degC_Cycle_3_Pan18650PF,5368,12.64407730102539,13.766338348388672,12.542119026184082,13.65835189819336,16.49686050415039,17.846309661865234,S1
A2-2,707,ood(-10C),06-11-17_08.42 n10degC_Cycle_4_Pan18650PF,5791,5.355126857757568,6.408714294433594,4.935229301452637,5.9811320304870605,8.565593719482422,9.662522315979004,S1
A2-2,707,ood(-10C),06-14-17_13.12 n10degC_NN_Pan18650PF,4939,11.515380859375,12.637683868408203,11.487773895263672,12.597525596618652,13.074525833129885,14.63442611694336,S1
A2-2,707,ood(-20C),06-23-17_23.35 n20degC_HWFET_Pan18650PF,11042,1.3390394449234009,2.2126150131225586,0.9279404282569884,1.947140097618103,4.958640575408936,6.055386066436768,S1
A2-2,707,ood(-20C),06-23-17_23.35 n20degC_LA92_Pan18650PF,12521,1.699766755104065,2.6382358074188232,1.2532685995101929,2.3158397674560547,5.283014297485352,6.43332576751709,S1
A2-2,707,ood(-20C),06-23-17_23.35 n20degC_NN_Pan18650PF,11350,1.1017630100250244,1.645829200744629,0.8814716339111328,1.3712080717086792,3.7301185131073,5.09300422668457,S1
A2-2,707,ood(-20C),06-23-17_23.35 n20degC_UDDS_Pan18650PF,15753,5.160928726196289,6.189274311065674,3.931597948074341,5.064098834991455,10.603472709655762,11.572479248046877,S1
A2-2,707,ood(-20C),06-24-17_04.29 n20degC_Cycle_1_Pan18650PF,4752,17.6080379486084,18.79215431213379,17.551179885864258,18.731149673461918,20.16110610961914,21.90679359436035,S1
A2-2,707,ood(-20C),06-24-17_11.58 n20degC_Cycle_2_Pan18650PF,4718,16.20331382751465,17.374839782714844,16.175241470336914,17.344207763671875,19.785266876220703,20.64294815063477,S1
A2-2,707,ood(-20C),06-24-17_19.29 n20degC_Cycle_3_Pan18650PF,4695,16.29913330078125,17.451034545898438,16.251310348510742,17.411474227905273,21.421072006225582,22.52519989013672,S1
A2-2,707,ood(-20C),06-25-17_03.01 n20degC_Cycle_4_Pan18650PF,4715,13.217724800109863,14.4782075881958,13.189414978027344,14.43563461303711,15.192038536071776,17.222652435302734,S1
A2-2,707,ood(-20C),06-25-17_10.31 n20degC_US06_Pan18650PF,2333,17.03714370727539,18.061412811279297,16.91422462463379,17.964509963989258,20.965356826782227,21.82078742980957,S1
A2-3,7,val(25C),03-21-17_00.29 25degC_UDDS_Pan18650PF,22119,1.5091198682785034,1.168786644935608,1.4729361534118652,1.0209347009658811,2.8923842906951904,3.587607383728028,S1
A2-3,7,test_id(25C),03-18-17_02.17 25degC_Cycle_1_Pan18650PF,10655,0.5577367544174194,0.6452614665031433,0.4274957478046417,0.5309023857116699,2.85761833190918,1.617929220199585,S1
A2-3,7,test_id(25C),03-19-17_03.25 25degC_Cycle_2_Pan18650PF,10819,0.7980073094367981,0.691045343875885,0.6773711442947388,0.4872762858867645,3.8061656951904297,2.664771318435669,S1
A2-3,7,test_id(25C),03-19-17_09.07 25degC_Cycle_3_Pan18650PF,9936,0.5716968774795532,0.4495547711849212,0.526796817779541,0.3076712191104889,1.0240869522094729,1.7743680477142334,S1
A2-3,7,test_id(25C),03-19-17_14.31 25degC_Cycle_4_Pan18650PF,11778,0.9032625555992126,0.6948441863059998,0.7918484807014465,0.499921590089798,3.374241828918457,4.030430793762207,S1
A2-3,7,ood(10C),03-27-17_09.06 10degC_HWFET_Pan18650PF,10263,2.4030654430389404,2.084038496017456,1.952929139137268,1.642333984375,8.288605690002441,5.861538887023926,S1
A2-3,7,ood(10C),03-27-17_09.06 10degC_LA92_Pan18650PF,15817,1.838112235069275,2.268988609313965,1.6532007455825806,1.992048263549805,3.1014151573181152,4.027237892150879,S1
A2-3,7,ood(10C),03-27-17_09.06 10degC_NN_Pan18650PF,13750,1.384708285331726,1.7616708278656006,1.2487564086914062,1.535921931266785,2.603825330734253,3.540062427520752,S1
A2-3,7,ood(10C),03-27-17_09.06 10degC_UDDS_Pan18650PF,24281,0.7483742237091064,1.063130497932434,0.6570649743080139,0.9743507504463196,2.0992648601531982,3.1598381996154785,S1
A2-3,7,ood(10C),03-27-17_09.06 10degC_US06_Pan18650PF,3882,2.582253932952881,2.998605489730835,2.507454872131348,2.9631552696228027,3.63446307182312,4.339061737060547,S1
A2-3,7,ood(10C),03-28-17_12.51 10degC_Cycle_1_Pan18650PF,9067,1.8653419017791748,2.4069294929504395,1.7895753383636477,2.328871726989746,2.57422423362732,3.406797170639038,S1
A2-3,7,ood(10C),03-28-17_18.18 10degC_Cycle_2_Pan18650PF,7795,3.0697789192199707,3.5443718433380127,3.0289480686187744,3.488579273223877,4.284008502960205,5.270627021789551,S1
A2-3,7,ood(10C),04-05-17_17.04 10degC_Cycle_3_Pan18650PF,9769,2.631728172302246,3.1731200218200684,2.4990668296813965,3.0481364727020264,6.371574878692627,5.255414009094238,S1
A2-3,7,ood(10C),04-05-17_22.50 10degC_Cycle_4_Pan18650PF,9589,1.091448426246643,1.6249144077301023,1.0099141597747805,1.4789890050888062,1.8464959859848025,2.7975521087646484,S1
A2-3,7,ood(0C),05-30-17_12.56 0degC_Cycle_1_Pan18650PF,8487,4.934931755065918,4.996205806732178,4.733814239501953,4.496496677398682,7.470005512237549,7.935905456542969,S1
A2-3,7,ood(0C),05-30-17_20.16 0degC_Cycle_2_Pan18650PF,8060,5.283172130584717,5.391168117523193,4.996809482574463,4.862730503082275,9.116023063659668,10.011332511901855,S1
A2-3,7,ood(0C),06-01-17_10.36 0degC_LA92_Pan18650PF,15077,2.095378875732422,2.48913836479187,1.7240800857543943,2.0173351764678955,3.831493616104126,4.575078010559082,S1
A2-3,7,ood(0C),06-01-17_10.36 0degC_NN_Pan18650PF,13148,1.457082748413086,1.721859574317932,1.2210693359375,1.3795784711837769,3.2343292236328125,4.0104804039001465,S1
A2-3,7,ood(0C),06-01-17_15.36 0degC_Cycle_3_Pan18650PF,5931,6.142489433288574,6.634161472320557,5.865081310272217,6.260232448577881,8.96208667755127,9.833410263061523,S1
A2-3,7,ood(0C),06-01-17_22.03 0degC_Cycle_4_Pan18650PF,7389,3.171359062194824,3.698359251022339,3.049534559249878,3.565112590789795,4.093801021575928,5.118504524230957,S1
A2-3,7,ood(0C),06-02-17_04.58 0degC_US06_Pan18650PF,3344,6.671102523803711,7.048738956451416,6.200530529022217,6.478352069854736,8.390694618225098,9.373682022094728,S1
A2-3,7,ood(0C),06-02-17_10.43 0degC_HWFET_Pan18650PF,5670,7.212000370025635,7.122715473175049,6.990440368652344,6.832682132720947,9.013738632202148,9.91502285003662,S1
A2-3,7,ood(0C),06-02-17_17.14 0degC_UDDS_Pan18650PF,12540,3.190485954284668,3.8661305904388423,2.9935877323150635,3.672623634338379,4.677614212036133,5.711814880371094,S1
A2-3,7,ood(-10C),06-07-17_08.39 n10degC_HWFET_Pan18650PF,11951,3.4016926288604736,3.525818347930908,2.381418228149414,2.4642319679260254,8.346379280090332,8.857464790344238,S1
A2-3,7,ood(-10C),06-07-17_08.39 n10degC_LA92_Pan18650PF,13765,3.662468671798706,3.97495698928833,2.644167900085449,2.876772403717041,8.308347702026367,8.980246543884277,S1
A2-3,7,ood(-10C),06-07-17_08.39 n10degC_UDDS_Pan18650PF,17786,4.724403381347656,5.169093608856201,3.696313142776489,4.090165615081787,8.852611541748047,9.603633880615234,S1
A2-3,7,ood(-10C),06-07-17_08.39 n10degC_US06_Pan18650PF,9929,1.5720794200897217,1.6157855987548828,1.2001672983169556,1.1841880083084106,4.790685653686523,4.875749588012695,S1
A2-3,7,ood(-10C),06-10-17_11.25 n10degC_Cycle_1_Pan18650PF,5706,6.60512638092041,7.067691802978516,6.451104164123535,6.943135738372803,8.205490112304688,8.744107246398926,S1
A2-3,7,ood(-10C),06-10-17_18.35 n10degC_Cycle_2_Pan18650PF,5654,12.16176986694336,12.69550609588623,12.135697364807127,12.666380882263184,13.866462707519531,14.523258209228516,S1
A2-3,7,ood(-10C),06-11-17_01.39 n10degC_Cycle_3_Pan18650PF,5368,12.64407730102539,13.083244323730469,12.542119026184082,12.966951370239258,16.49686050415039,17.266172409057617,S1
A2-3,7,ood(-10C),06-11-17_08.42 n10degC_Cycle_4_Pan18650PF,5791,5.355126857757568,5.804959774017334,4.935229301452637,5.354032516479492,8.565593719482422,9.01382064819336,S1
A2-3,7,ood(-10C),06-14-17_13.12 n10degC_NN_Pan18650PF,4939,11.515380859375,11.995092391967772,11.487773895263672,11.950977325439451,13.074525833129885,13.798476219177246,S1
A2-3,7,ood(-20C),06-23-17_23.35 n20degC_HWFET_Pan18650PF,11042,1.3390394449234009,1.4831310510635376,0.9279404282569884,1.0714800357818604,4.958640575408936,5.471117973327637,S1
A2-3,7,ood(-20C),06-23-17_23.35 n20degC_LA92_Pan18650PF,12521,1.699766755104065,1.954684019088745,1.2532685995101929,1.492824912071228,5.283014297485352,5.855581760406494,S1
A2-3,7,ood(-20C),06-23-17_23.35 n20degC_NN_Pan18650PF,11350,1.1017630100250244,1.1345329284667969,0.8814716339111328,0.8028063178062439,3.7301185131073,4.487306118011475,S1
A2-3,7,ood(-20C),06-23-17_23.35 n20degC_UDDS_Pan18650PF,15753,5.160928726196289,5.508552074432373,3.931597948074341,4.225666046142578,10.603472709655762,10.952747344970703,S1
A2-3,7,ood(-20C),06-24-17_04.29 n20degC_Cycle_1_Pan18650PF,4752,17.6080379486084,17.884071350097656,17.551179885864258,17.814281463623047,20.16110610961914,20.8189640045166,S1
A2-3,7,ood(-20C),06-24-17_11.58 n20degC_Cycle_2_Pan18650PF,4718,16.20331382751465,16.466257095336914,16.175241470336914,16.431432723999023,19.785266876220703,19.333749771118164,S1
A2-3,7,ood(-20C),06-24-17_19.29 n20degC_Cycle_3_Pan18650PF,4695,16.29913330078125,16.628522872924805,16.251310348510742,16.58224105834961,21.421072006225582,21.974702835083008,S1
A2-3,7,ood(-20C),06-25-17_03.01 n20degC_Cycle_4_Pan18650PF,4715,13.217724800109863,13.62557601928711,13.189414978027344,13.57888126373291,15.192038536071776,15.93955135345459,S1
A2-3,7,ood(-20C),06-25-17_10.31 n20degC_US06_Pan18650PF,2333,17.03714370727539,17.345069885253906,16.91422462463379,17.235382080078125,20.965356826782227,21.456722259521484,S1
A2-3,13,val(25C),03-21-17_00.29 25degC_UDDS_Pan18650PF,22119,1.5091198682785034,1.062834858894348,1.4729361534118652,0.9262471199035645,2.8923842906951904,3.5177743434906006,S1
A2-3,13,test_id(25C),03-18-17_02.17 25degC_Cycle_1_Pan18650PF,10655,0.5577367544174194,0.7123026251792908,0.4274957478046417,0.5905514359474182,2.85761833190918,2.1456143856048584,S1
A2-3,13,test_id(25C),03-19-17_03.25 25degC_Cycle_2_Pan18650PF,10819,0.7980073094367981,0.6271939873695374,0.6773711442947388,0.4345490932464599,3.8061656951904297,2.9405174255371094,S1
A2-3,13,test_id(25C),03-19-17_09.07 25degC_Cycle_3_Pan18650PF,9936,0.5716968774795532,0.4177084565162658,0.526796817779541,0.3047266602516174,1.0240869522094729,1.451453447341919,S1
A2-3,13,test_id(25C),03-19-17_14.31 25degC_Cycle_4_Pan18650PF,11778,0.9032625555992126,0.6944693326950073,0.7918484807014465,0.5145888924598694,3.374241828918457,3.2260777950286865,S1
A2-3,13,ood(10C),03-27-17_09.06 10degC_HWFET_Pan18650PF,10263,2.4030654430389404,2.6999099254608154,1.952929139137268,2.102999210357666,8.288605690002441,5.895637035369873,S1
A2-3,13,ood(10C),03-27-17_09.06 10degC_LA92_Pan18650PF,15817,1.838112235069275,2.5085909366607666,1.6532007455825806,2.168631076812744,3.1014151573181152,4.011127948760986,S1
A2-3,13,ood(10C),03-27-17_09.06 10degC_NN_Pan18650PF,13750,1.384708285331726,2.0170040130615234,1.2487564086914062,1.720994234085083,2.603825330734253,3.626431465148926,S1
A2-3,13,ood(10C),03-27-17_09.06 10degC_UDDS_Pan18650PF,24281,0.7483742237091064,1.3663203716278076,0.6570649743080139,1.235360860824585,2.0992648601531982,3.3082237243652344,S1
A2-3,13,ood(10C),03-27-17_09.06 10degC_US06_Pan18650PF,3882,2.582253932952881,3.2039411067962646,2.507454872131348,3.169907331466675,3.63446307182312,4.395111560821533,S1
A2-3,13,ood(10C),03-28-17_12.51 10degC_Cycle_1_Pan18650PF,9067,1.8653419017791748,2.7334556579589844,1.7895753383636477,2.6867692470550537,2.57422423362732,3.591725349426269,S1
A2-3,13,ood(10C),03-28-17_18.18 10degC_Cycle_2_Pan18650PF,7795,3.0697789192199707,3.9396350383758554,3.0289480686187744,3.9141247272491455,4.284008502960205,5.422990798950195,S1
A2-3,13,ood(10C),04-05-17_17.04 10degC_Cycle_3_Pan18650PF,9769,2.631728172302246,3.460860252380371,2.4990668296813965,3.359079122543335,6.371574878692627,5.615369319915772,S1
A2-3,13,ood(10C),04-05-17_22.50 10degC_Cycle_4_Pan18650PF,9589,1.091448426246643,1.9346216917037964,1.0099141597747805,1.829952836036682,1.8464959859848025,2.8568809032440186,S1
A2-3,13,ood(0C),05-30-17_12.56 0degC_Cycle_1_Pan18650PF,8487,4.934931755065918,5.315085411071777,4.733814239501953,4.7903361320495605,7.470005512237549,8.196434020996094,S1
A2-3,13,ood(0C),05-30-17_20.16 0degC_Cycle_2_Pan18650PF,8060,5.283172130584717,5.732861042022705,4.996809482574463,5.167116165161133,9.116023063659668,10.340267181396484,S1
A2-3,13,ood(0C),06-01-17_10.36 0degC_LA92_Pan18650PF,15077,2.095378875732422,2.7111096382141118,1.7240800857543943,2.122212171554565,3.831493616104126,4.704951286315918,S1
A2-3,13,ood(0C),06-01-17_10.36 0degC_NN_Pan18650PF,13148,1.457082748413086,1.956615209579468,1.2210693359375,1.4776065349578855,3.2343292236328125,4.1829023361206055,S1
A2-3,13,ood(0C),06-01-17_15.36 0degC_Cycle_3_Pan18650PF,5931,6.142489433288574,7.054130554199219,5.865081310272217,6.743088722229004,8.96208667755127,10.22499656677246,S1
A2-3,13,ood(0C),06-01-17_22.03 0degC_Cycle_4_Pan18650PF,7389,3.171359062194824,4.10178279876709,3.049534559249878,3.985443830490112,4.093801021575928,5.225684642791748,S1
A2-3,13,ood(0C),06-02-17_04.58 0degC_US06_Pan18650PF,3344,6.671102523803711,7.454536914825439,6.200530529022217,6.880326747894287,8.390694618225098,9.724075317382812,S1
A2-3,13,ood(0C),06-02-17_10.43 0degC_HWFET_Pan18650PF,5670,7.212000370025635,8.113335609436035,6.990440368652344,7.853034019470215,9.013738632202148,10.243748664855955,S1
A2-3,13,ood(0C),06-02-17_17.14 0degC_UDDS_Pan18650PF,12540,3.190485954284668,4.163980007171631,2.9935877323150635,3.993314504623413,4.677614212036133,5.80687141418457,S1
A2-3,13,ood(-10C),06-07-17_08.39 n10degC_HWFET_Pan18650PF,11951,3.4016926288604736,3.9499716758728023,2.381418228149414,2.705118179321289,8.346379280090332,9.258707046508787,S1
A2-3,13,ood(-10C),06-07-17_08.39 n10degC_LA92_Pan18650PF,13765,3.662468671798706,4.225085258483887,2.644167900085449,3.023892879486084,8.308347702026367,9.550960540771484,S1
A2-3,13,ood(-10C),06-07-17_08.39 n10degC_UDDS_Pan18650PF,17786,4.724403381347656,5.46412467956543,3.696313142776489,4.292326927185059,8.852611541748047,10.04210376739502,S1
A2-3,13,ood(-10C),06-07-17_08.39 n10degC_US06_Pan18650PF,9929,1.5720794200897217,1.8407928943634035,1.2001672983169556,1.2597507238388062,4.790685653686523,5.1622185707092285,S1
A2-3,13,ood(-10C),06-10-17_11.25 n10degC_Cycle_1_Pan18650PF,5706,6.60512638092041,7.5437397956848145,6.451104164123535,7.418071269989014,8.205490112304688,9.226746559143066,S1
A2-3,13,ood(-10C),06-10-17_18.35 n10degC_Cycle_2_Pan18650PF,5654,12.16176986694336,13.15198040008545,12.135697364807127,13.126360893249512,13.866462707519531,14.994253158569336,S1
A2-3,13,ood(-10C),06-11-17_01.39 n10degC_Cycle_3_Pan18650PF,5368,12.64407730102539,13.617198944091797,12.542119026184082,13.516217231750488,16.49686050415039,17.88429832458496,S1
A2-3,13,ood(-10C),06-11-17_08.42 n10degC_Cycle_4_Pan18650PF,5791,5.355126857757568,6.2240800857543945,4.935229301452637,5.761902332305908,8.565593719482422,9.585076332092283,S1
A2-3,13,ood(-10C),06-14-17_13.12 n10degC_NN_Pan18650PF,4939,11.515380859375,12.445963859558104,11.487773895263672,12.411327362060549,13.074525833129885,14.508914947509766,S1
A2-3,13,ood(-20C),06-23-17_23.35 n20degC_HWFET_Pan18650PF,11042,1.3390394449234009,1.7853339910507202,0.9279404282569884,1.310545802116394,4.958640575408936,5.966368198394775,S1
A2-3,13,ood(-20C),06-23-17_23.35 n20degC_LA92_Pan18650PF,12521,1.699766755104065,2.252695322036743,1.2532685995101929,1.7114598751068115,5.283014297485352,6.420176029205322,S1
A2-3,13,ood(-20C),06-23-17_23.35 n20degC_NN_Pan18650PF,11350,1.1017630100250244,1.2421997785568235,0.8814716339111328,0.7868466973304749,3.7301185131073,5.046859264373779,S1
A2-3,13,ood(-20C),06-23-17_23.35 n20degC_UDDS_Pan18650PF,15753,5.160928726196289,5.869087219238281,3.931597948074341,4.488736629486084,10.603472709655762,11.43488311767578,S1
A2-3,13,ood(-20C),06-24-17_04.29 n20degC_Cycle_1_Pan18650PF,4752,17.6080379486084,18.497648239135746,17.551179885864258,18.44206047058105,20.16110610961914,21.343461990356445,S1
A2-3,13,ood(-20C),06-24-17_11.58 n20degC_Cycle_2_Pan18650PF,4718,16.20331382751465,17.060819625854492,16.175241470336914,17.035438537597656,19.785266876220703,20.54037094116211,S1
A2-3,13,ood(-20C),06-24-17_19.29 n20degC_Cycle_3_Pan18650PF,4695,16.29913330078125,17.176002502441406,16.251310348510742,17.134035110473633,21.421072006225582,22.370773315429688,S1
A2-3,13,ood(-20C),06-25-17_03.01 n20degC_Cycle_4_Pan18650PF,4715,13.217724800109863,14.176472663879396,13.189414978027344,14.142570495605469,15.192038536071776,16.646650314331055,S1
A2-3,13,ood(-20C),06-25-17_10.31 n20degC_US06_Pan18650PF,2333,17.03714370727539,17.96175193786621,16.91422462463379,17.855125427246094,20.965356826782227,22.08309936523437,S1
A2-3,42,val(25C),03-21-17_00.29 25degC_UDDS_Pan18650PF,22119,1.5091198682785034,1.0778884887695312,1.4729361534118652,0.9515171051025392,2.8923842906951904,3.487105369567871,S1
A2-3,42,test_id(25C),03-18-17_02.17 25degC_Cycle_1_Pan18650PF,10655,0.5577367544174194,0.698136568069458,0.4274957478046417,0.5675270557403564,2.85761833190918,1.629219889640808,S1
A2-3,42,test_id(25C),03-19-17_03.25 25degC_Cycle_2_Pan18650PF,10819,0.7980073094367981,0.6157755255699158,0.6773711442947388,0.4398695230484009,3.8061656951904297,1.9903875589370728,S1
A2-3,42,test_id(25C),03-19-17_09.07 25degC_Cycle_3_Pan18650PF,9936,0.5716968774795532,0.3882564902305603,0.526796817779541,0.2705603539943695,1.0240869522094729,1.3231065273284912,S1
A2-3,42,test_id(25C),03-19-17_14.31 25degC_Cycle_4_Pan18650PF,11778,0.9032625555992126,0.703809380531311,0.7918484807014465,0.5044318437576294,3.374241828918457,2.8330440521240234,S1
A2-3,42,ood(10C),03-27-17_09.06 10degC_HWFET_Pan18650PF,10263,2.4030654430389404,2.258472204208374,1.952929139137268,1.8881038427352903,8.288605690002441,6.147749900817871,S1
A2-3,42,ood(10C),03-27-17_09.06 10degC_LA92_Pan18650PF,15817,1.838112235069275,2.475991487503052,1.6532007455825806,2.2494091987609863,3.1014151573181152,4.000848770141602,S1
A2-3,42,ood(10C),03-27-17_09.06 10degC_NN_Pan18650PF,13750,1.384708285331726,1.9285167455673216,1.2487564086914062,1.7691833972930908,2.603825330734253,3.467165946960449,S1
A2-3,42,ood(10C),03-27-17_09.06 10degC_UDDS_Pan18650PF,24281,0.7483742237091064,1.2858352661132812,0.6570649743080139,1.2270139455795288,2.0992648601531982,2.9916329383850098,S1
A2-3,42,ood(10C),03-27-17_09.06 10degC_US06_Pan18650PF,3882,2.582253932952881,3.13810658454895,2.507454872131348,3.1056604385375977,3.63446307182312,4.321335792541504,S1
A2-3,42,ood(10C),03-28-17_12.51 10degC_Cycle_1_Pan18650PF,9067,1.8653419017791748,2.6217544078826904,1.7895753383636477,2.5568480491638184,2.57422423362732,3.55240249633789,S1
A2-3,42,ood(10C),03-28-17_18.18 10degC_Cycle_2_Pan18650PF,7795,3.0697789192199707,3.812153577804565,3.0289480686187744,3.767023324966431,4.284008502960205,5.298223495483398,S1
A2-3,42,ood(10C),04-05-17_17.04 10degC_Cycle_3_Pan18650PF,9769,2.631728172302246,3.335942029953003,2.4990668296813965,3.194989919662476,6.371574878692627,5.702606201171875,S1
A2-3,42,ood(10C),04-05-17_22.50 10degC_Cycle_4_Pan18650PF,9589,1.091448426246643,1.8278603553771973,1.0099141597747805,1.6863176822662354,1.8464959859848025,3.368805408477783,S1
A2-3,42,ood(0C),05-30-17_12.56 0degC_Cycle_1_Pan18650PF,8487,4.934931755065918,5.311168670654297,4.733814239501953,4.852855682373047,7.470005512237549,8.34173583984375,S1
A2-3,42,ood(0C),05-30-17_20.16 0degC_Cycle_2_Pan18650PF,8060,5.283172130584717,5.685963153839111,4.996809482574463,5.181901931762695,9.116023063659668,10.118148803710938,S1
A2-3,42,ood(0C),06-01-17_10.36 0degC_LA92_Pan18650PF,15077,2.095378875732422,2.820797920227051,1.7240800857543943,2.4601922035217285,3.831493616104126,4.700151443481445,S1
A2-3,42,ood(0C),06-01-17_10.36 0degC_NN_Pan18650PF,13148,1.457082748413086,2.0524673461914062,1.2210693359375,1.813853859901428,3.2343292236328125,4.158677101135254,S1
A2-3,42,ood(0C),06-01-17_15.36 0degC_Cycle_3_Pan18650PF,5931,6.142489433288574,6.884669303894043,5.865081310272217,6.524529457092285,8.96208667755127,10.37011432647705,S1
A2-3,42,ood(0C),06-01-17_22.03 0degC_Cycle_4_Pan18650PF,7389,3.171359062194824,4.043413639068604,3.049534559249878,3.904285192489624,4.093801021575928,5.56144905090332,S1
A2-3,42,ood(0C),06-02-17_04.58 0degC_US06_Pan18650PF,3344,6.671102523803711,7.408079147338867,6.200530529022217,6.819709300994873,8.390694618225098,9.699833869934082,S1
A2-3,42,ood(0C),06-02-17_10.43 0degC_HWFET_Pan18650PF,5670,7.212000370025635,7.438352108001709,6.990440368652344,7.1514177322387695,9.013738632202148,10.433679580688477,S1
A2-3,42,ood(0C),06-02-17_17.14 0degC_UDDS_Pan18650PF,12540,3.190485954284668,4.191500663757324,2.9935877323150635,3.9860079288482666,4.677614212036133,6.218179702758789,S1
A2-3,42,ood(-10C),06-07-17_08.39 n10degC_HWFET_Pan18650PF,11951,3.4016926288604736,3.885465383529663,2.381418228149414,3.062118530273437,8.346379280090332,9.121068954467772,S1
A2-3,42,ood(-10C),06-07-17_08.39 n10degC_LA92_Pan18650PF,13765,3.662468671798706,4.337055683135986,2.644167900085449,3.445406436920166,8.308347702026367,9.245450973510742,S1
A2-3,42,ood(-10C),06-07-17_08.39 n10degC_UDDS_Pan18650PF,17786,4.724403381347656,5.53839921951294,3.696313142776489,4.630558490753174,8.852611541748047,10.028282165527344,S1
A2-3,42,ood(-10C),06-07-17_08.39 n10degC_US06_Pan18650PF,9929,1.5720794200897217,2.106937885284424,1.2001672983169556,1.8161296844482424,4.790685653686523,5.10073184967041,S1
A2-3,42,ood(-10C),06-10-17_11.25 n10degC_Cycle_1_Pan18650PF,5706,6.60512638092041,7.435921192169189,6.451104164123535,7.331151485443115,8.205490112304688,8.963811874389648,S1
A2-3,42,ood(-10C),06-10-17_18.35 n10degC_Cycle_2_Pan18650PF,5654,12.16176986694336,13.105209350585938,12.135697364807127,13.077200889587402,13.866462707519531,15.333659172058104,S1
A2-3,42,ood(-10C),06-11-17_01.39 n10degC_Cycle_3_Pan18650PF,5368,12.64407730102539,13.51195240020752,12.542119026184082,13.409760475158691,16.49686050415039,17.729116439819336,S1
A2-3,42,ood(-10C),06-11-17_08.42 n10degC_Cycle_4_Pan18650PF,5791,5.355126857757568,6.233705520629883,4.935229301452637,5.785732746124268,8.565593719482422,9.488655090332031,S1
A2-3,42,ood(-10C),06-14-17_13.12 n10degC_NN_Pan18650PF,4939,11.515380859375,12.43076515197754,11.487773895263672,12.393494606018066,13.074525833129885,14.444993019104004,S1
A2-3,42,ood(-20C),06-23-17_23.35 n20degC_HWFET_Pan18650PF,11042,1.3390394449234009,2.139880418777466,0.9279404282569884,1.8931471109390257,4.958640575408936,5.802429676055908,S1
A2-3,42,ood(-20C),06-23-17_23.35 n20degC_LA92_Pan18650PF,12521,1.699766755104065,2.546825647354126,1.2532685995101929,2.264791965484619,5.283014297485352,6.321786880493164,S1
A2-3,42,ood(-20C),06-23-17_23.35 n20degC_NN_Pan18650PF,11350,1.1017630100250244,1.651166319847107,0.8814716339111328,1.3743298053741455,3.7301185131073,5.027113437652588,S1
A2-3,42,ood(-20C),06-23-17_23.35 n20degC_UDDS_Pan18650PF,15753,5.160928726196289,6.0604448318481445,3.931597948074341,5.004245281219482,10.603472709655762,11.20913314819336,S1
A2-3,42,ood(-20C),06-24-17_04.29 n20degC_Cycle_1_Pan18650PF,4752,17.6080379486084,18.49388313293457,17.551179885864258,18.42110252380371,20.16110610961914,21.65545654296875,S1
A2-3,42,ood(-20C),06-24-17_11.58 n20degC_Cycle_2_Pan18650PF,4718,16.20331382751465,17.104618072509766,16.175241470336914,17.075469970703125,19.785266876220703,19.88051986694336,S1
A2-3,42,ood(-20C),06-24-17_19.29 n20degC_Cycle_3_Pan18650PF,4695,16.29913330078125,17.191104888916016,16.251310348510742,17.147077560424805,21.421072006225582,22.27178382873535,S1
A2-3,42,ood(-20C),06-25-17_03.01 n20degC_Cycle_4_Pan18650PF,4715,13.217724800109863,14.194953918457031,13.189414978027344,14.146660804748535,15.192038536071776,17.063228607177734,S1
A2-3,42,ood(-20C),06-25-17_10.31 n20degC_US06_Pan18650PF,2333,17.03714370727539,17.999662399291992,16.91422462463379,17.887100219726562,20.965356826782227,21.934688568115234,S1
A2-3,101,val(25C),03-21-17_00.29 25degC_UDDS_Pan18650PF,22119,1.5091198682785034,1.0963501930236816,1.4729361534118652,0.9598843455314636,2.8923842906951904,3.347301483154297,S1
A2-3,101,test_id(25C),03-18-17_02.17 25degC_Cycle_1_Pan18650PF,10655,0.5577367544174194,0.6582905054092407,0.4274957478046417,0.5544992685317993,2.85761833190918,1.6503074169158936,S1
A2-3,101,test_id(25C),03-19-17_03.25 25degC_Cycle_2_Pan18650PF,10819,0.7980073094367981,0.6183335185050964,0.6773711442947388,0.418258398771286,3.8061656951904297,2.501457452774048,S1
A2-3,101,test_id(25C),03-19-17_09.07 25degC_Cycle_3_Pan18650PF,9936,0.5716968774795532,0.3706707656383514,0.526796817779541,0.2649861872196197,1.0240869522094729,1.2966172695159912,S1
A2-3,101,test_id(25C),03-19-17_14.31 25degC_Cycle_4_Pan18650PF,11778,0.9032625555992126,0.6743813157081604,0.7918484807014465,0.4913664758205414,3.374241828918457,2.862661838531494,S1
A2-3,101,ood(10C),03-27-17_09.06 10degC_HWFET_Pan18650PF,10263,2.4030654430389404,2.38330626487732,1.952929139137268,1.8171515464782717,8.288605690002441,6.1535234451293945,S1
A2-3,101,ood(10C),03-27-17_09.06 10degC_LA92_Pan18650PF,15817,1.838112235069275,2.46570372581482,1.6532007455825806,2.11633563041687,3.1014151573181152,3.9365503787994394,S1
A2-3,101,ood(10C),03-27-17_09.06 10degC_NN_Pan18650PF,13750,1.384708285331726,1.913136959075928,1.2487564086914062,1.6140459775924685,2.603825330734253,3.4467926025390625,S1
A2-3,101,ood(10C),03-27-17_09.06 10degC_UDDS_Pan18650PF,24281,0.7483742237091064,1.2612149715423584,0.6570649743080139,1.1373025178909302,2.0992648601531982,2.522657871246338,S1
A2-3,101,ood(10C),03-27-17_09.06 10degC_US06_Pan18650PF,3882,2.582253932952881,3.206134080886841,2.507454872131348,3.180428028106689,3.63446307182312,4.345424175262451,S1
A2-3,101,ood(10C),03-28-17_12.51 10degC_Cycle_1_Pan18650PF,9067,1.8653419017791748,2.61686635017395,1.7895753383636477,2.572307825088501,2.57422423362732,3.433260679244995,S1
A2-3,101,ood(10C),03-28-17_18.18 10degC_Cycle_2_Pan18650PF,7795,3.0697789192199707,3.845628499984741,3.0289480686187744,3.818011283874512,4.284008502960205,5.221930027008057,S1
A2-3,101,ood(10C),04-05-17_17.04 10degC_Cycle_3_Pan18650PF,9769,2.631728172302246,3.3757922649383545,2.4990668296813965,3.253154754638672,6.371574878692627,5.834476947784424,S1
A2-3,101,ood(10C),04-05-17_22.50 10degC_Cycle_4_Pan18650PF,9589,1.091448426246643,1.817589282989502,1.0099141597747805,1.698410153388977,1.8464959859848025,2.92492151260376,S1
A2-3,101,ood(0C),05-30-17_12.56 0degC_Cycle_1_Pan18650PF,8487,4.934931755065918,5.40659761428833,4.733814239501953,5.0250091552734375,7.470005512237549,8.097932815551758,S1
A2-3,101,ood(0C),05-30-17_20.16 0degC_Cycle_2_Pan18650PF,8060,5.283172130584717,5.782981872558594,4.996809482574463,5.326903343200684,9.116023063659668,10.176609992980955,S1
A2-3,101,ood(0C),06-01-17_10.36 0degC_LA92_Pan18650PF,15077,2.095378875732422,2.7412986755371094,1.7240800857543943,2.130013227462769,3.831493616104126,4.675772666931152,S1
A2-3,101,ood(0C),06-01-17_10.36 0degC_NN_Pan18650PF,13148,1.457082748413086,1.9373973608016968,1.2210693359375,1.4514364004135132,3.2343292236328125,4.088858127593994,S1
A2-3,101,ood(0C),06-01-17_15.36 0degC_Cycle_3_Pan18650PF,5931,6.142489433288574,7.052638053894043,5.865081310272217,6.7121429443359375,8.96208667755127,10.30987548828125,S1
A2-3,101,ood(0C),06-01-17_22.03 0degC_Cycle_4_Pan18650PF,7389,3.171359062194824,4.054465770721436,3.049534559249878,3.9413602352142334,4.093801021575928,5.325079917907715,S1
A2-3,101,ood(0C),06-02-17_04.58 0degC_US06_Pan18650PF,3344,6.671102523803711,7.496681213378906,6.200530529022217,6.918925285339356,8.390694618225098,9.77113151550293,S1
A2-3,101,ood(0C),06-02-17_10.43 0degC_HWFET_Pan18650PF,5670,7.212000370025635,7.809295177459717,6.990440368652344,7.553264617919922,9.013738632202148,10.1723051071167,S1
A2-3,101,ood(0C),06-02-17_17.14 0degC_UDDS_Pan18650PF,12540,3.190485954284668,4.191675186157227,2.9935877323150635,4.008489608764648,4.677614212036133,5.92068338394165,S1
A2-3,101,ood(-10C),06-07-17_08.39 n10degC_HWFET_Pan18650PF,11951,3.4016926288604736,3.90120792388916,2.381418228149414,2.6822052001953125,8.346379280090332,9.087714195251465,S1
A2-3,101,ood(-10C),06-07-17_08.39 n10degC_LA92_Pan18650PF,13765,3.662468671798706,4.303853988647461,2.644167900085449,3.0837581157684326,8.308347702026367,9.357901573181152,S1
A2-3,101,ood(-10C),06-07-17_08.39 n10degC_UDDS_Pan18650PF,17786,4.724403381347656,5.531717777252197,3.696313142776489,4.351546287536621,8.852611541748047,10.018498420715332,S1
A2-3,101,ood(-10C),06-07-17_08.39 n10degC_US06_Pan18650PF,9929,1.5720794200897217,1.882606863975525,1.2001672983169556,1.2823971509933472,4.790685653686523,5.183063983917236,S1
A2-3,101,ood(-10C),06-10-17_11.25 n10degC_Cycle_1_Pan18650PF,5706,6.60512638092041,7.570295333862305,6.451104164123535,7.453223705291748,8.205490112304688,8.840475082397461,S1
A2-3,101,ood(-10C),06-10-17_18.35 n10degC_Cycle_2_Pan18650PF,5654,12.16176986694336,13.206832885742188,12.135697364807127,13.181052207946776,13.866462707519531,14.919837951660156,S1
A2-3,101,ood(-10C),06-11-17_01.39 n10degC_Cycle_3_Pan18650PF,5368,12.64407730102539,13.673422813415527,12.542119026184082,13.572669982910156,16.49686050415039,17.490869522094727,S1
A2-3,101,ood(-10C),06-11-17_08.42 n10degC_Cycle_4_Pan18650PF,5791,5.355126857757568,6.299556732177734,4.935229301452637,5.833913326263428,8.565593719482422,9.463913917541504,S1
A2-3,101,ood(-10C),06-14-17_13.12 n10degC_NN_Pan18650PF,4939,11.515380859375,12.549065589904783,11.487773895263672,12.516677856445312,13.074525833129885,14.19201374053955,S1
A2-3,101,ood(-20C),06-23-17_23.35 n20degC_HWFET_Pan18650PF,11042,1.3390394449234009,1.7997690439224243,0.9279404282569884,1.2717939615249634,4.958640575408936,5.952314853668213,S1
A2-3,101,ood(-20C),06-23-17_23.35 n20degC_LA92_Pan18650PF,12521,1.699766755104065,2.3346846103668213,1.2532685995101929,1.731395602226257,5.283014297485352,6.342013835906982,S1
A2-3,101,ood(-20C),06-23-17_23.35 n20degC_NN_Pan18650PF,11350,1.1017630100250244,1.2497010231018066,0.8814716339111328,0.7601453065872192,3.7301185131073,4.974836349487305,S1
A2-3,101,ood(-20C),06-23-17_23.35 n20degC_UDDS_Pan18650PF,15753,5.160928726196289,5.967986583709717,3.931597948074341,4.528660297393799,10.603472709655762,11.30294132232666,S1
A2-3,101,ood(-20C),06-24-17_04.29 n20degC_Cycle_1_Pan18650PF,4752,17.6080379486084,18.66761589050293,17.551179885864258,18.609376907348636,20.16110610961914,21.508338928222656,S1
A2-3,101,ood(-20C),06-24-17_11.58 n20degC_Cycle_2_Pan18650PF,4718,16.20331382751465,17.276020050048828,16.175241470336914,17.2510986328125,19.785266876220703,20.119340896606445,S1
A2-3,101,ood(-20C),06-24-17_19.29 n20degC_Cycle_3_Pan18650PF,4695,16.29913330078125,17.361562728881836,16.251310348510742,17.32086753845215,21.421072006225582,22.28889274597168,S1
A2-3,101,ood(-20C),06-25-17_03.01 n20degC_Cycle_4_Pan18650PF,4715,13.217724800109863,14.316205024719238,13.189414978027344,14.279841423034668,15.192038536071776,16.679195404052734,S1
A2-3,101,ood(-20C),06-25-17_10.31 n20degC_US06_Pan18650PF,2333,17.03714370727539,18.1000919342041,16.91422462463379,17.991708755493164,20.965356826782227,21.900978088378903,S1
A2-3,202,val(25C),03-21-17_00.29 25degC_UDDS_Pan18650PF,22119,1.5091198682785034,1.005285143852234,1.4729361534118652,0.873013436794281,2.8923842906951904,3.4665660858154297,S1
A2-3,202,test_id(25C),03-18-17_02.17 25degC_Cycle_1_Pan18650PF,10655,0.5577367544174194,0.7064002752304077,0.4274957478046417,0.5880796909332275,2.85761833190918,2.0763344764709477,S1
A2-3,202,test_id(25C),03-19-17_03.25 25degC_Cycle_2_Pan18650PF,10819,0.7980073094367981,0.6195011734962463,0.6773711442947388,0.4163461625576019,3.8061656951904297,2.584996700286865,S1
A2-3,202,test_id(25C),03-19-17_09.07 25degC_Cycle_3_Pan18650PF,9936,0.5716968774795532,0.4489169418811798,0.526796817779541,0.3262908160686493,1.0240869522094729,1.669082522392273,S1
A2-3,202,test_id(25C),03-19-17_14.31 25degC_Cycle_4_Pan18650PF,11778,0.9032625555992126,0.6650881767272949,0.7918484807014465,0.4879091382026672,3.374241828918457,2.9394545555114746,S1
A2-3,202,ood(10C),03-27-17_09.06 10degC_HWFET_Pan18650PF,10263,2.4030654430389404,2.66561222076416,1.952929139137268,2.033970355987549,8.288605690002441,8.019623756408691,S1
A2-3,202,ood(10C),03-27-17_09.06 10degC_LA92_Pan18650PF,15817,1.838112235069275,2.7093350887298584,1.6532007455825806,2.3550212383270264,3.1014151573181152,5.022708415985107,S1
A2-3,202,ood(10C),03-27-17_09.06 10degC_NN_Pan18650PF,13750,1.384708285331726,2.218389749526977,1.2487564086914062,1.899424195289612,2.603825330734253,4.563144683837891,S1
A2-3,202,ood(10C),03-27-17_09.06 10degC_UDDS_Pan18650PF,24281,0.7483742237091064,1.571409821510315,0.6570649743080139,1.4026533365249634,2.0992648601531982,4.249290466308594,S1
A2-3,202,ood(10C),03-27-17_09.06 10degC_US06_Pan18650PF,3882,2.582253932952881,3.5261383056640625,2.507454872131348,3.464996337890625,3.63446307182312,5.178521156311035,S1
A2-3,202,ood(10C),03-28-17_12.51 10degC_Cycle_1_Pan18650PF,9067,1.8653419017791748,2.93440318107605,1.7895753383636477,2.851747751235962,2.57422423362732,4.501244068145752,S1
A2-3,202,ood(10C),03-28-17_18.18 10degC_Cycle_2_Pan18650PF,7795,3.0697789192199707,4.103564262390137,3.0289480686187744,4.0518903732299805,4.284008502960205,5.834436416625977,S1
A2-3,202,ood(10C),04-05-17_17.04 10degC_Cycle_3_Pan18650PF,9769,2.631728172302246,3.6609983444213863,2.4990668296813965,3.5100350379943848,6.371574878692627,6.699392318725586,S1
A2-3,202,ood(10C),04-05-17_22.50 10degC_Cycle_4_Pan18650PF,9589,1.091448426246643,2.0760653018951416,1.0099141597747805,1.9668867588043213,1.8464959859848025,3.6292011737823486,S1
A2-3,202,ood(0C),05-30-17_12.56 0degC_Cycle_1_Pan18650PF,8487,4.934931755065918,6.349154949188232,4.733814239501953,6.107847690582275,7.470005512237549,12.173215866088867,S1
A2-3,202,ood(0C),05-30-17_20.16 0degC_Cycle_2_Pan18650PF,8060,5.283172130584717,6.676453590393066,4.996809482574463,6.295372486114502,9.116023063659668,11.58430004119873,S1
A2-3,202,ood(0C),06-01-17_10.36 0degC_LA92_Pan18650PF,15077,2.095378875732422,3.0757317543029785,1.7240800857543943,2.452312707901001,3.831493616104126,6.425829887390137,S1
A2-3,202,ood(0C),06-01-17_10.36 0degC_NN_Pan18650PF,13148,1.457082748413086,2.3263957500457764,1.2210693359375,1.812274932861328,3.2343292236328125,5.783594131469727,S1
A2-3,202,ood(0C),06-01-17_15.36 0degC_Cycle_3_Pan18650PF,5931,6.142489433288574,7.270994186401367,5.865081310272217,6.875275135040283,8.96208667755127,10.628334999084473,S1
A2-3,202,ood(0C),06-01-17_22.03 0degC_Cycle_4_Pan18650PF,7389,3.171359062194824,4.537140369415283,3.049534559249878,4.466837406158447,4.093801021575928,6.10824728012085,S1
A2-3,202,ood(0C),06-02-17_04.58 0degC_US06_Pan18650PF,3344,6.671102523803711,7.753125190734863,6.200530529022217,7.238825798034668,8.390694618225098,10.08974266052246,S1
A2-3,202,ood(0C),06-02-17_10.43 0degC_HWFET_Pan18650PF,5670,7.212000370025635,8.149336814880371,6.990440368652344,7.993472576141357,9.013738632202148,10.378849983215332,S1
A2-3,202,ood(0C),06-02-17_17.14 0degC_UDDS_Pan18650PF,12540,3.190485954284668,4.619629859924316,2.9935877323150635,4.509620666503906,4.677614212036133,6.157201290130615,S1
A2-3,202,ood(-10C),06-07-17_08.39 n10degC_HWFET_Pan18650PF,11951,3.4016926288604736,4.316928863525391,2.381418228149414,3.050384044647217,8.346379280090332,11.136658668518066,S1
A2-3,202,ood(-10C),06-07-17_08.39 n10degC_LA92_Pan18650PF,13765,3.662468671798706,4.758847713470459,2.644167900085449,3.48417329788208,8.308347702026367,11.202712059020996,S1
A2-3,202,ood(-10C),06-07-17_08.39 n10degC_UDDS_Pan18650PF,17786,4.724403381347656,6.036316871643066,3.696313142776489,4.802421569824219,8.852611541748047,11.865191459655762,S1
A2-3,202,ood(-10C),06-07-17_08.39 n10degC_US06_Pan18650PF,9929,1.5720794200897217,2.3080763816833496,1.2001672983169556,1.6376439332962036,4.790685653686523,6.877971649169922,S1
A2-3,202,ood(-10C),06-10-17_11.25 n10degC_Cycle_1_Pan18650PF,5706,6.60512638092041,8.189701080322266,6.451104164123535,8.036767959594727,8.205490112304688,10.913405418395996,S1
A2-3,202,ood(-10C),06-10-17_18.35 n10degC_Cycle_2_Pan18650PF,5654,12.16176986694336,13.7728910446167,12.135697364807127,13.753006935119627,13.866462707519531,15.601151466369627,S1
A2-3,202,ood(-10C),06-11-17_01.39 n10degC_Cycle_3_Pan18650PF,5368,12.64407730102539,14.182680130004885,12.542119026184082,14.098989486694336,16.49686050415039,18.09388542175293,S1
A2-3,202,ood(-10C),06-11-17_08.42 n10degC_Cycle_4_Pan18650PF,5791,5.355126857757568,6.904046535491943,4.935229301452637,6.354198455810547,8.565593719482422,11.147746086120604,S1
A2-3,202,ood(-10C),06-14-17_13.12 n10degC_NN_Pan18650PF,4939,11.515380859375,13.199172973632812,11.487773895263672,13.176509857177734,13.074525833129885,15.303817749023438,S1
A2-3,202,ood(-20C),06-23-17_23.35 n20degC_HWFET_Pan18650PF,11042,1.3390394449234009,2.336130380630493,0.9279404282569884,1.8178904056549072,4.958640575408936,7.98845100402832,S1
A2-3,202,ood(-20C),06-23-17_23.35 n20degC_LA92_Pan18650PF,12521,1.699766755104065,2.8909003734588623,1.2532685995101929,2.2957544326782227,5.283014297485352,8.199915885925293,S1
A2-3,202,ood(-20C),06-23-17_23.35 n20degC_NN_Pan18650PF,11350,1.1017630100250244,1.8304325342178345,0.8814716339111328,1.320544958114624,3.7301185131073,6.681164264678955,S1
A2-3,202,ood(-20C),06-23-17_23.35 n20degC_UDDS_Pan18650PF,15753,5.160928726196289,6.558543682098389,3.931597948074341,5.139268398284912,10.603472709655762,13.580938339233398,S1
A2-3,202,ood(-20C),06-24-17_04.29 n20degC_Cycle_1_Pan18650PF,4752,17.6080379486084,19.33005142211914,17.551179885864258,19.292259216308597,20.16110610961914,22.733856201171875,S1
A2-3,202,ood(-20C),06-24-17_11.58 n20degC_Cycle_2_Pan18650PF,4718,16.20331382751465,17.99257469177246,16.175241470336914,17.949949264526367,19.785266876220703,22.772220611572266,S1
A2-3,202,ood(-20C),06-24-17_19.29 n20degC_Cycle_3_Pan18650PF,4695,16.29913330078125,18.09488296508789,16.251310348510742,18.0383243560791,21.421072006225582,25.00513458251953,S1
A2-3,202,ood(-20C),06-25-17_03.01 n20degC_Cycle_4_Pan18650PF,4715,13.217724800109863,14.997390747070312,13.189414978027344,14.970185279846191,15.192038536071776,18.06283569335937,S1
A2-3,202,ood(-20C),06-25-17_10.31 n20degC_US06_Pan18650PF,2333,17.03714370727539,18.82937431335449,16.91422462463379,18.69696617126465,20.965356826782227,24.327112197875977,S1
A2-3,303,val(25C),03-21-17_00.29 25degC_UDDS_Pan18650PF,22119,1.5091198682785034,1.031938076019287,1.4729361534118652,0.8958762288093567,2.8923842906951904,3.200808048248291,S1
A2-3,303,test_id(25C),03-18-17_02.17 25degC_Cycle_1_Pan18650PF,10655,0.5577367544174194,0.6968346834182739,0.4274957478046417,0.5758457779884338,2.85761833190918,1.848214864730835,S1
A2-3,303,test_id(25C),03-19-17_03.25 25degC_Cycle_2_Pan18650PF,10819,0.7980073094367981,0.5911795496940613,0.6773711442947388,0.41370689868927,3.8061656951904297,1.9948902130126955,S1
A2-3,303,test_id(25C),03-19-17_09.07 25degC_Cycle_3_Pan18650PF,9936,0.5716968774795532,0.3988585174083709,0.526796817779541,0.2981594502925873,1.0240869522094729,1.3510963916778564,S1
A2-3,303,test_id(25C),03-19-17_14.31 25degC_Cycle_4_Pan18650PF,11778,0.9032625555992126,0.6103750467300415,0.7918484807014465,0.4474434852600097,3.374241828918457,2.900942325592041,S1
A2-3,303,ood(10C),03-27-17_09.06 10degC_HWFET_Pan18650PF,10263,2.4030654430389404,2.408956527709961,1.952929139137268,1.8735344409942627,8.288605690002441,5.82408618927002,S1
A2-3,303,ood(10C),03-27-17_09.06 10degC_LA92_Pan18650PF,15817,1.838112235069275,2.4926929473876958,1.6532007455825806,2.1633596420288086,3.1014151573181152,4.0959153175354,S1
A2-3,303,ood(10C),03-27-17_09.06 10degC_NN_Pan18650PF,13750,1.384708285331726,1.931413054466248,1.2487564086914062,1.6584734916687012,2.603825330734253,3.549129009246826,S1
A2-3,303,ood(10C),03-27-17_09.06 10degC_UDDS_Pan18650PF,24281,0.7483742237091064,1.273659110069275,0.6570649743080139,1.1637853384017944,2.0992648601531982,2.938167095184326,S1
A2-3,303,ood(10C),03-27-17_09.06 10degC_US06_Pan18650PF,3882,2.582253932952881,3.171893835067749,2.507454872131348,3.142491340637207,3.63446307182312,4.3855156898498535,S1
A2-3,303,ood(10C),03-28-17_12.51 10degC_Cycle_1_Pan18650PF,9067,1.8653419017791748,2.646930932998657,1.7895753383636477,2.5953853130340576,2.57422423362732,3.702291488647461,S1
A2-3,303,ood(10C),03-28-17_18.18 10degC_Cycle_2_Pan18650PF,7795,3.0697789192199707,3.852100133895874,3.0289480686187744,3.8206264972686768,4.284008502960205,5.381411552429199,S1
A2-3,303,ood(10C),04-05-17_17.04 10degC_Cycle_3_Pan18650PF,9769,2.631728172302246,3.3944578170776367,2.4990668296813965,3.264177799224853,6.371574878692627,5.605007171630859,S1
A2-3,303,ood(10C),04-05-17_22.50 10degC_Cycle_4_Pan18650PF,9589,1.091448426246643,1.8387999534606931,1.0099141597747805,1.720104098320007,1.8464959859848025,2.9710569381713867,S1
A2-3,303,ood(0C),05-30-17_12.56 0degC_Cycle_1_Pan18650PF,8487,4.934931755065918,5.304513454437256,4.733814239501953,4.804675579071045,7.470005512237549,8.128528594970703,S1
A2-3,303,ood(0C),05-30-17_20.16 0degC_Cycle_2_Pan18650PF,8060,5.283172130584717,5.741177558898926,4.996809482574463,5.264718055725098,9.116023063659668,10.171756744384766,S1
A2-3,303,ood(0C),06-01-17_10.36 0degC_LA92_Pan18650PF,15077,2.095378875732422,2.736077308654785,1.7240800857543943,2.1436727046966557,3.831493616104126,4.813499927520752,S1
A2-3,303,ood(0C),06-01-17_10.36 0degC_NN_Pan18650PF,13148,1.457082748413086,1.9395688772201536,1.2210693359375,1.4665745496749878,3.2343292236328125,4.120490074157715,S1
A2-3,303,ood(0C),06-01-17_15.36 0degC_Cycle_3_Pan18650PF,5931,6.142489433288574,6.97599458694458,5.865081310272217,6.599339485168457,8.96208667755127,10.30531120300293,S1
A2-3,303,ood(0C),06-01-17_22.03 0degC_Cycle_4_Pan18650PF,7389,3.171359062194824,4.055321216583252,3.049534559249878,3.93275785446167,4.093801021575928,5.220339298248291,S1
A2-3,303,ood(0C),06-02-17_04.58 0degC_US06_Pan18650PF,3344,6.671102523803711,7.420242309570312,6.200530529022217,6.824100017547607,8.390694618225098,9.741544723510742,S1
A2-3,303,ood(0C),06-02-17_10.43 0degC_HWFET_Pan18650PF,5670,7.212000370025635,7.780591011047363,6.990440368652344,7.494728088378906,9.013738632202148,10.197893142700195,S1
A2-3,303,ood(0C),06-02-17_17.14 0degC_UDDS_Pan18650PF,12540,3.190485954284668,4.134789943695068,2.9935877323150635,3.951794147491455,4.677614212036133,5.840227127075195,S1
A2-3,303,ood(-10C),06-07-17_08.39 n10degC_HWFET_Pan18650PF,11951,3.4016926288604736,3.9219465255737305,2.381418228149414,2.6851038932800293,8.346379280090332,9.273422241210938,S1
A2-3,303,ood(-10C),06-07-17_08.39 n10degC_LA92_Pan18650PF,13765,3.662468671798706,4.236888885498047,2.644167900085449,3.0287904739379883,8.308347702026367,9.632272720336914,S1
A2-3,303,ood(-10C),06-07-17_08.39 n10degC_UDDS_Pan18650PF,17786,4.724403381347656,5.437629222869873,3.696313142776489,4.270643711090088,8.852611541748047,10.22255039215088,S1
A2-3,303,ood(-10C),06-07-17_08.39 n10degC_US06_Pan18650PF,9929,1.5720794200897217,1.8933091163635252,1.2001672983169556,1.2852730751037598,4.790685653686523,5.14424467086792,S1
A2-3,303,ood(-10C),06-10-17_11.25 n10degC_Cycle_1_Pan18650PF,5706,6.60512638092041,7.481081485748291,6.451104164123535,7.360096454620361,8.205490112304688,9.176521301269531,S1
A2-3,303,ood(-10C),06-10-17_18.35 n10degC_Cycle_2_Pan18650PF,5654,12.16176986694336,13.082767486572266,12.135697364807127,13.049368858337402,13.866462707519531,15.034738540649414,S1
A2-3,303,ood(-10C),06-11-17_01.39 n10degC_Cycle_3_Pan18650PF,5368,12.64407730102539,13.535871505737305,12.542119026184082,13.426146507263184,16.49686050415039,17.54560661315918,S1
A2-3,303,ood(-10C),06-11-17_08.42 n10degC_Cycle_4_Pan18650PF,5791,5.355126857757568,6.243495941162109,4.935229301452637,5.775751113891602,8.565593719482422,9.660738945007324,S1
A2-3,303,ood(-10C),06-14-17_13.12 n10degC_NN_Pan18650PF,4939,11.515380859375,12.379941940307615,11.487773895263672,12.338459014892578,13.074525833129885,14.227667808532717,S1
A2-3,303,ood(-20C),06-23-17_23.35 n20degC_HWFET_Pan18650PF,11042,1.3390394449234009,1.8071380853652956,0.9279404282569884,1.3077082633972168,4.958640575408936,6.09578800201416,S1
A2-3,303,ood(-20C),06-23-17_23.35 n20degC_LA92_Pan18650PF,12521,1.699766755104065,2.2734334468841557,1.2532685995101929,1.7097774744033811,5.283014297485352,6.248762130737305,S1
A2-3,303,ood(-20C),06-23-17_23.35 n20degC_NN_Pan18650PF,11350,1.1017630100250244,1.2247745990753174,0.8814716339111328,0.7761041522026062,3.7301185131073,4.728226184844971,S1
A2-3,303,ood(-20C),06-23-17_23.35 n20degC_UDDS_Pan18650PF,15753,5.160928726196289,5.854361057281494,3.931597948074341,4.465367794036865,10.603472709655762,11.01209831237793,S1
A2-3,303,ood(-20C),06-24-17_04.29 n20degC_Cycle_1_Pan18650PF,4752,17.6080379486084,18.39263916015625,17.551179885864258,18.32741928100586,20.16110610961914,21.32914352416992,S1
A2-3,303,ood(-20C),06-24-17_11.58 n20degC_Cycle_2_Pan18650PF,4718,16.20331382751465,16.90834617614746,16.175241470336914,16.87484359741211,19.785266876220703,19.913728713989254,S1
A2-3,303,ood(-20C),06-24-17_19.29 n20degC_Cycle_3_Pan18650PF,4695,16.29913330078125,17.159751892089844,16.251310348510742,17.11674690246582,21.421072006225582,22.229219436645508,S1
A2-3,303,ood(-20C),06-25-17_03.01 n20degC_Cycle_4_Pan18650PF,4715,13.217724800109863,14.155518531799316,13.189414978027344,14.115562438964844,15.192038536071776,16.67621421813965,S1
A2-3,303,ood(-20C),06-25-17_10.31 n20degC_US06_Pan18650PF,2333,17.03714370727539,17.778127670288086,16.91422462463379,17.687137603759766,20.965356826782227,21.97010040283203,S1
A2-3,404,val(25C),03-21-17_00.29 25degC_UDDS_Pan18650PF,22119,1.5091198682785034,1.1242046356201172,1.4729361534118652,0.9841409921646118,2.8923842906951904,3.300015926361084,S1
A2-3,404,test_id(25C),03-18-17_02.17 25degC_Cycle_1_Pan18650PF,10655,0.5577367544174194,0.676666796207428,0.4274957478046417,0.5724994540214539,2.85761833190918,1.7371761798858645,S1
A2-3,404,test_id(25C),03-19-17_03.25 25degC_Cycle_2_Pan18650PF,10819,0.7980073094367981,0.6112590432167053,0.6773711442947388,0.4225249886512756,3.8061656951904297,2.3195695877075195,S1
A2-3,404,test_id(25C),03-19-17_09.07 25degC_Cycle_3_Pan18650PF,9936,0.5716968774795532,0.3925903141498565,0.526796817779541,0.2915881276130676,1.0240869522094729,1.362870216369629,S1
A2-3,404,test_id(25C),03-19-17_14.31 25degC_Cycle_4_Pan18650PF,11778,0.9032625555992126,0.6666135191917419,0.7918484807014465,0.4966961741447449,3.374241828918457,2.9179000854492188,S1
A2-3,404,ood(10C),03-27-17_09.06 10degC_HWFET_Pan18650PF,10263,2.4030654430389404,2.3906500339508057,1.952929139137268,1.8531169891357424,8.288605690002441,6.06584358215332,S1
A2-3,404,ood(10C),03-27-17_09.06 10degC_LA92_Pan18650PF,15817,1.838112235069275,2.4975266456604004,1.6532007455825806,2.16192889213562,3.1014151573181152,4.107701778411865,S1
A2-3,404,ood(10C),03-27-17_09.06 10degC_NN_Pan18650PF,13750,1.384708285331726,1.9556784629821775,1.2487564086914062,1.6740460395812988,2.603825330734253,3.557154893875122,S1
A2-3,404,ood(10C),03-27-17_09.06 10degC_UDDS_Pan18650PF,24281,0.7483742237091064,1.2544180154800415,0.6570649743080139,1.1390808820724487,2.0992648601531982,2.858214855194092,S1
A2-3,404,ood(10C),03-27-17_09.06 10degC_US06_Pan18650PF,3882,2.582253932952881,3.264805793762207,2.507454872131348,3.23612380027771,3.63446307182312,4.456270694732666,S1
A2-3,404,ood(10C),03-28-17_12.51 10degC_Cycle_1_Pan18650PF,9067,1.8653419017791748,2.643291473388672,1.7895753383636477,2.5931472778320312,2.57422423362732,3.600100517272949,S1
A2-3,404,ood(10C),03-28-17_18.18 10degC_Cycle_2_Pan18650PF,7795,3.0697789192199707,3.869232416152954,3.0289480686187744,3.83832049369812,4.284008502960205,5.193000793457031,S1
A2-3,404,ood(10C),04-05-17_17.04 10degC_Cycle_3_Pan18650PF,9769,2.631728172302246,3.388471364974976,2.4990668296813965,3.267439126968384,6.371574878692627,5.632774353027344,S1
A2-3,404,ood(10C),04-05-17_22.50 10degC_Cycle_4_Pan18650PF,9589,1.091448426246643,1.817150950431824,1.0099141597747805,1.6999720335006714,1.8464959859848025,2.896243095397949,S1
A2-3,404,ood(0C),05-30-17_12.56 0degC_Cycle_1_Pan18650PF,8487,4.934931755065918,5.332791328430176,4.733814239501953,4.906053066253662,7.470005512237549,7.997232913970947,S1
A2-3,404,ood(0C),05-30-17_20.16 0degC_Cycle_2_Pan18650PF,8060,5.283172130584717,5.725176811218262,4.996809482574463,5.252437591552734,9.116023063659668,10.053081512451172,S1
A2-3,404,ood(0C),06-01-17_10.36 0degC_LA92_Pan18650PF,15077,2.095378875732422,2.74399471282959,1.7240800857543943,2.143326759338379,3.831493616104126,4.812798023223877,S1
A2-3,404,ood(0C),06-01-17_10.36 0degC_NN_Pan18650PF,13148,1.457082748413086,1.9532312154769895,1.2210693359375,1.4777907133102417,3.2343292236328125,4.133285999298096,S1
A2-3,404,ood(0C),06-01-17_15.36 0degC_Cycle_3_Pan18650PF,5931,6.142489433288574,6.9867329597473145,5.865081310272217,6.646393775939941,8.96208667755127,10.34840965270996,S1
A2-3,404,ood(0C),06-01-17_22.03 0degC_Cycle_4_Pan18650PF,7389,3.171359062194824,4.043500900268555,3.049534559249878,3.9445433616638175,4.093801021575928,5.207858085632324,S1
A2-3,404,ood(0C),06-02-17_04.58 0degC_US06_Pan18650PF,3344,6.671102523803711,7.525608062744141,6.200530529022217,6.925413131713867,8.390694618225098,9.80608367919922,S1
A2-3,404,ood(0C),06-02-17_10.43 0degC_HWFET_Pan18650PF,5670,7.212000370025635,7.779111385345459,6.990440368652344,7.542489051818848,9.013738632202148,10.057095527648926,S1
A2-3,404,ood(0C),06-02-17_17.14 0degC_UDDS_Pan18650PF,12540,3.190485954284668,4.118221759796143,2.9935877323150635,3.952722549438477,4.677614212036133,5.765061378479004,S1
A2-3,404,ood(-10C),06-07-17_08.39 n10degC_HWFET_Pan18650PF,11951,3.4016926288604736,3.870917320251465,2.381418228149414,2.626508474349976,8.346379280090332,9.165337562561035,S1
A2-3,404,ood(-10C),06-07-17_08.39 n10degC_LA92_Pan18650PF,13765,3.662468671798706,4.287502288818359,2.644167900085449,3.038704633712769,8.308347702026367,9.41744613647461,S1
A2-3,404,ood(-10C),06-07-17_08.39 n10degC_UDDS_Pan18650PF,17786,4.724403381347656,5.45925235748291,3.696313142776489,4.2682623863220215,8.852611541748047,9.977977752685549,S1
A2-3,404,ood(-10C),06-07-17_08.39 n10degC_US06_Pan18650PF,9929,1.5720794200897217,1.9235345125198364,1.2001672983169556,1.2750344276428225,4.790685653686523,5.256085395812988,S1
A2-3,404,ood(-10C),06-10-17_11.25 n10degC_Cycle_1_Pan18650PF,5706,6.60512638092041,7.502838134765625,6.451104164123535,7.379073143005371,8.205490112304688,8.886072158813477,S1
A2-3,404,ood(-10C),06-10-17_18.35 n10degC_Cycle_2_Pan18650PF,5654,12.16176986694336,13.133166313171388,12.135697364807127,13.109286308288574,13.866462707519531,15.017999649047852,S1
A2-3,404,ood(-10C),06-11-17_01.39 n10degC_Cycle_3_Pan18650PF,5368,12.64407730102539,13.608417510986328,12.542119026184082,13.512330055236816,16.49686050415039,17.632097244262695,S1
A2-3,404,ood(-10C),06-11-17_08.42 n10degC_Cycle_4_Pan18650PF,5791,5.355126857757568,6.272041320800781,4.935229301452637,5.789258003234863,8.565593719482422,9.754806518554688,S1
A2-3,404,ood(-10C),06-14-17_13.12 n10degC_NN_Pan18650PF,4939,11.515380859375,12.498655319213867,11.487773895263672,12.470505714416504,13.074525833129885,14.351198196411133,S1
A2-3,404,ood(-20C),06-23-17_23.35 n20degC_HWFET_Pan18650PF,11042,1.3390394449234009,1.7893332242965698,0.9279404282569884,1.2758890390396118,4.958640575408936,6.092957496643066,S1
A2-3,404,ood(-20C),06-23-17_23.35 n20degC_LA92_Pan18650PF,12521,1.699766755104065,2.3038923740386963,1.2532685995101929,1.7169231176376345,5.283014297485352,6.45749044418335,S1
A2-3,404,ood(-20C),06-23-17_23.35 n20degC_NN_Pan18650PF,11350,1.1017630100250244,1.2528926134109497,0.8814716339111328,0.7701700329780579,3.7301185131073,5.154851913452148,S1
A2-3,404,ood(-20C),06-23-17_23.35 n20degC_UDDS_Pan18650PF,15753,5.160928726196289,5.886681079864502,3.931597948074341,4.47695779800415,10.603472709655762,11.49571418762207,S1
A2-3,404,ood(-20C),06-24-17_04.29 n20degC_Cycle_1_Pan18650PF,4752,17.6080379486084,18.572420120239254,17.551179885864258,18.5174560546875,20.16110610961914,21.343276977539062,S1
A2-3,404,ood(-20C),06-24-17_11.58 n20degC_Cycle_2_Pan18650PF,4718,16.20331382751465,17.171703338623047,16.175241470336914,17.14518928527832,19.785266876220703,20.26478385925293,S1
A2-3,404,ood(-20C),06-24-17_19.29 n20degC_Cycle_3_Pan18650PF,4695,16.29913330078125,17.274526596069336,16.251310348510742,17.23017120361328,21.421072006225582,22.66277885437012,S1
A2-3,404,ood(-20C),06-25-17_03.01 n20degC_Cycle_4_Pan18650PF,4715,13.217724800109863,14.222743034362791,13.189414978027344,14.19015121459961,15.192038536071776,16.729490280151367,S1
A2-3,404,ood(-20C),06-25-17_10.31 n20degC_US06_Pan18650PF,2333,17.03714370727539,18.134300231933597,16.91422462463379,18.019367218017575,20.965356826782227,22.171083450317383,S1
A2-3,505,val(25C),03-21-17_00.29 25degC_UDDS_Pan18650PF,22119,1.5091198682785034,1.012487292289734,1.4729361534118652,0.8771143555641174,2.8923842906951904,3.556795597076416,S1
A2-3,505,test_id(25C),03-18-17_02.17 25degC_Cycle_1_Pan18650PF,10655,0.5577367544174194,0.7057623863220215,0.4274957478046417,0.5890952348709106,2.85761833190918,2.3313775062561035,S1
A2-3,505,test_id(25C),03-19-17_03.25 25degC_Cycle_2_Pan18650PF,10819,0.7980073094367981,0.5941909551620483,0.6773711442947388,0.4124968349933624,3.8061656951904297,2.355761766433716,S1
A2-3,505,test_id(25C),03-19-17_09.07 25degC_Cycle_3_Pan18650PF,9936,0.5716968774795532,0.3874316215515136,0.526796817779541,0.2853113412857055,1.0240869522094729,1.2765471935272217,S1
A2-3,505,test_id(25C),03-19-17_14.31 25degC_Cycle_4_Pan18650PF,11778,0.9032625555992126,0.7226493954658508,0.7918484807014465,0.5059649348258972,3.374241828918457,3.728675127029419,S1
A2-3,505,ood(10C),03-27-17_09.06 10degC_HWFET_Pan18650PF,10263,2.4030654430389404,2.637363910675049,1.952929139137268,2.089334011077881,8.288605690002441,6.958899974822998,S1
A2-3,505,ood(10C),03-27-17_09.06 10degC_LA92_Pan18650PF,15817,1.838112235069275,2.619953155517578,1.6532007455825806,2.2934465408325195,3.1014151573181152,4.510445594787598,S1
A2-3,505,ood(10C),03-27-17_09.06 10degC_NN_Pan18650PF,13750,1.384708285331726,2.1305832862854004,1.2487564086914062,1.8488881587982176,2.603825330734253,4.167263984680176,S1
A2-3,505,ood(10C),03-27-17_09.06 10degC_UDDS_Pan18650PF,24281,0.7483742237091064,1.460707187652588,0.6570649743080139,1.3375924825668335,2.0992648601531982,2.9464268684387207,S1
A2-3,505,ood(10C),03-27-17_09.06 10degC_US06_Pan18650PF,3882,2.582253932952881,3.3789098262786865,2.507454872131348,3.3413572311401367,3.63446307182312,4.818684101104736,S1
A2-3,505,ood(10C),03-28-17_12.51 10degC_Cycle_1_Pan18650PF,9067,1.8653419017791748,2.8392443656921387,1.7895753383636477,2.7835123538970947,2.57422423362732,3.928684711456299,S1
A2-3,505,ood(10C),03-28-17_18.18 10degC_Cycle_2_Pan18650PF,7795,3.0697789192199707,4.026658535003662,3.0289480686187744,3.993548393249512,4.284008502960205,5.4889750480651855,S1
A2-3,505,ood(10C),04-05-17_17.04 10degC_Cycle_3_Pan18650PF,9769,2.631728172302246,3.6128430366516113,2.4990668296813965,3.4942867755889893,6.371574878692627,5.736967086791992,S1
A2-3,505,ood(10C),04-05-17_22.50 10degC_Cycle_4_Pan18650PF,9589,1.091448426246643,2.018449068069458,1.0099141597747805,1.900359869003296,1.8464959859848025,3.267191171646118,S1
A2-3,505,ood(0C),05-30-17_12.56 0degC_Cycle_1_Pan18650PF,8487,4.934931755065918,5.602787971496582,4.733814239501953,5.128791332244873,7.470005512237549,8.294596672058105,S1
A2-3,505,ood(0C),05-30-17_20.16 0degC_Cycle_2_Pan18650PF,8060,5.283172130584717,6.032439708709717,4.996809482574463,5.531469821929932,9.116023063659668,10.377326011657717,S1
A2-3,505,ood(0C),06-01-17_10.36 0degC_LA92_Pan18650PF,15077,2.095378875732422,2.9138379096984863,1.7240800857543943,2.3506908416748047,3.831493616104126,5.263427734375,S1
A2-3,505,ood(0C),06-01-17_10.36 0degC_NN_Pan18650PF,13148,1.457082748413086,2.1437833309173584,1.2210693359375,1.7041250467300415,3.2343292236328125,4.679440498352051,S1
A2-3,505,ood(0C),06-01-17_15.36 0degC_Cycle_3_Pan18650PF,5931,6.142489433288574,7.298355579376221,5.865081310272217,6.965911865234375,8.96208667755127,10.402496337890623,S1
A2-3,505,ood(0C),06-01-17_22.03 0degC_Cycle_4_Pan18650PF,7389,3.171359062194824,4.328588485717773,3.049534559249878,4.224320411682129,4.093801021575928,5.544158458709717,S1
A2-3,505,ood(0C),06-02-17_04.58 0degC_US06_Pan18650PF,3344,6.671102523803711,7.737410068511963,6.200530529022217,7.157009124755859,8.390694618225098,9.8783540725708,S1
A2-3,505,ood(0C),06-02-17_10.43 0degC_HWFET_Pan18650PF,5670,7.212000370025635,8.195367813110352,6.990440368652344,7.953157901763916,9.013738632202148,10.456811904907228,S1
A2-3,505,ood(0C),06-02-17_17.14 0degC_UDDS_Pan18650PF,12540,3.190485954284668,4.430716514587402,2.9935877323150635,4.282819747924805,4.677614212036133,6.119950294494629,S1
A2-3,505,ood(-10C),06-07-17_08.39 n10degC_HWFET_Pan18650PF,11951,3.4016926288604736,4.088700771331787,2.381418228149414,2.9151439666748047,8.346379280090332,9.630364418029783,S1
A2-3,505,ood(-10C),06-07-17_08.39 n10degC_LA92_Pan18650PF,13765,3.662468671798706,4.480062007904053,2.644167900085449,3.2987871170043945,8.308347702026367,9.859002113342283,S1
A2-3,505,ood(-10C),06-07-17_08.39 n10degC_UDDS_Pan18650PF,17786,4.724403381347656,5.734981060028076,3.696313142776489,4.5789794921875,8.852611541748047,10.541550636291504,S1
A2-3,505,ood(-10C),06-07-17_08.39 n10degC_US06_Pan18650PF,9929,1.5720794200897217,2.0148000717163086,1.2001672983169556,1.4945474863052368,4.790685653686523,5.789137840270996,S1
A2-3,505,ood(-10C),06-10-17_11.25 n10degC_Cycle_1_Pan18650PF,5706,6.60512638092041,7.846697330474853,6.451104164123535,7.711147785186768,8.205490112304688,9.35808277130127,S1
A2-3,505,ood(-10C),06-10-17_18.35 n10degC_Cycle_2_Pan18650PF,5654,12.16176986694336,13.528989791870115,12.135697364807127,13.50591278076172,13.866462707519531,15.206154823303224,S1
A2-3,505,ood(-10C),06-11-17_01.39 n10degC_Cycle_3_Pan18650PF,5368,12.64407730102539,13.983331680297852,12.542119026184082,13.888517379760742,16.49686050415039,17.91095542907715,S1
A2-3,505,ood(-10C),06-11-17_08.42 n10degC_Cycle_4_Pan18650PF,5791,5.355126857757568,6.532215595245361,4.935229301452637,6.035909175872803,8.565593719482422,9.989381790161133,S1
A2-3,505,ood(-10C),06-14-17_13.12 n10degC_NN_Pan18650PF,4939,11.515380859375,12.87633991241455,11.487773895263672,12.848688125610352,13.074525833129885,14.655630111694336,S1
A2-3,505,ood(-20C),06-23-17_23.35 n20degC_HWFET_Pan18650PF,11042,1.3390394449234009,1.9696625471115112,0.9279404282569884,1.5985089540481567,4.958640575408936,6.634317398071289,S1
A2-3,505,ood(-20C),06-23-17_23.35 n20degC_LA92_Pan18650PF,12521,1.699766755104065,2.5068273544311523,1.2532685995101929,2.048823833465576,5.283014297485352,6.690423488616943,S1
A2-3,505,ood(-20C),06-23-17_23.35 n20degC_NN_Pan18650PF,11350,1.1017630100250244,1.4873896837234497,0.8814716339111328,1.0954307317733765,3.7301185131073,5.396709442138672,S1
A2-3,505,ood(-20C),06-23-17_23.35 n20degC_UDDS_Pan18650PF,15753,5.160928726196289,6.142245769500732,3.931597948074341,4.837391376495361,10.603472709655762,11.928118705749512,S1
A2-3,505,ood(-20C),06-24-17_04.29 n20degC_Cycle_1_Pan18650PF,4752,17.6080379486084,18.938371658325195,17.551179885864258,18.88479232788086,20.16110610961914,21.671592712402344,S1
A2-3,505,ood(-20C),06-24-17_11.58 n20degC_Cycle_2_Pan18650PF,4718,16.20331382751465,17.60675621032715,16.175241470336914,17.57948875427246,19.785266876220703,20.968914031982425,S1
A2-3,505,ood(-20C),06-24-17_19.29 n20degC_Cycle_3_Pan18650PF,4695,16.29913330078125,17.645986557006836,16.251310348510742,17.599903106689453,21.421072006225582,23.004636764526367,S1
A2-3,505,ood(-20C),06-25-17_03.01 n20degC_Cycle_4_Pan18650PF,4715,13.217724800109863,14.558457374572754,13.189414978027344,14.527227401733398,15.192038536071776,16.93332290649414,S1
A2-3,505,ood(-20C),06-25-17_10.31 n20degC_US06_Pan18650PF,2333,17.03714370727539,18.367979049682617,16.91422462463379,18.25987243652344,20.965356826782227,22.228906631469727,S1
A2-3,606,val(25C),03-21-17_00.29 25degC_UDDS_Pan18650PF,22119,1.5091198682785034,1.1114741563796997,1.4729361534118652,0.982554256916046,2.8923842906951904,3.853688716888428,S1
A2-3,606,test_id(25C),03-18-17_02.17 25degC_Cycle_1_Pan18650PF,10655,0.5577367544174194,0.6978557109832764,0.4274957478046417,0.5784409046173096,2.85761833190918,2.2283618450164795,S1
A2-3,606,test_id(25C),03-19-17_03.25 25degC_Cycle_2_Pan18650PF,10819,0.7980073094367981,0.6488006114959717,0.6773711442947388,0.4605240523815155,3.8061656951904297,2.985214710235596,S1
A2-3,606,test_id(25C),03-19-17_09.07 25degC_Cycle_3_Pan18650PF,9936,0.5716968774795532,0.402316004037857,0.526796817779541,0.2947175502777099,1.0240869522094729,1.379577875137329,S1
A2-3,606,test_id(25C),03-19-17_14.31 25degC_Cycle_4_Pan18650PF,11778,0.9032625555992126,0.6406927108764648,0.7918484807014465,0.4903755486011505,3.374241828918457,2.638814687728882,S1
A2-3,606,ood(10C),03-27-17_09.06 10degC_HWFET_Pan18650PF,10263,2.4030654430389404,2.567364454269409,1.952929139137268,2.0494604110717773,8.288605690002441,6.422259330749512,S1
A2-3,606,ood(10C),03-27-17_09.06 10degC_LA92_Pan18650PF,15817,1.838112235069275,2.5437169075012207,1.6532007455825806,2.2329885959625244,3.1014151573181152,4.011369228363037,S1
A2-3,606,ood(10C),03-27-17_09.06 10degC_NN_Pan18650PF,13750,1.384708285331726,2.012358427047729,1.2487564086914062,1.759294033050537,2.603825330734253,3.541501760482788,S1
A2-3,606,ood(10C),03-27-17_09.06 10degC_UDDS_Pan18650PF,24281,0.7483742237091064,1.3585546016693115,0.6570649743080139,1.2563166618347168,2.0992648601531982,2.524730920791626,S1
A2-3,606,ood(10C),03-27-17_09.06 10degC_US06_Pan18650PF,3882,2.582253932952881,3.2607991695404053,2.507454872131348,3.228896141052246,3.63446307182312,4.4271745681762695,S1
A2-3,606,ood(10C),03-28-17_12.51 10degC_Cycle_1_Pan18650PF,9067,1.8653419017791748,2.729588270187378,1.7895753383636477,2.687278509140014,2.57422423362732,3.5740582942962646,S1
A2-3,606,ood(10C),03-28-17_18.18 10degC_Cycle_2_Pan18650PF,7795,3.0697789192199707,3.950472593307495,3.0289480686187744,3.924983739852905,4.284008502960205,5.529140472412109,S1
A2-3,606,ood(10C),04-05-17_17.04 10degC_Cycle_3_Pan18650PF,9769,2.631728172302246,3.4542808532714844,2.4990668296813965,3.340136766433716,6.371574878692627,5.6060285568237305,S1
A2-3,606,ood(10C),04-05-17_22.50 10degC_Cycle_4_Pan18650PF,9589,1.091448426246643,1.9239264726638796,1.0099141597747805,1.8041043281555176,1.8464959859848025,2.869447946548462,S1
A2-3,606,ood(0C),05-30-17_12.56 0degC_Cycle_1_Pan18650PF,8487,4.934931755065918,5.383419513702393,4.733814239501953,4.97928524017334,7.470005512237549,8.24232292175293,S1
A2-3,606,ood(0C),05-30-17_20.16 0degC_Cycle_2_Pan18650PF,8060,5.283172130584717,5.770722389221191,4.996809482574463,5.29204797744751,9.116023063659668,10.391427040100098,S1
A2-3,606,ood(0C),06-01-17_10.36 0degC_LA92_Pan18650PF,15077,2.095378875732422,2.693474531173706,1.7240800857543943,2.173755407333374,3.831493616104126,4.637251853942871,S1
A2-3,606,ood(0C),06-01-17_10.36 0degC_NN_Pan18650PF,13148,1.457082748413086,1.941206932067871,1.2210693359375,1.5415643453598022,3.2343292236328125,3.958017349243164,S1
A2-3,606,ood(0C),06-01-17_15.36 0degC_Cycle_3_Pan18650PF,5931,6.142489433288574,7.025745391845703,5.865081310272217,6.705177307128906,8.96208667755127,10.066202163696287,S1
A2-3,606,ood(0C),06-01-17_22.03 0degC_Cycle_4_Pan18650PF,7389,3.171359062194824,4.064868927001953,3.049534559249878,3.93979549407959,4.093801021575928,5.375797271728516,S1
A2-3,606,ood(0C),06-02-17_04.58 0degC_US06_Pan18650PF,3344,6.671102523803711,7.416893482208252,6.200530529022217,6.85013484954834,8.390694618225098,9.505212783813477,S1
A2-3,606,ood(0C),06-02-17_10.43 0degC_HWFET_Pan18650PF,5670,7.212000370025635,8.059412002563477,6.990440368652344,7.800180435180664,9.013738632202148,10.300087928771973,S1
A2-3,606,ood(0C),06-02-17_17.14 0degC_UDDS_Pan18650PF,12540,3.190485954284668,4.14371919631958,2.9935877323150635,3.939152717590332,4.677614212036133,5.977140426635742,S1
A2-3,606,ood(-10C),06-07-17_08.39 n10degC_HWFET_Pan18650PF,11951,3.4016926288604736,3.9132964611053462,2.381418228149414,2.7256031036376958,8.346379280090332,9.374217987060549,S1
A2-3,606,ood(-10C),06-07-17_08.39 n10degC_LA92_Pan18650PF,13765,3.662468671798706,4.165990352630615,2.644167900085449,3.0123491287231445,8.308347702026367,9.225921630859377,S1
A2-3,606,ood(-10C),06-07-17_08.39 n10degC_UDDS_Pan18650PF,17786,4.724403381347656,5.359767913818359,3.696313142776489,4.239460468292236,8.852611541748047,9.770214080810549,S1
A2-3,606,ood(-10C),06-07-17_08.39 n10degC_US06_Pan18650PF,9929,1.5720794200897217,1.870966911315918,1.2001672983169556,1.3169090747833252,4.790685653686523,5.50877571105957,S1
A2-3,606,ood(-10C),06-10-17_11.25 n10degC_Cycle_1_Pan18650PF,5706,6.60512638092041,7.452363014221191,6.451104164123535,7.332866668701172,8.205490112304688,9.352904319763184,S1
A2-3,606,ood(-10C),06-10-17_18.35 n10degC_Cycle_2_Pan18650PF,5654,12.16176986694336,13.027192115783691,12.135697364807127,12.998291969299316,13.866462707519531,15.047440528869627,S1
A2-3,606,ood(-10C),06-11-17_01.39 n10degC_Cycle_3_Pan18650PF,5368,12.64407730102539,13.51870822906494,12.542119026184082,13.413357734680176,16.49686050415039,17.513124465942383,S1
A2-3,606,ood(-10C),06-11-17_08.42 n10degC_Cycle_4_Pan18650PF,5791,5.355126857757568,6.096036911010742,4.935229301452637,5.648856163024902,8.565593719482422,9.32051944732666,S1
A2-3,606,ood(-10C),06-14-17_13.12 n10degC_NN_Pan18650PF,4939,11.515380859375,12.346976280212402,11.487773895263672,12.312963485717772,13.074525833129885,14.134235382080078,S1
A2-3,606,ood(-20C),06-23-17_23.35 n20degC_HWFET_Pan18650PF,11042,1.3390394449234009,1.7258235216140747,0.9279404282569884,1.252566933631897,4.958640575408936,6.012896537780762,S1
A2-3,606,ood(-20C),06-23-17_23.35 n20degC_LA92_Pan18650PF,12521,1.699766755104065,2.1596853733062744,1.2532685995101929,1.618957757949829,5.283014297485352,6.273610591888428,S1
A2-3,606,ood(-20C),06-23-17_23.35 n20degC_NN_Pan18650PF,11350,1.1017630100250244,1.154269099235535,0.8814716339111328,0.7313623428344727,3.7301185131073,5.074007034301758,S1
A2-3,606,ood(-20C),06-23-17_23.35 n20degC_UDDS_Pan18650PF,15753,5.160928726196289,5.747013092041016,3.931597948074341,4.377053260803223,10.603472709655762,11.381952285766602,S1
A2-3,606,ood(-20C),06-24-17_04.29 n20degC_Cycle_1_Pan18650PF,4752,17.6080379486084,18.424654006958008,17.551179885864258,18.36549568176269,20.16110610961914,21.37960624694824,S1
A2-3,606,ood(-20C),06-24-17_11.58 n20degC_Cycle_2_Pan18650PF,4718,16.20331382751465,16.966737747192383,16.175241470336914,16.94066619873047,19.785266876220703,20.15402603149414,S1
A2-3,606,ood(-20C),06-24-17_19.29 n20degC_Cycle_3_Pan18650PF,4695,16.29913330078125,17.02880096435547,16.251310348510742,16.98659896850586,21.421072006225582,21.943641662597656,S1
A2-3,606,ood(-20C),06-25-17_03.01 n20degC_Cycle_4_Pan18650PF,4715,13.217724800109863,14.023945808410645,13.189414978027344,13.99151611328125,15.192038536071776,16.240703582763672,S1
A2-3,606,ood(-20C),06-25-17_10.31 n20degC_US06_Pan18650PF,2333,17.03714370727539,17.775665283203125,16.91422462463379,17.667163848876953,20.965356826782227,21.67667579650879,S1
A2-3,707,val(25C),03-21-17_00.29 25degC_UDDS_Pan18650PF,22119,1.5091198682785034,1.0450637340545654,1.4729361534118652,0.9022849202156068,2.8923842906951904,3.3647117614746094,S1
A2-3,707,test_id(25C),03-18-17_02.17 25degC_Cycle_1_Pan18650PF,10655,0.5577367544174194,0.7049810290336609,0.4274957478046417,0.5792997479438782,2.85761833190918,2.0145134925842285,S1
A2-3,707,test_id(25C),03-19-17_03.25 25degC_Cycle_2_Pan18650PF,10819,0.7980073094367981,0.6218730807304382,0.6773711442947388,0.4113120436668396,3.8061656951904297,2.99834942817688,S1
A2-3,707,test_id(25C),03-19-17_09.07 25degC_Cycle_3_Pan18650PF,9936,0.5716968774795532,0.4286949336528778,0.526796817779541,0.2981415390968323,1.0240869522094729,1.7384952306747437,S1
A2-3,707,test_id(25C),03-19-17_14.31 25degC_Cycle_4_Pan18650PF,11778,0.9032625555992126,0.7739139795303345,0.7918484807014465,0.534803032875061,3.374241828918457,4.355128765106201,S1
A2-3,707,ood(10C),03-27-17_09.06 10degC_HWFET_Pan18650PF,10263,2.4030654430389404,2.28505539894104,1.952929139137268,1.7225749492645264,8.288605690002441,6.623204708099365,S1
A2-3,707,ood(10C),03-27-17_09.06 10degC_LA92_Pan18650PF,15817,1.838112235069275,2.552722930908203,1.6532007455825806,2.1863863468170166,3.1014151573181152,4.055108547210693,S1
A2-3,707,ood(10C),03-27-17_09.06 10degC_NN_Pan18650PF,13750,1.384708285331726,2.008840799331665,1.2487564086914062,1.6991270780563354,2.603825330734253,3.590341806411743,S1
A2-3,707,ood(10C),03-27-17_09.06 10degC_UDDS_Pan18650PF,24281,0.7483742237091064,1.3125979900360107,0.6570649743080139,1.172589659690857,2.0992648601531982,3.2484731674194336,S1
A2-3,707,ood(10C),03-27-17_09.06 10degC_US06_Pan18650PF,3882,2.582253932952881,3.302063465118408,2.507454872131348,3.2659242153167725,3.63446307182312,4.489522933959961,S1
A2-3,707,ood(10C),03-28-17_12.51 10degC_Cycle_1_Pan18650PF,9067,1.8653419017791748,2.699615001678467,1.7895753383636477,2.6374943256378174,2.57422423362732,3.564979553222656,S1
A2-3,707,ood(10C),03-28-17_18.18 10degC_Cycle_2_Pan18650PF,7795,3.0697789192199707,3.9069063663482666,3.0289480686187744,3.8693714141845694,4.284008502960205,5.203690528869629,S1
A2-3,707,ood(10C),04-05-17_17.04 10degC_Cycle_3_Pan18650PF,9769,2.631728172302246,3.447449922561645,2.4990668296813965,3.329287052154541,6.371574878692627,5.550675392150879,S1
A2-3,707,ood(10C),04-05-17_22.50 10degC_Cycle_4_Pan18650PF,9589,1.091448426246643,1.8452011346817017,1.0099141597747805,1.7183133363723757,1.8464959859848025,2.7689104080200195,S1
A2-3,707,ood(0C),05-30-17_12.56 0degC_Cycle_1_Pan18650PF,8487,4.934931755065918,5.290512561798096,4.733814239501953,4.946804523468018,7.470005512237549,7.951762199401855,S1
A2-3,707,ood(0C),05-30-17_20.16 0degC_Cycle_2_Pan18650PF,8060,5.283172130584717,5.676045894622803,4.996809482574463,5.221428394317627,9.116023063659668,9.95494556427002,S1
A2-3,707,ood(0C),06-01-17_10.36 0degC_LA92_Pan18650PF,15077,2.095378875732422,2.666115522384644,1.7240800857543943,2.0331690311431885,3.831493616104126,4.621152877807617,S1
A2-3,707,ood(0C),06-01-17_10.36 0degC_NN_Pan18650PF,13148,1.457082748413086,1.9043262004852293,1.2210693359375,1.38213312625885,3.2343292236328125,4.073658466339111,S1
A2-3,707,ood(0C),06-01-17_15.36 0degC_Cycle_3_Pan18650PF,5931,6.142489433288574,6.911132335662842,5.865081310272217,6.569453716278076,8.96208667755127,9.957825660705566,S1
A2-3,707,ood(0C),06-01-17_22.03 0degC_Cycle_4_Pan18650PF,7389,3.171359062194824,3.973311901092529,3.049534559249878,3.8475708961486816,4.093801021575928,5.136111736297607,S1
A2-3,707,ood(0C),06-02-17_04.58 0degC_US06_Pan18650PF,3344,6.671102523803711,7.42881441116333,6.200530529022217,6.858291149139404,8.390694618225098,9.368084907531738,S1
A2-3,707,ood(0C),06-02-17_10.43 0degC_HWFET_Pan18650PF,5670,7.212000370025635,7.474980354309082,6.990440368652344,7.179342269897461,9.013738632202148,9.964762687683104,S1
A2-3,707,ood(0C),06-02-17_17.14 0degC_UDDS_Pan18650PF,12540,3.190485954284668,4.0603132247924805,2.9935877323150635,3.88598108291626,4.677614212036133,5.712995529174805,S1
A2-3,707,ood(-10C),06-07-17_08.39 n10degC_HWFET_Pan18650PF,11951,3.4016926288604736,3.5966238975524902,2.381418228149414,2.366351842880249,8.346379280090332,8.801827430725098,S1
A2-3,707,ood(-10C),06-07-17_08.39 n10degC_LA92_Pan18650PF,13765,3.662468671798706,4.12175989151001,2.644167900085449,2.8359017372131348,8.308347702026367,9.057191848754885,S1
A2-3,707,ood(-10C),06-07-17_08.39 n10degC_UDDS_Pan18650PF,17786,4.724403381347656,5.309060096740723,3.696313142776489,4.087532997131348,8.852611541748047,9.686685562133787,S1
A2-3,707,ood(-10C),06-07-17_08.39 n10degC_US06_Pan18650PF,9929,1.5720794200897217,1.7987898588180542,1.2001672983169556,1.1147594451904297,4.790685653686523,5.125011444091797,S1
A2-3,707,ood(-10C),06-10-17_11.25 n10degC_Cycle_1_Pan18650PF,5706,6.60512638092041,7.274203777313232,6.451104164123535,7.135661602020264,8.205490112304688,8.643265724182129,S1
A2-3,707,ood(-10C),06-10-17_18.35 n10degC_Cycle_2_Pan18650PF,5654,12.16176986694336,12.926947593688965,12.135697364807127,12.898550987243652,13.866462707519531,14.738612174987791,S1
A2-3,707,ood(-10C),06-11-17_01.39 n10degC_Cycle_3_Pan18650PF,5368,12.64407730102539,13.401724815368652,12.542119026184082,13.293594360351562,16.49686050415039,17.389354705810547,S1
A2-3,707,ood(-10C),06-11-17_08.42 n10degC_Cycle_4_Pan18650PF,5791,5.355126857757568,6.009821891784668,4.935229301452637,5.5501627922058105,8.565593719482422,9.100974082946776,S1
A2-3,707,ood(-10C),06-14-17_13.12 n10degC_NN_Pan18650PF,4939,11.515380859375,12.320493698120115,11.487773895263672,12.286979675292969,13.074525833129885,13.991504669189451,S1
A2-3,707,ood(-20C),06-23-17_23.35 n20degC_HWFET_Pan18650PF,11042,1.3390394449234009,1.4966126680374146,0.9279404282569884,0.9858522415161132,4.958640575408936,5.48984956741333,S1
A2-3,707,ood(-20C),06-23-17_23.35 n20degC_LA92_Pan18650PF,12521,1.699766755104065,2.0689523220062256,1.2532685995101929,1.4664924144744873,5.283014297485352,5.843879222869873,S1
A2-3,707,ood(-20C),06-23-17_23.35 n20degC_NN_Pan18650PF,11350,1.1017630100250244,1.1266672611236572,0.8814716339111328,0.6325526237487793,3.7301185131073,4.309648513793945,S1
A2-3,707,ood(-20C),06-23-17_23.35 n20degC_UDDS_Pan18650PF,15753,5.160928726196289,5.648531436920166,3.931597948074341,4.230953693389893,10.603472709655762,10.676555633544922,S1
A2-3,707,ood(-20C),06-24-17_04.29 n20degC_Cycle_1_Pan18650PF,4752,17.6080379486084,18.265295028686523,17.551179885864258,18.2053337097168,20.16110610961914,21.02245712280273,S1
A2-3,707,ood(-20C),06-24-17_11.58 n20degC_Cycle_2_Pan18650PF,4718,16.20331382751465,16.847434997558594,16.175241470336914,16.821603775024414,19.785266876220703,19.81511116027832,S1
A2-3,707,ood(-20C),06-24-17_19.29 n20degC_Cycle_3_Pan18650PF,4695,16.29913330078125,16.907899856567383,16.251310348510742,16.86077308654785,21.421072006225582,22.29794692993164,S1
A2-3,707,ood(-20C),06-25-17_03.01 n20degC_Cycle_4_Pan18650PF,4715,13.217724800109863,13.853038787841797,13.189414978027344,13.80819034576416,15.192038536071776,16.10384178161621,S1
A2-3,707,ood(-20C),06-25-17_10.31 n20degC_US06_Pan18650PF,2333,17.03714370727539,17.73346519470215,16.91422462463379,17.625652313232422,20.965356826782227,21.390060424804688,S1
A2-4,7,val(25C),03-21-17_00.29 25degC_UDDS_Pan18650PF,22119,1.5091198682785034,1.1775212287902832,1.4729361534118652,1.0350416898727417,2.8923842906951904,3.64750075340271,S1
A2-4,7,test_id(25C),03-18-17_02.17 25degC_Cycle_1_Pan18650PF,10655,0.5577367544174194,0.6755643486976624,0.4274957478046417,0.5631387829780579,2.85761833190918,1.5230046510696411,S1
A2-4,7,test_id(25C),03-19-17_03.25 25degC_Cycle_2_Pan18650PF,10819,0.7980073094367981,0.6781968474388123,0.6773711442947388,0.4795993864536285,3.8061656951904297,2.168020725250244,S1
A2-4,7,test_id(25C),03-19-17_09.07 25degC_Cycle_3_Pan18650PF,9936,0.5716968774795532,0.4027836918830871,0.526796817779541,0.2833432257175445,1.0240869522094729,1.397651195526123,S1
A2-4,7,test_id(25C),03-19-17_14.31 25degC_Cycle_4_Pan18650PF,11778,0.9032625555992126,0.7624235153198242,0.7918484807014465,0.5397354364395142,3.374241828918457,3.122924327850342,S1
A2-4,7,ood(10C),03-27-17_09.06 10degC_HWFET_Pan18650PF,10263,2.4030654430389404,2.130117893218994,1.952929139137268,1.6060711145401,8.288605690002441,4.790094375610352,S1
A2-4,7,ood(10C),03-27-17_09.06 10degC_LA92_Pan18650PF,15817,1.838112235069275,2.247648239135742,1.6532007455825806,1.9224621057510376,3.1014151573181152,3.996224403381348,S1
A2-4,7,ood(10C),03-27-17_09.06 10degC_NN_Pan18650PF,13750,1.384708285331726,1.641517162322998,1.2487564086914062,1.3722176551818848,2.603825330734253,3.408405303955078,S1
A2-4,7,ood(10C),03-27-17_09.06 10degC_UDDS_Pan18650PF,24281,0.7483742237091064,0.948588252067566,0.6570649743080139,0.8395072221755981,2.0992648601531982,2.5995445251464844,S1
A2-4,7,ood(10C),03-27-17_09.06 10degC_US06_Pan18650PF,3882,2.582253932952881,2.992436647415161,2.507454872131348,2.951420307159424,3.63446307182312,4.351114273071289,S1
A2-4,7,ood(10C),03-28-17_12.51 10degC_Cycle_1_Pan18650PF,9067,1.8653419017791748,2.3646819591522217,1.7895753383636477,2.289919137954712,2.57422423362732,3.33438777923584,S1
A2-4,7,ood(10C),03-28-17_18.18 10degC_Cycle_2_Pan18650PF,7795,3.0697789192199707,3.519416570663452,3.0289480686187744,3.4665069580078125,4.284008502960205,5.015634059906006,S1
A2-4,7,ood(10C),04-05-17_17.04 10degC_Cycle_3_Pan18650PF,9769,2.631728172302246,3.075120687484741,2.4990668296813965,2.946189641952514,6.371574878692627,5.415164947509766,S1
A2-4,7,ood(10C),04-05-17_22.50 10degC_Cycle_4_Pan18650PF,9589,1.091448426246643,1.534185528755188,1.0099141597747805,1.4045343399047852,1.8464959859848025,2.770425796508789,S1
A2-4,7,ood(0C),05-30-17_12.56 0degC_Cycle_1_Pan18650PF,8487,4.934931755065918,4.779061794281006,4.733814239501953,4.33637285232544,7.470005512237549,7.673060417175293,S1
A2-4,7,ood(0C),05-30-17_20.16 0degC_Cycle_2_Pan18650PF,8060,5.283172130584717,5.192893505096436,4.996809482574463,4.736886501312256,9.116023063659668,9.850865364074709,S1
A2-4,7,ood(0C),06-01-17_10.36 0degC_LA92_Pan18650PF,15077,2.095378875732422,2.3080925941467285,1.7240800857543943,1.7454543113708496,3.831493616104126,4.451730728149414,S1
A2-4,7,ood(0C),06-01-17_10.36 0degC_NN_Pan18650PF,13148,1.457082748413086,1.492580533027649,1.2210693359375,1.0625251531600952,3.2343292236328125,3.968404293060303,S1
A2-4,7,ood(0C),06-01-17_15.36 0degC_Cycle_3_Pan18650PF,5931,6.142489433288574,6.401724815368652,5.865081310272217,6.066973209381104,8.96208667755127,9.913264274597168,S1
A2-4,7,ood(0C),06-01-17_22.03 0degC_Cycle_4_Pan18650PF,7389,3.171359062194824,3.5141000747680664,3.049534559249878,3.3755133152008057,4.093801021575928,4.976065635681152,S1
A2-4,7,ood(0C),06-02-17_04.58 0degC_US06_Pan18650PF,3344,6.671102523803711,7.033109188079834,6.200530529022217,6.511949062347412,8.390694618225098,9.29467487335205,S1
A2-4,7,ood(0C),06-02-17_10.43 0degC_HWFET_Pan18650PF,5670,7.212000370025635,7.273163795471191,6.990440368652344,7.02112340927124,9.013738632202148,9.77764892578125,S1
A2-4,7,ood(0C),06-02-17_17.14 0degC_UDDS_Pan18650PF,12540,3.190485954284668,3.529865026473999,2.9935877323150635,3.295027256011963,4.677614212036133,5.588807582855225,S1
A2-4,7,ood(-10C),06-07-17_08.39 n10degC_HWFET_Pan18650PF,11951,3.4016926288604736,3.435152769088745,2.381418228149414,2.196079969406128,8.346379280090332,8.693973541259766,S1
A2-4,7,ood(-10C),06-07-17_08.39 n10degC_LA92_Pan18650PF,13765,3.662468671798706,3.788876533508301,2.644167900085449,2.567519187927246,8.308347702026367,8.857904434204102,S1
A2-4,7,ood(-10C),06-07-17_08.39 n10degC_UDDS_Pan18650PF,17786,4.724403381347656,4.912763595581055,3.696313142776489,3.753962516784668,8.852611541748047,9.56824016571045,S1
A2-4,7,ood(-10C),06-07-17_08.39 n10degC_US06_Pan18650PF,9929,1.5720794200897217,1.5210940837860107,1.2001672983169556,0.8931040167808533,4.790685653686523,4.787276744842529,S1
A2-4,7,ood(-10C),06-10-17_11.25 n10degC_Cycle_1_Pan18650PF,5706,6.60512638092041,6.8388285636901855,6.451104164123535,6.7086100578308105,8.205490112304688,8.589731216430664,S1
A2-4,7,ood(-10C),06-10-17_18.35 n10degC_Cycle_2_Pan18650PF,5654,12.16176986694336,12.43183708190918,12.135697364807127,12.39632797241211,13.866462707519531,14.70347785949707,S1
A2-4,7,ood(-10C),06-11-17_01.39 n10degC_Cycle_3_Pan18650PF,5368,12.64407730102539,12.908958435058594,12.542119026184082,12.799372673034668,16.49686050415039,17.307823181152344,S1
A2-4,7,ood(-10C),06-11-17_08.42 n10degC_Cycle_4_Pan18650PF,5791,5.355126857757568,5.57004976272583,4.935229301452637,5.138953685760498,8.565593719482422,9.162261962890623,S1
A2-4,7,ood(-10C),06-14-17_13.12 n10degC_NN_Pan18650PF,4939,11.515380859375,11.721487045288086,11.487773895263672,11.677945137023926,13.074525833129885,13.991494178771973,S1
A2-4,7,ood(-20C),06-23-17_23.35 n20degC_HWFET_Pan18650PF,11042,1.3390394449234009,1.3498181104660034,0.9279404282569884,0.8671659231185913,4.958640575408936,5.1694769859313965,S1
A2-4,7,ood(-20C),06-23-17_23.35 n20degC_LA92_Pan18650PF,12521,1.699766755104065,1.8095203638076784,1.2532685995101929,1.2691967487335205,5.283014297485352,5.593924045562744,S1
A2-4,7,ood(-20C),06-23-17_23.35 n20degC_NN_Pan18650PF,11350,1.1017630100250244,0.9349517822265624,0.8814716339111328,0.5889767408370972,3.7301185131073,4.019895076751709,S1
A2-4,7,ood(-20C),06-23-17_23.35 n20degC_UDDS_Pan18650PF,15753,5.160928726196289,5.381579875946045,3.931597948074341,4.011348724365234,10.603472709655762,10.87822437286377,S1
A2-4,7,ood(-20C),06-24-17_04.29 n20degC_Cycle_1_Pan18650PF,4752,17.6080379486084,17.868955612182617,17.551179885864258,17.796777725219727,20.16110610961914,20.860897064208984,S1
A2-4,7,ood(-20C),06-24-17_11.58 n20degC_Cycle_2_Pan18650PF,4718,16.20331382751465,16.454631805419922,16.175241470336914,16.4247989654541,19.785266876220703,19.92467498779297,S1
A2-4,7,ood(-20C),06-24-17_19.29 n20degC_Cycle_3_Pan18650PF,4695,16.29913330078125,16.517568588256836,16.251310348510742,16.47350311279297,21.421072006225582,20.588499069213867,S1
A2-4,7,ood(-20C),06-25-17_03.01 n20degC_Cycle_4_Pan18650PF,4715,13.217724800109863,13.529329299926758,13.189414978027344,13.478418350219728,15.192038536071776,16.052288055419922,S1
A2-4,7,ood(-20C),06-25-17_10.31 n20degC_US06_Pan18650PF,2333,17.03714370727539,17.240116119384766,16.91422462463379,17.131372451782227,20.965356826782227,21.265106201171875,S1
A2-4,13,val(25C),03-21-17_00.29 25degC_UDDS_Pan18650PF,22119,1.5091198682785034,0.9901717901229858,1.4729361534118652,0.8693775534629822,2.8923842906951904,3.7219371795654297,S1
A2-4,13,test_id(25C),03-18-17_02.17 25degC_Cycle_1_Pan18650PF,10655,0.5577367544174194,0.7404811978340149,0.4274957478046417,0.625417172908783,2.85761833190918,1.928368091583252,S1
A2-4,13,test_id(25C),03-19-17_03.25 25degC_Cycle_2_Pan18650PF,10819,0.7980073094367981,0.6634103655815125,0.6773711442947388,0.4403321146965027,3.8061656951904297,3.730210781097412,S1
A2-4,13,test_id(25C),03-19-17_09.07 25degC_Cycle_3_Pan18650PF,9936,0.5716968774795532,0.457560271024704,0.526796817779541,0.3411528468132019,1.0240869522094729,1.5867027044296265,S1
A2-4,13,test_id(25C),03-19-17_14.31 25degC_Cycle_4_Pan18650PF,11778,0.9032625555992126,0.6547514200210571,0.7918484807014465,0.4684049189090729,3.374241828918457,3.569308280944824,S1
A2-4,13,ood(10C),03-27-17_09.06 10degC_HWFET_Pan18650PF,10263,2.4030654430389404,2.771921873092652,1.952929139137268,2.1425178050994877,8.288605690002441,8.327802658081055,S1
A2-4,13,ood(10C),03-27-17_09.06 10degC_LA92_Pan18650PF,15817,1.838112235069275,2.626758098602295,1.6532007455825806,2.2869341373443604,3.1014151573181152,4.521690845489502,S1
A2-4,13,ood(10C),03-27-17_09.06 10degC_NN_Pan18650PF,13750,1.384708285331726,2.141421318054199,1.2487564086914062,1.84699547290802,2.603825330734253,4.004946231842041,S1
A2-4,13,ood(10C),03-27-17_09.06 10degC_UDDS_Pan18650PF,24281,0.7483742237091064,1.4012973308563232,0.6570649743080139,1.2641847133636477,2.0992648601531982,3.596399068832397,S1
A2-4,13,ood(10C),03-27-17_09.06 10degC_US06_Pan18650PF,3882,2.582253932952881,3.5140748023986816,2.507454872131348,3.455519914627075,3.63446307182312,4.798709869384766,S1
A2-4,13,ood(10C),03-28-17_12.51 10degC_Cycle_1_Pan18650PF,9067,1.8653419017791748,2.8093960285186768,1.7895753383636477,2.739572048187256,2.57422423362732,3.867387294769287,S1
A2-4,13,ood(10C),03-28-17_18.18 10degC_Cycle_2_Pan18650PF,7795,3.0697789192199707,4.018069744110107,3.0289480686187744,3.9740262031555176,4.284008502960205,5.367948532104492,S1
A2-4,13,ood(10C),04-05-17_17.04 10degC_Cycle_3_Pan18650PF,9769,2.631728172302246,3.564920663833618,2.4990668296813965,3.4129557609558105,6.371574878692627,6.374212741851807,S1
A2-4,13,ood(10C),04-05-17_22.50 10degC_Cycle_4_Pan18650PF,9589,1.091448426246643,1.9866191148757932,1.0099141597747805,1.8838956356048584,1.8464959859848025,3.0836634635925293,S1
A2-4,13,ood(0C),05-30-17_12.56 0degC_Cycle_1_Pan18650PF,8487,4.934931755065918,6.0055251121521,4.733814239501953,5.839727878570557,7.470005512237549,9.717103958129885,S1
A2-4,13,ood(0C),05-30-17_20.16 0degC_Cycle_2_Pan18650PF,8060,5.283172130584717,6.293574810028076,4.996809482574463,5.985494613647461,9.116023063659668,10.122715950012209,S1
A2-4,13,ood(0C),06-01-17_10.36 0degC_LA92_Pan18650PF,15077,2.095378875732422,2.7937583923339844,1.7240800857543943,2.1900854110717773,3.831493616104126,5.303540229797363,S1
A2-4,13,ood(0C),06-01-17_10.36 0degC_NN_Pan18650PF,13148,1.457082748413086,2.0191874504089355,1.2210693359375,1.5365339517593384,3.2343292236328125,4.647078514099121,S1
A2-4,13,ood(0C),06-01-17_15.36 0degC_Cycle_3_Pan18650PF,5931,6.142489433288574,6.928221225738525,5.865081310272217,6.581037998199463,8.96208667755127,10.260189056396484,S1
A2-4,13,ood(0C),06-01-17_22.03 0degC_Cycle_4_Pan18650PF,7389,3.171359062194824,4.141376495361328,3.049534559249878,4.055291652679443,4.093801021575928,5.435712814331055,S1
A2-4,13,ood(0C),06-02-17_04.58 0degC_US06_Pan18650PF,3344,6.671102523803711,7.617547512054443,6.200530529022217,7.068537712097168,8.390694618225098,9.606576919555664,S1
A2-4,13,ood(0C),06-02-17_10.43 0degC_HWFET_Pan18650PF,5670,7.212000370025635,7.967679023742676,6.990440368652344,7.802376747131348,9.013738632202148,10.097774505615234,S1
A2-4,13,ood(0C),06-02-17_17.14 0degC_UDDS_Pan18650PF,12540,3.190485954284668,4.138482570648193,2.9935877323150635,3.989156246185303,4.677614212036133,6.043257236480713,S1
A2-4,13,ood(-10C),06-07-17_08.39 n10degC_HWFET_Pan18650PF,11951,3.4016926288604736,3.936998844146729,2.381418228149414,2.6615538597106934,8.346379280090332,9.654586791992188,S1
A2-4,13,ood(-10C),06-07-17_08.39 n10degC_LA92_Pan18650PF,13765,3.662468671798706,4.29966926574707,2.644167900085449,3.0474133491516118,8.308347702026367,9.833674430847168,S1
A2-4,13,ood(-10C),06-07-17_08.39 n10degC_UDDS_Pan18650PF,17786,4.724403381347656,5.440216541290283,3.696313142776489,4.257856369018555,8.852611541748047,10.239018440246582,S1
A2-4,13,ood(-10C),06-07-17_08.39 n10degC_US06_Pan18650PF,9929,1.5720794200897217,2.0222413539886475,1.2001672983169556,1.328181266784668,4.790685653686523,5.926285743713379,S1
A2-4,13,ood(-10C),06-10-17_11.25 n10degC_Cycle_1_Pan18650PF,5706,6.60512638092041,7.559628963470459,6.451104164123535,7.425004959106445,8.205490112304688,9.37834358215332,S1
A2-4,13,ood(-10C),06-10-17_18.35 n10degC_Cycle_2_Pan18650PF,5654,12.16176986694336,13.109742164611816,12.135697364807127,13.084684371948242,13.866462707519531,15.033610343933104,S1
A2-4,13,ood(-10C),06-11-17_01.39 n10degC_Cycle_3_Pan18650PF,5368,12.64407730102539,13.565789222717283,12.542119026184082,13.479100227355955,16.49686050415039,17.452104568481445,S1
A2-4,13,ood(-10C),06-11-17_08.42 n10degC_Cycle_4_Pan18650PF,5791,5.355126857757568,6.24389123916626,4.935229301452637,5.753353595733643,8.565593719482422,10.131741523742676,S1
A2-4,13,ood(-10C),06-14-17_13.12 n10degC_NN_Pan18650PF,4939,11.515380859375,12.47385597229004,11.487773895263672,12.445000648498535,13.074525833129885,14.156209945678713,S1
A2-4,13,ood(-20C),06-23-17_23.35 n20degC_HWFET_Pan18650PF,11042,1.3390394449234009,1.7690181732177734,0.9279404282569884,1.3048830032348633,4.958640575408936,6.2516045570373535,S1
A2-4,13,ood(-20C),06-23-17_23.35 n20degC_LA92_Pan18650PF,12521,1.699766755104065,2.2688746452331543,1.2532685995101929,1.7232577800750732,5.283014297485352,6.799324989318848,S1
A2-4,13,ood(-20C),06-23-17_23.35 n20degC_NN_Pan18650PF,11350,1.1017630100250244,1.1960879564285278,0.8814716339111328,0.786018967628479,3.7301185131073,4.747034549713135,S1
A2-4,13,ood(-20C),06-23-17_23.35 n20degC_UDDS_Pan18650PF,15753,5.160928726196289,5.848948955535889,3.931597948074341,4.478195190429688,10.603472709655762,12.104259490966797,S1
A2-4,13,ood(-20C),06-24-17_04.29 n20degC_Cycle_1_Pan18650PF,4752,17.6080379486084,18.61932373046875,17.551179885864258,18.55914306640625,20.16110610961914,21.31867027282715,S1
A2-4,13,ood(-20C),06-24-17_11.58 n20degC_Cycle_2_Pan18650PF,4718,16.20331382751465,17.19737434387207,16.175241470336914,17.16195297241211,19.785266876220703,21.06180000305176,S1
A2-4,13,ood(-20C),06-24-17_19.29 n20degC_Cycle_3_Pan18650PF,4695,16.29913330078125,17.300262451171875,16.251310348510742,17.248729705810547,21.421072006225582,22.71636009216309,S1
A2-4,13,ood(-20C),06-25-17_03.01 n20degC_Cycle_4_Pan18650PF,4715,13.217724800109863,14.177284240722656,13.189414978027344,14.13335418701172,15.192038536071776,16.60597801208496,S1
A2-4,13,ood(-20C),06-25-17_10.31 n20degC_US06_Pan18650PF,2333,17.03714370727539,18.04914665222168,16.91422462463379,17.921648025512695,20.965356826782227,22.44639778137207,S1
A2-4,42,val(25C),03-21-17_00.29 25degC_UDDS_Pan18650PF,22119,1.5091198682785034,0.9890623688697816,1.4729361534118652,0.8608538508415222,2.8923842906951904,3.7477426528930655,S1
A2-4,42,test_id(25C),03-18-17_02.17 25degC_Cycle_1_Pan18650PF,10655,0.5577367544174194,0.7223191857337952,0.4274957478046417,0.5929504036903381,2.85761833190918,1.775964379310608,S1
A2-4,42,test_id(25C),03-19-17_03.25 25degC_Cycle_2_Pan18650PF,10819,0.7980073094367981,0.6722112894058228,0.6773711442947388,0.4347752034664154,3.8061656951904297,3.740097522735596,S1
A2-4,42,test_id(25C),03-19-17_09.07 25degC_Cycle_3_Pan18650PF,9936,0.5716968774795532,0.4485629498958587,0.526796817779541,0.3155333697795868,1.0240869522094729,1.6388524770736694,S1
A2-4,42,test_id(25C),03-19-17_14.31 25degC_Cycle_4_Pan18650PF,11778,0.9032625555992126,0.7039220333099365,0.7918484807014465,0.4869824945926666,3.374241828918457,3.480401992797852,S1
A2-4,42,ood(10C),03-27-17_09.06 10degC_HWFET_Pan18650PF,10263,2.4030654430389404,2.835574150085449,1.952929139137268,2.2946646213531494,8.288605690002441,8.932655334472656,S1
A2-4,42,ood(10C),03-27-17_09.06 10degC_LA92_Pan18650PF,15817,1.838112235069275,2.6221837997436523,1.6532007455825806,2.339167833328247,3.1014151573181152,4.587064266204834,S1
A2-4,42,ood(10C),03-27-17_09.06 10degC_NN_Pan18650PF,13750,1.384708285331726,2.118131160736084,1.2487564086914062,1.879810214042664,2.603825330734253,4.095458984375,S1
A2-4,42,ood(10C),03-27-17_09.06 10degC_UDDS_Pan18650PF,24281,0.7483742237091064,1.456414818763733,0.6570649743080139,1.3423525094985962,2.0992648601531982,3.6297688484191895,S1
A2-4,42,ood(10C),03-27-17_09.06 10degC_US06_Pan18650PF,3882,2.582253932952881,3.407428503036499,2.507454872131348,3.3421671390533447,3.63446307182312,4.757107734680176,S1
A2-4,42,ood(10C),03-28-17_12.51 10degC_Cycle_1_Pan18650PF,9067,1.8653419017791748,2.856609344482422,1.7895753383636477,2.785304069519043,2.57422423362732,3.961792469024658,S1
A2-4,42,ood(10C),03-28-17_18.18 10degC_Cycle_2_Pan18650PF,7795,3.0697789192199707,3.986483573913574,3.0289480686187744,3.944543838500977,4.284008502960205,5.636476993560791,S1
A2-4,42,ood(10C),04-05-17_17.04 10degC_Cycle_3_Pan18650PF,9769,2.631728172302246,3.63277268409729,2.4990668296813965,3.4977524280548096,6.371574878692627,7.170479774475098,S1
A2-4,42,ood(10C),04-05-17_22.50 10degC_Cycle_4_Pan18650PF,9589,1.091448426246643,1.989819049835205,1.0099141597747805,1.877579689025879,1.8464959859848025,3.2782459259033203,S1
A2-4,42,ood(0C),05-30-17_12.56 0degC_Cycle_1_Pan18650PF,8487,4.934931755065918,6.155833721160889,4.733814239501953,6.000804901123047,7.470005512237549,9.27712631225586,S1
A2-4,42,ood(0C),05-30-17_20.16 0degC_Cycle_2_Pan18650PF,8060,5.283172130584717,6.41558313369751,4.996809482574463,6.126595973968506,9.116023063659668,10.478887557983398,S1
A2-4,42,ood(0C),06-01-17_10.36 0degC_LA92_Pan18650PF,15077,2.095378875732422,2.908205270767212,1.7240800857543943,2.4515857696533203,3.831493616104126,5.263595104217529,S1
A2-4,42,ood(0C),06-01-17_10.36 0degC_NN_Pan18650PF,13148,1.457082748413086,2.153430700302124,1.2210693359375,1.8212648630142207,3.2343292236328125,4.639145851135254,S1
A2-4,42,ood(0C),06-01-17_15.36 0degC_Cycle_3_Pan18650PF,5931,6.142489433288574,7.022106647491455,5.865081310272217,6.673003673553467,8.96208667755127,10.284669876098633,S1
A2-4,42,ood(0C),06-01-17_22.03 0degC_Cycle_4_Pan18650PF,7389,3.171359062194824,4.336413860321045,3.049534559249878,4.262753486633301,4.093801021575928,5.469860076904297,S1
A2-4,42,ood(0C),06-02-17_04.58 0degC_US06_Pan18650PF,3344,6.671102523803711,7.569835186004639,6.200530529022217,7.042003631591797,8.390694618225098,9.69968605041504,S1
A2-4,42,ood(0C),06-02-17_10.43 0degC_HWFET_Pan18650PF,5670,7.212000370025635,8.297516822814941,6.990440368652344,8.132068634033203,9.013738632202148,10.363978385925291,S1
A2-4,42,ood(0C),06-02-17_17.14 0degC_UDDS_Pan18650PF,12540,3.190485954284668,4.329374313354492,2.9935877323150635,4.187851428985596,4.677614212036133,6.067509651184082,S1
A2-4,42,ood(-10C),06-07-17_08.39 n10degC_HWFET_Pan18650PF,11951,3.4016926288604736,4.1993279457092285,2.381418228149414,3.118807792663574,8.346379280090332,10.105976104736328,S1
A2-4,42,ood(-10C),06-07-17_08.39 n10degC_LA92_Pan18650PF,13765,3.662468671798706,4.472660541534424,2.644167900085449,3.423330545425415,8.308347702026367,9.967568397521973,S1
A2-4,42,ood(-10C),06-07-17_08.39 n10degC_UDDS_Pan18650PF,17786,4.724403381347656,5.657506942749023,3.696313142776489,4.634862899780273,8.852611541748047,10.57941436767578,S1
A2-4,42,ood(-10C),06-07-17_08.39 n10degC_US06_Pan18650PF,9929,1.5720794200897217,2.164349317550659,1.2001672983169556,1.715579390525818,4.790685653686523,6.186039924621582,S1
A2-4,42,ood(-10C),06-10-17_11.25 n10degC_Cycle_1_Pan18650PF,5706,6.60512638092041,7.817204475402832,6.451104164123535,7.687875270843506,8.205490112304688,9.922229766845703,S1
A2-4,42,ood(-10C),06-10-17_18.35 n10degC_Cycle_2_Pan18650PF,5654,12.16176986694336,13.358242988586426,12.135697364807127,13.336161613464355,13.866462707519531,15.110536575317385,S1
A2-4,42,ood(-10C),06-11-17_01.39 n10degC_Cycle_3_Pan18650PF,5368,12.64407730102539,13.757550239562988,12.542119026184082,13.664544105529783,16.49686050415039,17.672237396240234,S1
A2-4,42,ood(-10C),06-11-17_08.42 n10degC_Cycle_4_Pan18650PF,5791,5.355126857757568,6.471121311187744,4.935229301452637,5.972866535186768,8.565593719482422,10.172188758850098,S1
A2-4,42,ood(-10C),06-14-17_13.12 n10degC_NN_Pan18650PF,4939,11.515380859375,12.712081909179688,11.487773895263672,12.681468963623049,13.074525833129885,14.339533805847168,S1
A2-4,42,ood(-20C),06-23-17_23.35 n20degC_HWFET_Pan18650PF,11042,1.3390394449234009,2.1580493450164795,0.9279404282569884,1.8180028200149536,4.958640575408936,6.797362327575684,S1
A2-4,42,ood(-20C),06-23-17_23.35 n20degC_LA92_Pan18650PF,12521,1.699766755104065,2.559332847595215,1.2532685995101929,2.184201955795288,5.283014297485352,6.931173801422119,S1
A2-4,42,ood(-20C),06-23-17_23.35 n20degC_NN_Pan18650PF,11350,1.1017630100250244,1.5763301849365234,0.8814716339111328,1.254302978515625,3.7301185131073,5.179461479187012,S1
A2-4,42,ood(-20C),06-23-17_23.35 n20degC_UDDS_Pan18650PF,15753,5.160928726196289,6.093336582183838,3.931597948074341,4.9281158447265625,10.603472709655762,12.457799911499023,S1
A2-4,42,ood(-20C),06-24-17_04.29 n20degC_Cycle_1_Pan18650PF,4752,17.6080379486084,18.758644104003903,17.551179885864258,18.700368881225582,20.16110610961914,21.57841110229492,S1
A2-4,42,ood(-20C),06-24-17_11.58 n20degC_Cycle_2_Pan18650PF,4718,16.20331382751465,17.434581756591797,16.175241470336914,17.39655303955078,19.785266876220703,21.687084197998047,S1
A2-4,42,ood(-20C),06-24-17_19.29 n20degC_Cycle_3_Pan18650PF,4695,16.29913330078125,17.439590454101562,16.251310348510742,17.389158248901367,21.421072006225582,23.399316787719727,S1
A2-4,42,ood(-20C),06-25-17_03.01 n20degC_Cycle_4_Pan18650PF,4715,13.217724800109863,14.463441848754885,13.189414978027344,14.428377151489258,15.192038536071776,16.74285125732422,S1
A2-4,42,ood(-20C),06-25-17_10.31 n20degC_US06_Pan18650PF,2333,17.03714370727539,18.22138786315918,16.91422462463379,18.085844039916992,20.965356826782227,22.613134384155277,S1
A2-4,101,val(25C),03-21-17_00.29 25degC_UDDS_Pan18650PF,22119,1.5091198682785034,0.9831802248954772,1.4729361534118652,0.8375076651573181,2.8923842906951904,3.840419292449951,S1
A2-4,101,test_id(25C),03-18-17_02.17 25degC_Cycle_1_Pan18650PF,10655,0.5577367544174194,0.741142749786377,0.4274957478046417,0.6150082349777222,2.85761833190918,1.7129778861999512,S1
A2-4,101,test_id(25C),03-19-17_03.25 25degC_Cycle_2_Pan18650PF,10819,0.7980073094367981,0.6362432837486267,0.6773711442947388,0.4113223552703857,3.8061656951904297,2.440792322158813,S1
A2-4,101,test_id(25C),03-19-17_09.07 25degC_Cycle_3_Pan18650PF,9936,0.5716968774795532,0.4517519176006317,0.526796817779541,0.3303038775920868,1.0240869522094729,1.6543843746185305,S1
A2-4,101,test_id(25C),03-19-17_14.31 25degC_Cycle_4_Pan18650PF,11778,0.9032625555992126,0.6241454482078552,0.7918484807014465,0.4361188113689422,3.374241828918457,3.015880823135376,S1
A2-4,101,ood(10C),03-27-17_09.06 10degC_HWFET_Pan18650PF,10263,2.4030654430389404,2.5644819736480717,1.952929139137268,1.9086971282958984,8.288605690002441,7.834753036499023,S1
A2-4,101,ood(10C),03-27-17_09.06 10degC_LA92_Pan18650PF,15817,1.838112235069275,3.020777702331543,1.6532007455825806,2.5093605518341064,3.1014151573181152,5.438418388366699,S1
A2-4,101,ood(10C),03-27-17_09.06 10degC_NN_Pan18650PF,13750,1.384708285331726,2.430806875228882,1.2487564086914062,1.9556347131729128,2.603825330734253,4.850342750549316,S1
A2-4,101,ood(10C),03-27-17_09.06 10degC_UDDS_Pan18650PF,24281,0.7483742237091064,1.7015105485916138,0.6570649743080139,1.4273741245269775,2.0992648601531982,4.313223838806152,S1
A2-4,101,ood(10C),03-27-17_09.06 10degC_US06_Pan18650PF,3882,2.582253932952881,3.880528688430786,2.507454872131348,3.787935733795166,3.63446307182312,5.630711078643799,S1
A2-4,101,ood(10C),03-28-17_12.51 10degC_Cycle_1_Pan18650PF,9067,1.8653419017791748,3.208392858505249,1.7895753383636477,3.05154037475586,2.57422423362732,4.951850891113281,S1
A2-4,101,ood(10C),03-28-17_18.18 10degC_Cycle_2_Pan18650PF,7795,3.0697789192199707,4.304224967956543,3.0289480686187744,4.205002307891846,4.284008502960205,6.077829837799072,S1
A2-4,101,ood(10C),04-05-17_17.04 10degC_Cycle_3_Pan18650PF,9769,2.631728172302246,3.910172462463379,2.4990668296813965,3.742868423461914,6.371574878692627,7.579171180725098,S1
A2-4,101,ood(10C),04-05-17_22.50 10degC_Cycle_4_Pan18650PF,9589,1.091448426246643,2.1664273738861084,1.0099141597747805,2.007776975631714,1.8464959859848025,4.017303943634033,S1
A2-4,101,ood(0C),05-30-17_12.56 0degC_Cycle_1_Pan18650PF,8487,4.934931755065918,6.064513683319092,4.733814239501953,5.9179205894470215,7.470005512237549,8.97088623046875,S1
A2-4,101,ood(0C),05-30-17_20.16 0degC_Cycle_2_Pan18650PF,8060,5.283172130584717,6.468729496002197,4.996809482574463,6.214611530303955,9.116023063659668,10.38071346282959,S1
A2-4,101,ood(0C),06-01-17_10.36 0degC_LA92_Pan18650PF,15077,2.095378875732422,2.976204872131348,1.7240800857543943,2.127634763717652,3.831493616104126,6.293882369995117,S1
A2-4,101,ood(0C),06-01-17_10.36 0degC_NN_Pan18650PF,13148,1.457082748413086,2.2467379570007324,1.2210693359375,1.4706121683120728,3.2343292236328125,5.528827667236328,S1
A2-4,101,ood(0C),06-01-17_15.36 0degC_Cycle_3_Pan18650PF,5931,6.142489433288574,7.2328643798828125,5.865081310272217,6.922861576080322,8.96208667755127,10.40619945526123,S1
A2-4,101,ood(0C),06-01-17_22.03 0degC_Cycle_4_Pan18650PF,7389,3.171359062194824,4.425803661346436,3.049534559249878,4.34260892868042,4.093801021575928,5.830855369567871,S1
A2-4,101,ood(0C),06-02-17_04.58 0degC_US06_Pan18650PF,3344,6.671102523803711,8.069635391235352,6.200530529022217,7.519361972808838,8.390694618225098,9.773964881896973,S1
A2-4,101,ood(0C),06-02-17_10.43 0degC_HWFET_Pan18650PF,5670,7.212000370025635,8.07766342163086,6.990440368652344,7.902146816253662,9.013738632202148,10.387336730957031,S1
A2-4,101,ood(0C),06-02-17_17.14 0degC_UDDS_Pan18650PF,12540,3.190485954284668,4.4002461433410645,2.9935877323150635,4.3223371505737305,4.677614212036133,5.851954460144043,S1
A2-4,101,ood(-10C),06-07-17_08.39 n10degC_HWFET_Pan18650PF,11951,3.4016926288604736,4.15425968170166,2.381418228149414,2.533116102218628,8.346379280090332,10.512454986572266,S1
A2-4,101,ood(-10C),06-07-17_08.39 n10degC_LA92_Pan18650PF,13765,3.662468671798706,4.505367279052734,2.644167900085449,2.913425207138061,8.308347702026367,10.799217224121094,S1
A2-4,101,ood(-10C),06-07-17_08.39 n10degC_UDDS_Pan18650PF,17786,4.724403381347656,5.695347785949707,3.696313142776489,4.226657390594482,8.852611541748047,11.365739822387695,S1
A2-4,101,ood(-10C),06-07-17_08.39 n10degC_US06_Pan18650PF,9929,1.5720794200897217,2.137825489044189,1.2001672983169556,1.0883256196975708,4.790685653686523,6.661129474639893,S1
A2-4,101,ood(-10C),06-10-17_11.25 n10degC_Cycle_1_Pan18650PF,5706,6.60512638092041,7.833413600921631,6.451104164123535,7.676380157470703,8.205490112304688,10.310596466064451,S1
A2-4,101,ood(-10C),06-10-17_18.35 n10degC_Cycle_2_Pan18650PF,5654,12.16176986694336,13.662845611572266,12.135697364807127,13.636838912963867,13.866462707519531,16.012147903442383,S1
A2-4,101,ood(-10C),06-11-17_01.39 n10degC_Cycle_3_Pan18650PF,5368,12.64407730102539,14.124885559082031,12.542119026184082,14.03380012512207,16.49686050415039,18.156360626220703,S1
A2-4,101,ood(-10C),06-11-17_08.42 n10degC_Cycle_4_Pan18650PF,5791,5.355126857757568,6.628079414367676,4.935229301452637,6.066328525543213,8.565593719482422,11.15787410736084,S1
A2-4,101,ood(-10C),06-14-17_13.12 n10degC_NN_Pan18650PF,4939,11.515380859375,12.915716171264648,11.487773895263672,12.897384643554688,13.074525833129885,14.705687522888184,S1
A2-4,101,ood(-20C),06-23-17_23.35 n20degC_HWFET_Pan18650PF,11042,1.3390394449234009,1.9020726680755613,0.9279404282569884,1.0278431177139282,4.958640575408936,7.348084449768066,S1
A2-4,101,ood(-20C),06-23-17_23.35 n20degC_LA92_Pan18650PF,12521,1.699766755104065,2.319840908050537,1.2532685995101929,1.411434531211853,5.283014297485352,7.671922206878662,S1
A2-4,101,ood(-20C),06-23-17_23.35 n20degC_NN_Pan18650PF,11350,1.1017630100250244,1.2759923934936523,0.8814716339111328,0.5404247641563416,3.7301185131073,6.104081153869629,S1
A2-4,101,ood(-20C),06-23-17_23.35 n20degC_UDDS_Pan18650PF,15753,5.160928726196289,5.994781494140625,3.931597948074341,4.305502414703369,10.603472709655762,13.501608848571776,S1
A2-4,101,ood(-20C),06-24-17_04.29 n20degC_Cycle_1_Pan18650PF,4752,17.6080379486084,18.958913803100582,17.551179885864258,18.90649032592773,20.16110610961914,21.69118309020996,S1
A2-4,101,ood(-20C),06-24-17_11.58 n20degC_Cycle_2_Pan18650PF,4718,16.20331382751465,17.631839752197266,16.175241470336914,17.606304168701172,19.785266876220703,21.88692855834961,S1
A2-4,101,ood(-20C),06-24-17_19.29 n20degC_Cycle_3_Pan18650PF,4695,16.29913330078125,17.695039749145508,16.251310348510742,17.65186309814453,21.421072006225582,23.01428985595703,S1
A2-4,101,ood(-20C),06-25-17_03.01 n20degC_Cycle_4_Pan18650PF,4715,13.217724800109863,14.461017608642578,13.189414978027344,14.444710731506348,15.192038536071776,16.562210083007812,S1
A2-4,101,ood(-20C),06-25-17_10.31 n20degC_US06_Pan18650PF,2333,17.03714370727539,18.65195655822754,16.91422462463379,18.52099227905273,20.965356826782227,23.363414764404297,S1
A2-4,202,val(25C),03-21-17_00.29 25degC_UDDS_Pan18650PF,22119,1.5091198682785034,1.0804762840270996,1.4729361534118652,0.9431681036949158,2.8923842906951904,3.4722867012023926,S1
A2-4,202,test_id(25C),03-18-17_02.17 25degC_Cycle_1_Pan18650PF,10655,0.5577367544174194,0.7289813756942749,0.4274957478046417,0.6117258071899414,2.85761833190918,1.8330402374267576,S1
A2-4,202,test_id(25C),03-19-17_03.25 25degC_Cycle_2_Pan18650PF,10819,0.7980073094367981,0.6924353241920471,0.6773711442947388,0.4955112934112549,3.8061656951904297,2.3360445499420166,S1
A2-4,202,test_id(25C),03-19-17_09.07 25degC_Cycle_3_Pan18650PF,9936,0.5716968774795532,0.4399293065071106,0.526796817779541,0.3163330256938934,1.0240869522094729,1.6316012144088743,S1
A2-4,202,test_id(25C),03-19-17_14.31 25degC_Cycle_4_Pan18650PF,11778,0.9032625555992126,0.6191682815551758,0.7918484807014465,0.4686440229415893,3.374241828918457,2.901620626449585,S1
A2-4,202,ood(10C),03-27-17_09.06 10degC_HWFET_Pan18650PF,10263,2.4030654430389404,2.809786796569824,1.952929139137268,2.1493518352508545,8.288605690002441,7.699389934539795,S1
A2-4,202,ood(10C),03-27-17_09.06 10degC_LA92_Pan18650PF,15817,1.838112235069275,2.704833984375,1.6532007455825806,2.290469169616699,3.1014151573181152,4.929879188537598,S1
A2-4,202,ood(10C),03-27-17_09.06 10degC_NN_Pan18650PF,13750,1.384708285331726,2.1736841201782227,1.2487564086914062,1.8026210069656368,2.603825330734253,4.370129108428955,S1
A2-4,202,ood(10C),03-27-17_09.06 10degC_UDDS_Pan18650PF,24281,0.7483742237091064,1.4977550506591797,0.6570649743080139,1.298189640045166,2.0992648601531982,3.607447862625122,S1
A2-4,202,ood(10C),03-27-17_09.06 10degC_US06_Pan18650PF,3882,2.582253932952881,3.4920403957366943,2.507454872131348,3.4298832416534424,3.63446307182312,4.988605499267578,S1
A2-4,202,ood(10C),03-28-17_12.51 10degC_Cycle_1_Pan18650PF,9067,1.8653419017791748,2.89640212059021,1.7895753383636477,2.8062613010406494,2.57422423362732,4.281097888946533,S1
A2-4,202,ood(10C),03-28-17_18.18 10degC_Cycle_2_Pan18650PF,7795,3.0697789192199707,4.054940700531006,3.0289480686187744,4.00623083114624,4.284008502960205,5.445131301879883,S1
A2-4,202,ood(10C),04-05-17_17.04 10degC_Cycle_3_Pan18650PF,9769,2.631728172302246,3.627822637557984,2.4990668296813965,3.511098623275757,6.371574878692627,5.793980598449707,S1
A2-4,202,ood(10C),04-05-17_22.50 10degC_Cycle_4_Pan18650PF,9589,1.091448426246643,2.012237310409546,1.0099141597747805,1.9221560955047607,1.8464959859848025,3.511819362640381,S1
A2-4,202,ood(0C),05-30-17_12.56 0degC_Cycle_1_Pan18650PF,8487,4.934931755065918,6.356305122375488,4.733814239501953,6.218922138214111,7.470005512237549,10.44837474822998,S1
A2-4,202,ood(0C),05-30-17_20.16 0degC_Cycle_2_Pan18650PF,8060,5.283172130584717,6.700658798217773,4.996809482574463,6.441102981567383,9.116023063659668,10.118850708007812,S1
A2-4,202,ood(0C),06-01-17_10.36 0degC_LA92_Pan18650PF,15077,2.095378875732422,3.110206127166748,1.7240800857543943,2.2152833938598637,3.831493616104126,6.152790069580078,S1
A2-4,202,ood(0C),06-01-17_10.36 0degC_NN_Pan18650PF,13148,1.457082748413086,2.2640838623046875,1.2210693359375,1.4956121444702148,3.2343292236328125,5.373411178588867,S1
A2-4,202,ood(0C),06-01-17_15.36 0degC_Cycle_3_Pan18650PF,5931,6.142489433288574,7.203251361846924,5.865081310272217,6.872359752655029,8.96208667755127,10.47764015197754,S1
A2-4,202,ood(0C),06-01-17_22.03 0degC_Cycle_4_Pan18650PF,7389,3.171359062194824,4.5646257400512695,3.049534559249878,4.504124641418457,4.093801021575928,5.846249580383301,S1
A2-4,202,ood(0C),06-02-17_04.58 0degC_US06_Pan18650PF,3344,6.671102523803711,7.823129177093506,6.200530529022217,7.296684741973877,8.390694618225098,9.89520263671875,S1
A2-4,202,ood(0C),06-02-17_10.43 0degC_HWFET_Pan18650PF,5670,7.212000370025635,8.486811637878418,6.990440368652344,8.3666353225708,9.013738632202148,10.23921012878418,S1
A2-4,202,ood(0C),06-02-17_17.14 0degC_UDDS_Pan18650PF,12540,3.190485954284668,4.503769874572754,2.9935877323150635,4.457986354827881,4.677614212036133,6.085307121276856,S1
A2-4,202,ood(-10C),06-07-17_08.39 n10degC_HWFET_Pan18650PF,11951,3.4016926288604736,4.533607482910156,2.381418228149414,2.827831268310547,8.346379280090332,11.592053413391112,S1
A2-4,202,ood(-10C),06-07-17_08.39 n10degC_LA92_Pan18650PF,13765,3.662468671798706,4.904924392700195,2.644167900085449,3.2543845176696777,8.308347702026367,11.273809432983398,S1
A2-4,202,ood(-10C),06-07-17_08.39 n10degC_UDDS_Pan18650PF,17786,4.724403381347656,6.192628383636475,3.696313142776489,4.63447380065918,8.852611541748047,12.056647300720217,S1
A2-4,202,ood(-10C),06-07-17_08.39 n10degC_US06_Pan18650PF,9929,1.5720794200897217,2.235625028610229,1.2001672983169556,1.234953761100769,4.790685653686523,7.246124267578125,S1
A2-4,202,ood(-10C),06-10-17_11.25 n10degC_Cycle_1_Pan18650PF,5706,6.60512638092041,8.384888648986816,6.451104164123535,8.194158554077148,8.205490112304688,11.271125793457031,S1
A2-4,202,ood(-10C),06-10-17_18.35 n10degC_Cycle_2_Pan18650PF,5654,12.16176986694336,14.04214859008789,12.135697364807127,14.019835472106934,13.866462707519531,16.311691284179688,S1
A2-4,202,ood(-10C),06-11-17_01.39 n10degC_Cycle_3_Pan18650PF,5368,12.64407730102539,14.470816612243652,12.542119026184082,14.406974792480469,16.49686050415039,17.785966873168945,S1
A2-4,202,ood(-10C),06-11-17_08.42 n10degC_Cycle_4_Pan18650PF,5791,5.355126857757568,7.135894775390625,4.935229301452637,6.5099945068359375,8.565593719482422,11.376551628112791,S1
A2-4,202,ood(-10C),06-14-17_13.12 n10degC_NN_Pan18650PF,4939,11.515380859375,13.266677856445312,11.487773895263672,13.25264835357666,13.074525833129885,14.818962097167969,S1
A2-4,202,ood(-20C),06-23-17_23.35 n20degC_HWFET_Pan18650PF,11042,1.3390394449234009,2.44755482673645,0.9279404282569884,1.3905227184295654,4.958640575408936,8.780402183532715,S1
A2-4,202,ood(-20C),06-23-17_23.35 n20degC_LA92_Pan18650PF,12521,1.699766755104065,2.9991438388824463,1.2532685995101929,1.891241192817688,5.283014297485352,8.514095306396484,S1
A2-4,202,ood(-20C),06-23-17_23.35 n20degC_NN_Pan18650PF,11350,1.1017630100250244,1.7796739339828491,0.8814716339111328,0.8182337284088135,3.7301185131073,7.530720233917236,S1
A2-4,202,ood(-20C),06-23-17_23.35 n20degC_UDDS_Pan18650PF,15753,5.160928726196289,6.820374488830566,3.931597948074341,4.91013240814209,10.603472709655762,14.00737476348877,S1
A2-4,202,ood(-20C),06-24-17_04.29 n20degC_Cycle_1_Pan18650PF,4752,17.6080379486084,19.79083824157715,17.551179885864258,19.75376319885254,20.16110610961914,22.61516761779785,S1
A2-4,202,ood(-20C),06-24-17_11.58 n20degC_Cycle_2_Pan18650PF,4718,16.20331382751465,18.40775489807129,16.175241470336914,18.373624801635746,19.785266876220703,22.19835090637207,S1
A2-4,202,ood(-20C),06-24-17_19.29 n20degC_Cycle_3_Pan18650PF,4695,16.29913330078125,18.56269073486328,16.251310348510742,18.527050018310547,21.421072006225582,23.838132858276367,S1
A2-4,202,ood(-20C),06-25-17_03.01 n20degC_Cycle_4_Pan18650PF,4715,13.217724800109863,15.37287139892578,13.189414978027344,15.35719108581543,15.192038536071776,17.5565242767334,S1
A2-4,202,ood(-20C),06-25-17_10.31 n20degC_US06_Pan18650PF,2333,17.03714370727539,19.0058536529541,16.91422462463379,18.866744995117188,20.965356826782227,23.89984703063965,S1
A2-4,303,val(25C),03-21-17_00.29 25degC_UDDS_Pan18650PF,22119,1.5091198682785034,1.1084572076797483,1.4729361534118652,0.9326694011688232,2.8923842906951904,3.321541786193848,S1
A2-4,303,test_id(25C),03-18-17_02.17 25degC_Cycle_1_Pan18650PF,10655,0.5577367544174194,0.7097148895263672,0.4274957478046417,0.6019117832183838,2.85761833190918,2.4284608364105225,S1
A2-4,303,test_id(25C),03-19-17_03.25 25degC_Cycle_2_Pan18650PF,10819,0.7980073094367981,0.5623216032981873,0.6773711442947388,0.3770208954811096,3.8061656951904297,3.420637369155884,S1
A2-4,303,test_id(25C),03-19-17_09.07 25degC_Cycle_3_Pan18650PF,9936,0.5716968774795532,0.273048996925354,0.526796817779541,0.2141417413949966,1.0240869522094729,1.0888181924819946,S1
A2-4,303,test_id(25C),03-19-17_14.31 25degC_Cycle_4_Pan18650PF,11778,0.9032625555992126,0.512917160987854,0.7918484807014465,0.3710163831710815,3.374241828918457,2.9450843334198,S1
A2-4,303,ood(10C),03-27-17_09.06 10degC_HWFET_Pan18650PF,10263,2.4030654430389404,2.353413343429565,1.952929139137268,1.818583369255066,8.288605690002441,7.859447956085205,S1
A2-4,303,ood(10C),03-27-17_09.06 10degC_LA92_Pan18650PF,15817,1.838112235069275,2.3522791862487797,1.6532007455825806,2.044885635375977,3.1014151573181152,3.639003276824951,S1
A2-4,303,ood(10C),03-27-17_09.06 10degC_NN_Pan18650PF,13750,1.384708285331726,1.7957688570022583,1.2487564086914062,1.5552408695220947,2.603825330734253,3.141482353210449,S1
A2-4,303,ood(10C),03-27-17_09.06 10degC_UDDS_Pan18650PF,24281,0.7483742237091064,1.1818722486495972,0.6570649743080139,1.0838022232055664,2.0992648601531982,2.208530902862549,S1
A2-4,303,ood(10C),03-27-17_09.06 10degC_US06_Pan18650PF,3882,2.582253932952881,3.0815837383270264,2.507454872131348,3.0598270893096924,3.63446307182312,4.003116130828857,S1
A2-4,303,ood(10C),03-28-17_12.51 10degC_Cycle_1_Pan18650PF,9067,1.8653419017791748,2.5121865272521973,1.7895753383636477,2.4735350608825684,2.57422423362732,3.169013738632202,S1
A2-4,303,ood(10C),03-28-17_18.18 10degC_Cycle_2_Pan18650PF,7795,3.0697789192199707,3.751425504684448,3.0289480686187744,3.726584434509277,4.284008502960205,5.390645980834961,S1
A2-4,303,ood(10C),04-05-17_17.04 10degC_Cycle_3_Pan18650PF,9769,2.631728172302246,3.2188541889190674,2.4990668296813965,3.061070203781128,6.371574878692627,6.410406112670898,S1
A2-4,303,ood(10C),04-05-17_22.50 10degC_Cycle_4_Pan18650PF,9589,1.091448426246643,1.7143288850784302,1.0099141597747805,1.5898873805999756,1.8464959859848025,2.850637435913086,S1
A2-4,303,ood(0C),05-30-17_12.56 0degC_Cycle_1_Pan18650PF,8487,4.934931755065918,5.442787170410156,4.733814239501953,5.161880016326904,7.470005512237549,8.007397651672363,S1
A2-4,303,ood(0C),05-30-17_20.16 0degC_Cycle_2_Pan18650PF,8060,5.283172130584717,5.829185485839844,4.996809482574463,5.486560344696045,9.116023063659668,10.130522727966309,S1
A2-4,303,ood(0C),06-01-17_10.36 0degC_LA92_Pan18650PF,15077,2.095378875732422,2.570363521575928,1.7240800857543943,2.0195553302764893,3.831493616104126,4.407215118408203,S1
A2-4,303,ood(0C),06-01-17_10.36 0degC_NN_Pan18650PF,13148,1.457082748413086,1.806632399559021,1.2210693359375,1.3747680187225342,3.2343292236328125,3.6516904830932617,S1
A2-4,303,ood(0C),06-01-17_15.36 0degC_Cycle_3_Pan18650PF,5931,6.142489433288574,6.817121505737305,5.865081310272217,6.468371868133545,8.96208667755127,10.0250883102417,S1
A2-4,303,ood(0C),06-01-17_22.03 0degC_Cycle_4_Pan18650PF,7389,3.171359062194824,3.8657829761505127,3.049534559249878,3.72475814819336,4.093801021575928,5.337038040161133,S1
A2-4,303,ood(0C),06-02-17_04.58 0degC_US06_Pan18650PF,3344,6.671102523803711,7.230892658233643,6.200530529022217,6.6568145751953125,8.390694618225098,9.44571304321289,S1
A2-4,303,ood(0C),06-02-17_10.43 0degC_HWFET_Pan18650PF,5670,7.212000370025635,7.609477996826172,6.990440368652344,7.343418121337891,9.013738632202148,10.10496711730957,S1
A2-4,303,ood(0C),06-02-17_17.14 0degC_UDDS_Pan18650PF,12540,3.190485954284668,3.999467849731445,2.9935877323150635,3.774292945861816,4.677614212036133,5.909194469451904,S1
A2-4,303,ood(-10C),06-07-17_08.39 n10degC_HWFET_Pan18650PF,11951,3.4016926288604736,3.70392107963562,2.381418228149414,2.5727431774139404,8.346379280090332,8.406277656555176,S1
A2-4,303,ood(-10C),06-07-17_08.39 n10degC_LA92_Pan18650PF,13765,3.662468671798706,4.091987133026123,2.644167900085449,2.951158285140991,8.308347702026367,8.653634071350098,S1
A2-4,303,ood(-10C),06-07-17_08.39 n10degC_UDDS_Pan18650PF,17786,4.724403381347656,5.290771484375,3.696313142776489,4.180333137512207,8.852611541748047,9.394033432006836,S1
A2-4,303,ood(-10C),06-07-17_08.39 n10degC_US06_Pan18650PF,9929,1.5720794200897217,1.749441623687744,1.2001672983169556,1.2185293436050415,4.790685653686523,4.749333381652832,S1
A2-4,303,ood(-10C),06-10-17_11.25 n10degC_Cycle_1_Pan18650PF,5706,6.60512638092041,7.281142234802246,6.451104164123535,7.169036865234375,8.205490112304688,8.272207260131836,S1
A2-4,303,ood(-10C),06-10-17_18.35 n10degC_Cycle_2_Pan18650PF,5654,12.16176986694336,12.833202362060549,12.135697364807127,12.802329063415527,13.866462707519531,14.659235000610352,S1
A2-4,303,ood(-10C),06-11-17_01.39 n10degC_Cycle_3_Pan18650PF,5368,12.64407730102539,13.314815521240234,12.542119026184082,13.20498752593994,16.49686050415039,17.100709915161133,S1
A2-4,303,ood(-10C),06-11-17_08.42 n10degC_Cycle_4_Pan18650PF,5791,5.355126857757568,5.93518590927124,4.935229301452637,5.510300636291504,8.565593719482422,8.689798355102539,S1
A2-4,303,ood(-10C),06-14-17_13.12 n10degC_NN_Pan18650PF,4939,11.515380859375,12.200217247009276,11.487773895263672,12.162381172180176,13.074525833129885,13.90754508972168,S1
A2-4,303,ood(-20C),06-23-17_23.35 n20degC_HWFET_Pan18650PF,11042,1.3390394449234009,1.7012462615966797,0.9279404282569884,1.2994258403778076,4.958640575408936,5.220632553100586,S1
A2-4,303,ood(-20C),06-23-17_23.35 n20degC_LA92_Pan18650PF,12521,1.699766755104065,2.1706674098968506,1.2532685995101929,1.7005894184112549,5.283014297485352,5.612626552581787,S1
A2-4,303,ood(-20C),06-23-17_23.35 n20degC_NN_Pan18650PF,11350,1.1017630100250244,1.158910870552063,0.8814716339111328,0.7940661907196045,3.7301185131073,4.141427040100098,S1
A2-4,303,ood(-20C),06-23-17_23.35 n20degC_UDDS_Pan18650PF,15753,5.160928726196289,5.758862018585205,3.931597948074341,4.454625606536865,10.603472709655762,10.816463470458984,S1
A2-4,303,ood(-20C),06-24-17_04.29 n20degC_Cycle_1_Pan18650PF,4752,17.6080379486084,18.32660484313965,17.551179885864258,18.26077461242676,20.16110610961914,21.28960418701172,S1
A2-4,303,ood(-20C),06-24-17_11.58 n20degC_Cycle_2_Pan18650PF,4718,16.20331382751465,16.832901000976562,16.175241470336914,16.805971145629883,19.785266876220703,19.993263244628903,S1
A2-4,303,ood(-20C),06-24-17_19.29 n20degC_Cycle_3_Pan18650PF,4695,16.29913330078125,16.921255111694336,16.251310348510742,16.879104614257812,21.421072006225582,21.89728736877441,S1
A2-4,303,ood(-20C),06-25-17_03.01 n20degC_Cycle_4_Pan18650PF,4715,13.217724800109863,13.98593807220459,13.189414978027344,13.941710472106934,15.192038536071776,16.36971664428711,S1
A2-4,303,ood(-20C),06-25-17_10.31 n20degC_US06_Pan18650PF,2333,17.03714370727539,17.512868881225586,16.91422462463379,17.41590118408203,20.965356826782227,21.012325286865234,S1
A2-4,404,val(25C),03-21-17_00.29 25degC_UDDS_Pan18650PF,22119,1.5091198682785034,1.0515880584716797,1.4729361534118652,0.9321389198303224,2.8923842906951904,3.454737663269043,S1
A2-4,404,test_id(25C),03-18-17_02.17 25degC_Cycle_1_Pan18650PF,10655,0.5577367544174194,0.6993023753166199,0.4274957478046417,0.5827476382255554,2.85761833190918,1.5980172157287598,S1
A2-4,404,test_id(25C),03-19-17_03.25 25degC_Cycle_2_Pan18650PF,10819,0.7980073094367981,0.638395369052887,0.6773711442947388,0.453032523393631,3.8061656951904297,2.949219226837158,S1
A2-4,404,test_id(25C),03-19-17_09.07 25degC_Cycle_3_Pan18650PF,9936,0.5716968774795532,0.4084363579750061,0.526796817779541,0.3041113615036011,1.0240869522094729,1.440522313117981,S1
A2-4,404,test_id(25C),03-19-17_14.31 25degC_Cycle_4_Pan18650PF,11778,0.9032625555992126,0.6657320261001587,0.7918484807014465,0.4722820520401001,3.374241828918457,3.05918288230896,S1
A2-4,404,ood(10C),03-27-17_09.06 10degC_HWFET_Pan18650PF,10263,2.4030654430389404,2.2550508975982666,1.952929139137268,1.748686909675598,8.288605690002441,7.051932334899902,S1
A2-4,404,ood(10C),03-27-17_09.06 10degC_LA92_Pan18650PF,15817,1.838112235069275,2.4863545894622803,1.6532007455825806,2.1769514083862305,3.1014151573181152,4.30082368850708,S1
A2-4,404,ood(10C),03-27-17_09.06 10degC_NN_Pan18650PF,13750,1.384708285331726,1.916273593902588,1.2487564086914062,1.6548606157302856,2.603825330734253,3.7721481323242183,S1
A2-4,404,ood(10C),03-27-17_09.06 10degC_UDDS_Pan18650PF,24281,0.7483742237091064,1.1642203330993652,0.6570649743080139,1.037652611732483,2.0992648601531982,3.0269646644592285,S1
A2-4,404,ood(10C),03-27-17_09.06 10degC_US06_Pan18650PF,3882,2.582253932952881,3.3008995056152344,2.507454872131348,3.25307559967041,3.63446307182312,4.752063274383545,S1
A2-4,404,ood(10C),03-28-17_12.51 10degC_Cycle_1_Pan18650PF,9067,1.8653419017791748,2.605764865875244,1.7895753383636477,2.5219762325286865,2.57422423362732,3.621845245361328,S1
A2-4,404,ood(10C),03-28-17_18.18 10degC_Cycle_2_Pan18650PF,7795,3.0697789192199707,3.729825019836426,3.0289480686187744,3.661576271057129,4.284008502960205,5.18666934967041,S1
A2-4,404,ood(10C),04-05-17_17.04 10degC_Cycle_3_Pan18650PF,9769,2.631728172302246,3.336101055145264,2.4990668296813965,3.1866161823272705,6.371574878692627,5.571435928344727,S1
A2-4,404,ood(10C),04-05-17_22.50 10degC_Cycle_4_Pan18650PF,9589,1.091448426246643,1.7302438020706177,1.0099141597747805,1.569265842437744,1.8464959859848025,3.0331215858459477,S1
A2-4,404,ood(0C),05-30-17_12.56 0degC_Cycle_1_Pan18650PF,8487,4.934931755065918,5.589577674865723,4.733814239501953,5.345364570617676,7.470005512237549,9.068745613098145,S1
A2-4,404,ood(0C),05-30-17_20.16 0degC_Cycle_2_Pan18650PF,8060,5.283172130584717,5.841477394104004,4.996809482574463,5.4275970458984375,9.116023063659668,10.122364044189451,S1
A2-4,404,ood(0C),06-01-17_10.36 0degC_LA92_Pan18650PF,15077,2.095378875732422,2.654492139816284,1.7240800857543943,2.125482082366944,3.831493616104126,4.764538764953613,S1
A2-4,404,ood(0C),06-01-17_10.36 0degC_NN_Pan18650PF,13148,1.457082748413086,1.824021816253662,1.2210693359375,1.4448705911636353,3.2343292236328125,4.346005439758301,S1
A2-4,404,ood(0C),06-01-17_15.36 0degC_Cycle_3_Pan18650PF,5931,6.142489433288574,6.577749729156494,5.865081310272217,6.18605899810791,8.96208667755127,10.23293685913086,S1
A2-4,404,ood(0C),06-01-17_22.03 0degC_Cycle_4_Pan18650PF,7389,3.171359062194824,3.895017147064209,3.049534559249878,3.763559103012085,4.093801021575928,5.34818172454834,S1
A2-4,404,ood(0C),06-02-17_04.58 0degC_US06_Pan18650PF,3344,6.671102523803711,7.416970252990723,6.200530529022217,6.847650051116943,8.390694618225098,9.67854118347168,S1
A2-4,404,ood(0C),06-02-17_10.43 0degC_HWFET_Pan18650PF,5670,7.212000370025635,7.222906589508057,6.990440368652344,7.023746013641357,9.013738632202148,10.227588653564451,S1
A2-4,404,ood(0C),06-02-17_17.14 0degC_UDDS_Pan18650PF,12540,3.190485954284668,3.91146183013916,2.9935877323150635,3.6829426288604736,4.677614212036133,5.931527137756348,S1
A2-4,404,ood(-10C),06-07-17_08.39 n10degC_HWFET_Pan18650PF,11951,3.4016926288604736,3.5542709827423096,2.381418228149414,2.493079423904419,8.346379280090332,9.312219619750977,S1
A2-4,404,ood(-10C),06-07-17_08.39 n10degC_LA92_Pan18650PF,13765,3.662468671798706,4.082391738891602,2.644167900085449,2.9621262550354004,8.308347702026367,9.423351287841797,S1
A2-4,404,ood(-10C),06-07-17_08.39 n10degC_UDDS_Pan18650PF,17786,4.724403381347656,5.198053359985352,3.696313142776489,4.118328094482422,8.852611541748047,9.9912109375,S1
A2-4,404,ood(-10C),06-07-17_08.39 n10degC_US06_Pan18650PF,9929,1.5720794200897217,1.8890607357025144,1.2001672983169556,1.3176440000534058,4.790685653686523,5.7487077713012695,S1
A2-4,404,ood(-10C),06-10-17_11.25 n10degC_Cycle_1_Pan18650PF,5706,6.60512638092041,7.102759838104248,6.451104164123535,6.970277309417725,8.205490112304688,9.08494758605957,S1
A2-4,404,ood(-10C),06-10-17_18.35 n10degC_Cycle_2_Pan18650PF,5654,12.16176986694336,12.71756076812744,12.135697364807127,12.671612739562988,13.866462707519531,15.046436309814451,S1
A2-4,404,ood(-10C),06-11-17_01.39 n10degC_Cycle_3_Pan18650PF,5368,12.64407730102539,13.210532188415527,12.542119026184082,13.100210189819336,16.49686050415039,17.738479614257812,S1
A2-4,404,ood(-10C),06-11-17_08.42 n10degC_Cycle_4_Pan18650PF,5791,5.355126857757568,5.900121212005615,4.935229301452637,5.432411193847656,8.565593719482422,9.713884353637695,S1
A2-4,404,ood(-10C),06-14-17_13.12 n10degC_NN_Pan18650PF,4939,11.515380859375,12.094622611999512,11.487773895263672,12.039448738098145,13.074525833129885,14.452369689941406,S1
A2-4,404,ood(-20C),06-23-17_23.35 n20degC_HWFET_Pan18650PF,11042,1.3390394449234009,1.572516679763794,0.9279404282569884,1.2062236070632937,4.958640575408936,5.844521999359131,S1
A2-4,404,ood(-20C),06-23-17_23.35 n20degC_LA92_Pan18650PF,12521,1.699766755104065,2.1024363040924072,1.2532685995101929,1.6333777904510498,5.283014297485352,6.617671012878418,S1
A2-4,404,ood(-20C),06-23-17_23.35 n20degC_NN_Pan18650PF,11350,1.1017630100250244,1.0642660856246948,0.8814716339111328,0.7709980607032776,3.7301185131073,4.801606178283691,S1
A2-4,404,ood(-20C),06-23-17_23.35 n20degC_UDDS_Pan18650PF,15753,5.160928726196289,5.700053691864014,3.931597948074341,4.390893936157227,10.603472709655762,11.8185396194458,S1
A2-4,404,ood(-20C),06-24-17_04.29 n20degC_Cycle_1_Pan18650PF,4752,17.6080379486084,18.21871757507324,17.551179885864258,18.11893844604492,20.16110610961914,21.538475036621094,S1
A2-4,404,ood(-20C),06-24-17_11.58 n20degC_Cycle_2_Pan18650PF,4718,16.20331382751465,16.83641242980957,16.175241470336914,16.790407180786133,19.785266876220703,20.57699012756348,S1
A2-4,404,ood(-20C),06-24-17_19.29 n20degC_Cycle_3_Pan18650PF,4695,16.29913330078125,16.912322998046875,16.251310348510742,16.85576057434082,21.421072006225582,22.68396377563477,S1
A2-4,404,ood(-20C),06-25-17_03.01 n20degC_Cycle_4_Pan18650PF,4715,13.217724800109863,13.853515625,13.189414978027344,13.772774696350098,15.192038536071776,16.536882400512695,S1
A2-4,404,ood(-20C),06-25-17_10.31 n20degC_US06_Pan18650PF,2333,17.03714370727539,17.676816940307617,16.91422462463379,17.540220260620117,20.965356826782227,22.176963806152344,S1
A2-4,505,val(25C),03-21-17_00.29 25degC_UDDS_Pan18650PF,22119,1.5091198682785034,1.0471347570419312,1.4729361534118652,0.9061036109924316,2.8923842906951904,3.707422256469727,S1
A2-4,505,test_id(25C),03-18-17_02.17 25degC_Cycle_1_Pan18650PF,10655,0.5577367544174194,0.7025875449180603,0.4274957478046417,0.5914779901504517,2.85761833190918,2.2602407932281494,S1
A2-4,505,test_id(25C),03-19-17_03.25 25degC_Cycle_2_Pan18650PF,10819,0.7980073094367981,0.5586907863616943,0.6773711442947388,0.3975843787193298,3.8061656951904297,2.4253528118133545,S1
A2-4,505,test_id(25C),03-19-17_09.07 25degC_Cycle_3_Pan18650PF,9936,0.5716968774795532,0.3441276252269745,0.526796817779541,0.2580893337726593,1.0240869522094729,1.2158063650131226,S1
A2-4,505,test_id(25C),03-19-17_14.31 25degC_Cycle_4_Pan18650PF,11778,0.9032625555992126,0.6618093848228455,0.7918484807014465,0.4735704660415649,3.374241828918457,3.400451183319092,S1
A2-4,505,ood(10C),03-27-17_09.06 10degC_HWFET_Pan18650PF,10263,2.4030654430389404,2.7488157749176025,1.952929139137268,2.139308452606201,8.288605690002441,7.122828960418701,S1
A2-4,505,ood(10C),03-27-17_09.06 10degC_LA92_Pan18650PF,15817,1.838112235069275,2.5590689182281494,1.6532007455825806,2.2026257514953613,3.1014151573181152,4.249197483062744,S1
A2-4,505,ood(10C),03-27-17_09.06 10degC_NN_Pan18650PF,13750,1.384708285331726,2.017880916595459,1.2487564086914062,1.7162657976150513,2.603825330734253,3.812845945358277,S1
A2-4,505,ood(10C),03-27-17_09.06 10degC_UDDS_Pan18650PF,24281,0.7483742237091064,1.37051260471344,0.6570649743080139,1.233880639076233,2.0992648601531982,2.7960634231567383,S1
A2-4,505,ood(10C),03-27-17_09.06 10degC_US06_Pan18650PF,3882,2.582253932952881,3.279158592224121,2.507454872131348,3.2477877140045166,3.63446307182312,4.530684947967529,S1
A2-4,505,ood(10C),03-28-17_12.51 10degC_Cycle_1_Pan18650PF,9067,1.8653419017791748,2.765547037124634,1.7895753383636477,2.7230029106140137,2.57422423362732,3.838755607604981,S1
A2-4,505,ood(10C),03-28-17_18.18 10degC_Cycle_2_Pan18650PF,7795,3.0697789192199707,3.981920957565308,3.0289480686187744,3.958597660064697,4.284008502960205,5.365092277526856,S1
A2-4,505,ood(10C),04-05-17_17.04 10degC_Cycle_3_Pan18650PF,9769,2.631728172302246,3.477890014648437,2.4990668296813965,3.3599205017089844,6.371574878692627,5.627623081207275,S1
A2-4,505,ood(10C),04-05-17_22.50 10degC_Cycle_4_Pan18650PF,9589,1.091448426246643,1.944156289100647,1.0099141597747805,1.833301782608032,1.8464959859848025,3.024735927581787,S1
A2-4,505,ood(0C),05-30-17_12.56 0degC_Cycle_1_Pan18650PF,8487,4.934931755065918,5.41758918762207,4.733814239501953,5.08812141418457,7.470005512237549,8.195225715637207,S1
A2-4,505,ood(0C),05-30-17_20.16 0degC_Cycle_2_Pan18650PF,8060,5.283172130584717,5.780656814575195,4.996809482574463,5.332022666931152,9.116023063659668,10.23462963104248,S1
A2-4,505,ood(0C),06-01-17_10.36 0degC_LA92_Pan18650PF,15077,2.095378875732422,2.721933364868164,1.7240800857543943,2.0659549236297607,3.831493616104126,5.016293525695801,S1
A2-4,505,ood(0C),06-01-17_10.36 0degC_NN_Pan18650PF,13148,1.457082748413086,1.935440182685852,1.2210693359375,1.3934489488601685,3.2343292236328125,4.254803657531738,S1
A2-4,505,ood(0C),06-01-17_15.36 0degC_Cycle_3_Pan18650PF,5931,6.142489433288574,7.012847423553467,5.865081310272217,6.698128700256348,8.96208667755127,10.094846725463867,S1
A2-4,505,ood(0C),06-01-17_22.03 0degC_Cycle_4_Pan18650PF,7389,3.171359062194824,4.100399494171143,3.049534559249878,3.976521253585816,4.093801021575928,5.501067161560059,S1
A2-4,505,ood(0C),06-02-17_04.58 0degC_US06_Pan18650PF,3344,6.671102523803711,7.46016263961792,6.200530529022217,6.871605396270752,8.390694618225098,9.601061820983888,S1
A2-4,505,ood(0C),06-02-17_10.43 0degC_HWFET_Pan18650PF,5670,7.212000370025635,8.135225296020508,6.990440368652344,7.899531364440918,9.013738632202148,10.217607498168944,S1
A2-4,505,ood(0C),06-02-17_17.14 0degC_UDDS_Pan18650PF,12540,3.190485954284668,4.136584758758545,2.9935877323150635,3.9483141899108887,4.677614212036133,6.092223167419434,S1
A2-4,505,ood(-10C),06-07-17_08.39 n10degC_HWFET_Pan18650PF,11951,3.4016926288604736,3.9279608726501465,2.381418228149414,2.558011293411255,8.346379280090332,9.22398281097412,S1
A2-4,505,ood(-10C),06-07-17_08.39 n10degC_LA92_Pan18650PF,13765,3.662468671798706,4.215766429901123,2.644167900085449,2.896539688110352,8.308347702026367,9.672104835510254,S1
A2-4,505,ood(-10C),06-07-17_08.39 n10degC_UDDS_Pan18650PF,17786,4.724403381347656,5.4031243324279785,3.696313142776489,4.152845859527588,8.852611541748047,10.162914276123049,S1
A2-4,505,ood(-10C),06-07-17_08.39 n10degC_US06_Pan18650PF,9929,1.5720794200897217,1.8128724098205569,1.2001672983169556,1.090787410736084,4.790685653686523,5.0024733543396,S1
A2-4,505,ood(-10C),06-10-17_11.25 n10degC_Cycle_1_Pan18650PF,5706,6.60512638092041,7.497415065765381,6.451104164123535,7.367927551269531,8.205490112304688,9.1183500289917,S1
A2-4,505,ood(-10C),06-10-17_18.35 n10degC_Cycle_2_Pan18650PF,5654,12.16176986694336,13.06651782989502,12.135697364807127,13.035754203796388,13.866462707519531,15.11374568939209,S1
A2-4,505,ood(-10C),06-11-17_01.39 n10degC_Cycle_3_Pan18650PF,5368,12.64407730102539,13.550899505615234,12.542119026184082,13.44845485687256,16.49686050415039,17.57809066772461,S1
A2-4,505,ood(-10C),06-11-17_08.42 n10degC_Cycle_4_Pan18650PF,5791,5.355126857757568,6.178462982177734,4.935229301452637,5.716831684112549,8.565593719482422,9.515091896057127,S1
A2-4,505,ood(-10C),06-14-17_13.12 n10degC_NN_Pan18650PF,4939,11.515380859375,12.38798713684082,11.487773895263672,12.353556632995604,13.074525833129885,14.328561782836914,S1
A2-4,505,ood(-20C),06-23-17_23.35 n20degC_HWFET_Pan18650PF,11042,1.3390394449234009,1.7248698472976685,0.9279404282569884,1.0926034450531006,4.958640575408936,5.940082550048828,S1
A2-4,505,ood(-20C),06-23-17_23.35 n20degC_LA92_Pan18650PF,12521,1.699766755104065,2.199105024337769,1.2532685995101929,1.4993902444839478,5.283014297485352,6.527707576751709,S1
A2-4,505,ood(-20C),06-23-17_23.35 n20degC_NN_Pan18650PF,11350,1.1017630100250244,1.1116292476654053,0.8814716339111328,0.5554776191711426,3.7301185131073,5.0760931968688965,S1
A2-4,505,ood(-20C),06-23-17_23.35 n20degC_UDDS_Pan18650PF,15753,5.160928726196289,5.816058158874512,3.931597948074341,4.295576572418213,10.603472709655762,11.515847206115724,S1
A2-4,505,ood(-20C),06-24-17_04.29 n20degC_Cycle_1_Pan18650PF,4752,17.6080379486084,18.481369018554688,17.551179885864258,18.41849899291992,20.16110610961914,21.42207145690918,S1
A2-4,505,ood(-20C),06-24-17_11.58 n20degC_Cycle_2_Pan18650PF,4718,16.20331382751465,17.03842544555664,16.175241470336914,17.010311126708984,19.785266876220703,20.3680419921875,S1
A2-4,505,ood(-20C),06-24-17_19.29 n20degC_Cycle_3_Pan18650PF,4695,16.29913330078125,17.132755279541016,16.251310348510742,17.091585159301758,21.421072006225582,21.969934463500977,S1
A2-4,505,ood(-20C),06-25-17_03.01 n20degC_Cycle_4_Pan18650PF,4715,13.217724800109863,14.139233589172363,13.189414978027344,14.101245880126951,15.192038536071776,16.52536964416504,S1
A2-4,505,ood(-20C),06-25-17_10.31 n20degC_US06_Pan18650PF,2333,17.03714370727539,17.805133819580078,16.91422462463379,17.702468872070312,20.965356826782227,21.715030670166016,S1
A2-4,606,val(25C),03-21-17_00.29 25degC_UDDS_Pan18650PF,22119,1.5091198682785034,1.005146026611328,1.4729361534118652,0.8760914206504822,2.8923842906951904,3.768472194671631,S1
A2-4,606,test_id(25C),03-18-17_02.17 25degC_Cycle_1_Pan18650PF,10655,0.5577367544174194,0.7034090161323547,0.4274957478046417,0.5838090181350708,2.85761833190918,2.1614186763763428,S1
A2-4,606,test_id(25C),03-19-17_03.25 25degC_Cycle_2_Pan18650PF,10819,0.7980073094367981,0.6482007503509521,0.6773711442947388,0.4368165135383606,3.8061656951904297,3.694311141967773,S1
A2-4,606,test_id(25C),03-19-17_09.07 25degC_Cycle_3_Pan18650PF,9936,0.5716968774795532,0.4242176413536072,0.526796817779541,0.3199411928653717,1.0240869522094729,1.4351447820663452,S1
A2-4,606,test_id(25C),03-19-17_14.31 25degC_Cycle_4_Pan18650PF,11778,0.9032625555992126,0.738929808139801,0.7918484807014465,0.5158567428588867,3.374241828918457,3.0205557346343994,S1
A2-4,606,ood(10C),03-27-17_09.06 10degC_HWFET_Pan18650PF,10263,2.4030654430389404,2.43727970123291,1.952929139137268,1.8277146816253664,8.288605690002441,6.435254096984863,S1
A2-4,606,ood(10C),03-27-17_09.06 10degC_LA92_Pan18650PF,15817,1.838112235069275,2.46807074546814,1.6532007455825806,2.0888266563415527,3.1014151573181152,4.319977283477783,S1
A2-4,606,ood(10C),03-27-17_09.06 10degC_NN_Pan18650PF,13750,1.384708285331726,1.908487558364868,1.2487564086914062,1.5798689126968384,2.603825330734253,3.732050657272339,S1
A2-4,606,ood(10C),03-27-17_09.06 10degC_UDDS_Pan18650PF,24281,0.7483742237091064,1.2360209226608276,0.6570649743080139,1.086182951927185,2.0992648601531982,2.8309030532836914,S1
A2-4,606,ood(10C),03-27-17_09.06 10degC_US06_Pan18650PF,3882,2.582253932952881,3.2030091285705566,2.507454872131348,3.1357314586639404,3.63446307182312,4.568907260894775,S1
A2-4,606,ood(10C),03-28-17_12.51 10degC_Cycle_1_Pan18650PF,9067,1.8653419017791748,2.664499521255493,1.7895753383636477,2.5799477100372314,2.57422423362732,3.81816029548645,S1
A2-4,606,ood(10C),03-28-17_18.18 10degC_Cycle_2_Pan18650PF,7795,3.0697789192199707,3.778181552886963,3.0289480686187744,3.729159593582153,4.284008502960205,5.265098571777344,S1
A2-4,606,ood(10C),04-05-17_17.04 10degC_Cycle_3_Pan18650PF,9769,2.631728172302246,3.4200069904327397,2.4990668296813965,3.292572259902954,6.371574878692627,7.075102806091309,S1
A2-4,606,ood(10C),04-05-17_22.50 10degC_Cycle_4_Pan18650PF,9589,1.091448426246643,1.7156997919082642,1.0099141597747805,1.5936897993087769,1.8464959859848025,2.9913458824157715,S1
A2-4,606,ood(0C),05-30-17_12.56 0degC_Cycle_1_Pan18650PF,8487,4.934931755065918,5.209949493408203,4.733814239501953,4.844538688659668,7.470005512237549,7.742127418518066,S1
A2-4,606,ood(0C),05-30-17_20.16 0degC_Cycle_2_Pan18650PF,8060,5.283172130584717,5.585358142852783,4.996809482574463,5.199489116668701,9.116023063659668,9.936915397644045,S1
A2-4,606,ood(0C),06-01-17_10.36 0degC_LA92_Pan18650PF,15077,2.095378875732422,2.601853847503662,1.7240800857543943,1.8469394445419312,3.831493616104126,4.913201808929443,S1
A2-4,606,ood(0C),06-01-17_10.36 0degC_NN_Pan18650PF,13148,1.457082748413086,1.839065194129944,1.2210693359375,1.20603609085083,3.2343292236328125,4.27958345413208,S1
A2-4,606,ood(0C),06-01-17_15.36 0degC_Cycle_3_Pan18650PF,5931,6.142489433288574,6.700879096984863,5.865081310272217,6.376974582672119,8.96208667755127,9.805716514587402,S1
A2-4,606,ood(0C),06-01-17_22.03 0degC_Cycle_4_Pan18650PF,7389,3.171359062194824,3.9334001541137695,3.049534559249878,3.8363211154937744,4.093801021575928,4.977473735809326,S1
A2-4,606,ood(0C),06-02-17_04.58 0degC_US06_Pan18650PF,3344,6.671102523803711,7.234879016876221,6.200530529022217,6.651159286499023,8.390694618225098,9.121454238891602,S1
A2-4,606,ood(0C),06-02-17_10.43 0degC_HWFET_Pan18650PF,5670,7.212000370025635,7.808181285858154,6.990440368652344,7.596388816833496,9.013738632202148,10.001998901367188,S1
A2-4,606,ood(0C),06-02-17_17.14 0degC_UDDS_Pan18650PF,12540,3.190485954284668,3.943648099899292,2.9935877323150635,3.82056736946106,4.677614212036133,5.549463748931885,S1
A2-4,606,ood(-10C),06-07-17_08.39 n10degC_HWFET_Pan18650PF,11951,3.4016926288604736,3.765071153640747,2.381418228149414,2.348076820373535,8.346379280090332,9.245827674865724,S1
A2-4,606,ood(-10C),06-07-17_08.39 n10degC_LA92_Pan18650PF,13765,3.662468671798706,4.097353935241699,2.644167900085449,2.679415464401245,8.308347702026367,9.553019523620604,S1
A2-4,606,ood(-10C),06-07-17_08.39 n10degC_UDDS_Pan18650PF,17786,4.724403381347656,5.249160289764404,3.696313142776489,3.8998830318450928,8.852611541748047,10.177327156066896,S1
A2-4,606,ood(-10C),06-07-17_08.39 n10degC_US06_Pan18650PF,9929,1.5720794200897217,1.7245935201644895,1.2001672983169556,0.9760145545005798,4.790685653686523,5.180657386779785,S1
A2-4,606,ood(-10C),06-10-17_11.25 n10degC_Cycle_1_Pan18650PF,5706,6.60512638092041,7.20259952545166,6.451104164123535,7.041733741760254,8.205490112304688,9.126259803771973,S1
A2-4,606,ood(-10C),06-10-17_18.35 n10degC_Cycle_2_Pan18650PF,5654,12.16176986694336,12.93828296661377,12.135697364807127,12.918630599975586,13.866462707519531,14.673629760742188,S1
A2-4,606,ood(-10C),06-11-17_01.39 n10degC_Cycle_3_Pan18650PF,5368,12.64407730102539,13.296394348144531,12.542119026184082,13.212785720825195,16.49686050415039,17.123010635375977,S1
A2-4,606,ood(-10C),06-11-17_08.42 n10degC_Cycle_4_Pan18650PF,5791,5.355126857757568,6.053995609283447,4.935229301452637,5.529018878936768,8.565593719482422,9.488165855407717,S1
A2-4,606,ood(-10C),06-14-17_13.12 n10degC_NN_Pan18650PF,4939,11.515380859375,12.215792655944824,11.487773895263672,12.19581413269043,13.074525833129885,13.970870971679688,S1
A2-4,606,ood(-20C),06-23-17_23.35 n20degC_HWFET_Pan18650PF,11042,1.3390394449234009,1.551405668258667,0.9279404282569884,0.8798379898071289,4.958640575408936,6.009095668792725,S1
A2-4,606,ood(-20C),06-23-17_23.35 n20degC_LA92_Pan18650PF,12521,1.699766755104065,1.9742525815963743,1.2532685995101929,1.2475552558898926,5.283014297485352,6.356854438781738,S1
A2-4,606,ood(-20C),06-23-17_23.35 n20degC_NN_Pan18650PF,11350,1.1017630100250244,1.213255524635315,0.8814716339111328,0.6985492706298828,3.7301185131073,4.795992851257324,S1
A2-4,606,ood(-20C),06-23-17_23.35 n20degC_UDDS_Pan18650PF,15753,5.160928726196289,5.54303789138794,3.931597948074341,4.049598217010498,10.603472709655762,11.3670072555542,S1
A2-4,606,ood(-20C),06-24-17_04.29 n20degC_Cycle_1_Pan18650PF,4752,17.6080379486084,18.123659133911133,17.551179885864258,18.08374786376953,20.16110610961914,20.812305450439453,S1
A2-4,606,ood(-20C),06-24-17_11.58 n20degC_Cycle_2_Pan18650PF,4718,16.20331382751465,16.766677856445312,16.175241470336914,16.739341735839844,19.785266876220703,19.90782356262207,S1
A2-4,606,ood(-20C),06-24-17_19.29 n20degC_Cycle_3_Pan18650PF,4695,16.29913330078125,16.884994506835938,16.251310348510742,16.842906951904297,21.421072006225582,22.363157272338867,S1
A2-4,606,ood(-20C),06-25-17_03.01 n20degC_Cycle_4_Pan18650PF,4715,13.217724800109863,13.720636367797852,13.189414978027344,13.706826210021973,15.192038536071776,15.520395278930664,S1
A2-4,606,ood(-20C),06-25-17_10.31 n20degC_US06_Pan18650PF,2333,17.03714370727539,17.72635841369629,16.91422462463379,17.582250595092773,20.965356826782227,22.04668426513672,S1
A2-4,707,val(25C),03-21-17_00.29 25degC_UDDS_Pan18650PF,22119,1.5091198682785034,1.0521892309188845,1.4729361534118652,0.927056849002838,2.8923842906951904,3.5063369274139404,S1
A2-4,707,test_id(25C),03-18-17_02.17 25degC_Cycle_1_Pan18650PF,10655,0.5577367544174194,0.7066298127174377,0.4274957478046417,0.5972850322723389,2.85761833190918,1.7483142614364624,S1
A2-4,707,test_id(25C),03-19-17_03.25 25degC_Cycle_2_Pan18650PF,10819,0.7980073094367981,0.6707006692886353,0.6773711442947388,0.4645993709564209,3.8061656951904297,2.6555063724517822,S1
A2-4,707,test_id(25C),03-19-17_09.07 25degC_Cycle_3_Pan18650PF,9936,0.5716968774795532,0.446223646402359,0.526796817779541,0.3175833523273468,1.0240869522094729,1.6300020217895508,S1
A2-4,707,test_id(25C),03-19-17_14.31 25degC_Cycle_4_Pan18650PF,11778,0.9032625555992126,0.6251853704452515,0.7918484807014465,0.4580043256282806,3.374241828918457,3.343754529953003,S1
A2-4,707,ood(10C),03-27-17_09.06 10degC_HWFET_Pan18650PF,10263,2.4030654430389404,2.6712279319763184,1.952929139137268,2.030461311340332,8.288605690002441,7.466520309448242,S1
A2-4,707,ood(10C),03-27-17_09.06 10degC_LA92_Pan18650PF,15817,1.838112235069275,2.6224923133850098,1.6532007455825806,2.258863687515259,3.1014151573181152,4.472991466522217,S1
A2-4,707,ood(10C),03-27-17_09.06 10degC_NN_Pan18650PF,13750,1.384708285331726,2.1126506328582764,1.2487564086914062,1.7892495393753052,2.603825330734253,3.9031269550323486,S1
A2-4,707,ood(10C),03-27-17_09.06 10degC_UDDS_Pan18650PF,24281,0.7483742237091064,1.4064202308654783,0.6570649743080139,1.257943868637085,2.0992648601531982,3.441957950592041,S1
A2-4,707,ood(10C),03-27-17_09.06 10degC_US06_Pan18650PF,3882,2.582253932952881,3.4909043312072754,2.507454872131348,3.44720721244812,3.63446307182312,4.640956878662109,S1
A2-4,707,ood(10C),03-28-17_12.51 10degC_Cycle_1_Pan18650PF,9067,1.8653419017791748,2.813711643218994,1.7895753383636477,2.745711088180542,2.57422423362732,3.887610673904419,S1
A2-4,707,ood(10C),03-28-17_18.18 10degC_Cycle_2_Pan18650PF,7795,3.0697789192199707,4.006750106811523,3.0289480686187744,3.967344045639038,4.284008502960205,5.296333312988281,S1
A2-4,707,ood(10C),04-05-17_17.04 10degC_Cycle_3_Pan18650PF,9769,2.631728172302246,3.5500950813293457,2.4990668296813965,3.4044907093048096,6.371574878692627,5.971768856048584,S1
A2-4,707,ood(10C),04-05-17_22.50 10degC_Cycle_4_Pan18650PF,9589,1.091448426246643,1.9739001989364624,1.0099141597747805,1.8663599491119385,1.8464959859848025,3.0702362060546875,S1
A2-4,707,ood(0C),05-30-17_12.56 0degC_Cycle_1_Pan18650PF,8487,4.934931755065918,5.930418491363525,4.733814239501953,5.76588773727417,7.470005512237549,8.825671195983887,S1
A2-4,707,ood(0C),05-30-17_20.16 0degC_Cycle_2_Pan18650PF,8060,5.283172130584717,6.274124622344971,4.996809482574463,5.988385200500488,9.116023063659668,10.08407974243164,S1
A2-4,707,ood(0C),06-01-17_10.36 0degC_LA92_Pan18650PF,15077,2.095378875732422,2.782299757003784,1.7240800857543943,2.0578455924987797,3.831493616104126,5.175919532775879,S1
A2-4,707,ood(0C),06-01-17_10.36 0degC_NN_Pan18650PF,13148,1.457082748413086,2.033938407897949,1.2210693359375,1.4211766719818115,3.2343292236328125,4.7656097412109375,S1
A2-4,707,ood(0C),06-01-17_15.36 0degC_Cycle_3_Pan18650PF,5931,6.142489433288574,7.040816783905029,5.865081310272217,6.711193084716797,8.96208667755127,10.517459869384766,S1
A2-4,707,ood(0C),06-01-17_22.03 0degC_Cycle_4_Pan18650PF,7389,3.171359062194824,4.190407752990723,3.049534559249878,4.101288795471191,4.093801021575928,5.416985511779785,S1
A2-4,707,ood(0C),06-02-17_04.58 0degC_US06_Pan18650PF,3344,6.671102523803711,7.670754909515381,6.200530529022217,7.130158424377441,8.390694618225098,9.74039363861084,S1
A2-4,707,ood(0C),06-02-17_10.43 0degC_HWFET_Pan18650PF,5670,7.212000370025635,7.941748142242432,6.990440368652344,7.755320072174072,9.013738632202148,10.516592025756836,S1
A2-4,707,ood(0C),06-02-17_17.14 0degC_UDDS_Pan18650PF,12540,3.190485954284668,4.190357208251953,2.9935877323150635,4.049220085144043,4.677614212036133,6.010528564453125,S1
A2-4,707,ood(-10C),06-07-17_08.39 n10degC_HWFET_Pan18650PF,11951,3.4016926288604736,3.9942939281463614,2.381418228149414,2.686361312866211,8.346379280090332,9.826744079589844,S1
A2-4,707,ood(-10C),06-07-17_08.39 n10degC_LA92_Pan18650PF,13765,3.662468671798706,4.326565265655518,2.644167900085449,3.039092779159546,8.308347702026367,9.80331039428711,S1
A2-4,707,ood(-10C),06-07-17_08.39 n10degC_UDDS_Pan18650PF,17786,4.724403381347656,5.480950832366943,3.696313142776489,4.245871543884277,8.852611541748047,10.463136672973633,S1
A2-4,707,ood(-10C),06-07-17_08.39 n10degC_US06_Pan18650PF,9929,1.5720794200897217,2.0099306106567383,1.2001672983169556,1.3017921447753906,4.790685653686523,6.222408294677734,S1
A2-4,707,ood(-10C),06-10-17_11.25 n10degC_Cycle_1_Pan18650PF,5706,6.60512638092041,7.593156337738037,6.451104164123535,7.439934253692627,8.205490112304688,9.62548542022705,S1
A2-4,707,ood(-10C),06-10-17_18.35 n10degC_Cycle_2_Pan18650PF,5654,12.16176986694336,13.169471740722656,12.135697364807127,13.140249252319336,13.866462707519531,15.43967056274414,S1
A2-4,707,ood(-10C),06-11-17_01.39 n10degC_Cycle_3_Pan18650PF,5368,12.64407730102539,13.655256271362305,12.542119026184082,13.56241512298584,16.49686050415039,18.212263107299805,S1
A2-4,707,ood(-10C),06-11-17_08.42 n10degC_Cycle_4_Pan18650PF,5791,5.355126857757568,6.313426494598389,4.935229301452637,5.816575527191162,8.565593719482422,10.02343463897705,S1
A2-4,707,ood(-10C),06-14-17_13.12 n10degC_NN_Pan18650PF,4939,11.515380859375,12.562835693359377,11.487773895263672,12.537646293640137,13.074525833129885,14.832030296325684,S1
A2-4,707,ood(-20C),06-23-17_23.35 n20degC_HWFET_Pan18650PF,11042,1.3390394449234009,1.8194295167922971,0.9279404282569884,1.1602791547775269,4.958640575408936,6.7842512130737305,S1
A2-4,707,ood(-20C),06-23-17_23.35 n20degC_LA92_Pan18650PF,12521,1.699766755104065,2.2902698516845703,1.2532685995101929,1.5697842836380005,5.283014297485352,6.90199089050293,S1
A2-4,707,ood(-20C),06-23-17_23.35 n20degC_NN_Pan18650PF,11350,1.1017630100250244,1.2229670286178589,0.8814716339111328,0.6395794749259949,3.7301185131073,5.395298957824707,S1
A2-4,707,ood(-20C),06-23-17_23.35 n20degC_UDDS_Pan18650PF,15753,5.160928726196289,5.897083282470703,3.931597948074341,4.3722686767578125,10.603472709655762,12.026318550109863,S1
A2-4,707,ood(-20C),06-24-17_04.29 n20degC_Cycle_1_Pan18650PF,4752,17.6080379486084,18.63700485229492,17.551179885864258,18.579893112182617,20.16110610961914,21.645790100097656,S1
A2-4,707,ood(-20C),06-24-17_11.58 n20degC_Cycle_2_Pan18650PF,4718,16.20331382751465,17.222749710083008,16.175241470336914,17.19246482849121,19.785266876220703,21.29738998413086,S1
A2-4,707,ood(-20C),06-24-17_19.29 n20degC_Cycle_3_Pan18650PF,4695,16.29913330078125,17.348621368408203,16.251310348510742,17.301788330078125,21.421072006225582,22.513416290283203,S1
A2-4,707,ood(-20C),06-25-17_03.01 n20degC_Cycle_4_Pan18650PF,4715,13.217724800109863,14.28400707244873,13.189414978027344,14.253026008605955,15.192038536071776,16.81235694885254,S1
A2-4,707,ood(-20C),06-25-17_10.31 n20degC_US06_Pan18650PF,2333,17.03714370727539,18.09276008605957,16.91422462463379,17.96798324584961,20.965356826782227,22.511083602905277,S1
