exp,seed,eval_group,cycle_id,RMSE
A2-0,7,test_id(25C),03-18-17_02.17 25degC_Cycle_1_Pan18650PF,0.7303272485733032
A2-0,13,test_id(25C),03-18-17_02.17 25degC_Cycle_1_Pan18650PF,0.7562857866287231
A2-0,42,test_id(25C),03-18-17_02.17 25degC_Cycle_1_Pan18650PF,0.7014502882957458
A2-0,101,test_id(25C),03-18-17_02.17 25degC_Cycle_1_Pan18650PF,0.7257883548736572
A2-0,202,test_id(25C),03-18-17_02.17 25degC_Cycle_1_Pan18650PF,0.7220269441604614
A2-0,303,test_id(25C),03-18-17_02.17 25degC_Cycle_1_Pan18650PF,0.7629957795143127
A2-0,404,test_id(25C),03-18-17_02.17 25degC_Cycle_1_Pan18650PF,0.7713030576705933
A2-0,505,test_id(25C),03-18-17_02.17 25degC_Cycle_1_Pan18650PF,0.752106785774231
A2-0,606,test_id(25C),03-18-17_02.17 25degC_Cycle_1_Pan18650PF,0.7337830662727356
A2-0,707,test_id(25C),03-18-17_02.17 25degC_Cycle_1_Pan18650PF,0.7473613619804382
A2-0,7,test_id(25C),03-19-17_03.25 25degC_Cycle_2_Pan18650PF,0.6679958701133728
A2-0,13,test_id(25C),03-19-17_03.25 25degC_Cycle_2_Pan18650PF,0.6428241729736328
A2-0,42,test_id(25C),03-19-17_03.25 25degC_Cycle_2_Pan18650PF,0.6811798214912415
A2-0,101,test_id(25C),03-19-17_03.25 25degC_Cycle_2_Pan18650PF,0.7106869220733643
A2-0,202,test_id(25C),03-19-17_03.25 25degC_Cycle_2_Pan18650PF,0.6972317099571228
A2-0,303,test_id(25C),03-19-17_03.25 25degC_Cycle_2_Pan18650PF,0.6169271469116211
A2-0,404,test_id(25C),03-19-17_03.25 25degC_Cycle_2_Pan18650PF,0.6289316415786743
A2-0,505,test_id(25C),03-19-17_03.25 25degC_Cycle_2_Pan18650PF,0.6305276155471802
A2-0,606,test_id(25C),03-19-17_03.25 25degC_Cycle_2_Pan18650PF,0.6635719537734985
A2-0,707,test_id(25C),03-19-17_03.25 25degC_Cycle_2_Pan18650PF,0.6862173080444336
A2-0,7,test_id(25C),03-19-17_09.07 25degC_Cycle_3_Pan18650PF,0.3936609029769897
A2-0,13,test_id(25C),03-19-17_09.07 25degC_Cycle_3_Pan18650PF,0.3486994802951813
A2-0,42,test_id(25C),03-19-17_09.07 25degC_Cycle_3_Pan18650PF,0.3834105730056762
A2-0,101,test_id(25C),03-19-17_09.07 25degC_Cycle_3_Pan18650PF,0.431349366903305
A2-0,202,test_id(25C),03-19-17_09.07 25degC_Cycle_3_Pan18650PF,0.4158886671066284
A2-0,303,test_id(25C),03-19-17_09.07 25degC_Cycle_3_Pan18650PF,0.3291739821434021
A2-0,404,test_id(25C),03-19-17_09.07 25degC_Cycle_3_Pan18650PF,0.3270667493343353
A2-0,505,test_id(25C),03-19-17_09.07 25degC_Cycle_3_Pan18650PF,0.335233986377716
A2-0,606,test_id(25C),03-19-17_09.07 25degC_Cycle_3_Pan18650PF,0.3632372617721557
A2-0,707,test_id(25C),03-19-17_09.07 25degC_Cycle_3_Pan18650PF,0.3867438435554504
A2-0,7,test_id(25C),03-19-17_14.31 25degC_Cycle_4_Pan18650PF,0.5927048325538635
A2-0,13,test_id(25C),03-19-17_14.31 25degC_Cycle_4_Pan18650PF,0.6166596412658691
A2-0,42,test_id(25C),03-19-17_14.31 25degC_Cycle_4_Pan18650PF,0.9239816665649414
A2-0,101,test_id(25C),03-19-17_14.31 25degC_Cycle_4_Pan18650PF,0.8963273763656616
A2-0,202,test_id(25C),03-19-17_14.31 25degC_Cycle_4_Pan18650PF,0.7343009114265442
A2-0,303,test_id(25C),03-19-17_14.31 25degC_Cycle_4_Pan18650PF,0.6902931332588196
A2-0,404,test_id(25C),03-19-17_14.31 25degC_Cycle_4_Pan18650PF,0.6568158268928528
A2-0,505,test_id(25C),03-19-17_14.31 25degC_Cycle_4_Pan18650PF,0.6822356581687927
A2-0,606,test_id(25C),03-19-17_14.31 25degC_Cycle_4_Pan18650PF,0.5793445706367493
A2-0,707,test_id(25C),03-19-17_14.31 25degC_Cycle_4_Pan18650PF,0.5835955142974854
A2-0,7,ood(10C),03-27-17_09.06 10degC_HWFET_Pan18650PF,3.0105068683624268
A2-0,13,ood(10C),03-27-17_09.06 10degC_HWFET_Pan18650PF,2.9517221450805664
A2-0,42,ood(10C),03-27-17_09.06 10degC_HWFET_Pan18650PF,2.7588298320770264
A2-0,101,ood(10C),03-27-17_09.06 10degC_HWFET_Pan18650PF,3.056511163711548
A2-0,202,ood(10C),03-27-17_09.06 10degC_HWFET_Pan18650PF,2.934429168701172
A2-0,303,ood(10C),03-27-17_09.06 10degC_HWFET_Pan18650PF,3.0391695499420166
A2-0,404,ood(10C),03-27-17_09.06 10degC_HWFET_Pan18650PF,3.219724655151367
A2-0,505,ood(10C),03-27-17_09.06 10degC_HWFET_Pan18650PF,3.0174214839935303
A2-0,606,ood(10C),03-27-17_09.06 10degC_HWFET_Pan18650PF,3.251474618911743
A2-0,707,ood(10C),03-27-17_09.06 10degC_HWFET_Pan18650PF,3.021538496017456
A2-0,7,ood(10C),03-27-17_09.06 10degC_LA92_Pan18650PF,3.30226731300354
A2-0,13,ood(10C),03-27-17_09.06 10degC_LA92_Pan18650PF,3.441810846328736
A2-0,42,ood(10C),03-27-17_09.06 10degC_LA92_Pan18650PF,3.1685941219329834
A2-0,101,ood(10C),03-27-17_09.06 10degC_LA92_Pan18650PF,3.223927974700928
A2-0,202,ood(10C),03-27-17_09.06 10degC_LA92_Pan18650PF,3.1532907485961914
A2-0,303,ood(10C),03-27-17_09.06 10degC_LA92_Pan18650PF,3.5307512283325195
A2-0,404,ood(10C),03-27-17_09.06 10degC_LA92_Pan18650PF,3.568417549133301
A2-0,505,ood(10C),03-27-17_09.06 10degC_LA92_Pan18650PF,3.289820909500122
A2-0,606,ood(10C),03-27-17_09.06 10degC_LA92_Pan18650PF,3.543707609176636
A2-0,707,ood(10C),03-27-17_09.06 10degC_LA92_Pan18650PF,3.2364718914031982
A2-0,7,ood(10C),03-27-17_09.06 10degC_NN_Pan18650PF,2.664272785186768
A2-0,13,ood(10C),03-27-17_09.06 10degC_NN_Pan18650PF,2.7356832027435303
A2-0,42,ood(10C),03-27-17_09.06 10degC_NN_Pan18650PF,2.517010450363159
A2-0,101,ood(10C),03-27-17_09.06 10degC_NN_Pan18650PF,2.6604971885681152
A2-0,202,ood(10C),03-27-17_09.06 10degC_NN_Pan18650PF,2.592818021774292
A2-0,303,ood(10C),03-27-17_09.06 10degC_NN_Pan18650PF,2.7919929027557373
A2-0,404,ood(10C),03-27-17_09.06 10degC_NN_Pan18650PF,2.875983953475952
A2-0,505,ood(10C),03-27-17_09.06 10degC_NN_Pan18650PF,2.637681007385254
A2-0,606,ood(10C),03-27-17_09.06 10degC_NN_Pan18650PF,2.9005544185638428
A2-0,707,ood(10C),03-27-17_09.06 10degC_NN_Pan18650PF,2.5788424015045166
A2-0,7,ood(10C),03-27-17_09.06 10degC_UDDS_Pan18650PF,2.1851649284362797
A2-0,13,ood(10C),03-27-17_09.06 10degC_UDDS_Pan18650PF,2.2976365089416504
A2-0,42,ood(10C),03-27-17_09.06 10degC_UDDS_Pan18650PF,2.0464906692504883
A2-0,101,ood(10C),03-27-17_09.06 10degC_UDDS_Pan18650PF,2.202061414718628
A2-0,202,ood(10C),03-27-17_09.06 10degC_UDDS_Pan18650PF,1.913423776626587
A2-0,303,ood(10C),03-27-17_09.06 10degC_UDDS_Pan18650PF,2.32114052772522
A2-0,404,ood(10C),03-27-17_09.06 10degC_UDDS_Pan18650PF,2.4475648403167725
A2-0,505,ood(10C),03-27-17_09.06 10degC_UDDS_Pan18650PF,2.1077380180358887
A2-0,606,ood(10C),03-27-17_09.06 10degC_UDDS_Pan18650PF,2.491676092147827
A2-0,707,ood(10C),03-27-17_09.06 10degC_UDDS_Pan18650PF,2.06066370010376
A2-0,7,ood(10C),03-27-17_09.06 10degC_US06_Pan18650PF,3.8886351585388175
A2-0,13,ood(10C),03-27-17_09.06 10degC_US06_Pan18650PF,3.813828468322754
A2-0,42,ood(10C),03-27-17_09.06 10degC_US06_Pan18650PF,3.6280086040496826
A2-0,101,ood(10C),03-27-17_09.06 10degC_US06_Pan18650PF,3.767138957977295
A2-0,202,ood(10C),03-27-17_09.06 10degC_US06_Pan18650PF,3.990056991577149
A2-0,303,ood(10C),03-27-17_09.06 10degC_US06_Pan18650PF,3.919341325759888
A2-0,404,ood(10C),03-27-17_09.06 10degC_US06_Pan18650PF,4.009756565093994
A2-0,505,ood(10C),03-27-17_09.06 10degC_US06_Pan18650PF,3.85247802734375
A2-0,606,ood(10C),03-27-17_09.06 10degC_US06_Pan18650PF,3.991012811660767
A2-0,707,ood(10C),03-27-17_09.06 10degC_US06_Pan18650PF,3.822486400604248
A2-0,7,ood(10C),03-28-17_12.51 10degC_Cycle_1_Pan18650PF,3.5472230911254883
A2-0,13,ood(10C),03-28-17_12.51 10degC_Cycle_1_Pan18650PF,3.621991395950317
A2-0,42,ood(10C),03-28-17_12.51 10degC_Cycle_1_Pan18650PF,3.417344093322754
A2-0,101,ood(10C),03-28-17_12.51 10degC_Cycle_1_Pan18650PF,3.4641551971435547
A2-0,202,ood(10C),03-28-17_12.51 10degC_Cycle_1_Pan18650PF,3.363444566726685
A2-0,303,ood(10C),03-28-17_12.51 10degC_Cycle_1_Pan18650PF,3.749566555023194
A2-0,404,ood(10C),03-28-17_12.51 10degC_Cycle_1_Pan18650PF,3.797910213470459
A2-0,505,ood(10C),03-28-17_12.51 10degC_Cycle_1_Pan18650PF,3.523648500442505
A2-0,606,ood(10C),03-28-17_12.51 10degC_Cycle_1_Pan18650PF,3.750803232192993
A2-0,707,ood(10C),03-28-17_12.51 10degC_Cycle_1_Pan18650PF,3.4371492862701416
A2-0,7,ood(10C),03-28-17_18.18 10degC_Cycle_2_Pan18650PF,4.616703510284424
A2-0,13,ood(10C),03-28-17_18.18 10degC_Cycle_2_Pan18650PF,4.748355388641357
A2-0,42,ood(10C),03-28-17_18.18 10degC_Cycle_2_Pan18650PF,4.507599830627441
A2-0,101,ood(10C),03-28-17_18.18 10degC_Cycle_2_Pan18650PF,4.520144939422607
A2-0,202,ood(10C),03-28-17_18.18 10degC_Cycle_2_Pan18650PF,4.45104455947876
A2-0,303,ood(10C),03-28-17_18.18 10degC_Cycle_2_Pan18650PF,4.915197372436523
A2-0,404,ood(10C),03-28-17_18.18 10degC_Cycle_2_Pan18650PF,4.926747798919678
A2-0,505,ood(10C),03-28-17_18.18 10degC_Cycle_2_Pan18650PF,4.620336532592773
A2-0,606,ood(10C),03-28-17_18.18 10degC_Cycle_2_Pan18650PF,4.838696002960205
A2-0,707,ood(10C),03-28-17_18.18 10degC_Cycle_2_Pan18650PF,4.509148597717285
A2-0,7,ood(10C),04-05-17_17.04 10degC_Cycle_3_Pan18650PF,4.642809867858887
A2-0,13,ood(10C),04-05-17_17.04 10degC_Cycle_3_Pan18650PF,4.65555477142334
A2-0,42,ood(10C),04-05-17_17.04 10degC_Cycle_3_Pan18650PF,4.4891557693481445
A2-0,101,ood(10C),04-05-17_17.04 10degC_Cycle_3_Pan18650PF,4.569093704223633
A2-0,202,ood(10C),04-05-17_17.04 10degC_Cycle_3_Pan18650PF,4.455345153808594
A2-0,303,ood(10C),04-05-17_17.04 10degC_Cycle_3_Pan18650PF,4.735518455505371
A2-0,404,ood(10C),04-05-17_17.04 10degC_Cycle_3_Pan18650PF,4.851655960083008
A2-0,505,ood(10C),04-05-17_17.04 10degC_Cycle_3_Pan18650PF,4.6446919441223145
A2-0,606,ood(10C),04-05-17_17.04 10degC_Cycle_3_Pan18650PF,4.8144402503967285
A2-0,707,ood(10C),04-05-17_17.04 10degC_Cycle_3_Pan18650PF,4.554436206817627
A2-0,7,ood(10C),04-05-17_22.50 10degC_Cycle_4_Pan18650PF,2.942955732345581
A2-0,13,ood(10C),04-05-17_22.50 10degC_Cycle_4_Pan18650PF,3.020094394683838
A2-0,42,ood(10C),04-05-17_22.50 10degC_Cycle_4_Pan18650PF,2.75826358795166
A2-0,101,ood(10C),04-05-17_22.50 10degC_Cycle_4_Pan18650PF,2.9267473220825195
A2-0,202,ood(10C),04-05-17_22.50 10degC_Cycle_4_Pan18650PF,2.851927757263184
A2-0,303,ood(10C),04-05-17_22.50 10degC_Cycle_4_Pan18650PF,3.085711717605591
A2-0,404,ood(10C),04-05-17_22.50 10degC_Cycle_4_Pan18650PF,3.2032198905944824
A2-0,505,ood(10C),04-05-17_22.50 10degC_Cycle_4_Pan18650PF,2.838624954223633
A2-0,606,ood(10C),04-05-17_22.50 10degC_Cycle_4_Pan18650PF,3.2183241844177246
A2-0,707,ood(10C),04-05-17_22.50 10degC_Cycle_4_Pan18650PF,2.8561155796051025
A2-0,7,ood(0C),05-30-17_12.56 0degC_Cycle_1_Pan18650PF,9.956089973449709
A2-0,13,ood(0C),05-30-17_12.56 0degC_Cycle_1_Pan18650PF,9.790477752685549
A2-0,42,ood(0C),05-30-17_12.56 0degC_Cycle_1_Pan18650PF,9.34066104888916
A2-0,101,ood(0C),05-30-17_12.56 0degC_Cycle_1_Pan18650PF,9.796205520629885
A2-0,202,ood(0C),05-30-17_12.56 0degC_Cycle_1_Pan18650PF,9.654433250427246
A2-0,303,ood(0C),05-30-17_12.56 0degC_Cycle_1_Pan18650PF,9.568780899047852
A2-0,404,ood(0C),05-30-17_12.56 0degC_Cycle_1_Pan18650PF,9.8295259475708
A2-0,505,ood(0C),05-30-17_12.56 0degC_Cycle_1_Pan18650PF,9.741928100585938
A2-0,606,ood(0C),05-30-17_12.56 0degC_Cycle_1_Pan18650PF,10.394869804382324
A2-0,707,ood(0C),05-30-17_12.56 0degC_Cycle_1_Pan18650PF,9.989212989807127
A2-0,7,ood(0C),05-30-17_20.16 0degC_Cycle_2_Pan18650PF,9.970986366271973
A2-0,13,ood(0C),05-30-17_20.16 0degC_Cycle_2_Pan18650PF,9.994706153869627
A2-0,42,ood(0C),05-30-17_20.16 0degC_Cycle_2_Pan18650PF,9.53354835510254
A2-0,101,ood(0C),05-30-17_20.16 0degC_Cycle_2_Pan18650PF,9.896316528320312
A2-0,202,ood(0C),05-30-17_20.16 0degC_Cycle_2_Pan18650PF,9.84093952178955
A2-0,303,ood(0C),05-30-17_20.16 0degC_Cycle_2_Pan18650PF,9.927921295166016
A2-0,404,ood(0C),05-30-17_20.16 0degC_Cycle_2_Pan18650PF,10.064233779907228
A2-0,505,ood(0C),05-30-17_20.16 0degC_Cycle_2_Pan18650PF,9.896376609802246
A2-0,606,ood(0C),05-30-17_20.16 0degC_Cycle_2_Pan18650PF,10.62278938293457
A2-0,707,ood(0C),05-30-17_20.16 0degC_Cycle_2_Pan18650PF,10.09449863433838
A2-0,7,ood(0C),06-01-17_10.36 0degC_LA92_Pan18650PF,6.033118724822998
A2-0,13,ood(0C),06-01-17_10.36 0degC_LA92_Pan18650PF,6.259622097015381
A2-0,42,ood(0C),06-01-17_10.36 0degC_LA92_Pan18650PF,5.905523300170898
A2-0,101,ood(0C),06-01-17_10.36 0degC_LA92_Pan18650PF,6.195091724395752
A2-0,202,ood(0C),06-01-17_10.36 0degC_LA92_Pan18650PF,5.7920122146606445
A2-0,303,ood(0C),06-01-17_10.36 0degC_LA92_Pan18650PF,6.319821357727051
A2-0,404,ood(0C),06-01-17_10.36 0degC_LA92_Pan18650PF,6.387025356292725
A2-0,505,ood(0C),06-01-17_10.36 0degC_LA92_Pan18650PF,5.985604286193848
A2-0,606,ood(0C),06-01-17_10.36 0degC_LA92_Pan18650PF,6.5242109298706055
A2-0,707,ood(0C),06-01-17_10.36 0degC_LA92_Pan18650PF,5.9178667068481445
A2-0,7,ood(0C),06-01-17_10.36 0degC_NN_Pan18650PF,4.959604740142822
A2-0,13,ood(0C),06-01-17_10.36 0degC_NN_Pan18650PF,5.146329879760742
A2-0,42,ood(0C),06-01-17_10.36 0degC_NN_Pan18650PF,4.853038311004639
A2-0,101,ood(0C),06-01-17_10.36 0degC_NN_Pan18650PF,5.215038776397705
A2-0,202,ood(0C),06-01-17_10.36 0degC_NN_Pan18650PF,4.82338285446167
A2-0,303,ood(0C),06-01-17_10.36 0degC_NN_Pan18650PF,5.185433387756348
A2-0,404,ood(0C),06-01-17_10.36 0degC_NN_Pan18650PF,5.31196928024292
A2-0,505,ood(0C),06-01-17_10.36 0degC_NN_Pan18650PF,4.970648288726807
A2-0,606,ood(0C),06-01-17_10.36 0degC_NN_Pan18650PF,5.490297794342041
A2-0,707,ood(0C),06-01-17_10.36 0degC_NN_Pan18650PF,4.885997772216797
A2-0,7,ood(0C),06-01-17_15.36 0degC_Cycle_3_Pan18650PF,10.307238578796388
A2-0,13,ood(0C),06-01-17_15.36 0degC_Cycle_3_Pan18650PF,10.498970985412598
A2-0,42,ood(0C),06-01-17_15.36 0degC_Cycle_3_Pan18650PF,10.250712394714355
A2-0,101,ood(0C),06-01-17_15.36 0degC_Cycle_3_Pan18650PF,10.324427604675291
A2-0,202,ood(0C),06-01-17_15.36 0degC_Cycle_3_Pan18650PF,9.850286483764648
A2-0,303,ood(0C),06-01-17_15.36 0degC_Cycle_3_Pan18650PF,10.689379692077637
A2-0,404,ood(0C),06-01-17_15.36 0degC_Cycle_3_Pan18650PF,10.851049423217772
A2-0,505,ood(0C),06-01-17_15.36 0degC_Cycle_3_Pan18650PF,10.483230590820312
A2-0,606,ood(0C),06-01-17_15.36 0degC_Cycle_3_Pan18650PF,10.708488464355469
A2-0,707,ood(0C),06-01-17_15.36 0degC_Cycle_3_Pan18650PF,10.332218170166016
A2-0,7,ood(0C),06-01-17_22.03 0degC_Cycle_4_Pan18650PF,8.474520683288574
A2-0,13,ood(0C),06-01-17_22.03 0degC_Cycle_4_Pan18650PF,8.55362319946289
A2-0,42,ood(0C),06-01-17_22.03 0degC_Cycle_4_Pan18650PF,8.225227355957031
A2-0,101,ood(0C),06-01-17_22.03 0degC_Cycle_4_Pan18650PF,8.590852737426758
A2-0,202,ood(0C),06-01-17_22.03 0degC_Cycle_4_Pan18650PF,8.128022193908691
A2-0,303,ood(0C),06-01-17_22.03 0degC_Cycle_4_Pan18650PF,8.643733978271484
A2-0,404,ood(0C),06-01-17_22.03 0degC_Cycle_4_Pan18650PF,8.819596290588379
A2-0,505,ood(0C),06-01-17_22.03 0degC_Cycle_4_Pan18650PF,8.330554962158203
A2-0,606,ood(0C),06-01-17_22.03 0degC_Cycle_4_Pan18650PF,8.938321113586426
A2-0,707,ood(0C),06-01-17_22.03 0degC_Cycle_4_Pan18650PF,8.271953582763672
A2-0,7,ood(0C),06-02-17_04.58 0degC_US06_Pan18650PF,11.125539779663086
A2-0,13,ood(0C),06-02-17_04.58 0degC_US06_Pan18650PF,10.979880332946776
A2-0,42,ood(0C),06-02-17_04.58 0degC_US06_Pan18650PF,10.790639877319336
A2-0,101,ood(0C),06-02-17_04.58 0degC_US06_Pan18650PF,11.086864471435549
A2-0,202,ood(0C),06-02-17_04.58 0degC_US06_Pan18650PF,11.119720458984377
A2-0,303,ood(0C),06-02-17_04.58 0degC_US06_Pan18650PF,11.198373794555664
A2-0,404,ood(0C),06-02-17_04.58 0degC_US06_Pan18650PF,11.39597511291504
A2-0,505,ood(0C),06-02-17_04.58 0degC_US06_Pan18650PF,11.095179557800291
A2-0,606,ood(0C),06-02-17_04.58 0degC_US06_Pan18650PF,11.336674690246582
A2-0,707,ood(0C),06-02-17_04.58 0degC_US06_Pan18650PF,11.017271041870115
A2-0,7,ood(0C),06-02-17_10.43 0degC_HWFET_Pan18650PF,11.78377628326416
A2-0,13,ood(0C),06-02-17_10.43 0degC_HWFET_Pan18650PF,11.551215171813965
A2-0,42,ood(0C),06-02-17_10.43 0degC_HWFET_Pan18650PF,11.276835441589355
A2-0,101,ood(0C),06-02-17_10.43 0degC_HWFET_Pan18650PF,11.869537353515623
A2-0,202,ood(0C),06-02-17_10.43 0degC_HWFET_Pan18650PF,11.39846134185791
A2-0,303,ood(0C),06-02-17_10.43 0degC_HWFET_Pan18650PF,11.75432014465332
A2-0,404,ood(0C),06-02-17_10.43 0degC_HWFET_Pan18650PF,12.171331405639648
A2-0,505,ood(0C),06-02-17_10.43 0degC_HWFET_Pan18650PF,11.687292098999023
A2-0,606,ood(0C),06-02-17_10.43 0degC_HWFET_Pan18650PF,12.036837577819824
A2-0,707,ood(0C),06-02-17_10.43 0degC_HWFET_Pan18650PF,11.736380577087402
A2-0,7,ood(0C),06-02-17_17.14 0degC_UDDS_Pan18650PF,8.412688255310059
A2-0,13,ood(0C),06-02-17_17.14 0degC_UDDS_Pan18650PF,8.68671703338623
A2-0,42,ood(0C),06-02-17_17.14 0degC_UDDS_Pan18650PF,8.333589553833008
A2-0,101,ood(0C),06-02-17_17.14 0degC_UDDS_Pan18650PF,8.577296257019043
A2-0,202,ood(0C),06-02-17_17.14 0degC_UDDS_Pan18650PF,7.836732864379883
A2-0,303,ood(0C),06-02-17_17.14 0degC_UDDS_Pan18650PF,8.709696769714355
A2-0,404,ood(0C),06-02-17_17.14 0degC_UDDS_Pan18650PF,8.898868560791016
A2-0,505,ood(0C),06-02-17_17.14 0degC_UDDS_Pan18650PF,8.305360794067383
A2-0,606,ood(0C),06-02-17_17.14 0degC_UDDS_Pan18650PF,8.997281074523926
A2-0,707,ood(0C),06-02-17_17.14 0degC_UDDS_Pan18650PF,8.250079154968262
A2-0,7,ood(-10C),06-07-17_08.39 n10degC_HWFET_Pan18650PF,6.87654447555542
A2-0,13,ood(-10C),06-07-17_08.39 n10degC_HWFET_Pan18650PF,6.964510917663574
A2-0,42,ood(-10C),06-07-17_08.39 n10degC_HWFET_Pan18650PF,6.518975734710693
A2-0,101,ood(-10C),06-07-17_08.39 n10degC_HWFET_Pan18650PF,7.232787132263184
A2-0,202,ood(-10C),06-07-17_08.39 n10degC_HWFET_Pan18650PF,6.652679920196533
A2-0,303,ood(-10C),06-07-17_08.39 n10degC_HWFET_Pan18650PF,6.957184791564941
A2-0,404,ood(-10C),06-07-17_08.39 n10degC_HWFET_Pan18650PF,7.337915897369385
A2-0,505,ood(-10C),06-07-17_08.39 n10degC_HWFET_Pan18650PF,6.751921653747559
A2-0,606,ood(-10C),06-07-17_08.39 n10degC_HWFET_Pan18650PF,7.454621315002441
A2-0,707,ood(-10C),06-07-17_08.39 n10degC_HWFET_Pan18650PF,6.751792907714844
A2-0,7,ood(-10C),06-07-17_08.39 n10degC_LA92_Pan18650PF,7.483275890350342
A2-0,13,ood(-10C),06-07-17_08.39 n10degC_LA92_Pan18650PF,7.844152927398682
A2-0,42,ood(-10C),06-07-17_08.39 n10degC_LA92_Pan18650PF,7.419490337371826
A2-0,101,ood(-10C),06-07-17_08.39 n10degC_LA92_Pan18650PF,7.793130874633789
A2-0,202,ood(-10C),06-07-17_08.39 n10degC_LA92_Pan18650PF,7.261837959289551
A2-0,303,ood(-10C),06-07-17_08.39 n10degC_LA92_Pan18650PF,7.839298725128174
A2-0,404,ood(-10C),06-07-17_08.39 n10degC_LA92_Pan18650PF,7.98576545715332
A2-0,505,ood(-10C),06-07-17_08.39 n10degC_LA92_Pan18650PF,7.473736763000488
A2-0,606,ood(-10C),06-07-17_08.39 n10degC_LA92_Pan18650PF,8.239217758178711
A2-0,707,ood(-10C),06-07-17_08.39 n10degC_LA92_Pan18650PF,7.391881942749023
A2-0,7,ood(-10C),06-07-17_08.39 n10degC_UDDS_Pan18650PF,9.1405029296875
A2-0,13,ood(-10C),06-07-17_08.39 n10degC_UDDS_Pan18650PF,9.605250358581545
A2-0,42,ood(-10C),06-07-17_08.39 n10degC_UDDS_Pan18650PF,9.189175605773926
A2-0,101,ood(-10C),06-07-17_08.39 n10degC_UDDS_Pan18650PF,9.468018531799316
A2-0,202,ood(-10C),06-07-17_08.39 n10degC_UDDS_Pan18650PF,8.704690933227539
A2-0,303,ood(-10C),06-07-17_08.39 n10degC_UDDS_Pan18650PF,9.574541091918944
A2-0,404,ood(-10C),06-07-17_08.39 n10degC_UDDS_Pan18650PF,9.730535507202148
A2-0,505,ood(-10C),06-07-17_08.39 n10degC_UDDS_Pan18650PF,9.071845054626465
A2-0,606,ood(-10C),06-07-17_08.39 n10degC_UDDS_Pan18650PF,9.988839149475098
A2-0,707,ood(-10C),06-07-17_08.39 n10degC_UDDS_Pan18650PF,9.008218765258787
A2-0,7,ood(-10C),06-07-17_08.39 n10degC_US06_Pan18650PF,4.2619309425354
A2-0,13,ood(-10C),06-07-17_08.39 n10degC_US06_Pan18650PF,4.579203128814697
A2-0,42,ood(-10C),06-07-17_08.39 n10degC_US06_Pan18650PF,4.117923736572266
A2-0,101,ood(-10C),06-07-17_08.39 n10degC_US06_Pan18650PF,4.697884559631348
A2-0,202,ood(-10C),06-07-17_08.39 n10degC_US06_Pan18650PF,4.34230899810791
A2-0,303,ood(-10C),06-07-17_08.39 n10degC_US06_Pan18650PF,4.651267051696777
A2-0,404,ood(-10C),06-07-17_08.39 n10degC_US06_Pan18650PF,4.743142127990723
A2-0,505,ood(-10C),06-07-17_08.39 n10degC_US06_Pan18650PF,4.363353729248047
A2-0,606,ood(-10C),06-07-17_08.39 n10degC_US06_Pan18650PF,5.053942680358887
A2-0,707,ood(-10C),06-07-17_08.39 n10degC_US06_Pan18650PF,4.189001560211182
A2-0,7,ood(-10C),06-10-17_11.25 n10degC_Cycle_1_Pan18650PF,12.10996913909912
A2-0,13,ood(-10C),06-10-17_11.25 n10degC_Cycle_1_Pan18650PF,12.35243320465088
A2-0,42,ood(-10C),06-10-17_11.25 n10degC_Cycle_1_Pan18650PF,11.929123878479004
A2-0,101,ood(-10C),06-10-17_11.25 n10degC_Cycle_1_Pan18650PF,12.32711410522461
A2-0,202,ood(-10C),06-10-17_11.25 n10degC_Cycle_1_Pan18650PF,11.698932647705078
A2-0,303,ood(-10C),06-10-17_11.25 n10degC_Cycle_1_Pan18650PF,12.39931869506836
A2-0,404,ood(-10C),06-10-17_11.25 n10degC_Cycle_1_Pan18650PF,12.652108192443848
A2-0,505,ood(-10C),06-10-17_11.25 n10degC_Cycle_1_Pan18650PF,12.013079643249512
A2-0,606,ood(-10C),06-10-17_11.25 n10degC_Cycle_1_Pan18650PF,12.747110366821287
A2-0,707,ood(-10C),06-10-17_11.25 n10degC_Cycle_1_Pan18650PF,12.009953498840332
A2-0,7,ood(-10C),06-10-17_18.35 n10degC_Cycle_2_Pan18650PF,17.558612823486328
A2-0,13,ood(-10C),06-10-17_18.35 n10degC_Cycle_2_Pan18650PF,17.788402557373047
A2-0,42,ood(-10C),06-10-17_18.35 n10degC_Cycle_2_Pan18650PF,17.39617156982422
A2-0,101,ood(-10C),06-10-17_18.35 n10degC_Cycle_2_Pan18650PF,17.80727195739746
A2-0,202,ood(-10C),06-10-17_18.35 n10degC_Cycle_2_Pan18650PF,17.059816360473633
A2-0,303,ood(-10C),06-10-17_18.35 n10degC_Cycle_2_Pan18650PF,17.843177795410156
A2-0,404,ood(-10C),06-10-17_18.35 n10degC_Cycle_2_Pan18650PF,18.154438018798828
A2-0,505,ood(-10C),06-10-17_18.35 n10degC_Cycle_2_Pan18650PF,17.451709747314453
A2-0,606,ood(-10C),06-10-17_18.35 n10degC_Cycle_2_Pan18650PF,18.282304763793945
A2-0,707,ood(-10C),06-10-17_18.35 n10degC_Cycle_2_Pan18650PF,17.38365936279297
A2-0,7,ood(-10C),06-11-17_01.39 n10degC_Cycle_3_Pan18650PF,17.94562530517578
A2-0,13,ood(-10C),06-11-17_01.39 n10degC_Cycle_3_Pan18650PF,18.233625411987305
A2-0,42,ood(-10C),06-11-17_01.39 n10degC_Cycle_3_Pan18650PF,17.89305305480957
A2-0,101,ood(-10C),06-11-17_01.39 n10degC_Cycle_3_Pan18650PF,18.094947814941406
A2-0,202,ood(-10C),06-11-17_01.39 n10degC_Cycle_3_Pan18650PF,17.39295768737793
A2-0,303,ood(-10C),06-11-17_01.39 n10degC_Cycle_3_Pan18650PF,18.349943161010746
A2-0,404,ood(-10C),06-11-17_01.39 n10degC_Cycle_3_Pan18650PF,18.563077926635746
A2-0,505,ood(-10C),06-11-17_01.39 n10degC_Cycle_3_Pan18650PF,18.05742073059082
A2-0,606,ood(-10C),06-11-17_01.39 n10degC_Cycle_3_Pan18650PF,18.593467712402344
A2-0,707,ood(-10C),06-11-17_01.39 n10degC_Cycle_3_Pan18650PF,17.937301635742188
A2-0,7,ood(-10C),06-11-17_08.42 n10degC_Cycle_4_Pan18650PF,11.004298210144045
A2-0,13,ood(-10C),06-11-17_08.42 n10degC_Cycle_4_Pan18650PF,11.230432510375977
A2-0,42,ood(-10C),06-11-17_08.42 n10degC_Cycle_4_Pan18650PF,10.796338081359863
A2-0,101,ood(-10C),06-11-17_08.42 n10degC_Cycle_4_Pan18650PF,11.17460823059082
A2-0,202,ood(-10C),06-11-17_08.42 n10degC_Cycle_4_Pan18650PF,10.63567066192627
A2-0,303,ood(-10C),06-11-17_08.42 n10degC_Cycle_4_Pan18650PF,11.265902519226074
A2-0,404,ood(-10C),06-11-17_08.42 n10degC_Cycle_4_Pan18650PF,11.525371551513672
A2-0,505,ood(-10C),06-11-17_08.42 n10degC_Cycle_4_Pan18650PF,10.934131622314451
A2-0,606,ood(-10C),06-11-17_08.42 n10degC_Cycle_4_Pan18650PF,11.634758949279783
A2-0,707,ood(-10C),06-11-17_08.42 n10degC_Cycle_4_Pan18650PF,10.795534133911133
A2-0,7,ood(-10C),06-14-17_13.12 n10degC_NN_Pan18650PF,16.900705337524414
A2-0,13,ood(-10C),06-14-17_13.12 n10degC_NN_Pan18650PF,17.178312301635742
A2-0,42,ood(-10C),06-14-17_13.12 n10degC_NN_Pan18650PF,16.860319137573242
A2-0,101,ood(-10C),06-14-17_13.12 n10degC_NN_Pan18650PF,17.114089965820312
A2-0,202,ood(-10C),06-14-17_13.12 n10degC_NN_Pan18650PF,16.468271255493164
A2-0,303,ood(-10C),06-14-17_13.12 n10degC_NN_Pan18650PF,17.24442481994629
A2-0,404,ood(-10C),06-14-17_13.12 n10degC_NN_Pan18650PF,17.478843688964844
A2-0,505,ood(-10C),06-14-17_13.12 n10degC_NN_Pan18650PF,16.960796356201172
A2-0,606,ood(-10C),06-14-17_13.12 n10degC_NN_Pan18650PF,17.608531951904297
A2-0,707,ood(-10C),06-14-17_13.12 n10degC_NN_Pan18650PF,16.792491912841797
A2-0,7,ood(-20C),06-23-17_23.35 n20degC_HWFET_Pan18650PF,4.735891819000244
A2-0,13,ood(-20C),06-23-17_23.35 n20degC_HWFET_Pan18650PF,5.230860233306885
A2-0,42,ood(-20C),06-23-17_23.35 n20degC_HWFET_Pan18650PF,4.587840080261231
A2-0,101,ood(-20C),06-23-17_23.35 n20degC_HWFET_Pan18650PF,5.347795486450195
A2-0,202,ood(-20C),06-23-17_23.35 n20degC_HWFET_Pan18650PF,4.628077983856201
A2-0,303,ood(-20C),06-23-17_23.35 n20degC_HWFET_Pan18650PF,5.0835394859313965
A2-0,404,ood(-20C),06-23-17_23.35 n20degC_HWFET_Pan18650PF,5.4780802726745605
A2-0,505,ood(-20C),06-23-17_23.35 n20degC_HWFET_Pan18650PF,4.701654434204102
A2-0,606,ood(-20C),06-23-17_23.35 n20degC_HWFET_Pan18650PF,5.783059597015381
A2-0,707,ood(-20C),06-23-17_23.35 n20degC_HWFET_Pan18650PF,4.595847606658936
A2-0,7,ood(-20C),06-23-17_23.35 n20degC_LA92_Pan18650PF,5.541930198669434
A2-0,13,ood(-20C),06-23-17_23.35 n20degC_LA92_Pan18650PF,6.228817462921143
A2-0,42,ood(-20C),06-23-17_23.35 n20degC_LA92_Pan18650PF,5.596515655517578
A2-0,101,ood(-20C),06-23-17_23.35 n20degC_LA92_Pan18650PF,6.079341411590576
A2-0,202,ood(-20C),06-23-17_23.35 n20degC_LA92_Pan18650PF,5.4412522315979
A2-0,303,ood(-20C),06-23-17_23.35 n20degC_LA92_Pan18650PF,6.087047576904297
A2-0,404,ood(-20C),06-23-17_23.35 n20degC_LA92_Pan18650PF,6.297603607177734
A2-0,505,ood(-20C),06-23-17_23.35 n20degC_LA92_Pan18650PF,5.596529006958008
A2-0,606,ood(-20C),06-23-17_23.35 n20degC_LA92_Pan18650PF,6.678308963775635
A2-0,707,ood(-20C),06-23-17_23.35 n20degC_LA92_Pan18650PF,5.451352596282959
A2-0,7,ood(-20C),06-23-17_23.35 n20degC_NN_Pan18650PF,4.2575273513793945
A2-0,13,ood(-20C),06-23-17_23.35 n20degC_NN_Pan18650PF,4.951629638671875
A2-0,42,ood(-20C),06-23-17_23.35 n20degC_NN_Pan18650PF,4.327730655670166
A2-0,101,ood(-20C),06-23-17_23.35 n20degC_NN_Pan18650PF,4.869083881378174
A2-0,202,ood(-20C),06-23-17_23.35 n20degC_NN_Pan18650PF,4.05967378616333
A2-0,303,ood(-20C),06-23-17_23.35 n20degC_NN_Pan18650PF,4.763486385345459
A2-0,404,ood(-20C),06-23-17_23.35 n20degC_NN_Pan18650PF,5.05043363571167
A2-0,505,ood(-20C),06-23-17_23.35 n20degC_NN_Pan18650PF,4.350822448730469
A2-0,606,ood(-20C),06-23-17_23.35 n20degC_NN_Pan18650PF,5.441250801086426
A2-0,707,ood(-20C),06-23-17_23.35 n20degC_NN_Pan18650PF,4.175891399383545
A2-0,7,ood(-20C),06-23-17_23.35 n20degC_UDDS_Pan18650PF,9.608464241027832
A2-0,13,ood(-20C),06-23-17_23.35 n20degC_UDDS_Pan18650PF,10.323601722717283
A2-0,42,ood(-20C),06-23-17_23.35 n20degC_UDDS_Pan18650PF,9.782245635986328
A2-0,101,ood(-20C),06-23-17_23.35 n20degC_UDDS_Pan18650PF,10.08034324645996
A2-0,202,ood(-20C),06-23-17_23.35 n20degC_UDDS_Pan18650PF,9.366399765014648
A2-0,303,ood(-20C),06-23-17_23.35 n20degC_UDDS_Pan18650PF,10.183939933776855
A2-0,404,ood(-20C),06-23-17_23.35 n20degC_UDDS_Pan18650PF,10.36717700958252
A2-0,505,ood(-20C),06-23-17_23.35 n20degC_UDDS_Pan18650PF,9.60795783996582
A2-0,606,ood(-20C),06-23-17_23.35 n20degC_UDDS_Pan18650PF,10.711267471313477
A2-0,707,ood(-20C),06-23-17_23.35 n20degC_UDDS_Pan18650PF,9.501482009887695
A2-0,7,ood(-20C),06-24-17_04.29 n20degC_Cycle_1_Pan18650PF,22.863842010498047
A2-0,13,ood(-20C),06-24-17_04.29 n20degC_Cycle_1_Pan18650PF,23.40519905090332
A2-0,42,ood(-20C),06-24-17_04.29 n20degC_Cycle_1_Pan18650PF,22.883882522583008
A2-0,101,ood(-20C),06-24-17_04.29 n20degC_Cycle_1_Pan18650PF,23.1951961517334
A2-0,202,ood(-20C),06-24-17_04.29 n20degC_Cycle_1_Pan18650PF,22.477914810180664
A2-0,303,ood(-20C),06-24-17_04.29 n20degC_Cycle_1_Pan18650PF,23.43149185180664
A2-0,404,ood(-20C),06-24-17_04.29 n20degC_Cycle_1_Pan18650PF,23.62494659423828
A2-0,505,ood(-20C),06-24-17_04.29 n20degC_Cycle_1_Pan18650PF,22.988866806030277
A2-0,606,ood(-20C),06-24-17_04.29 n20degC_Cycle_1_Pan18650PF,23.782936096191406
A2-0,707,ood(-20C),06-24-17_04.29 n20degC_Cycle_1_Pan18650PF,22.807313919067383
A2-0,7,ood(-20C),06-24-17_11.58 n20degC_Cycle_2_Pan18650PF,22.01279640197754
A2-0,13,ood(-20C),06-24-17_11.58 n20degC_Cycle_2_Pan18650PF,22.486404418945312
A2-0,42,ood(-20C),06-24-17_11.58 n20degC_Cycle_2_Pan18650PF,21.950977325439453
A2-0,101,ood(-20C),06-24-17_11.58 n20degC_Cycle_2_Pan18650PF,22.34800720214844
A2-0,202,ood(-20C),06-24-17_11.58 n20degC_Cycle_2_Pan18650PF,21.613473892211918
A2-0,303,ood(-20C),06-24-17_11.58 n20degC_Cycle_2_Pan18650PF,22.44048500061035
A2-0,404,ood(-20C),06-24-17_11.58 n20degC_Cycle_2_Pan18650PF,22.75750732421875
A2-0,505,ood(-20C),06-24-17_11.58 n20degC_Cycle_2_Pan18650PF,22.006725311279297
A2-0,606,ood(-20C),06-24-17_11.58 n20degC_Cycle_2_Pan18650PF,22.94926643371582
A2-0,707,ood(-20C),06-24-17_11.58 n20degC_Cycle_2_Pan18650PF,21.80221366882324
A2-0,7,ood(-20C),06-24-17_19.29 n20degC_Cycle_3_Pan18650PF,22.284955978393555
A2-0,13,ood(-20C),06-24-17_19.29 n20degC_Cycle_3_Pan18650PF,22.779788970947266
A2-0,42,ood(-20C),06-24-17_19.29 n20degC_Cycle_3_Pan18650PF,22.241134643554688
A2-0,101,ood(-20C),06-24-17_19.29 n20degC_Cycle_3_Pan18650PF,22.540735244750977
A2-0,202,ood(-20C),06-24-17_19.29 n20degC_Cycle_3_Pan18650PF,21.717912673950195
A2-0,303,ood(-20C),06-24-17_19.29 n20degC_Cycle_3_Pan18650PF,22.70509910583496
A2-0,404,ood(-20C),06-24-17_19.29 n20degC_Cycle_3_Pan18650PF,23.01270294189453
A2-0,505,ood(-20C),06-24-17_19.29 n20degC_Cycle_3_Pan18650PF,22.418596267700195
A2-0,606,ood(-20C),06-24-17_19.29 n20degC_Cycle_3_Pan18650PF,23.141136169433597
A2-0,707,ood(-20C),06-24-17_19.29 n20degC_Cycle_3_Pan18650PF,22.21939468383789
A2-0,7,ood(-20C),06-25-17_03.01 n20degC_Cycle_4_Pan18650PF,18.48174095153809
A2-0,13,ood(-20C),06-25-17_03.01 n20degC_Cycle_4_Pan18650PF,18.96667861938477
A2-0,42,ood(-20C),06-25-17_03.01 n20degC_Cycle_4_Pan18650PF,18.36777114868164
A2-0,101,ood(-20C),06-25-17_03.01 n20degC_Cycle_4_Pan18650PF,18.842357635498047
A2-0,202,ood(-20C),06-25-17_03.01 n20degC_Cycle_4_Pan18650PF,18.26036262512207
A2-0,303,ood(-20C),06-25-17_03.01 n20degC_Cycle_4_Pan18650PF,18.914125442504883
A2-0,404,ood(-20C),06-25-17_03.01 n20degC_Cycle_4_Pan18650PF,19.240310668945312
A2-0,505,ood(-20C),06-25-17_03.01 n20degC_Cycle_4_Pan18650PF,18.40743637084961
A2-0,606,ood(-20C),06-25-17_03.01 n20degC_Cycle_4_Pan18650PF,19.428340911865234
A2-0,707,ood(-20C),06-25-17_03.01 n20degC_Cycle_4_Pan18650PF,18.22786903381348
A2-0,7,ood(-20C),06-25-17_10.31 n20degC_US06_Pan18650PF,22.66972541809082
A2-0,13,ood(-20C),06-25-17_10.31 n20degC_US06_Pan18650PF,22.67726325988769
A2-0,42,ood(-20C),06-25-17_10.31 n20degC_US06_Pan18650PF,22.311992645263672
A2-0,101,ood(-20C),06-25-17_10.31 n20degC_US06_Pan18650PF,22.71159553527832
A2-0,202,ood(-20C),06-25-17_10.31 n20degC_US06_Pan18650PF,22.473690032958984
A2-0,303,ood(-20C),06-25-17_10.31 n20degC_US06_Pan18650PF,22.78754234313965
A2-0,404,ood(-20C),06-25-17_10.31 n20degC_US06_Pan18650PF,23.11864852905273
A2-0,505,ood(-20C),06-25-17_10.31 n20degC_US06_Pan18650PF,22.74633407592773
A2-0,606,ood(-20C),06-25-17_10.31 n20degC_US06_Pan18650PF,23.193140029907227
A2-0,707,ood(-20C),06-25-17_10.31 n20degC_US06_Pan18650PF,22.292465209960938
A2-1,7,test_id(25C),03-18-17_02.17 25degC_Cycle_1_Pan18650PF,0.7260810136795044
A2-1,13,test_id(25C),03-18-17_02.17 25degC_Cycle_1_Pan18650PF,0.741970419883728
A2-1,42,test_id(25C),03-18-17_02.17 25degC_Cycle_1_Pan18650PF,0.7359955310821533
A2-1,101,test_id(25C),03-18-17_02.17 25degC_Cycle_1_Pan18650PF,0.7107755541801453
A2-1,202,test_id(25C),03-18-17_02.17 25degC_Cycle_1_Pan18650PF,0.7049202919006348
A2-1,303,test_id(25C),03-18-17_02.17 25degC_Cycle_1_Pan18650PF,0.7126897573471069
A2-1,404,test_id(25C),03-18-17_02.17 25degC_Cycle_1_Pan18650PF,0.7420722246170044
A2-1,505,test_id(25C),03-18-17_02.17 25degC_Cycle_1_Pan18650PF,0.7183284759521484
A2-1,606,test_id(25C),03-18-17_02.17 25degC_Cycle_1_Pan18650PF,0.7136044502258301
A2-1,707,test_id(25C),03-18-17_02.17 25degC_Cycle_1_Pan18650PF,0.7370792031288147
A2-1,7,test_id(25C),03-19-17_03.25 25degC_Cycle_2_Pan18650PF,0.6743921041488647
A2-1,13,test_id(25C),03-19-17_03.25 25degC_Cycle_2_Pan18650PF,0.6111736297607422
A2-1,42,test_id(25C),03-19-17_03.25 25degC_Cycle_2_Pan18650PF,0.6947647333145142
A2-1,101,test_id(25C),03-19-17_03.25 25degC_Cycle_2_Pan18650PF,0.6901308298110962
A2-1,202,test_id(25C),03-19-17_03.25 25degC_Cycle_2_Pan18650PF,0.7179088592529297
A2-1,303,test_id(25C),03-19-17_03.25 25degC_Cycle_2_Pan18650PF,0.6401496529579163
A2-1,404,test_id(25C),03-19-17_03.25 25degC_Cycle_2_Pan18650PF,0.6490450501441956
A2-1,505,test_id(25C),03-19-17_03.25 25degC_Cycle_2_Pan18650PF,0.677360475063324
A2-1,606,test_id(25C),03-19-17_03.25 25degC_Cycle_2_Pan18650PF,0.6589156985282898
A2-1,707,test_id(25C),03-19-17_03.25 25degC_Cycle_2_Pan18650PF,0.5964571237564087
A2-1,7,test_id(25C),03-19-17_09.07 25degC_Cycle_3_Pan18650PF,0.3837543725967407
A2-1,13,test_id(25C),03-19-17_09.07 25degC_Cycle_3_Pan18650PF,0.3581485450267792
A2-1,42,test_id(25C),03-19-17_09.07 25degC_Cycle_3_Pan18650PF,0.38390052318573
A2-1,101,test_id(25C),03-19-17_09.07 25degC_Cycle_3_Pan18650PF,0.4103653728961944
A2-1,202,test_id(25C),03-19-17_09.07 25degC_Cycle_3_Pan18650PF,0.4176357090473175
A2-1,303,test_id(25C),03-19-17_09.07 25degC_Cycle_3_Pan18650PF,0.3719466030597687
A2-1,404,test_id(25C),03-19-17_09.07 25degC_Cycle_3_Pan18650PF,0.3525663912296295
A2-1,505,test_id(25C),03-19-17_09.07 25degC_Cycle_3_Pan18650PF,0.3691464364528656
A2-1,606,test_id(25C),03-19-17_09.07 25degC_Cycle_3_Pan18650PF,0.3951016664505005
A2-1,707,test_id(25C),03-19-17_09.07 25degC_Cycle_3_Pan18650PF,0.342431366443634
A2-1,7,test_id(25C),03-19-17_14.31 25degC_Cycle_4_Pan18650PF,0.6149117946624756
A2-1,13,test_id(25C),03-19-17_14.31 25degC_Cycle_4_Pan18650PF,0.6146568059921265
A2-1,42,test_id(25C),03-19-17_14.31 25degC_Cycle_4_Pan18650PF,0.6150041818618774
A2-1,101,test_id(25C),03-19-17_14.31 25degC_Cycle_4_Pan18650PF,0.630051851272583
A2-1,202,test_id(25C),03-19-17_14.31 25degC_Cycle_4_Pan18650PF,0.775178074836731
A2-1,303,test_id(25C),03-19-17_14.31 25degC_Cycle_4_Pan18650PF,0.5919520854949951
A2-1,404,test_id(25C),03-19-17_14.31 25degC_Cycle_4_Pan18650PF,0.5863780975341797
A2-1,505,test_id(25C),03-19-17_14.31 25degC_Cycle_4_Pan18650PF,0.5285508632659912
A2-1,606,test_id(25C),03-19-17_14.31 25degC_Cycle_4_Pan18650PF,0.8050657510757446
A2-1,707,test_id(25C),03-19-17_14.31 25degC_Cycle_4_Pan18650PF,0.6434475183486938
A2-1,7,ood(10C),03-27-17_09.06 10degC_HWFET_Pan18650PF,3.203529596328736
A2-1,13,ood(10C),03-27-17_09.06 10degC_HWFET_Pan18650PF,3.0721466541290283
A2-1,42,ood(10C),03-27-17_09.06 10degC_HWFET_Pan18650PF,3.429872512817383
A2-1,101,ood(10C),03-27-17_09.06 10degC_HWFET_Pan18650PF,3.069753408432007
A2-1,202,ood(10C),03-27-17_09.06 10degC_HWFET_Pan18650PF,2.8293440341949463
A2-1,303,ood(10C),03-27-17_09.06 10degC_HWFET_Pan18650PF,2.898280620574951
A2-1,404,ood(10C),03-27-17_09.06 10degC_HWFET_Pan18650PF,3.115020513534546
A2-1,505,ood(10C),03-27-17_09.06 10degC_HWFET_Pan18650PF,3.178920269012451
A2-1,606,ood(10C),03-27-17_09.06 10degC_HWFET_Pan18650PF,2.936800003051758
A2-1,707,ood(10C),03-27-17_09.06 10degC_HWFET_Pan18650PF,3.425843954086304
A2-1,7,ood(10C),03-27-17_09.06 10degC_LA92_Pan18650PF,3.479137897491455
A2-1,13,ood(10C),03-27-17_09.06 10degC_LA92_Pan18650PF,3.5551626682281494
A2-1,42,ood(10C),03-27-17_09.06 10degC_LA92_Pan18650PF,3.775294542312622
A2-1,101,ood(10C),03-27-17_09.06 10degC_LA92_Pan18650PF,3.3251430988311768
A2-1,202,ood(10C),03-27-17_09.06 10degC_LA92_Pan18650PF,3.050755262374878
A2-1,303,ood(10C),03-27-17_09.06 10degC_LA92_Pan18650PF,3.229957342147827
A2-1,404,ood(10C),03-27-17_09.06 10degC_LA92_Pan18650PF,3.3562915325164795
A2-1,505,ood(10C),03-27-17_09.06 10degC_LA92_Pan18650PF,3.300144672393799
A2-1,606,ood(10C),03-27-17_09.06 10degC_LA92_Pan18650PF,3.282613754272461
A2-1,707,ood(10C),03-27-17_09.06 10degC_LA92_Pan18650PF,3.5627591609954834
A2-1,7,ood(10C),03-27-17_09.06 10degC_NN_Pan18650PF,2.8709259033203125
A2-1,13,ood(10C),03-27-17_09.06 10degC_NN_Pan18650PF,2.836299419403076
A2-1,42,ood(10C),03-27-17_09.06 10degC_NN_Pan18650PF,3.120323657989502
A2-1,101,ood(10C),03-27-17_09.06 10degC_NN_Pan18650PF,2.7501325607299805
A2-1,202,ood(10C),03-27-17_09.06 10degC_NN_Pan18650PF,2.470777034759521
A2-1,303,ood(10C),03-27-17_09.06 10degC_NN_Pan18650PF,2.615671157836914
A2-1,404,ood(10C),03-27-17_09.06 10degC_NN_Pan18650PF,2.7104201316833496
A2-1,505,ood(10C),03-27-17_09.06 10degC_NN_Pan18650PF,2.712489366531372
A2-1,606,ood(10C),03-27-17_09.06 10degC_NN_Pan18650PF,2.663914203643799
A2-1,707,ood(10C),03-27-17_09.06 10degC_NN_Pan18650PF,2.8934547901153564
A2-1,7,ood(10C),03-27-17_09.06 10degC_UDDS_Pan18650PF,2.4086368083953857
A2-1,13,ood(10C),03-27-17_09.06 10degC_UDDS_Pan18650PF,2.318359851837158
A2-1,42,ood(10C),03-27-17_09.06 10degC_UDDS_Pan18650PF,2.6946568489074707
A2-1,101,ood(10C),03-27-17_09.06 10degC_UDDS_Pan18650PF,2.3279621601104736
A2-1,202,ood(10C),03-27-17_09.06 10degC_UDDS_Pan18650PF,1.896676540374756
A2-1,303,ood(10C),03-27-17_09.06 10degC_UDDS_Pan18650PF,2.0827059745788574
A2-1,404,ood(10C),03-27-17_09.06 10degC_UDDS_Pan18650PF,2.1894280910491943
A2-1,505,ood(10C),03-27-17_09.06 10degC_UDDS_Pan18650PF,2.2390873432159424
A2-1,606,ood(10C),03-27-17_09.06 10degC_UDDS_Pan18650PF,2.1331357955932617
A2-1,707,ood(10C),03-27-17_09.06 10degC_UDDS_Pan18650PF,2.420989990234375
A2-1,7,ood(10C),03-27-17_09.06 10degC_US06_Pan18650PF,4.07915735244751
A2-1,13,ood(10C),03-27-17_09.06 10degC_US06_Pan18650PF,4.100365161895752
A2-1,42,ood(10C),03-27-17_09.06 10degC_US06_Pan18650PF,4.284170627593994
A2-1,101,ood(10C),03-27-17_09.06 10degC_US06_Pan18650PF,3.744192361831665
A2-1,202,ood(10C),03-27-17_09.06 10degC_US06_Pan18650PF,3.7240607738494873
A2-1,303,ood(10C),03-27-17_09.06 10degC_US06_Pan18650PF,3.83318305015564
A2-1,404,ood(10C),03-27-17_09.06 10degC_US06_Pan18650PF,3.9268763065338135
A2-1,505,ood(10C),03-27-17_09.06 10degC_US06_Pan18650PF,3.9281375408172607
A2-1,606,ood(10C),03-27-17_09.06 10degC_US06_Pan18650PF,3.8786637783050537
A2-1,707,ood(10C),03-27-17_09.06 10degC_US06_Pan18650PF,4.193384170532227
A2-1,7,ood(10C),03-28-17_12.51 10degC_Cycle_1_Pan18650PF,3.765881776809693
A2-1,13,ood(10C),03-28-17_12.51 10degC_Cycle_1_Pan18650PF,3.788017749786377
A2-1,42,ood(10C),03-28-17_12.51 10degC_Cycle_1_Pan18650PF,4.032893180847168
A2-1,101,ood(10C),03-28-17_12.51 10degC_Cycle_1_Pan18650PF,3.5620157718658447
A2-1,202,ood(10C),03-28-17_12.51 10degC_Cycle_1_Pan18650PF,3.2955667972564697
A2-1,303,ood(10C),03-28-17_12.51 10degC_Cycle_1_Pan18650PF,3.479923963546753
A2-1,404,ood(10C),03-28-17_12.51 10degC_Cycle_1_Pan18650PF,3.596973419189453
A2-1,505,ood(10C),03-28-17_12.51 10degC_Cycle_1_Pan18650PF,3.5835561752319336
A2-1,606,ood(10C),03-28-17_12.51 10degC_Cycle_1_Pan18650PF,3.5408742427825928
A2-1,707,ood(10C),03-28-17_12.51 10degC_Cycle_1_Pan18650PF,3.823354721069336
A2-1,7,ood(10C),03-28-17_18.18 10degC_Cycle_2_Pan18650PF,4.868728160858154
A2-1,13,ood(10C),03-28-17_18.18 10degC_Cycle_2_Pan18650PF,4.935619354248047
A2-1,42,ood(10C),03-28-17_18.18 10degC_Cycle_2_Pan18650PF,5.13321590423584
A2-1,101,ood(10C),03-28-17_18.18 10degC_Cycle_2_Pan18650PF,4.58040189743042
A2-1,202,ood(10C),03-28-17_18.18 10degC_Cycle_2_Pan18650PF,4.350060939788818
A2-1,303,ood(10C),03-28-17_18.18 10degC_Cycle_2_Pan18650PF,4.534971714019775
A2-1,404,ood(10C),03-28-17_18.18 10degC_Cycle_2_Pan18650PF,4.692463397979736
A2-1,505,ood(10C),03-28-17_18.18 10degC_Cycle_2_Pan18650PF,4.591812133789063
A2-1,606,ood(10C),03-28-17_18.18 10degC_Cycle_2_Pan18650PF,4.5809407234191895
A2-1,707,ood(10C),03-28-17_18.18 10degC_Cycle_2_Pan18650PF,4.962688446044922
A2-1,7,ood(10C),04-05-17_17.04 10degC_Cycle_3_Pan18650PF,4.84813928604126
A2-1,13,ood(10C),04-05-17_17.04 10degC_Cycle_3_Pan18650PF,4.824667930603027
A2-1,42,ood(10C),04-05-17_17.04 10degC_Cycle_3_Pan18650PF,5.0619306564331055
A2-1,101,ood(10C),04-05-17_17.04 10degC_Cycle_3_Pan18650PF,4.620946407318115
A2-1,202,ood(10C),04-05-17_17.04 10degC_Cycle_3_Pan18650PF,4.418159484863281
A2-1,303,ood(10C),04-05-17_17.04 10degC_Cycle_3_Pan18650PF,4.531393527984619
A2-1,404,ood(10C),04-05-17_17.04 10degC_Cycle_3_Pan18650PF,4.702717304229736
A2-1,505,ood(10C),04-05-17_17.04 10degC_Cycle_3_Pan18650PF,4.69802188873291
A2-1,606,ood(10C),04-05-17_17.04 10degC_Cycle_3_Pan18650PF,4.569703102111816
A2-1,707,ood(10C),04-05-17_17.04 10degC_Cycle_3_Pan18650PF,4.909950733184815
A2-1,7,ood(10C),04-05-17_22.50 10degC_Cycle_4_Pan18650PF,3.20055627822876
A2-1,13,ood(10C),04-05-17_22.50 10degC_Cycle_4_Pan18650PF,3.139802932739258
A2-1,42,ood(10C),04-05-17_22.50 10degC_Cycle_4_Pan18650PF,3.4836766719818115
A2-1,101,ood(10C),04-05-17_22.50 10degC_Cycle_4_Pan18650PF,2.980465650558472
A2-1,202,ood(10C),04-05-17_22.50 10degC_Cycle_4_Pan18650PF,2.7156543731689453
A2-1,303,ood(10C),04-05-17_22.50 10degC_Cycle_4_Pan18650PF,2.856819629669189
A2-1,404,ood(10C),04-05-17_22.50 10degC_Cycle_4_Pan18650PF,3.0211875438690186
A2-1,505,ood(10C),04-05-17_22.50 10degC_Cycle_4_Pan18650PF,3.0026447772979736
A2-1,606,ood(10C),04-05-17_22.50 10degC_Cycle_4_Pan18650PF,2.92417573928833
A2-1,707,ood(10C),04-05-17_22.50 10degC_Cycle_4_Pan18650PF,3.3225531578063965
A2-1,7,ood(0C),05-30-17_12.56 0degC_Cycle_1_Pan18650PF,10.09759521484375
A2-1,13,ood(0C),05-30-17_12.56 0degC_Cycle_1_Pan18650PF,9.958290100097656
A2-1,42,ood(0C),05-30-17_12.56 0degC_Cycle_1_Pan18650PF,10.39323616027832
A2-1,101,ood(0C),05-30-17_12.56 0degC_Cycle_1_Pan18650PF,10.102983474731444
A2-1,202,ood(0C),05-30-17_12.56 0degC_Cycle_1_Pan18650PF,9.558364868164062
A2-1,303,ood(0C),05-30-17_12.56 0degC_Cycle_1_Pan18650PF,9.81887435913086
A2-1,404,ood(0C),05-30-17_12.56 0degC_Cycle_1_Pan18650PF,9.927657127380373
A2-1,505,ood(0C),05-30-17_12.56 0degC_Cycle_1_Pan18650PF,10.245168685913086
A2-1,606,ood(0C),05-30-17_12.56 0degC_Cycle_1_Pan18650PF,9.617267608642578
A2-1,707,ood(0C),05-30-17_12.56 0degC_Cycle_1_Pan18650PF,10.131824493408203
A2-1,7,ood(0C),05-30-17_20.16 0degC_Cycle_2_Pan18650PF,10.342425346374512
A2-1,13,ood(0C),05-30-17_20.16 0degC_Cycle_2_Pan18650PF,10.246774673461914
A2-1,42,ood(0C),05-30-17_20.16 0degC_Cycle_2_Pan18650PF,10.680416107177734
A2-1,101,ood(0C),05-30-17_20.16 0degC_Cycle_2_Pan18650PF,10.1649751663208
A2-1,202,ood(0C),05-30-17_20.16 0degC_Cycle_2_Pan18650PF,9.694774627685549
A2-1,303,ood(0C),05-30-17_20.16 0degC_Cycle_2_Pan18650PF,9.970588684082031
A2-1,404,ood(0C),05-30-17_20.16 0degC_Cycle_2_Pan18650PF,10.064777374267578
A2-1,505,ood(0C),05-30-17_20.16 0degC_Cycle_2_Pan18650PF,10.308337211608888
A2-1,606,ood(0C),05-30-17_20.16 0degC_Cycle_2_Pan18650PF,9.763999938964844
A2-1,707,ood(0C),05-30-17_20.16 0degC_Cycle_2_Pan18650PF,10.366812705993652
A2-1,7,ood(0C),06-01-17_10.36 0degC_LA92_Pan18650PF,6.346038341522217
A2-1,13,ood(0C),06-01-17_10.36 0degC_LA92_Pan18650PF,6.341672897338867
A2-1,42,ood(0C),06-01-17_10.36 0degC_LA92_Pan18650PF,6.752718925476074
A2-1,101,ood(0C),06-01-17_10.36 0degC_LA92_Pan18650PF,6.368250846862793
A2-1,202,ood(0C),06-01-17_10.36 0degC_LA92_Pan18650PF,5.741667747497559
A2-1,303,ood(0C),06-01-17_10.36 0degC_LA92_Pan18650PF,5.978452682495117
A2-1,404,ood(0C),06-01-17_10.36 0degC_LA92_Pan18650PF,6.134085178375244
A2-1,505,ood(0C),06-01-17_10.36 0degC_LA92_Pan18650PF,6.107019424438477
A2-1,606,ood(0C),06-01-17_10.36 0degC_LA92_Pan18650PF,6.073915004730225
A2-1,707,ood(0C),06-01-17_10.36 0degC_LA92_Pan18650PF,6.439105033874512
A2-1,7,ood(0C),06-01-17_10.36 0degC_NN_Pan18650PF,5.200378894805908
A2-1,13,ood(0C),06-01-17_10.36 0degC_NN_Pan18650PF,5.163230419158936
A2-1,42,ood(0C),06-01-17_10.36 0degC_NN_Pan18650PF,5.638490200042725
A2-1,101,ood(0C),06-01-17_10.36 0degC_NN_Pan18650PF,5.28903341293335
A2-1,202,ood(0C),06-01-17_10.36 0degC_NN_Pan18650PF,4.686395168304443
A2-1,303,ood(0C),06-01-17_10.36 0degC_NN_Pan18650PF,4.88735818862915
A2-1,404,ood(0C),06-01-17_10.36 0degC_NN_Pan18650PF,4.994465351104736
A2-1,505,ood(0C),06-01-17_10.36 0degC_NN_Pan18650PF,5.0555524826049805
A2-1,606,ood(0C),06-01-17_10.36 0degC_NN_Pan18650PF,5.00269079208374
A2-1,707,ood(0C),06-01-17_10.36 0degC_NN_Pan18650PF,5.35060977935791
A2-1,7,ood(0C),06-01-17_15.36 0degC_Cycle_3_Pan18650PF,10.856115341186523
A2-1,13,ood(0C),06-01-17_15.36 0degC_Cycle_3_Pan18650PF,10.75071620941162
A2-1,42,ood(0C),06-01-17_15.36 0degC_Cycle_3_Pan18650PF,11.245373725891112
A2-1,101,ood(0C),06-01-17_15.36 0degC_Cycle_3_Pan18650PF,10.352566719055176
A2-1,202,ood(0C),06-01-17_15.36 0degC_Cycle_3_Pan18650PF,9.9109468460083
A2-1,303,ood(0C),06-01-17_15.36 0degC_Cycle_3_Pan18650PF,10.29616641998291
A2-1,404,ood(0C),06-01-17_15.36 0degC_Cycle_3_Pan18650PF,10.573506355285645
A2-1,505,ood(0C),06-01-17_15.36 0degC_Cycle_3_Pan18650PF,10.411110877990724
A2-1,606,ood(0C),06-01-17_15.36 0degC_Cycle_3_Pan18650PF,10.240428924560549
A2-1,707,ood(0C),06-01-17_15.36 0degC_Cycle_3_Pan18650PF,11.049922943115234
A2-1,7,ood(0C),06-01-17_22.03 0degC_Cycle_4_Pan18650PF,8.854121208190918
A2-1,13,ood(0C),06-01-17_22.03 0degC_Cycle_4_Pan18650PF,8.76390266418457
A2-1,42,ood(0C),06-01-17_22.03 0degC_Cycle_4_Pan18650PF,9.326435089111328
A2-1,101,ood(0C),06-01-17_22.03 0degC_Cycle_4_Pan18650PF,8.722258567810059
A2-1,202,ood(0C),06-01-17_22.03 0degC_Cycle_4_Pan18650PF,8.084016799926758
A2-1,303,ood(0C),06-01-17_22.03 0degC_Cycle_4_Pan18650PF,8.357358932495117
A2-1,404,ood(0C),06-01-17_22.03 0degC_Cycle_4_Pan18650PF,8.488916397094727
A2-1,505,ood(0C),06-01-17_22.03 0degC_Cycle_4_Pan18650PF,8.611140251159668
A2-1,606,ood(0C),06-01-17_22.03 0degC_Cycle_4_Pan18650PF,8.536834716796875
A2-1,707,ood(0C),06-01-17_22.03 0degC_Cycle_4_Pan18650PF,8.996859550476074
A2-1,7,ood(0C),06-02-17_04.58 0degC_US06_Pan18650PF,11.560210227966309
A2-1,13,ood(0C),06-02-17_04.58 0degC_US06_Pan18650PF,11.570175170898438
A2-1,42,ood(0C),06-02-17_04.58 0degC_US06_Pan18650PF,11.816744804382324
A2-1,101,ood(0C),06-02-17_04.58 0degC_US06_Pan18650PF,11.099971771240234
A2-1,202,ood(0C),06-02-17_04.58 0degC_US06_Pan18650PF,10.79731273651123
A2-1,303,ood(0C),06-02-17_04.58 0degC_US06_Pan18650PF,11.050433158874512
A2-1,404,ood(0C),06-02-17_04.58 0degC_US06_Pan18650PF,11.343584060668944
A2-1,505,ood(0C),06-02-17_04.58 0degC_US06_Pan18650PF,11.241908073425291
A2-1,606,ood(0C),06-02-17_04.58 0degC_US06_Pan18650PF,11.139410972595217
A2-1,707,ood(0C),06-02-17_04.58 0degC_US06_Pan18650PF,11.70509910583496
A2-1,7,ood(0C),06-02-17_10.43 0degC_HWFET_Pan18650PF,12.196605682373049
A2-1,13,ood(0C),06-02-17_10.43 0degC_HWFET_Pan18650PF,11.907726287841797
A2-1,42,ood(0C),06-02-17_10.43 0degC_HWFET_Pan18650PF,12.752288818359377
A2-1,101,ood(0C),06-02-17_10.43 0degC_HWFET_Pan18650PF,11.65781307220459
A2-1,202,ood(0C),06-02-17_10.43 0degC_HWFET_Pan18650PF,11.27231788635254
A2-1,303,ood(0C),06-02-17_10.43 0degC_HWFET_Pan18650PF,11.568647384643556
A2-1,404,ood(0C),06-02-17_10.43 0degC_HWFET_Pan18650PF,11.92263889312744
A2-1,505,ood(0C),06-02-17_10.43 0degC_HWFET_Pan18650PF,12.081031799316406
A2-1,606,ood(0C),06-02-17_10.43 0degC_HWFET_Pan18650PF,11.670433044433594
A2-1,707,ood(0C),06-02-17_10.43 0degC_HWFET_Pan18650PF,12.64990520477295
A2-1,7,ood(0C),06-02-17_17.14 0degC_UDDS_Pan18650PF,8.891619682312012
A2-1,13,ood(0C),06-02-17_17.14 0degC_UDDS_Pan18650PF,8.692556381225586
A2-1,42,ood(0C),06-02-17_17.14 0degC_UDDS_Pan18650PF,9.354691505432127
A2-1,101,ood(0C),06-02-17_17.14 0degC_UDDS_Pan18650PF,8.802498817443848
A2-1,202,ood(0C),06-02-17_17.14 0degC_UDDS_Pan18650PF,8.005875587463379
A2-1,303,ood(0C),06-02-17_17.14 0degC_UDDS_Pan18650PF,8.344139099121094
A2-1,404,ood(0C),06-02-17_17.14 0degC_UDDS_Pan18650PF,8.475102424621582
A2-1,505,ood(0C),06-02-17_17.14 0degC_UDDS_Pan18650PF,8.516972541809082
A2-1,606,ood(0C),06-02-17_17.14 0degC_UDDS_Pan18650PF,8.477927207946777
A2-1,707,ood(0C),06-02-17_17.14 0degC_UDDS_Pan18650PF,8.983868598937988
A2-1,7,ood(-10C),06-07-17_08.39 n10degC_HWFET_Pan18650PF,7.162670135498047
A2-1,13,ood(-10C),06-07-17_08.39 n10degC_HWFET_Pan18650PF,6.943020343780518
A2-1,42,ood(-10C),06-07-17_08.39 n10degC_HWFET_Pan18650PF,7.843848705291748
A2-1,101,ood(-10C),06-07-17_08.39 n10degC_HWFET_Pan18650PF,7.124624252319336
A2-1,202,ood(-10C),06-07-17_08.39 n10degC_HWFET_Pan18650PF,6.542915344238281
A2-1,303,ood(-10C),06-07-17_08.39 n10degC_HWFET_Pan18650PF,6.763232231140137
A2-1,404,ood(-10C),06-07-17_08.39 n10degC_HWFET_Pan18650PF,6.916929244995117
A2-1,505,ood(-10C),06-07-17_08.39 n10degC_HWFET_Pan18650PF,7.055893898010254
A2-1,606,ood(-10C),06-07-17_08.39 n10degC_HWFET_Pan18650PF,6.883375644683838
A2-1,707,ood(-10C),06-07-17_08.39 n10degC_HWFET_Pan18650PF,7.599820613861084
A2-1,7,ood(-10C),06-07-17_08.39 n10degC_LA92_Pan18650PF,7.870197772979736
A2-1,13,ood(-10C),06-07-17_08.39 n10degC_LA92_Pan18650PF,7.79670238494873
A2-1,42,ood(-10C),06-07-17_08.39 n10degC_LA92_Pan18650PF,8.397700309753418
A2-1,101,ood(-10C),06-07-17_08.39 n10degC_LA92_Pan18650PF,7.955609798431396
A2-1,202,ood(-10C),06-07-17_08.39 n10degC_LA92_Pan18650PF,7.180768013000488
A2-1,303,ood(-10C),06-07-17_08.39 n10degC_LA92_Pan18650PF,7.4806389808654785
A2-1,404,ood(-10C),06-07-17_08.39 n10degC_LA92_Pan18650PF,7.610969066619873
A2-1,505,ood(-10C),06-07-17_08.39 n10degC_LA92_Pan18650PF,7.580785751342773
A2-1,606,ood(-10C),06-07-17_08.39 n10degC_LA92_Pan18650PF,7.594686985015869
A2-1,707,ood(-10C),06-07-17_08.39 n10degC_LA92_Pan18650PF,8.141265869140625
A2-1,7,ood(-10C),06-07-17_08.39 n10degC_UDDS_Pan18650PF,9.589262962341309
A2-1,13,ood(-10C),06-07-17_08.39 n10degC_UDDS_Pan18650PF,9.434993743896484
A2-1,42,ood(-10C),06-07-17_08.39 n10degC_UDDS_Pan18650PF,10.16472339630127
A2-1,101,ood(-10C),06-07-17_08.39 n10degC_UDDS_Pan18650PF,9.755030632019045
A2-1,202,ood(-10C),06-07-17_08.39 n10degC_UDDS_Pan18650PF,8.773813247680664
A2-1,303,ood(-10C),06-07-17_08.39 n10degC_UDDS_Pan18650PF,9.14438247680664
A2-1,404,ood(-10C),06-07-17_08.39 n10degC_UDDS_Pan18650PF,9.233264923095703
A2-1,505,ood(-10C),06-07-17_08.39 n10degC_UDDS_Pan18650PF,9.234256744384766
A2-1,606,ood(-10C),06-07-17_08.39 n10degC_UDDS_Pan18650PF,9.28873062133789
A2-1,707,ood(-10C),06-07-17_08.39 n10degC_UDDS_Pan18650PF,9.880824089050291
A2-1,7,ood(-10C),06-07-17_08.39 n10degC_US06_Pan18650PF,4.428743362426758
A2-1,13,ood(-10C),06-07-17_08.39 n10degC_US06_Pan18650PF,4.555167675018311
A2-1,42,ood(-10C),06-07-17_08.39 n10degC_US06_Pan18650PF,5.028095722198486
A2-1,101,ood(-10C),06-07-17_08.39 n10degC_US06_Pan18650PF,4.788910388946533
A2-1,202,ood(-10C),06-07-17_08.39 n10degC_US06_Pan18650PF,4.031449794769287
A2-1,303,ood(-10C),06-07-17_08.39 n10degC_US06_Pan18650PF,4.177642822265625
A2-1,404,ood(-10C),06-07-17_08.39 n10degC_US06_Pan18650PF,4.397023677825928
A2-1,505,ood(-10C),06-07-17_08.39 n10degC_US06_Pan18650PF,4.283410549163818
A2-1,606,ood(-10C),06-07-17_08.39 n10degC_US06_Pan18650PF,4.244878768920898
A2-1,707,ood(-10C),06-07-17_08.39 n10degC_US06_Pan18650PF,4.795814514160156
A2-1,7,ood(-10C),06-10-17_11.25 n10degC_Cycle_1_Pan18650PF,12.580252647399902
A2-1,13,ood(-10C),06-10-17_11.25 n10degC_Cycle_1_Pan18650PF,12.41270923614502
A2-1,42,ood(-10C),06-10-17_11.25 n10degC_Cycle_1_Pan18650PF,13.192801475524902
A2-1,101,ood(-10C),06-10-17_11.25 n10degC_Cycle_1_Pan18650PF,12.429177284240724
A2-1,202,ood(-10C),06-10-17_11.25 n10degC_Cycle_1_Pan18650PF,11.619858741760254
A2-1,303,ood(-10C),06-10-17_11.25 n10degC_Cycle_1_Pan18650PF,12.095476150512695
A2-1,404,ood(-10C),06-10-17_11.25 n10degC_Cycle_1_Pan18650PF,12.233698844909668
A2-1,505,ood(-10C),06-10-17_11.25 n10degC_Cycle_1_Pan18650PF,12.31454372406006
A2-1,606,ood(-10C),06-10-17_11.25 n10degC_Cycle_1_Pan18650PF,12.245450973510742
A2-1,707,ood(-10C),06-10-17_11.25 n10degC_Cycle_1_Pan18650PF,12.932372093200684
A2-1,7,ood(-10C),06-10-17_18.35 n10degC_Cycle_2_Pan18650PF,18.17144775390625
A2-1,13,ood(-10C),06-10-17_18.35 n10degC_Cycle_2_Pan18650PF,17.979299545288086
A2-1,42,ood(-10C),06-10-17_18.35 n10degC_Cycle_2_Pan18650PF,18.732688903808597
A2-1,101,ood(-10C),06-10-17_18.35 n10degC_Cycle_2_Pan18650PF,17.934772491455078
A2-1,202,ood(-10C),06-10-17_18.35 n10degC_Cycle_2_Pan18650PF,16.987340927124023
A2-1,303,ood(-10C),06-10-17_18.35 n10degC_Cycle_2_Pan18650PF,17.500532150268555
A2-1,404,ood(-10C),06-10-17_18.35 n10degC_Cycle_2_Pan18650PF,17.754610061645508
A2-1,505,ood(-10C),06-10-17_18.35 n10degC_Cycle_2_Pan18650PF,17.678138732910156
A2-1,606,ood(-10C),06-10-17_18.35 n10degC_Cycle_2_Pan18650PF,17.603675842285156
A2-1,707,ood(-10C),06-10-17_18.35 n10degC_Cycle_2_Pan18650PF,18.45762062072754
A2-1,7,ood(-10C),06-11-17_01.39 n10degC_Cycle_3_Pan18650PF,18.54590606689453
A2-1,13,ood(-10C),06-11-17_01.39 n10degC_Cycle_3_Pan18650PF,18.44609260559082
A2-1,42,ood(-10C),06-11-17_01.39 n10degC_Cycle_3_Pan18650PF,19.05999755859375
A2-1,101,ood(-10C),06-11-17_01.39 n10degC_Cycle_3_Pan18650PF,18.238868713378903
A2-1,202,ood(-10C),06-11-17_01.39 n10degC_Cycle_3_Pan18650PF,17.339126586914062
A2-1,303,ood(-10C),06-11-17_01.39 n10degC_Cycle_3_Pan18650PF,17.940914154052734
A2-1,404,ood(-10C),06-11-17_01.39 n10degC_Cycle_3_Pan18650PF,18.23893165588379
A2-1,505,ood(-10C),06-11-17_01.39 n10degC_Cycle_3_Pan18650PF,18.06598854064941
A2-1,606,ood(-10C),06-11-17_01.39 n10degC_Cycle_3_Pan18650PF,17.939668655395508
A2-1,707,ood(-10C),06-11-17_01.39 n10degC_Cycle_3_Pan18650PF,18.86124038696289
A2-1,7,ood(-10C),06-11-17_08.42 n10degC_Cycle_4_Pan18650PF,11.548081398010254
A2-1,13,ood(-10C),06-11-17_08.42 n10degC_Cycle_4_Pan18650PF,11.458100318908691
A2-1,42,ood(-10C),06-11-17_08.42 n10degC_Cycle_4_Pan18650PF,12.06002426147461
A2-1,101,ood(-10C),06-11-17_08.42 n10degC_Cycle_4_Pan18650PF,11.294605255126951
A2-1,202,ood(-10C),06-11-17_08.42 n10degC_Cycle_4_Pan18650PF,10.50442600250244
A2-1,303,ood(-10C),06-11-17_08.42 n10degC_Cycle_4_Pan18650PF,10.900198936462402
A2-1,404,ood(-10C),06-11-17_08.42 n10degC_Cycle_4_Pan18650PF,11.235342025756836
A2-1,505,ood(-10C),06-11-17_08.42 n10degC_Cycle_4_Pan18650PF,11.100360870361328
A2-1,606,ood(-10C),06-11-17_08.42 n10degC_Cycle_4_Pan18650PF,11.078041076660156
A2-1,707,ood(-10C),06-11-17_08.42 n10degC_Cycle_4_Pan18650PF,11.828407287597656
A2-1,7,ood(-10C),06-14-17_13.12 n10degC_NN_Pan18650PF,17.47551155090332
A2-1,13,ood(-10C),06-14-17_13.12 n10degC_NN_Pan18650PF,17.377887725830078
A2-1,42,ood(-10C),06-14-17_13.12 n10degC_NN_Pan18650PF,17.94312858581543
A2-1,101,ood(-10C),06-14-17_13.12 n10degC_NN_Pan18650PF,17.252426147460938
A2-1,202,ood(-10C),06-14-17_13.12 n10degC_NN_Pan18650PF,16.3284969329834
A2-1,303,ood(-10C),06-14-17_13.12 n10degC_NN_Pan18650PF,16.85077476501465
A2-1,404,ood(-10C),06-14-17_13.12 n10degC_NN_Pan18650PF,17.09567642211914
A2-1,505,ood(-10C),06-14-17_13.12 n10degC_NN_Pan18650PF,17.024147033691406
A2-1,606,ood(-10C),06-14-17_13.12 n10degC_NN_Pan18650PF,16.9776554107666
A2-1,707,ood(-10C),06-14-17_13.12 n10degC_NN_Pan18650PF,17.712631225585938
A2-1,7,ood(-20C),06-23-17_23.35 n20degC_HWFET_Pan18650PF,5.019465923309326
A2-1,13,ood(-20C),06-23-17_23.35 n20degC_HWFET_Pan18650PF,4.909573554992676
A2-1,42,ood(-20C),06-23-17_23.35 n20degC_HWFET_Pan18650PF,5.927366256713867
A2-1,101,ood(-20C),06-23-17_23.35 n20degC_HWFET_Pan18650PF,5.358377933502197
A2-1,202,ood(-20C),06-23-17_23.35 n20degC_HWFET_Pan18650PF,4.397565364837647
A2-1,303,ood(-20C),06-23-17_23.35 n20degC_HWFET_Pan18650PF,4.666828632354736
A2-1,404,ood(-20C),06-23-17_23.35 n20degC_HWFET_Pan18650PF,4.804102420806885
A2-1,505,ood(-20C),06-23-17_23.35 n20degC_HWFET_Pan18650PF,4.798665523529053
A2-1,606,ood(-20C),06-23-17_23.35 n20degC_HWFET_Pan18650PF,4.814826488494873
A2-1,707,ood(-20C),06-23-17_23.35 n20degC_HWFET_Pan18650PF,5.717485427856445
A2-1,7,ood(-20C),06-23-17_23.35 n20degC_LA92_Pan18650PF,5.918394565582275
A2-1,13,ood(-20C),06-23-17_23.35 n20degC_LA92_Pan18650PF,5.902677059173584
A2-1,42,ood(-20C),06-23-17_23.35 n20degC_LA92_Pan18650PF,6.676751613616943
A2-1,101,ood(-20C),06-23-17_23.35 n20degC_LA92_Pan18650PF,6.408300399780273
A2-1,202,ood(-20C),06-23-17_23.35 n20degC_LA92_Pan18650PF,5.233188629150391
A2-1,303,ood(-20C),06-23-17_23.35 n20degC_LA92_Pan18650PF,5.568909168243408
A2-1,404,ood(-20C),06-23-17_23.35 n20degC_LA92_Pan18650PF,5.708485126495361
A2-1,505,ood(-20C),06-23-17_23.35 n20degC_LA92_Pan18650PF,5.587913513183594
A2-1,606,ood(-20C),06-23-17_23.35 n20degC_LA92_Pan18650PF,5.752027988433838
A2-1,707,ood(-20C),06-23-17_23.35 n20degC_LA92_Pan18650PF,6.533090591430664
A2-1,7,ood(-20C),06-23-17_23.35 n20degC_NN_Pan18650PF,4.628753662109375
A2-1,13,ood(-20C),06-23-17_23.35 n20degC_NN_Pan18650PF,4.569886684417725
A2-1,42,ood(-20C),06-23-17_23.35 n20degC_NN_Pan18650PF,5.399600982666016
A2-1,101,ood(-20C),06-23-17_23.35 n20degC_NN_Pan18650PF,5.196162700653076
A2-1,202,ood(-20C),06-23-17_23.35 n20degC_NN_Pan18650PF,3.8755905628204346
A2-1,303,ood(-20C),06-23-17_23.35 n20degC_NN_Pan18650PF,4.321925640106201
A2-1,404,ood(-20C),06-23-17_23.35 n20degC_NN_Pan18650PF,4.463623523712158
A2-1,505,ood(-20C),06-23-17_23.35 n20degC_NN_Pan18650PF,4.289863109588623
A2-1,606,ood(-20C),06-23-17_23.35 n20degC_NN_Pan18650PF,4.449249744415283
A2-1,707,ood(-20C),06-23-17_23.35 n20degC_NN_Pan18650PF,5.170473575592041
A2-1,7,ood(-20C),06-23-17_23.35 n20degC_UDDS_Pan18650PF,9.977791786193848
A2-1,13,ood(-20C),06-23-17_23.35 n20degC_UDDS_Pan18650PF,9.926119804382324
A2-1,42,ood(-20C),06-23-17_23.35 n20degC_UDDS_Pan18650PF,10.700502395629885
A2-1,101,ood(-20C),06-23-17_23.35 n20degC_UDDS_Pan18650PF,10.384808540344238
A2-1,202,ood(-20C),06-23-17_23.35 n20degC_UDDS_Pan18650PF,9.27204132080078
A2-1,303,ood(-20C),06-23-17_23.35 n20degC_UDDS_Pan18650PF,9.6337890625
A2-1,404,ood(-20C),06-23-17_23.35 n20degC_UDDS_Pan18650PF,9.715296745300291
A2-1,505,ood(-20C),06-23-17_23.35 n20degC_UDDS_Pan18650PF,9.675317764282228
A2-1,606,ood(-20C),06-23-17_23.35 n20degC_UDDS_Pan18650PF,9.835680961608888
A2-1,707,ood(-20C),06-23-17_23.35 n20degC_UDDS_Pan18650PF,10.607173919677734
A2-1,7,ood(-20C),06-24-17_04.29 n20degC_Cycle_1_Pan18650PF,23.442533493041992
A2-1,13,ood(-20C),06-24-17_04.29 n20degC_Cycle_1_Pan18650PF,23.40886878967285
A2-1,42,ood(-20C),06-24-17_04.29 n20degC_Cycle_1_Pan18650PF,24.125844955444336
A2-1,101,ood(-20C),06-24-17_04.29 n20degC_Cycle_1_Pan18650PF,23.438255310058597
A2-1,202,ood(-20C),06-24-17_04.29 n20degC_Cycle_1_Pan18650PF,22.261186599731445
A2-1,303,ood(-20C),06-24-17_04.29 n20degC_Cycle_1_Pan18650PF,22.93353271484375
A2-1,404,ood(-20C),06-24-17_04.29 n20degC_Cycle_1_Pan18650PF,23.087440490722656
A2-1,505,ood(-20C),06-24-17_04.29 n20degC_Cycle_1_Pan18650PF,23.014249801635746
A2-1,606,ood(-20C),06-24-17_04.29 n20degC_Cycle_1_Pan18650PF,23.11026954650879
A2-1,707,ood(-20C),06-24-17_04.29 n20degC_Cycle_1_Pan18650PF,24.02731132507324
A2-1,7,ood(-20C),06-24-17_11.58 n20degC_Cycle_2_Pan18650PF,22.623350143432617
A2-1,13,ood(-20C),06-24-17_11.58 n20degC_Cycle_2_Pan18650PF,22.56439208984375
A2-1,42,ood(-20C),06-24-17_11.58 n20degC_Cycle_2_Pan18650PF,23.26152801513672
A2-1,101,ood(-20C),06-24-17_11.58 n20degC_Cycle_2_Pan18650PF,22.55088996887207
A2-1,202,ood(-20C),06-24-17_11.58 n20degC_Cycle_2_Pan18650PF,21.237382888793945
A2-1,303,ood(-20C),06-24-17_11.58 n20degC_Cycle_2_Pan18650PF,22.02765655517578
A2-1,404,ood(-20C),06-24-17_11.58 n20degC_Cycle_2_Pan18650PF,22.19435691833496
A2-1,505,ood(-20C),06-24-17_11.58 n20degC_Cycle_2_Pan18650PF,22.083446502685547
A2-1,606,ood(-20C),06-24-17_11.58 n20degC_Cycle_2_Pan18650PF,22.21273422241211
A2-1,707,ood(-20C),06-24-17_11.58 n20degC_Cycle_2_Pan18650PF,23.23716926574707
A2-1,7,ood(-20C),06-24-17_19.29 n20degC_Cycle_3_Pan18650PF,22.779083251953125
A2-1,13,ood(-20C),06-24-17_19.29 n20degC_Cycle_3_Pan18650PF,22.818937301635746
A2-1,42,ood(-20C),06-24-17_19.29 n20degC_Cycle_3_Pan18650PF,23.4455509185791
A2-1,101,ood(-20C),06-24-17_19.29 n20degC_Cycle_3_Pan18650PF,22.74616813659668
A2-1,202,ood(-20C),06-24-17_19.29 n20degC_Cycle_3_Pan18650PF,21.58384323120117
A2-1,303,ood(-20C),06-24-17_19.29 n20degC_Cycle_3_Pan18650PF,22.3515625
A2-1,404,ood(-20C),06-24-17_19.29 n20degC_Cycle_3_Pan18650PF,22.525346755981445
A2-1,505,ood(-20C),06-24-17_19.29 n20degC_Cycle_3_Pan18650PF,22.4260368347168
A2-1,606,ood(-20C),06-24-17_19.29 n20degC_Cycle_3_Pan18650PF,22.430776596069336
A2-1,707,ood(-20C),06-24-17_19.29 n20degC_Cycle_3_Pan18650PF,23.456226348876957
A2-1,7,ood(-20C),06-25-17_03.01 n20degC_Cycle_4_Pan18650PF,19.041091918945312
A2-1,13,ood(-20C),06-25-17_03.01 n20degC_Cycle_4_Pan18650PF,18.922555923461918
A2-1,42,ood(-20C),06-25-17_03.01 n20degC_Cycle_4_Pan18650PF,19.825029373168945
A2-1,101,ood(-20C),06-25-17_03.01 n20degC_Cycle_4_Pan18650PF,19.097139358520508
A2-1,202,ood(-20C),06-25-17_03.01 n20degC_Cycle_4_Pan18650PF,17.97377586364746
A2-1,303,ood(-20C),06-25-17_03.01 n20degC_Cycle_4_Pan18650PF,18.376733779907227
A2-1,404,ood(-20C),06-25-17_03.01 n20degC_Cycle_4_Pan18650PF,18.61804580688477
A2-1,505,ood(-20C),06-25-17_03.01 n20degC_Cycle_4_Pan18650PF,18.536571502685547
A2-1,606,ood(-20C),06-25-17_03.01 n20degC_Cycle_4_Pan18650PF,18.68638038635254
A2-1,707,ood(-20C),06-25-17_03.01 n20degC_Cycle_4_Pan18650PF,19.708749771118164
A2-1,7,ood(-20C),06-25-17_10.31 n20degC_US06_Pan18650PF,23.472705841064453
A2-1,13,ood(-20C),06-25-17_10.31 n20degC_US06_Pan18650PF,23.57211685180664
A2-1,42,ood(-20C),06-25-17_10.31 n20degC_US06_Pan18650PF,23.72328186035156
A2-1,101,ood(-20C),06-25-17_10.31 n20degC_US06_Pan18650PF,23.17498588562012
A2-1,202,ood(-20C),06-25-17_10.31 n20degC_US06_Pan18650PF,22.05810546875
A2-1,303,ood(-20C),06-25-17_10.31 n20degC_US06_Pan18650PF,22.57093048095703
A2-1,404,ood(-20C),06-25-17_10.31 n20degC_US06_Pan18650PF,23.21616554260254
A2-1,505,ood(-20C),06-25-17_10.31 n20degC_US06_Pan18650PF,22.662023544311523
A2-1,606,ood(-20C),06-25-17_10.31 n20degC_US06_Pan18650PF,22.722097396850582
A2-1,707,ood(-20C),06-25-17_10.31 n20degC_US06_Pan18650PF,23.771146774291992
A2-2,7,test_id(25C),03-18-17_02.17 25degC_Cycle_1_Pan18650PF,0.6686176657676697
A2-2,13,test_id(25C),03-18-17_02.17 25degC_Cycle_1_Pan18650PF,0.7077720165252686
A2-2,42,test_id(25C),03-18-17_02.17 25degC_Cycle_1_Pan18650PF,0.7261739373207092
A2-2,101,test_id(25C),03-18-17_02.17 25degC_Cycle_1_Pan18650PF,0.7129361629486084
A2-2,202,test_id(25C),03-18-17_02.17 25degC_Cycle_1_Pan18650PF,0.7309101223945618
A2-2,303,test_id(25C),03-18-17_02.17 25degC_Cycle_1_Pan18650PF,0.8825896382331848
A2-2,404,test_id(25C),03-18-17_02.17 25degC_Cycle_1_Pan18650PF,0.7052705883979797
A2-2,505,test_id(25C),03-18-17_02.17 25degC_Cycle_1_Pan18650PF,0.7271223664283752
A2-2,606,test_id(25C),03-18-17_02.17 25degC_Cycle_1_Pan18650PF,0.6745703816413879
A2-2,707,test_id(25C),03-18-17_02.17 25degC_Cycle_1_Pan18650PF,0.7260306477546692
A2-2,7,test_id(25C),03-19-17_03.25 25degC_Cycle_2_Pan18650PF,0.6317071318626404
A2-2,13,test_id(25C),03-19-17_03.25 25degC_Cycle_2_Pan18650PF,0.669012188911438
A2-2,42,test_id(25C),03-19-17_03.25 25degC_Cycle_2_Pan18650PF,0.6734150648117065
A2-2,101,test_id(25C),03-19-17_03.25 25degC_Cycle_2_Pan18650PF,0.6203500032424927
A2-2,202,test_id(25C),03-19-17_03.25 25degC_Cycle_2_Pan18650PF,0.620206356048584
A2-2,303,test_id(25C),03-19-17_03.25 25degC_Cycle_2_Pan18650PF,0.9452568888664246
A2-2,404,test_id(25C),03-19-17_03.25 25degC_Cycle_2_Pan18650PF,0.6390583515167236
A2-2,505,test_id(25C),03-19-17_03.25 25degC_Cycle_2_Pan18650PF,0.5955175161361694
A2-2,606,test_id(25C),03-19-17_03.25 25degC_Cycle_2_Pan18650PF,0.5654895901679993
A2-2,707,test_id(25C),03-19-17_03.25 25degC_Cycle_2_Pan18650PF,0.574515163898468
A2-2,7,test_id(25C),03-19-17_09.07 25degC_Cycle_3_Pan18650PF,0.3959130942821502
A2-2,13,test_id(25C),03-19-17_09.07 25degC_Cycle_3_Pan18650PF,0.4279437065124511
A2-2,42,test_id(25C),03-19-17_09.07 25degC_Cycle_3_Pan18650PF,0.4029186964035034
A2-2,101,test_id(25C),03-19-17_09.07 25degC_Cycle_3_Pan18650PF,0.3735088407993316
A2-2,202,test_id(25C),03-19-17_09.07 25degC_Cycle_3_Pan18650PF,0.381139725446701
A2-2,303,test_id(25C),03-19-17_09.07 25degC_Cycle_3_Pan18650PF,0.6627246141433716
A2-2,404,test_id(25C),03-19-17_09.07 25degC_Cycle_3_Pan18650PF,0.3820378184318542
A2-2,505,test_id(25C),03-19-17_09.07 25degC_Cycle_3_Pan18650PF,0.3656400442123413
A2-2,606,test_id(25C),03-19-17_09.07 25degC_Cycle_3_Pan18650PF,0.3542858362197876
A2-2,707,test_id(25C),03-19-17_09.07 25degC_Cycle_3_Pan18650PF,0.3485985994338989
A2-2,7,test_id(25C),03-19-17_14.31 25degC_Cycle_4_Pan18650PF,0.6941182613372803
A2-2,13,test_id(25C),03-19-17_14.31 25degC_Cycle_4_Pan18650PF,0.8006114363670349
A2-2,42,test_id(25C),03-19-17_14.31 25degC_Cycle_4_Pan18650PF,0.6774179339408875
A2-2,101,test_id(25C),03-19-17_14.31 25degC_Cycle_4_Pan18650PF,0.6146435141563416
A2-2,202,test_id(25C),03-19-17_14.31 25degC_Cycle_4_Pan18650PF,0.612256646156311
A2-2,303,test_id(25C),03-19-17_14.31 25degC_Cycle_4_Pan18650PF,1.1620019674301147
A2-2,404,test_id(25C),03-19-17_14.31 25degC_Cycle_4_Pan18650PF,0.6391868591308594
A2-2,505,test_id(25C),03-19-17_14.31 25degC_Cycle_4_Pan18650PF,0.6134647130966187
A2-2,606,test_id(25C),03-19-17_14.31 25degC_Cycle_4_Pan18650PF,0.637028157711029
A2-2,707,test_id(25C),03-19-17_14.31 25degC_Cycle_4_Pan18650PF,0.5931228995323181
A2-2,7,ood(10C),03-27-17_09.06 10degC_HWFET_Pan18650PF,3.1819558143615723
A2-2,13,ood(10C),03-27-17_09.06 10degC_HWFET_Pan18650PF,3.321211338043213
A2-2,42,ood(10C),03-27-17_09.06 10degC_HWFET_Pan18650PF,3.1544268131256104
A2-2,101,ood(10C),03-27-17_09.06 10degC_HWFET_Pan18650PF,3.064575433731079
A2-2,202,ood(10C),03-27-17_09.06 10degC_HWFET_Pan18650PF,3.184914350509644
A2-2,303,ood(10C),03-27-17_09.06 10degC_HWFET_Pan18650PF,3.4000942707061768
A2-2,404,ood(10C),03-27-17_09.06 10degC_HWFET_Pan18650PF,2.8586981296539307
A2-2,505,ood(10C),03-27-17_09.06 10degC_HWFET_Pan18650PF,3.361787796020508
A2-2,606,ood(10C),03-27-17_09.06 10degC_HWFET_Pan18650PF,2.985148668289185
A2-2,707,ood(10C),03-27-17_09.06 10degC_HWFET_Pan18650PF,3.2763283252716064
A2-2,7,ood(10C),03-27-17_09.06 10degC_LA92_Pan18650PF,3.300624370574951
A2-2,13,ood(10C),03-27-17_09.06 10degC_LA92_Pan18650PF,3.3169002532958984
A2-2,42,ood(10C),03-27-17_09.06 10degC_LA92_Pan18650PF,3.3576576709747314
A2-2,101,ood(10C),03-27-17_09.06 10degC_LA92_Pan18650PF,3.3517911434173584
A2-2,202,ood(10C),03-27-17_09.06 10degC_LA92_Pan18650PF,3.400306701660156
A2-2,303,ood(10C),03-27-17_09.06 10degC_LA92_Pan18650PF,2.959009885787964
A2-2,404,ood(10C),03-27-17_09.06 10degC_LA92_Pan18650PF,3.2200756072998047
A2-2,505,ood(10C),03-27-17_09.06 10degC_LA92_Pan18650PF,3.577031135559082
A2-2,606,ood(10C),03-27-17_09.06 10degC_LA92_Pan18650PF,3.119372844696045
A2-2,707,ood(10C),03-27-17_09.06 10degC_LA92_Pan18650PF,3.536602020263672
A2-2,7,ood(10C),03-27-17_09.06 10degC_NN_Pan18650PF,2.7680447101593018
A2-2,13,ood(10C),03-27-17_09.06 10degC_NN_Pan18650PF,2.8036305904388428
A2-2,42,ood(10C),03-27-17_09.06 10degC_NN_Pan18650PF,2.768063545227051
A2-2,101,ood(10C),03-27-17_09.06 10degC_NN_Pan18650PF,2.7656424045562744
A2-2,202,ood(10C),03-27-17_09.06 10degC_NN_Pan18650PF,2.8376479148864746
A2-2,303,ood(10C),03-27-17_09.06 10degC_NN_Pan18650PF,2.4399988651275635
A2-2,404,ood(10C),03-27-17_09.06 10degC_NN_Pan18650PF,2.615586996078491
A2-2,505,ood(10C),03-27-17_09.06 10degC_NN_Pan18650PF,2.987945795059204
A2-2,606,ood(10C),03-27-17_09.06 10degC_NN_Pan18650PF,2.571669340133667
A2-2,707,ood(10C),03-27-17_09.06 10degC_NN_Pan18650PF,2.94704532623291
A2-2,7,ood(10C),03-27-17_09.06 10degC_UDDS_Pan18650PF,2.272414207458496
A2-2,13,ood(10C),03-27-17_09.06 10degC_UDDS_Pan18650PF,2.2220892906188965
A2-2,42,ood(10C),03-27-17_09.06 10degC_UDDS_Pan18650PF,2.284386157989502
A2-2,101,ood(10C),03-27-17_09.06 10degC_UDDS_Pan18650PF,2.2009549140930176
A2-2,202,ood(10C),03-27-17_09.06 10degC_UDDS_Pan18650PF,2.2922542095184326
A2-2,303,ood(10C),03-27-17_09.06 10degC_UDDS_Pan18650PF,1.941413640975952
A2-2,404,ood(10C),03-27-17_09.06 10degC_UDDS_Pan18650PF,2.0400137901306152
A2-2,505,ood(10C),03-27-17_09.06 10degC_UDDS_Pan18650PF,2.494351863861084
A2-2,606,ood(10C),03-27-17_09.06 10degC_UDDS_Pan18650PF,2.021411895751953
A2-2,707,ood(10C),03-27-17_09.06 10degC_UDDS_Pan18650PF,2.3914954662323
A2-2,7,ood(10C),03-27-17_09.06 10degC_US06_Pan18650PF,3.8493492603302
A2-2,13,ood(10C),03-27-17_09.06 10degC_US06_Pan18650PF,3.9004876613616943
A2-2,42,ood(10C),03-27-17_09.06 10degC_US06_Pan18650PF,3.867751121520996
A2-2,101,ood(10C),03-27-17_09.06 10degC_US06_Pan18650PF,3.978673696517944
A2-2,202,ood(10C),03-27-17_09.06 10degC_US06_Pan18650PF,4.113736152648926
A2-2,303,ood(10C),03-27-17_09.06 10degC_US06_Pan18650PF,3.503077983856201
A2-2,404,ood(10C),03-27-17_09.06 10degC_US06_Pan18650PF,3.81950569152832
A2-2,505,ood(10C),03-27-17_09.06 10degC_US06_Pan18650PF,4.142956733703613
A2-2,606,ood(10C),03-27-17_09.06 10degC_US06_Pan18650PF,3.7319512367248535
A2-2,707,ood(10C),03-27-17_09.06 10degC_US06_Pan18650PF,4.267724514007568
A2-2,7,ood(10C),03-28-17_12.51 10degC_Cycle_1_Pan18650PF,3.5877840518951416
A2-2,13,ood(10C),03-28-17_12.51 10degC_Cycle_1_Pan18650PF,3.5687148571014404
A2-2,42,ood(10C),03-28-17_12.51 10degC_Cycle_1_Pan18650PF,3.635448217391968
A2-2,101,ood(10C),03-28-17_12.51 10degC_Cycle_1_Pan18650PF,3.6239173412323
A2-2,202,ood(10C),03-28-17_12.51 10degC_Cycle_1_Pan18650PF,3.69286584854126
A2-2,303,ood(10C),03-28-17_12.51 10degC_Cycle_1_Pan18650PF,3.1417012214660645
A2-2,404,ood(10C),03-28-17_12.51 10degC_Cycle_1_Pan18650PF,3.4814765453338623
A2-2,505,ood(10C),03-28-17_12.51 10degC_Cycle_1_Pan18650PF,3.824049234390259
A2-2,606,ood(10C),03-28-17_12.51 10degC_Cycle_1_Pan18650PF,3.353034019470215
A2-2,707,ood(10C),03-28-17_12.51 10degC_Cycle_1_Pan18650PF,3.826876401901245
A2-2,7,ood(10C),03-28-17_18.18 10degC_Cycle_2_Pan18650PF,4.672185897827148
A2-2,13,ood(10C),03-28-17_18.18 10degC_Cycle_2_Pan18650PF,4.6632466316223145
A2-2,42,ood(10C),03-28-17_18.18 10degC_Cycle_2_Pan18650PF,4.685346603393555
A2-2,101,ood(10C),03-28-17_18.18 10degC_Cycle_2_Pan18650PF,4.753688812255859
A2-2,202,ood(10C),03-28-17_18.18 10degC_Cycle_2_Pan18650PF,4.784654140472412
A2-2,303,ood(10C),03-28-17_18.18 10degC_Cycle_2_Pan18650PF,4.266650676727295
A2-2,404,ood(10C),03-28-17_18.18 10degC_Cycle_2_Pan18650PF,4.588951110839844
A2-2,505,ood(10C),03-28-17_18.18 10degC_Cycle_2_Pan18650PF,4.951313495635986
A2-2,606,ood(10C),03-28-17_18.18 10degC_Cycle_2_Pan18650PF,4.4169769287109375
A2-2,707,ood(10C),03-28-17_18.18 10degC_Cycle_2_Pan18650PF,4.958651065826416
A2-2,7,ood(10C),04-05-17_17.04 10degC_Cycle_3_Pan18650PF,4.653955936431885
A2-2,13,ood(10C),04-05-17_17.04 10degC_Cycle_3_Pan18650PF,4.61539363861084
A2-2,42,ood(10C),04-05-17_17.04 10degC_Cycle_3_Pan18650PF,4.706391334533691
A2-2,101,ood(10C),04-05-17_17.04 10degC_Cycle_3_Pan18650PF,4.673224449157715
A2-2,202,ood(10C),04-05-17_17.04 10degC_Cycle_3_Pan18650PF,4.829997539520264
A2-2,303,ood(10C),04-05-17_17.04 10degC_Cycle_3_Pan18650PF,4.279214382171631
A2-2,404,ood(10C),04-05-17_17.04 10degC_Cycle_3_Pan18650PF,4.5482354164123535
A2-2,505,ood(10C),04-05-17_17.04 10degC_Cycle_3_Pan18650PF,4.919974327087402
A2-2,606,ood(10C),04-05-17_17.04 10degC_Cycle_3_Pan18650PF,4.4233479499816895
A2-2,707,ood(10C),04-05-17_17.04 10degC_Cycle_3_Pan18650PF,4.936368942260742
A2-2,7,ood(10C),04-05-17_22.50 10degC_Cycle_4_Pan18650PF,3.022326231002808
A2-2,13,ood(10C),04-05-17_22.50 10degC_Cycle_4_Pan18650PF,3.028452157974243
A2-2,42,ood(10C),04-05-17_22.50 10degC_Cycle_4_Pan18650PF,3.0025827884674072
A2-2,101,ood(10C),04-05-17_22.50 10degC_Cycle_4_Pan18650PF,3.058039665222168
A2-2,202,ood(10C),04-05-17_22.50 10degC_Cycle_4_Pan18650PF,3.1078579425811768
A2-2,303,ood(10C),04-05-17_22.50 10degC_Cycle_4_Pan18650PF,2.75150203704834
A2-2,404,ood(10C),04-05-17_22.50 10degC_Cycle_4_Pan18650PF,2.8480429649353027
A2-2,505,ood(10C),04-05-17_22.50 10degC_Cycle_4_Pan18650PF,3.272451639175415
A2-2,606,ood(10C),04-05-17_22.50 10degC_Cycle_4_Pan18650PF,2.792774200439453
A2-2,707,ood(10C),04-05-17_22.50 10degC_Cycle_4_Pan18650PF,3.2585642337799072
A2-2,7,ood(0C),05-30-17_12.56 0degC_Cycle_1_Pan18650PF,9.72225284576416
A2-2,13,ood(0C),05-30-17_12.56 0degC_Cycle_1_Pan18650PF,9.589483261108398
A2-2,42,ood(0C),05-30-17_12.56 0degC_Cycle_1_Pan18650PF,9.677988052368164
A2-2,101,ood(0C),05-30-17_12.56 0degC_Cycle_1_Pan18650PF,9.849814414978027
A2-2,202,ood(0C),05-30-17_12.56 0degC_Cycle_1_Pan18650PF,10.408930778503418
A2-2,303,ood(0C),05-30-17_12.56 0degC_Cycle_1_Pan18650PF,9.990400314331056
A2-2,404,ood(0C),05-30-17_12.56 0degC_Cycle_1_Pan18650PF,9.540425300598145
A2-2,505,ood(0C),05-30-17_12.56 0degC_Cycle_1_Pan18650PF,10.441773414611816
A2-2,606,ood(0C),05-30-17_12.56 0degC_Cycle_1_Pan18650PF,9.516365051269531
A2-2,707,ood(0C),05-30-17_12.56 0degC_Cycle_1_Pan18650PF,10.324747085571287
A2-2,7,ood(0C),05-30-17_20.16 0degC_Cycle_2_Pan18650PF,9.85916519165039
A2-2,13,ood(0C),05-30-17_20.16 0degC_Cycle_2_Pan18650PF,9.825787544250488
A2-2,42,ood(0C),05-30-17_20.16 0degC_Cycle_2_Pan18650PF,9.890788078308104
A2-2,101,ood(0C),05-30-17_20.16 0degC_Cycle_2_Pan18650PF,10.094037055969238
A2-2,202,ood(0C),05-30-17_20.16 0degC_Cycle_2_Pan18650PF,10.519104957580566
A2-2,303,ood(0C),05-30-17_20.16 0degC_Cycle_2_Pan18650PF,10.243436813354492
A2-2,404,ood(0C),05-30-17_20.16 0degC_Cycle_2_Pan18650PF,9.724724769592283
A2-2,505,ood(0C),05-30-17_20.16 0degC_Cycle_2_Pan18650PF,10.61953067779541
A2-2,606,ood(0C),05-30-17_20.16 0degC_Cycle_2_Pan18650PF,9.651411056518556
A2-2,707,ood(0C),05-30-17_20.16 0degC_Cycle_2_Pan18650PF,10.533056259155272
A2-2,7,ood(0C),06-01-17_10.36 0degC_LA92_Pan18650PF,6.272018432617188
A2-2,13,ood(0C),06-01-17_10.36 0degC_LA92_Pan18650PF,6.263187885284424
A2-2,42,ood(0C),06-01-17_10.36 0degC_LA92_Pan18650PF,6.249163627624512
A2-2,101,ood(0C),06-01-17_10.36 0degC_LA92_Pan18650PF,6.1767096519470215
A2-2,202,ood(0C),06-01-17_10.36 0degC_LA92_Pan18650PF,6.278357982635498
A2-2,303,ood(0C),06-01-17_10.36 0degC_LA92_Pan18650PF,5.694048881530762
A2-2,404,ood(0C),06-01-17_10.36 0degC_LA92_Pan18650PF,6.021883487701416
A2-2,505,ood(0C),06-01-17_10.36 0degC_LA92_Pan18650PF,6.585129737854004
A2-2,606,ood(0C),06-01-17_10.36 0degC_LA92_Pan18650PF,5.974690914154053
A2-2,707,ood(0C),06-01-17_10.36 0degC_LA92_Pan18650PF,6.451024532318115
A2-2,7,ood(0C),06-01-17_10.36 0degC_NN_Pan18650PF,5.256912708282471
A2-2,13,ood(0C),06-01-17_10.36 0degC_NN_Pan18650PF,5.318387508392334
A2-2,42,ood(0C),06-01-17_10.36 0degC_NN_Pan18650PF,5.143044471740723
A2-2,101,ood(0C),06-01-17_10.36 0degC_NN_Pan18650PF,5.07931661605835
A2-2,202,ood(0C),06-01-17_10.36 0degC_NN_Pan18650PF,5.194863319396973
A2-2,303,ood(0C),06-01-17_10.36 0degC_NN_Pan18650PF,4.760504722595215
A2-2,404,ood(0C),06-01-17_10.36 0degC_NN_Pan18650PF,4.891446590423584
A2-2,505,ood(0C),06-01-17_10.36 0degC_NN_Pan18650PF,5.564181804656982
A2-2,606,ood(0C),06-01-17_10.36 0degC_NN_Pan18650PF,4.996129989624023
A2-2,707,ood(0C),06-01-17_10.36 0degC_NN_Pan18650PF,5.342968940734863
A2-2,7,ood(0C),06-01-17_15.36 0degC_Cycle_3_Pan18650PF,10.527270317077637
A2-2,13,ood(0C),06-01-17_15.36 0degC_Cycle_3_Pan18650PF,10.307828903198242
A2-2,42,ood(0C),06-01-17_15.36 0degC_Cycle_3_Pan18650PF,10.484386444091797
A2-2,101,ood(0C),06-01-17_15.36 0degC_Cycle_3_Pan18650PF,10.556551933288574
A2-2,202,ood(0C),06-01-17_15.36 0degC_Cycle_3_Pan18650PF,10.72205638885498
A2-2,303,ood(0C),06-01-17_15.36 0degC_Cycle_3_Pan18650PF,10.033000946044922
A2-2,404,ood(0C),06-01-17_15.36 0degC_Cycle_3_Pan18650PF,10.379837036132812
A2-2,505,ood(0C),06-01-17_15.36 0degC_Cycle_3_Pan18650PF,10.905069351196287
A2-2,606,ood(0C),06-01-17_15.36 0degC_Cycle_3_Pan18650PF,9.895007133483888
A2-2,707,ood(0C),06-01-17_15.36 0degC_Cycle_3_Pan18650PF,10.978322982788086
A2-2,7,ood(0C),06-01-17_22.03 0degC_Cycle_4_Pan18650PF,8.651753425598145
A2-2,13,ood(0C),06-01-17_22.03 0degC_Cycle_4_Pan18650PF,8.581376075744629
A2-2,42,ood(0C),06-01-17_22.03 0degC_Cycle_4_Pan18650PF,8.647353172302246
A2-2,101,ood(0C),06-01-17_22.03 0degC_Cycle_4_Pan18650PF,8.553521156311035
A2-2,202,ood(0C),06-01-17_22.03 0degC_Cycle_4_Pan18650PF,8.710597038269043
A2-2,303,ood(0C),06-01-17_22.03 0degC_Cycle_4_Pan18650PF,8.068305969238281
A2-2,404,ood(0C),06-01-17_22.03 0degC_Cycle_4_Pan18650PF,8.261232376098633
A2-2,505,ood(0C),06-01-17_22.03 0degC_Cycle_4_Pan18650PF,9.000598907470703
A2-2,606,ood(0C),06-01-17_22.03 0degC_Cycle_4_Pan18650PF,8.285604476928711
A2-2,707,ood(0C),06-01-17_22.03 0degC_Cycle_4_Pan18650PF,8.942047119140625
A2-2,7,ood(0C),06-02-17_04.58 0degC_US06_Pan18650PF,11.10100269317627
A2-2,13,ood(0C),06-02-17_04.58 0degC_US06_Pan18650PF,11.056964874267578
A2-2,42,ood(0C),06-02-17_04.58 0degC_US06_Pan18650PF,11.107732772827148
A2-2,101,ood(0C),06-02-17_04.58 0degC_US06_Pan18650PF,11.355023384094238
A2-2,202,ood(0C),06-02-17_04.58 0degC_US06_Pan18650PF,11.523754119873049
A2-2,303,ood(0C),06-02-17_04.58 0degC_US06_Pan18650PF,10.609668731689451
A2-2,404,ood(0C),06-02-17_04.58 0degC_US06_Pan18650PF,11.04591178894043
A2-2,505,ood(0C),06-02-17_04.58 0degC_US06_Pan18650PF,11.549996376037598
A2-2,606,ood(0C),06-02-17_04.58 0degC_US06_Pan18650PF,10.76437282562256
A2-2,707,ood(0C),06-02-17_04.58 0degC_US06_Pan18650PF,11.790846824645996
A2-2,7,ood(0C),06-02-17_10.43 0degC_HWFET_Pan18650PF,11.77676773071289
A2-2,13,ood(0C),06-02-17_10.43 0degC_HWFET_Pan18650PF,11.839479446411133
A2-2,42,ood(0C),06-02-17_10.43 0degC_HWFET_Pan18650PF,11.929057121276855
A2-2,101,ood(0C),06-02-17_10.43 0degC_HWFET_Pan18650PF,11.752227783203123
A2-2,202,ood(0C),06-02-17_10.43 0degC_HWFET_Pan18650PF,11.979907989501951
A2-2,303,ood(0C),06-02-17_10.43 0degC_HWFET_Pan18650PF,11.75944995880127
A2-2,404,ood(0C),06-02-17_10.43 0degC_HWFET_Pan18650PF,11.36465835571289
A2-2,505,ood(0C),06-02-17_10.43 0degC_HWFET_Pan18650PF,12.21284008026123
A2-2,606,ood(0C),06-02-17_10.43 0degC_HWFET_Pan18650PF,11.31164836883545
A2-2,707,ood(0C),06-02-17_10.43 0degC_HWFET_Pan18650PF,12.251952171325684
A2-2,7,ood(0C),06-02-17_17.14 0degC_UDDS_Pan18650PF,8.7328519821167
A2-2,13,ood(0C),06-02-17_17.14 0degC_UDDS_Pan18650PF,8.504219055175781
A2-2,42,ood(0C),06-02-17_17.14 0degC_UDDS_Pan18650PF,8.692938804626465
A2-2,101,ood(0C),06-02-17_17.14 0degC_UDDS_Pan18650PF,8.535635948181152
A2-2,202,ood(0C),06-02-17_17.14 0degC_UDDS_Pan18650PF,8.686727523803711
A2-2,303,ood(0C),06-02-17_17.14 0degC_UDDS_Pan18650PF,7.989956378936768
A2-2,404,ood(0C),06-02-17_17.14 0degC_UDDS_Pan18650PF,8.345588684082031
A2-2,505,ood(0C),06-02-17_17.14 0degC_UDDS_Pan18650PF,9.036255836486816
A2-2,606,ood(0C),06-02-17_17.14 0degC_UDDS_Pan18650PF,8.19951343536377
A2-2,707,ood(0C),06-02-17_17.14 0degC_UDDS_Pan18650PF,8.91299819946289
A2-2,7,ood(-10C),06-07-17_08.39 n10degC_HWFET_Pan18650PF,7.171440124511719
A2-2,13,ood(-10C),06-07-17_08.39 n10degC_HWFET_Pan18650PF,7.279235363006592
A2-2,42,ood(-10C),06-07-17_08.39 n10degC_HWFET_Pan18650PF,7.140763282775879
A2-2,101,ood(-10C),06-07-17_08.39 n10degC_HWFET_Pan18650PF,6.910223960876465
A2-2,202,ood(-10C),06-07-17_08.39 n10degC_HWFET_Pan18650PF,7.042226791381836
A2-2,303,ood(-10C),06-07-17_08.39 n10degC_HWFET_Pan18650PF,6.656553268432617
A2-2,404,ood(-10C),06-07-17_08.39 n10degC_HWFET_Pan18650PF,6.682697772979736
A2-2,505,ood(-10C),06-07-17_08.39 n10degC_HWFET_Pan18650PF,7.512499332427978
A2-2,606,ood(-10C),06-07-17_08.39 n10degC_HWFET_Pan18650PF,6.755615234375
A2-2,707,ood(-10C),06-07-17_08.39 n10degC_HWFET_Pan18650PF,7.264122009277344
A2-2,7,ood(-10C),06-07-17_08.39 n10degC_LA92_Pan18650PF,7.914496421813965
A2-2,13,ood(-10C),06-07-17_08.39 n10degC_LA92_Pan18650PF,7.837238788604736
A2-2,42,ood(-10C),06-07-17_08.39 n10degC_LA92_Pan18650PF,7.766532897949219
A2-2,101,ood(-10C),06-07-17_08.39 n10degC_LA92_Pan18650PF,7.703895092010498
A2-2,202,ood(-10C),06-07-17_08.39 n10degC_LA92_Pan18650PF,7.81910228729248
A2-2,303,ood(-10C),06-07-17_08.39 n10degC_LA92_Pan18650PF,7.193427562713623
A2-2,404,ood(-10C),06-07-17_08.39 n10degC_LA92_Pan18650PF,7.527671337127685
A2-2,505,ood(-10C),06-07-17_08.39 n10degC_LA92_Pan18650PF,8.260574340820312
A2-2,606,ood(-10C),06-07-17_08.39 n10degC_LA92_Pan18650PF,7.45964241027832
A2-2,707,ood(-10C),06-07-17_08.39 n10degC_LA92_Pan18650PF,8.04677963256836
A2-2,7,ood(-10C),06-07-17_08.39 n10degC_UDDS_Pan18650PF,9.664681434631348
A2-2,13,ood(-10C),06-07-17_08.39 n10degC_UDDS_Pan18650PF,9.418622016906738
A2-2,42,ood(-10C),06-07-17_08.39 n10degC_UDDS_Pan18650PF,9.479042053222656
A2-2,101,ood(-10C),06-07-17_08.39 n10degC_UDDS_Pan18650PF,9.350528717041016
A2-2,202,ood(-10C),06-07-17_08.39 n10degC_UDDS_Pan18650PF,9.473272323608398
A2-2,303,ood(-10C),06-07-17_08.39 n10degC_UDDS_Pan18650PF,8.841669082641602
A2-2,404,ood(-10C),06-07-17_08.39 n10degC_UDDS_Pan18650PF,9.244938850402832
A2-2,505,ood(-10C),06-07-17_08.39 n10degC_UDDS_Pan18650PF,9.97829532623291
A2-2,606,ood(-10C),06-07-17_08.39 n10degC_UDDS_Pan18650PF,9.03921127319336
A2-2,707,ood(-10C),06-07-17_08.39 n10degC_UDDS_Pan18650PF,9.714728355407717
A2-2,7,ood(-10C),06-07-17_08.39 n10degC_US06_Pan18650PF,4.612040519714356
A2-2,13,ood(-10C),06-07-17_08.39 n10degC_US06_Pan18650PF,4.966209411621094
A2-2,42,ood(-10C),06-07-17_08.39 n10degC_US06_Pan18650PF,4.467750549316406
A2-2,101,ood(-10C),06-07-17_08.39 n10degC_US06_Pan18650PF,4.477944850921631
A2-2,202,ood(-10C),06-07-17_08.39 n10degC_US06_Pan18650PF,4.532665252685547
A2-2,303,ood(-10C),06-07-17_08.39 n10degC_US06_Pan18650PF,4.096264362335205
A2-2,404,ood(-10C),06-07-17_08.39 n10degC_US06_Pan18650PF,4.317038536071777
A2-2,505,ood(-10C),06-07-17_08.39 n10degC_US06_Pan18650PF,5.118430614471436
A2-2,606,ood(-10C),06-07-17_08.39 n10degC_US06_Pan18650PF,4.436707496643066
A2-2,707,ood(-10C),06-07-17_08.39 n10degC_US06_Pan18650PF,4.728680610656738
A2-2,7,ood(-10C),06-10-17_11.25 n10degC_Cycle_1_Pan18650PF,12.551753044128418
A2-2,13,ood(-10C),06-10-17_11.25 n10degC_Cycle_1_Pan18650PF,12.333344459533691
A2-2,42,ood(-10C),06-10-17_11.25 n10degC_Cycle_1_Pan18650PF,12.376056671142578
A2-2,101,ood(-10C),06-10-17_11.25 n10degC_Cycle_1_Pan18650PF,12.284457206726074
A2-2,202,ood(-10C),06-10-17_11.25 n10degC_Cycle_1_Pan18650PF,12.41395378112793
A2-2,303,ood(-10C),06-10-17_11.25 n10degC_Cycle_1_Pan18650PF,11.602370262145996
A2-2,404,ood(-10C),06-10-17_11.25 n10degC_Cycle_1_Pan18650PF,12.04297161102295
A2-2,505,ood(-10C),06-10-17_11.25 n10degC_Cycle_1_Pan18650PF,12.876980781555176
A2-2,606,ood(-10C),06-10-17_11.25 n10degC_Cycle_1_Pan18650PF,11.82859230041504
A2-2,707,ood(-10C),06-10-17_11.25 n10degC_Cycle_1_Pan18650PF,12.740164756774902
A2-2,7,ood(-10C),06-10-17_18.35 n10degC_Cycle_2_Pan18650PF,17.971546173095703
A2-2,13,ood(-10C),06-10-17_18.35 n10degC_Cycle_2_Pan18650PF,17.60517692565918
A2-2,42,ood(-10C),06-10-17_18.35 n10degC_Cycle_2_Pan18650PF,17.805028915405273
A2-2,101,ood(-10C),06-10-17_18.35 n10degC_Cycle_2_Pan18650PF,17.821130752563477
A2-2,202,ood(-10C),06-10-17_18.35 n10degC_Cycle_2_Pan18650PF,18.03470230102539
A2-2,303,ood(-10C),06-10-17_18.35 n10degC_Cycle_2_Pan18650PF,17.120567321777344
A2-2,404,ood(-10C),06-10-17_18.35 n10degC_Cycle_2_Pan18650PF,17.597097396850586
A2-2,505,ood(-10C),06-10-17_18.35 n10degC_Cycle_2_Pan18650PF,18.32650184631348
A2-2,606,ood(-10C),06-10-17_18.35 n10degC_Cycle_2_Pan18650PF,17.231109619140625
A2-2,707,ood(-10C),06-10-17_18.35 n10degC_Cycle_2_Pan18650PF,18.389562606811523
A2-2,7,ood(-10C),06-11-17_01.39 n10degC_Cycle_3_Pan18650PF,18.342208862304688
A2-2,13,ood(-10C),06-11-17_01.39 n10degC_Cycle_3_Pan18650PF,17.935897827148438
A2-2,42,ood(-10C),06-11-17_01.39 n10degC_Cycle_3_Pan18650PF,18.12773895263672
A2-2,101,ood(-10C),06-11-17_01.39 n10degC_Cycle_3_Pan18650PF,18.23586654663086
A2-2,202,ood(-10C),06-11-17_01.39 n10degC_Cycle_3_Pan18650PF,18.401615142822266
A2-2,303,ood(-10C),06-11-17_01.39 n10degC_Cycle_3_Pan18650PF,17.520843505859375
A2-2,404,ood(-10C),06-11-17_01.39 n10degC_Cycle_3_Pan18650PF,18.01085662841797
A2-2,505,ood(-10C),06-11-17_01.39 n10degC_Cycle_3_Pan18650PF,18.731565475463867
A2-2,606,ood(-10C),06-11-17_01.39 n10degC_Cycle_3_Pan18650PF,17.508543014526367
A2-2,707,ood(-10C),06-11-17_01.39 n10degC_Cycle_3_Pan18650PF,18.741609573364254
A2-2,7,ood(-10C),06-11-17_08.42 n10degC_Cycle_4_Pan18650PF,11.43766975402832
A2-2,13,ood(-10C),06-11-17_08.42 n10degC_Cycle_4_Pan18650PF,11.15661907196045
A2-2,42,ood(-10C),06-11-17_08.42 n10degC_Cycle_4_Pan18650PF,11.288427352905272
A2-2,101,ood(-10C),06-11-17_08.42 n10degC_Cycle_4_Pan18650PF,11.334993362426758
A2-2,202,ood(-10C),06-11-17_08.42 n10degC_Cycle_4_Pan18650PF,11.513744354248049
A2-2,303,ood(-10C),06-11-17_08.42 n10degC_Cycle_4_Pan18650PF,10.610868453979492
A2-2,404,ood(-10C),06-11-17_08.42 n10degC_Cycle_4_Pan18650PF,11.022010803222656
A2-2,505,ood(-10C),06-11-17_08.42 n10degC_Cycle_4_Pan18650PF,11.733400344848633
A2-2,606,ood(-10C),06-11-17_08.42 n10degC_Cycle_4_Pan18650PF,10.87294864654541
A2-2,707,ood(-10C),06-11-17_08.42 n10degC_Cycle_4_Pan18650PF,11.80029296875
A2-2,7,ood(-10C),06-14-17_13.12 n10degC_NN_Pan18650PF,17.35407066345215
A2-2,13,ood(-10C),06-14-17_13.12 n10degC_NN_Pan18650PF,16.980140686035156
A2-2,42,ood(-10C),06-14-17_13.12 n10degC_NN_Pan18650PF,17.1309871673584
A2-2,101,ood(-10C),06-14-17_13.12 n10degC_NN_Pan18650PF,17.22844123840332
A2-2,202,ood(-10C),06-14-17_13.12 n10degC_NN_Pan18650PF,17.445486068725586
A2-2,303,ood(-10C),06-14-17_13.12 n10degC_NN_Pan18650PF,16.516416549682617
A2-2,404,ood(-10C),06-14-17_13.12 n10degC_NN_Pan18650PF,16.92726707458496
A2-2,505,ood(-10C),06-14-17_13.12 n10degC_NN_Pan18650PF,17.744749069213867
A2-2,606,ood(-10C),06-14-17_13.12 n10degC_NN_Pan18650PF,16.7132625579834
A2-2,707,ood(-10C),06-14-17_13.12 n10degC_NN_Pan18650PF,17.741003036499023
A2-2,7,ood(-20C),06-23-17_23.35 n20degC_HWFET_Pan18650PF,5.339381694793701
A2-2,13,ood(-20C),06-23-17_23.35 n20degC_HWFET_Pan18650PF,5.5829033851623535
A2-2,42,ood(-20C),06-23-17_23.35 n20degC_HWFET_Pan18650PF,5.109627723693848
A2-2,101,ood(-20C),06-23-17_23.35 n20degC_HWFET_Pan18650PF,4.845351219177246
A2-2,202,ood(-20C),06-23-17_23.35 n20degC_HWFET_Pan18650PF,4.928153991699219
A2-2,303,ood(-20C),06-23-17_23.35 n20degC_HWFET_Pan18650PF,4.497755527496338
A2-2,404,ood(-20C),06-23-17_23.35 n20degC_HWFET_Pan18650PF,4.676726341247559
A2-2,505,ood(-20C),06-23-17_23.35 n20degC_HWFET_Pan18650PF,5.85655689239502
A2-2,606,ood(-20C),06-23-17_23.35 n20degC_HWFET_Pan18650PF,4.815129280090332
A2-2,707,ood(-20C),06-23-17_23.35 n20degC_HWFET_Pan18650PF,5.149653434753418
A2-2,7,ood(-20C),06-23-17_23.35 n20degC_LA92_Pan18650PF,6.247044086456299
A2-2,13,ood(-20C),06-23-17_23.35 n20degC_LA92_Pan18650PF,6.338681221008301
A2-2,42,ood(-20C),06-23-17_23.35 n20degC_LA92_Pan18650PF,5.894119739532471
A2-2,101,ood(-20C),06-23-17_23.35 n20degC_LA92_Pan18650PF,5.858935356140137
A2-2,202,ood(-20C),06-23-17_23.35 n20degC_LA92_Pan18650PF,5.828281879425049
A2-2,303,ood(-20C),06-23-17_23.35 n20degC_LA92_Pan18650PF,5.279992580413818
A2-2,404,ood(-20C),06-23-17_23.35 n20degC_LA92_Pan18650PF,5.65520715713501
A2-2,505,ood(-20C),06-23-17_23.35 n20degC_LA92_Pan18650PF,6.641894340515137
A2-2,606,ood(-20C),06-23-17_23.35 n20degC_LA92_Pan18650PF,5.729001045227051
A2-2,707,ood(-20C),06-23-17_23.35 n20degC_LA92_Pan18650PF,6.078433036804199
A2-2,7,ood(-20C),06-23-17_23.35 n20degC_NN_Pan18650PF,4.971629142761231
A2-2,13,ood(-20C),06-23-17_23.35 n20degC_NN_Pan18650PF,5.0917067527771
A2-2,42,ood(-20C),06-23-17_23.35 n20degC_NN_Pan18650PF,4.6799635887146
A2-2,101,ood(-20C),06-23-17_23.35 n20degC_NN_Pan18650PF,4.53778600692749
A2-2,202,ood(-20C),06-23-17_23.35 n20degC_NN_Pan18650PF,4.568049907684326
A2-2,303,ood(-20C),06-23-17_23.35 n20degC_NN_Pan18650PF,4.131460666656494
A2-2,404,ood(-20C),06-23-17_23.35 n20degC_NN_Pan18650PF,4.340938568115234
A2-2,505,ood(-20C),06-23-17_23.35 n20degC_NN_Pan18650PF,5.400845527648926
A2-2,606,ood(-20C),06-23-17_23.35 n20degC_NN_Pan18650PF,4.539607048034668
A2-2,707,ood(-20C),06-23-17_23.35 n20degC_NN_Pan18650PF,4.771388053894043
A2-2,7,ood(-20C),06-23-17_23.35 n20degC_UDDS_Pan18650PF,10.338913917541504
A2-2,13,ood(-20C),06-23-17_23.35 n20degC_UDDS_Pan18650PF,10.206206321716309
A2-2,42,ood(-20C),06-23-17_23.35 n20degC_UDDS_Pan18650PF,9.936704635620115
A2-2,101,ood(-20C),06-23-17_23.35 n20degC_UDDS_Pan18650PF,9.875958442687988
A2-2,202,ood(-20C),06-23-17_23.35 n20degC_UDDS_Pan18650PF,9.823996543884276
A2-2,303,ood(-20C),06-23-17_23.35 n20degC_UDDS_Pan18650PF,9.270233154296877
A2-2,404,ood(-20C),06-23-17_23.35 n20degC_UDDS_Pan18650PF,9.768975257873535
A2-2,505,ood(-20C),06-23-17_23.35 n20degC_UDDS_Pan18650PF,10.745701789855955
A2-2,606,ood(-20C),06-23-17_23.35 n20degC_UDDS_Pan18650PF,9.680709838867188
A2-2,707,ood(-20C),06-23-17_23.35 n20degC_UDDS_Pan18650PF,10.120251655578612
A2-2,7,ood(-20C),06-24-17_04.29 n20degC_Cycle_1_Pan18650PF,23.53175926208496
A2-2,13,ood(-20C),06-24-17_04.29 n20degC_Cycle_1_Pan18650PF,23.09305000305176
A2-2,42,ood(-20C),06-24-17_04.29 n20degC_Cycle_1_Pan18650PF,23.06730079650879
A2-2,101,ood(-20C),06-24-17_04.29 n20degC_Cycle_1_Pan18650PF,23.207475662231445
A2-2,202,ood(-20C),06-24-17_04.29 n20degC_Cycle_1_Pan18650PF,23.302265167236328
A2-2,303,ood(-20C),06-24-17_04.29 n20degC_Cycle_1_Pan18650PF,22.462894439697266
A2-2,404,ood(-20C),06-24-17_04.29 n20degC_Cycle_1_Pan18650PF,23.02144432067871
A2-2,505,ood(-20C),06-24-17_04.29 n20degC_Cycle_1_Pan18650PF,23.96143341064453
A2-2,606,ood(-20C),06-24-17_04.29 n20degC_Cycle_1_Pan18650PF,22.536714553833008
A2-2,707,ood(-20C),06-24-17_04.29 n20degC_Cycle_1_Pan18650PF,23.6820011138916
A2-2,7,ood(-20C),06-24-17_11.58 n20degC_Cycle_2_Pan18650PF,22.688844680786133
A2-2,13,ood(-20C),06-24-17_11.58 n20degC_Cycle_2_Pan18650PF,22.142349243164062
A2-2,42,ood(-20C),06-24-17_11.58 n20degC_Cycle_2_Pan18650PF,22.25377082824707
A2-2,101,ood(-20C),06-24-17_11.58 n20degC_Cycle_2_Pan18650PF,22.37249183654785
A2-2,202,ood(-20C),06-24-17_11.58 n20degC_Cycle_2_Pan18650PF,22.56528854370117
A2-2,303,ood(-20C),06-24-17_11.58 n20degC_Cycle_2_Pan18650PF,21.677146911621094
A2-2,404,ood(-20C),06-24-17_11.58 n20degC_Cycle_2_Pan18650PF,22.237892150878903
A2-2,505,ood(-20C),06-24-17_11.58 n20degC_Cycle_2_Pan18650PF,23.064468383789062
A2-2,606,ood(-20C),06-24-17_11.58 n20degC_Cycle_2_Pan18650PF,21.789779663085938
A2-2,707,ood(-20C),06-24-17_11.58 n20degC_Cycle_2_Pan18650PF,23.000581741333008
A2-2,7,ood(-20C),06-24-17_19.29 n20degC_Cycle_3_Pan18650PF,22.94687843322754
A2-2,13,ood(-20C),06-24-17_19.29 n20degC_Cycle_3_Pan18650PF,22.391023635864254
A2-2,42,ood(-20C),06-24-17_19.29 n20degC_Cycle_3_Pan18650PF,22.499818801879883
A2-2,101,ood(-20C),06-24-17_19.29 n20degC_Cycle_3_Pan18650PF,22.674434661865234
A2-2,202,ood(-20C),06-24-17_19.29 n20degC_Cycle_3_Pan18650PF,22.815753936767575
A2-2,303,ood(-20C),06-24-17_19.29 n20degC_Cycle_3_Pan18650PF,21.89950561523437
A2-2,404,ood(-20C),06-24-17_19.29 n20degC_Cycle_3_Pan18650PF,22.479679107666016
A2-2,505,ood(-20C),06-24-17_19.29 n20degC_Cycle_3_Pan18650PF,23.26440048217773
A2-2,606,ood(-20C),06-24-17_19.29 n20degC_Cycle_3_Pan18650PF,21.965869903564453
A2-2,707,ood(-20C),06-24-17_19.29 n20degC_Cycle_3_Pan18650PF,23.21731376647949
A2-2,7,ood(-20C),06-25-17_03.01 n20degC_Cycle_4_Pan18650PF,19.15680503845215
A2-2,13,ood(-20C),06-25-17_03.01 n20degC_Cycle_4_Pan18650PF,18.88401222229004
A2-2,42,ood(-20C),06-25-17_03.01 n20degC_Cycle_4_Pan18650PF,18.740219116210938
A2-2,101,ood(-20C),06-25-17_03.01 n20degC_Cycle_4_Pan18650PF,18.80180931091309
A2-2,202,ood(-20C),06-25-17_03.01 n20degC_Cycle_4_Pan18650PF,18.8774471282959
A2-2,303,ood(-20C),06-25-17_03.01 n20degC_Cycle_4_Pan18650PF,17.99169921875
A2-2,404,ood(-20C),06-25-17_03.01 n20degC_Cycle_4_Pan18650PF,18.54161262512207
A2-2,505,ood(-20C),06-25-17_03.01 n20degC_Cycle_4_Pan18650PF,19.593231201171875
A2-2,606,ood(-20C),06-25-17_03.01 n20degC_Cycle_4_Pan18650PF,18.31900787353516
A2-2,707,ood(-20C),06-25-17_03.01 n20degC_Cycle_4_Pan18650PF,19.31439208984375
A2-2,7,ood(-20C),06-25-17_10.31 n20degC_US06_Pan18650PF,22.937854766845703
A2-2,13,ood(-20C),06-25-17_10.31 n20degC_US06_Pan18650PF,22.72826194763184
A2-2,42,ood(-20C),06-25-17_10.31 n20degC_US06_Pan18650PF,22.746307373046875
A2-2,101,ood(-20C),06-25-17_10.31 n20degC_US06_Pan18650PF,23.23276901245117
A2-2,202,ood(-20C),06-25-17_10.31 n20degC_US06_Pan18650PF,23.457347869873047
A2-2,303,ood(-20C),06-25-17_10.31 n20degC_US06_Pan18650PF,22.18529319763184
A2-2,404,ood(-20C),06-25-17_10.31 n20degC_US06_Pan18650PF,22.72174835205078
A2-2,505,ood(-20C),06-25-17_10.31 n20degC_US06_Pan18650PF,23.23284149169922
A2-2,606,ood(-20C),06-25-17_10.31 n20degC_US06_Pan18650PF,22.434349060058597
A2-2,707,ood(-20C),06-25-17_10.31 n20degC_US06_Pan18650PF,23.72817611694336
A2-3,7,test_id(25C),03-18-17_02.17 25degC_Cycle_1_Pan18650PF,0.6788503527641296
A2-3,13,test_id(25C),03-18-17_02.17 25degC_Cycle_1_Pan18650PF,0.7185821533203125
A2-3,42,test_id(25C),03-18-17_02.17 25degC_Cycle_1_Pan18650PF,0.7172702550888062
A2-3,101,test_id(25C),03-18-17_02.17 25degC_Cycle_1_Pan18650PF,0.7181148529052734
A2-3,202,test_id(25C),03-18-17_02.17 25degC_Cycle_1_Pan18650PF,0.6742639541625977
A2-3,303,test_id(25C),03-18-17_02.17 25degC_Cycle_1_Pan18650PF,0.7058436274528503
A2-3,404,test_id(25C),03-18-17_02.17 25degC_Cycle_1_Pan18650PF,0.721077024936676
A2-3,505,test_id(25C),03-18-17_02.17 25degC_Cycle_1_Pan18650PF,0.6680504083633423
A2-3,606,test_id(25C),03-18-17_02.17 25degC_Cycle_1_Pan18650PF,0.6667894124984741
A2-3,707,test_id(25C),03-18-17_02.17 25degC_Cycle_1_Pan18650PF,0.6582937836647034
A2-3,7,test_id(25C),03-19-17_03.25 25degC_Cycle_2_Pan18650PF,0.590039849281311
A2-3,13,test_id(25C),03-19-17_03.25 25degC_Cycle_2_Pan18650PF,0.6350865960121155
A2-3,42,test_id(25C),03-19-17_03.25 25degC_Cycle_2_Pan18650PF,0.6452640295028687
A2-3,101,test_id(25C),03-19-17_03.25 25degC_Cycle_2_Pan18650PF,0.6450363397598267
A2-3,202,test_id(25C),03-19-17_03.25 25degC_Cycle_2_Pan18650PF,0.6392655968666077
A2-3,303,test_id(25C),03-19-17_03.25 25degC_Cycle_2_Pan18650PF,0.6111870408058167
A2-3,404,test_id(25C),03-19-17_03.25 25degC_Cycle_2_Pan18650PF,0.5801693201065063
A2-3,505,test_id(25C),03-19-17_03.25 25degC_Cycle_2_Pan18650PF,0.5656697154045105
A2-3,606,test_id(25C),03-19-17_03.25 25degC_Cycle_2_Pan18650PF,0.5920352935791016
A2-3,707,test_id(25C),03-19-17_03.25 25degC_Cycle_2_Pan18650PF,0.6086384057998657
A2-3,7,test_id(25C),03-19-17_09.07 25degC_Cycle_3_Pan18650PF,0.4086739122867584
A2-3,13,test_id(25C),03-19-17_09.07 25degC_Cycle_3_Pan18650PF,0.3784330189228058
A2-3,42,test_id(25C),03-19-17_09.07 25degC_Cycle_3_Pan18650PF,0.3871320486068725
A2-3,101,test_id(25C),03-19-17_09.07 25degC_Cycle_3_Pan18650PF,0.4138287007808685
A2-3,202,test_id(25C),03-19-17_09.07 25degC_Cycle_3_Pan18650PF,0.394503653049469
A2-3,303,test_id(25C),03-19-17_09.07 25degC_Cycle_3_Pan18650PF,0.3819043934345245
A2-3,404,test_id(25C),03-19-17_09.07 25degC_Cycle_3_Pan18650PF,0.3649255335330963
A2-3,505,test_id(25C),03-19-17_09.07 25degC_Cycle_3_Pan18650PF,0.3325655162334442
A2-3,606,test_id(25C),03-19-17_09.07 25degC_Cycle_3_Pan18650PF,0.3766281306743622
A2-3,707,test_id(25C),03-19-17_09.07 25degC_Cycle_3_Pan18650PF,0.3539434671401977
A2-3,7,test_id(25C),03-19-17_14.31 25degC_Cycle_4_Pan18650PF,0.741338849067688
A2-3,13,test_id(25C),03-19-17_14.31 25degC_Cycle_4_Pan18650PF,0.7554954290390015
A2-3,42,test_id(25C),03-19-17_14.31 25degC_Cycle_4_Pan18650PF,0.7933768630027771
A2-3,101,test_id(25C),03-19-17_14.31 25degC_Cycle_4_Pan18650PF,0.7631533145904541
A2-3,202,test_id(25C),03-19-17_14.31 25degC_Cycle_4_Pan18650PF,0.6591946482658386
A2-3,303,test_id(25C),03-19-17_14.31 25degC_Cycle_4_Pan18650PF,0.6821386814117432
A2-3,404,test_id(25C),03-19-17_14.31 25degC_Cycle_4_Pan18650PF,0.7215372323989868
A2-3,505,test_id(25C),03-19-17_14.31 25degC_Cycle_4_Pan18650PF,0.708442211151123
A2-3,606,test_id(25C),03-19-17_14.31 25degC_Cycle_4_Pan18650PF,0.6705047488212585
A2-3,707,test_id(25C),03-19-17_14.31 25degC_Cycle_4_Pan18650PF,0.8327105045318604
A2-3,7,ood(10C),03-27-17_09.06 10degC_HWFET_Pan18650PF,3.0536739826202397
A2-3,13,ood(10C),03-27-17_09.06 10degC_HWFET_Pan18650PF,3.0524051189422607
A2-3,42,ood(10C),03-27-17_09.06 10degC_HWFET_Pan18650PF,2.977846145629883
A2-3,101,ood(10C),03-27-17_09.06 10degC_HWFET_Pan18650PF,2.787318706512451
A2-3,202,ood(10C),03-27-17_09.06 10degC_HWFET_Pan18650PF,2.453096628189087
A2-3,303,ood(10C),03-27-17_09.06 10degC_HWFET_Pan18650PF,2.862135171890259
A2-3,404,ood(10C),03-27-17_09.06 10degC_HWFET_Pan18650PF,3.0743954181671143
A2-3,505,ood(10C),03-27-17_09.06 10degC_HWFET_Pan18650PF,2.71675443649292
A2-3,606,ood(10C),03-27-17_09.06 10degC_HWFET_Pan18650PF,2.8814916610717773
A2-3,707,ood(10C),03-27-17_09.06 10degC_HWFET_Pan18650PF,2.686089277267456
A2-3,7,ood(10C),03-27-17_09.06 10degC_LA92_Pan18650PF,2.946225643157959
A2-3,13,ood(10C),03-27-17_09.06 10degC_LA92_Pan18650PF,3.318756341934204
A2-3,42,ood(10C),03-27-17_09.06 10degC_LA92_Pan18650PF,3.226588487625122
A2-3,101,ood(10C),03-27-17_09.06 10degC_LA92_Pan18650PF,3.044620513916016
A2-3,202,ood(10C),03-27-17_09.06 10degC_LA92_Pan18650PF,2.790624618530273
A2-3,303,ood(10C),03-27-17_09.06 10degC_LA92_Pan18650PF,3.1507153511047363
A2-3,404,ood(10C),03-27-17_09.06 10degC_LA92_Pan18650PF,3.164892196655273
A2-3,505,ood(10C),03-27-17_09.06 10degC_LA92_Pan18650PF,3.018529176712036
A2-3,606,ood(10C),03-27-17_09.06 10degC_LA92_Pan18650PF,3.0785069465637207
A2-3,707,ood(10C),03-27-17_09.06 10degC_LA92_Pan18650PF,2.988233089447021
A2-3,7,ood(10C),03-27-17_09.06 10degC_NN_Pan18650PF,2.525273084640503
A2-3,13,ood(10C),03-27-17_09.06 10degC_NN_Pan18650PF,2.7062089443206787
A2-3,42,ood(10C),03-27-17_09.06 10degC_NN_Pan18650PF,2.645500421524048
A2-3,101,ood(10C),03-27-17_09.06 10degC_NN_Pan18650PF,2.41907286643982
A2-3,202,ood(10C),03-27-17_09.06 10degC_NN_Pan18650PF,2.1471683979034424
A2-3,303,ood(10C),03-27-17_09.06 10degC_NN_Pan18650PF,2.562084197998047
A2-3,404,ood(10C),03-27-17_09.06 10degC_NN_Pan18650PF,2.567296266555786
A2-3,505,ood(10C),03-27-17_09.06 10degC_NN_Pan18650PF,2.446255207061768
A2-3,606,ood(10C),03-27-17_09.06 10degC_NN_Pan18650PF,2.449218511581421
A2-3,707,ood(10C),03-27-17_09.06 10degC_NN_Pan18650PF,2.421841859817505
A2-3,7,ood(10C),03-27-17_09.06 10degC_UDDS_Pan18650PF,1.8244484663009644
A2-3,13,ood(10C),03-27-17_09.06 10degC_UDDS_Pan18650PF,2.080520868301392
A2-3,42,ood(10C),03-27-17_09.06 10degC_UDDS_Pan18650PF,2.038240432739258
A2-3,101,ood(10C),03-27-17_09.06 10degC_UDDS_Pan18650PF,1.8179404735565183
A2-3,202,ood(10C),03-27-17_09.06 10degC_UDDS_Pan18650PF,1.58201801776886
A2-3,303,ood(10C),03-27-17_09.06 10degC_UDDS_Pan18650PF,2.045172452926636
A2-3,404,ood(10C),03-27-17_09.06 10degC_UDDS_Pan18650PF,1.9639735221862795
A2-3,505,ood(10C),03-27-17_09.06 10degC_UDDS_Pan18650PF,1.854875326156616
A2-3,606,ood(10C),03-27-17_09.06 10degC_UDDS_Pan18650PF,1.9117584228515625
A2-3,707,ood(10C),03-27-17_09.06 10degC_UDDS_Pan18650PF,1.7707664966583252
A2-3,7,ood(10C),03-27-17_09.06 10degC_US06_Pan18650PF,3.790122985839844
A2-3,13,ood(10C),03-27-17_09.06 10degC_US06_Pan18650PF,4.003568649291992
A2-3,42,ood(10C),03-27-17_09.06 10degC_US06_Pan18650PF,3.870274782180786
A2-3,101,ood(10C),03-27-17_09.06 10degC_US06_Pan18650PF,3.660397529602051
A2-3,202,ood(10C),03-27-17_09.06 10degC_US06_Pan18650PF,3.293548107147217
A2-3,303,ood(10C),03-27-17_09.06 10degC_US06_Pan18650PF,3.714013814926148
A2-3,404,ood(10C),03-27-17_09.06 10degC_US06_Pan18650PF,3.8491697311401367
A2-3,505,ood(10C),03-27-17_09.06 10degC_US06_Pan18650PF,3.658556461334229
A2-3,606,ood(10C),03-27-17_09.06 10degC_US06_Pan18650PF,3.6204793453216553
A2-3,707,ood(10C),03-27-17_09.06 10degC_US06_Pan18650PF,3.6682536602020255
A2-3,7,ood(10C),03-28-17_12.51 10degC_Cycle_1_Pan18650PF,3.2738804817199707
A2-3,13,ood(10C),03-28-17_12.51 10degC_Cycle_1_Pan18650PF,3.567605495452881
A2-3,42,ood(10C),03-28-17_12.51 10degC_Cycle_1_Pan18650PF,3.473598957061768
A2-3,101,ood(10C),03-28-17_12.51 10degC_Cycle_1_Pan18650PF,3.291261672973633
A2-3,202,ood(10C),03-28-17_12.51 10degC_Cycle_1_Pan18650PF,3.0018811225891118
A2-3,303,ood(10C),03-28-17_12.51 10degC_Cycle_1_Pan18650PF,3.471497774124145
A2-3,404,ood(10C),03-28-17_12.51 10degC_Cycle_1_Pan18650PF,3.4484431743621826
A2-3,505,ood(10C),03-28-17_12.51 10degC_Cycle_1_Pan18650PF,3.300663948059082
A2-3,606,ood(10C),03-28-17_12.51 10degC_Cycle_1_Pan18650PF,3.344583511352539
A2-3,707,ood(10C),03-28-17_12.51 10degC_Cycle_1_Pan18650PF,3.218412160873413
A2-3,7,ood(10C),03-28-17_18.18 10degC_Cycle_2_Pan18650PF,4.286416053771973
A2-3,13,ood(10C),03-28-17_18.18 10degC_Cycle_2_Pan18650PF,4.663157939910889
A2-3,42,ood(10C),03-28-17_18.18 10degC_Cycle_2_Pan18650PF,4.536162376403809
A2-3,101,ood(10C),03-28-17_18.18 10degC_Cycle_2_Pan18650PF,4.387814044952393
A2-3,202,ood(10C),03-28-17_18.18 10degC_Cycle_2_Pan18650PF,4.005393505096436
A2-3,303,ood(10C),03-28-17_18.18 10degC_Cycle_2_Pan18650PF,4.510190963745117
A2-3,404,ood(10C),03-28-17_18.18 10degC_Cycle_2_Pan18650PF,4.513771057128906
A2-3,505,ood(10C),03-28-17_18.18 10degC_Cycle_2_Pan18650PF,4.409128665924072
A2-3,606,ood(10C),03-28-17_18.18 10degC_Cycle_2_Pan18650PF,4.360029220581055
A2-3,707,ood(10C),03-28-17_18.18 10degC_Cycle_2_Pan18650PF,4.354822158813477
A2-3,7,ood(10C),04-05-17_17.04 10degC_Cycle_3_Pan18650PF,4.252882957458496
A2-3,13,ood(10C),04-05-17_17.04 10degC_Cycle_3_Pan18650PF,4.651017189025879
A2-3,42,ood(10C),04-05-17_17.04 10degC_Cycle_3_Pan18650PF,4.5380940437316895
A2-3,101,ood(10C),04-05-17_17.04 10degC_Cycle_3_Pan18650PF,4.335757732391357
A2-3,202,ood(10C),04-05-17_17.04 10degC_Cycle_3_Pan18650PF,3.9931697845458975
A2-3,303,ood(10C),04-05-17_17.04 10degC_Cycle_3_Pan18650PF,4.542309284210205
A2-3,404,ood(10C),04-05-17_17.04 10degC_Cycle_3_Pan18650PF,4.4785919189453125
A2-3,505,ood(10C),04-05-17_17.04 10degC_Cycle_3_Pan18650PF,4.380575180053711
A2-3,606,ood(10C),04-05-17_17.04 10degC_Cycle_3_Pan18650PF,4.37171745300293
A2-3,707,ood(10C),04-05-17_17.04 10degC_Cycle_3_Pan18650PF,4.25369930267334
A2-3,7,ood(10C),04-05-17_22.50 10degC_Cycle_4_Pan18650PF,2.770080089569092
A2-3,13,ood(10C),04-05-17_22.50 10degC_Cycle_4_Pan18650PF,2.958801031112671
A2-3,42,ood(10C),04-05-17_22.50 10degC_Cycle_4_Pan18650PF,2.8411524295806885
A2-3,101,ood(10C),04-05-17_22.50 10degC_Cycle_4_Pan18650PF,2.6401519775390625
A2-3,202,ood(10C),04-05-17_22.50 10degC_Cycle_4_Pan18650PF,2.343768835067749
A2-3,303,ood(10C),04-05-17_22.50 10degC_Cycle_4_Pan18650PF,2.808964729309082
A2-3,404,ood(10C),04-05-17_22.50 10degC_Cycle_4_Pan18650PF,2.822160482406616
A2-3,505,ood(10C),04-05-17_22.50 10degC_Cycle_4_Pan18650PF,2.6896214485168457
A2-3,606,ood(10C),04-05-17_22.50 10degC_Cycle_4_Pan18650PF,2.693608283996582
A2-3,707,ood(10C),04-05-17_22.50 10degC_Cycle_4_Pan18650PF,2.667110681533813
A2-3,7,ood(0C),05-30-17_12.56 0degC_Cycle_1_Pan18650PF,9.709956169128418
A2-3,13,ood(0C),05-30-17_12.56 0degC_Cycle_1_Pan18650PF,9.659294128417969
A2-3,42,ood(0C),05-30-17_12.56 0degC_Cycle_1_Pan18650PF,9.452716827392578
A2-3,101,ood(0C),05-30-17_12.56 0degC_Cycle_1_Pan18650PF,9.334912300109863
A2-3,202,ood(0C),05-30-17_12.56 0degC_Cycle_1_Pan18650PF,8.389460563659668
A2-3,303,ood(0C),05-30-17_12.56 0degC_Cycle_1_Pan18650PF,9.351465225219728
A2-3,404,ood(0C),05-30-17_12.56 0degC_Cycle_1_Pan18650PF,9.349814414978027
A2-3,505,ood(0C),05-30-17_12.56 0degC_Cycle_1_Pan18650PF,9.10359001159668
A2-3,606,ood(0C),05-30-17_12.56 0degC_Cycle_1_Pan18650PF,9.457088470458984
A2-3,707,ood(0C),05-30-17_12.56 0degC_Cycle_1_Pan18650PF,9.144246101379396
A2-3,7,ood(0C),05-30-17_20.16 0degC_Cycle_2_Pan18650PF,9.872403144836426
A2-3,13,ood(0C),05-30-17_20.16 0degC_Cycle_2_Pan18650PF,9.905699729919434
A2-3,42,ood(0C),05-30-17_20.16 0degC_Cycle_2_Pan18650PF,9.715495109558104
A2-3,101,ood(0C),05-30-17_20.16 0degC_Cycle_2_Pan18650PF,9.508196830749512
A2-3,202,ood(0C),05-30-17_20.16 0degC_Cycle_2_Pan18650PF,8.767383575439453
A2-3,303,ood(0C),05-30-17_20.16 0degC_Cycle_2_Pan18650PF,9.655475616455078
A2-3,404,ood(0C),05-30-17_20.16 0degC_Cycle_2_Pan18650PF,9.618629455566406
A2-3,505,ood(0C),05-30-17_20.16 0degC_Cycle_2_Pan18650PF,9.38463020324707
A2-3,606,ood(0C),05-30-17_20.16 0degC_Cycle_2_Pan18650PF,9.627484321594238
A2-3,707,ood(0C),05-30-17_20.16 0degC_Cycle_2_Pan18650PF,9.43188190460205
A2-3,7,ood(0C),06-01-17_10.36 0degC_LA92_Pan18650PF,5.647425651550293
A2-3,13,ood(0C),06-01-17_10.36 0degC_LA92_Pan18650PF,6.132721900939941
A2-3,42,ood(0C),06-01-17_10.36 0degC_LA92_Pan18650PF,6.064754009246826
A2-3,101,ood(0C),06-01-17_10.36 0degC_LA92_Pan18650PF,5.789485454559326
A2-3,202,ood(0C),06-01-17_10.36 0degC_LA92_Pan18650PF,5.410726547241211
A2-3,303,ood(0C),06-01-17_10.36 0degC_LA92_Pan18650PF,5.894604206085205
A2-3,404,ood(0C),06-01-17_10.36 0degC_LA92_Pan18650PF,5.876504421234131
A2-3,505,ood(0C),06-01-17_10.36 0degC_LA92_Pan18650PF,5.780860424041748
A2-3,606,ood(0C),06-01-17_10.36 0degC_LA92_Pan18650PF,5.833270072937012
A2-3,707,ood(0C),06-01-17_10.36 0degC_LA92_Pan18650PF,5.813045501708984
A2-3,7,ood(0C),06-01-17_10.36 0degC_NN_Pan18650PF,4.75541877746582
A2-3,13,ood(0C),06-01-17_10.36 0degC_NN_Pan18650PF,5.062527656555176
A2-3,42,ood(0C),06-01-17_10.36 0degC_NN_Pan18650PF,5.048416614532471
A2-3,101,ood(0C),06-01-17_10.36 0degC_NN_Pan18650PF,4.718201160430908
A2-3,202,ood(0C),06-01-17_10.36 0degC_NN_Pan18650PF,4.353981018066406
A2-3,303,ood(0C),06-01-17_10.36 0degC_NN_Pan18650PF,4.834363460540772
A2-3,404,ood(0C),06-01-17_10.36 0degC_NN_Pan18650PF,4.860802173614502
A2-3,505,ood(0C),06-01-17_10.36 0degC_NN_Pan18650PF,4.654599666595459
A2-3,606,ood(0C),06-01-17_10.36 0degC_NN_Pan18650PF,4.772469997406006
A2-3,707,ood(0C),06-01-17_10.36 0degC_NN_Pan18650PF,4.752509117126465
A2-3,7,ood(0C),06-01-17_15.36 0degC_Cycle_3_Pan18650PF,9.71187973022461
A2-3,13,ood(0C),06-01-17_15.36 0degC_Cycle_3_Pan18650PF,10.42815113067627
A2-3,42,ood(0C),06-01-17_15.36 0degC_Cycle_3_Pan18650PF,10.12037181854248
A2-3,101,ood(0C),06-01-17_15.36 0degC_Cycle_3_Pan18650PF,9.854504585266112
A2-3,202,ood(0C),06-01-17_15.36 0degC_Cycle_3_Pan18650PF,9.05247974395752
A2-3,303,ood(0C),06-01-17_15.36 0degC_Cycle_3_Pan18650PF,10.15446949005127
A2-3,404,ood(0C),06-01-17_15.36 0degC_Cycle_3_Pan18650PF,9.932701110839844
A2-3,505,ood(0C),06-01-17_15.36 0degC_Cycle_3_Pan18650PF,10.115092277526855
A2-3,606,ood(0C),06-01-17_15.36 0degC_Cycle_3_Pan18650PF,9.741819381713867
A2-3,707,ood(0C),06-01-17_15.36 0degC_Cycle_3_Pan18650PF,9.93956470489502
A2-3,7,ood(0C),06-01-17_22.03 0degC_Cycle_4_Pan18650PF,8.035825729370117
A2-3,13,ood(0C),06-01-17_22.03 0degC_Cycle_4_Pan18650PF,8.490623474121094
A2-3,42,ood(0C),06-01-17_22.03 0degC_Cycle_4_Pan18650PF,8.35689926147461
A2-3,101,ood(0C),06-01-17_22.03 0degC_Cycle_4_Pan18650PF,7.997498512268066
A2-3,202,ood(0C),06-01-17_22.03 0degC_Cycle_4_Pan18650PF,7.551399230957031
A2-3,303,ood(0C),06-01-17_22.03 0degC_Cycle_4_Pan18650PF,8.268691062927246
A2-3,404,ood(0C),06-01-17_22.03 0degC_Cycle_4_Pan18650PF,8.292374610900879
A2-3,505,ood(0C),06-01-17_22.03 0degC_Cycle_4_Pan18650PF,7.956193447113037
A2-3,606,ood(0C),06-01-17_22.03 0degC_Cycle_4_Pan18650PF,8.175371170043945
A2-3,707,ood(0C),06-01-17_22.03 0degC_Cycle_4_Pan18650PF,7.949674606323242
A2-3,7,ood(0C),06-02-17_04.58 0degC_US06_Pan18650PF,10.837942123413086
A2-3,13,ood(0C),06-02-17_04.58 0degC_US06_Pan18650PF,11.262982368469238
A2-3,42,ood(0C),06-02-17_04.58 0degC_US06_Pan18650PF,11.033985137939451
A2-3,101,ood(0C),06-02-17_04.58 0degC_US06_Pan18650PF,10.714800834655762
A2-3,202,ood(0C),06-02-17_04.58 0degC_US06_Pan18650PF,9.979181289672852
A2-3,303,ood(0C),06-02-17_04.58 0degC_US06_Pan18650PF,10.736912727355955
A2-3,404,ood(0C),06-02-17_04.58 0degC_US06_Pan18650PF,10.894692420959473
A2-3,505,ood(0C),06-02-17_04.58 0degC_US06_Pan18650PF,10.86181640625
A2-3,606,ood(0C),06-02-17_04.58 0degC_US06_Pan18650PF,10.665579795837402
A2-3,707,ood(0C),06-02-17_04.58 0degC_US06_Pan18650PF,10.847493171691896
A2-3,7,ood(0C),06-02-17_10.43 0degC_HWFET_Pan18650PF,11.335948944091797
A2-3,13,ood(0C),06-02-17_10.43 0degC_HWFET_Pan18650PF,11.733009338378906
A2-3,42,ood(0C),06-02-17_10.43 0degC_HWFET_Pan18650PF,11.431038856506348
A2-3,101,ood(0C),06-02-17_10.43 0degC_HWFET_Pan18650PF,11.05635929107666
A2-3,202,ood(0C),06-02-17_10.43 0degC_HWFET_Pan18650PF,10.384666442871094
A2-3,303,ood(0C),06-02-17_10.43 0degC_HWFET_Pan18650PF,11.428223609924316
A2-3,404,ood(0C),06-02-17_10.43 0degC_HWFET_Pan18650PF,11.535676956176758
A2-3,505,ood(0C),06-02-17_10.43 0degC_HWFET_Pan18650PF,11.162453651428224
A2-3,606,ood(0C),06-02-17_10.43 0degC_HWFET_Pan18650PF,11.19737434387207
A2-3,707,ood(0C),06-02-17_10.43 0degC_HWFET_Pan18650PF,11.023280143737791
A2-3,7,ood(0C),06-02-17_17.14 0degC_UDDS_Pan18650PF,7.779473781585693
A2-3,13,ood(0C),06-02-17_17.14 0degC_UDDS_Pan18650PF,8.410029411315918
A2-3,42,ood(0C),06-02-17_17.14 0degC_UDDS_Pan18650PF,8.246368408203125
A2-3,101,ood(0C),06-02-17_17.14 0degC_UDDS_Pan18650PF,7.951557159423828
A2-3,202,ood(0C),06-02-17_17.14 0degC_UDDS_Pan18650PF,7.420910358428955
A2-3,303,ood(0C),06-02-17_17.14 0degC_UDDS_Pan18650PF,8.293850898742676
A2-3,404,ood(0C),06-02-17_17.14 0degC_UDDS_Pan18650PF,8.114592552185059
A2-3,505,ood(0C),06-02-17_17.14 0degC_UDDS_Pan18650PF,8.024998664855957
A2-3,606,ood(0C),06-02-17_17.14 0degC_UDDS_Pan18650PF,8.054598808288574
A2-3,707,ood(0C),06-02-17_17.14 0degC_UDDS_Pan18650PF,7.926050186157227
A2-3,7,ood(-10C),06-07-17_08.39 n10degC_HWFET_Pan18650PF,6.533112049102783
A2-3,13,ood(-10C),06-07-17_08.39 n10degC_HWFET_Pan18650PF,6.921972274780273
A2-3,42,ood(-10C),06-07-17_08.39 n10degC_HWFET_Pan18650PF,6.74303150177002
A2-3,101,ood(-10C),06-07-17_08.39 n10degC_HWFET_Pan18650PF,6.392185211181641
A2-3,202,ood(-10C),06-07-17_08.39 n10degC_HWFET_Pan18650PF,5.858026027679443
A2-3,303,ood(-10C),06-07-17_08.39 n10degC_HWFET_Pan18650PF,6.492325782775879
A2-3,404,ood(-10C),06-07-17_08.39 n10degC_HWFET_Pan18650PF,6.641736030578613
A2-3,505,ood(-10C),06-07-17_08.39 n10degC_HWFET_Pan18650PF,6.326253414154053
A2-3,606,ood(-10C),06-07-17_08.39 n10degC_HWFET_Pan18650PF,6.426282405853272
A2-3,707,ood(-10C),06-07-17_08.39 n10degC_HWFET_Pan18650PF,6.45613956451416
A2-3,7,ood(-10C),06-07-17_08.39 n10degC_LA92_Pan18650PF,7.0816144943237305
A2-3,13,ood(-10C),06-07-17_08.39 n10degC_LA92_Pan18650PF,7.680136203765869
A2-3,42,ood(-10C),06-07-17_08.39 n10degC_LA92_Pan18650PF,7.504371643066406
A2-3,101,ood(-10C),06-07-17_08.39 n10degC_LA92_Pan18650PF,7.189352512359619
A2-3,202,ood(-10C),06-07-17_08.39 n10degC_LA92_Pan18650PF,6.6563005447387695
A2-3,303,ood(-10C),06-07-17_08.39 n10degC_LA92_Pan18650PF,7.299830436706543
A2-3,404,ood(-10C),06-07-17_08.39 n10degC_LA92_Pan18650PF,7.277257919311523
A2-3,505,ood(-10C),06-07-17_08.39 n10degC_LA92_Pan18650PF,7.1915669441223145
A2-3,606,ood(-10C),06-07-17_08.39 n10degC_LA92_Pan18650PF,7.14836311340332
A2-3,707,ood(-10C),06-07-17_08.39 n10degC_LA92_Pan18650PF,7.346371173858643
A2-3,7,ood(-10C),06-07-17_08.39 n10degC_UDDS_Pan18650PF,8.520352363586426
A2-3,13,ood(-10C),06-07-17_08.39 n10degC_UDDS_Pan18650PF,9.268041610717772
A2-3,42,ood(-10C),06-07-17_08.39 n10degC_UDDS_Pan18650PF,9.016149520874023
A2-3,101,ood(-10C),06-07-17_08.39 n10degC_UDDS_Pan18650PF,8.723514556884766
A2-3,202,ood(-10C),06-07-17_08.39 n10degC_UDDS_Pan18650PF,8.143986701965332
A2-3,303,ood(-10C),06-07-17_08.39 n10degC_UDDS_Pan18650PF,8.961212158203125
A2-3,404,ood(-10C),06-07-17_08.39 n10degC_UDDS_Pan18650PF,8.80657958984375
A2-3,505,ood(-10C),06-07-17_08.39 n10degC_UDDS_Pan18650PF,8.824481010437012
A2-3,606,ood(-10C),06-07-17_08.39 n10degC_UDDS_Pan18650PF,8.717668533325195
A2-3,707,ood(-10C),06-07-17_08.39 n10degC_UDDS_Pan18650PF,8.880804061889648
A2-3,7,ood(-10C),06-07-17_08.39 n10degC_US06_Pan18650PF,4.164860725402832
A2-3,13,ood(-10C),06-07-17_08.39 n10degC_US06_Pan18650PF,4.540684223175049
A2-3,42,ood(-10C),06-07-17_08.39 n10degC_US06_Pan18650PF,4.560537338256836
A2-3,101,ood(-10C),06-07-17_08.39 n10degC_US06_Pan18650PF,4.121724605560303
A2-3,202,ood(-10C),06-07-17_08.39 n10degC_US06_Pan18650PF,3.694181919097901
A2-3,303,ood(-10C),06-07-17_08.39 n10degC_US06_Pan18650PF,4.041362285614014
A2-3,404,ood(-10C),06-07-17_08.39 n10degC_US06_Pan18650PF,4.200708389282227
A2-3,505,ood(-10C),06-07-17_08.39 n10degC_US06_Pan18650PF,3.990492343902588
A2-3,606,ood(-10C),06-07-17_08.39 n10degC_US06_Pan18650PF,4.06040620803833
A2-3,707,ood(-10C),06-07-17_08.39 n10degC_US06_Pan18650PF,4.350866794586182
A2-3,7,ood(-10C),06-10-17_11.25 n10degC_Cycle_1_Pan18650PF,11.453857421875
A2-3,13,ood(-10C),06-10-17_11.25 n10degC_Cycle_1_Pan18650PF,12.22852897644043
A2-3,42,ood(-10C),06-10-17_11.25 n10degC_Cycle_1_Pan18650PF,11.928182601928713
A2-3,101,ood(-10C),06-10-17_11.25 n10degC_Cycle_1_Pan18650PF,11.511005401611328
A2-3,202,ood(-10C),06-10-17_11.25 n10degC_Cycle_1_Pan18650PF,10.582984924316406
A2-3,303,ood(-10C),06-10-17_11.25 n10degC_Cycle_1_Pan18650PF,11.76894474029541
A2-3,404,ood(-10C),06-10-17_11.25 n10degC_Cycle_1_Pan18650PF,11.723259925842283
A2-3,505,ood(-10C),06-10-17_11.25 n10degC_Cycle_1_Pan18650PF,11.546632766723633
A2-3,606,ood(-10C),06-10-17_11.25 n10degC_Cycle_1_Pan18650PF,11.481321334838867
A2-3,707,ood(-10C),06-10-17_11.25 n10degC_Cycle_1_Pan18650PF,11.615838050842283
A2-3,7,ood(-10C),06-10-17_18.35 n10degC_Cycle_2_Pan18650PF,16.844566345214844
A2-3,13,ood(-10C),06-10-17_18.35 n10degC_Cycle_2_Pan18650PF,17.664527893066406
A2-3,42,ood(-10C),06-10-17_18.35 n10degC_Cycle_2_Pan18650PF,17.3270263671875
A2-3,101,ood(-10C),06-10-17_18.35 n10degC_Cycle_2_Pan18650PF,16.943437576293945
A2-3,202,ood(-10C),06-10-17_18.35 n10degC_Cycle_2_Pan18650PF,16.10950469970703
A2-3,303,ood(-10C),06-10-17_18.35 n10degC_Cycle_2_Pan18650PF,17.28614044189453
A2-3,404,ood(-10C),06-10-17_18.35 n10degC_Cycle_2_Pan18650PF,17.113216400146484
A2-3,505,ood(-10C),06-10-17_18.35 n10degC_Cycle_2_Pan18650PF,17.10439682006836
A2-3,606,ood(-10C),06-10-17_18.35 n10degC_Cycle_2_Pan18650PF,16.858314514160156
A2-3,707,ood(-10C),06-10-17_18.35 n10degC_Cycle_2_Pan18650PF,17.116605758666992
A2-3,7,ood(-10C),06-11-17_01.39 n10degC_Cycle_3_Pan18650PF,17.127267837524414
A2-3,13,ood(-10C),06-11-17_01.39 n10degC_Cycle_3_Pan18650PF,18.13382148742676
A2-3,42,ood(-10C),06-11-17_01.39 n10degC_Cycle_3_Pan18650PF,17.705488204956055
A2-3,101,ood(-10C),06-11-17_01.39 n10degC_Cycle_3_Pan18650PF,17.344322204589844
A2-3,202,ood(-10C),06-11-17_01.39 n10degC_Cycle_3_Pan18650PF,16.32308006286621
A2-3,303,ood(-10C),06-11-17_01.39 n10degC_Cycle_3_Pan18650PF,17.673702239990234
A2-3,404,ood(-10C),06-11-17_01.39 n10degC_Cycle_3_Pan18650PF,17.41128158569336
A2-3,505,ood(-10C),06-11-17_01.39 n10degC_Cycle_3_Pan18650PF,17.58441162109375
A2-3,606,ood(-10C),06-11-17_01.39 n10degC_Cycle_3_Pan18650PF,17.209365844726562
A2-3,707,ood(-10C),06-11-17_01.39 n10degC_Cycle_3_Pan18650PF,17.52887535095215
A2-3,7,ood(-10C),06-11-17_08.42 n10degC_Cycle_4_Pan18650PF,10.496108055114746
A2-3,13,ood(-10C),06-11-17_08.42 n10degC_Cycle_4_Pan18650PF,11.199880599975586
A2-3,42,ood(-10C),06-11-17_08.42 n10degC_Cycle_4_Pan18650PF,10.89055347442627
A2-3,101,ood(-10C),06-11-17_08.42 n10degC_Cycle_4_Pan18650PF,10.557769775390623
A2-3,202,ood(-10C),06-11-17_08.42 n10degC_Cycle_4_Pan18650PF,9.939720153808594
A2-3,303,ood(-10C),06-11-17_08.42 n10degC_Cycle_4_Pan18650PF,10.753374099731444
A2-3,404,ood(-10C),06-11-17_08.42 n10degC_Cycle_4_Pan18650PF,10.739945411682127
A2-3,505,ood(-10C),06-11-17_08.42 n10degC_Cycle_4_Pan18650PF,10.640995025634766
A2-3,606,ood(-10C),06-11-17_08.42 n10degC_Cycle_4_Pan18650PF,10.58882999420166
A2-3,707,ood(-10C),06-11-17_08.42 n10degC_Cycle_4_Pan18650PF,10.785099029541016
A2-3,7,ood(-10C),06-14-17_13.12 n10degC_NN_Pan18650PF,16.354782104492188
A2-3,13,ood(-10C),06-14-17_13.12 n10degC_NN_Pan18650PF,17.138303756713867
A2-3,42,ood(-10C),06-14-17_13.12 n10degC_NN_Pan18650PF,16.847518920898438
A2-3,101,ood(-10C),06-14-17_13.12 n10degC_NN_Pan18650PF,16.437047958374023
A2-3,202,ood(-10C),06-14-17_13.12 n10degC_NN_Pan18650PF,15.569296836853027
A2-3,303,ood(-10C),06-14-17_13.12 n10degC_NN_Pan18650PF,16.747154235839844
A2-3,404,ood(-10C),06-14-17_13.12 n10degC_NN_Pan18650PF,16.592243194580078
A2-3,505,ood(-10C),06-14-17_13.12 n10degC_NN_Pan18650PF,16.480846405029297
A2-3,606,ood(-10C),06-14-17_13.12 n10degC_NN_Pan18650PF,16.402393341064453
A2-3,707,ood(-10C),06-14-17_13.12 n10degC_NN_Pan18650PF,16.63617515563965
A2-3,7,ood(-20C),06-23-17_23.35 n20degC_HWFET_Pan18650PF,4.311870574951172
A2-3,13,ood(-20C),06-23-17_23.35 n20degC_HWFET_Pan18650PF,5.031670570373535
A2-3,42,ood(-20C),06-23-17_23.35 n20degC_HWFET_Pan18650PF,4.831234455108643
A2-3,101,ood(-20C),06-23-17_23.35 n20degC_HWFET_Pan18650PF,4.349263668060303
A2-3,202,ood(-20C),06-23-17_23.35 n20degC_HWFET_Pan18650PF,3.730724334716797
A2-3,303,ood(-20C),06-23-17_23.35 n20degC_HWFET_Pan18650PF,4.319202899932861
A2-3,404,ood(-20C),06-23-17_23.35 n20degC_HWFET_Pan18650PF,4.45562744140625
A2-3,505,ood(-20C),06-23-17_23.35 n20degC_HWFET_Pan18650PF,4.2236199378967285
A2-3,606,ood(-20C),06-23-17_23.35 n20degC_HWFET_Pan18650PF,4.238999843597412
A2-3,707,ood(-20C),06-23-17_23.35 n20degC_HWFET_Pan18650PF,4.583085536956787
A2-3,7,ood(-20C),06-23-17_23.35 n20degC_LA92_Pan18650PF,5.138709545135498
A2-3,13,ood(-20C),06-23-17_23.35 n20degC_LA92_Pan18650PF,5.969521045684815
A2-3,42,ood(-20C),06-23-17_23.35 n20degC_LA92_Pan18650PF,5.708538055419922
A2-3,101,ood(-20C),06-23-17_23.35 n20degC_LA92_Pan18650PF,5.306555271148682
A2-3,202,ood(-20C),06-23-17_23.35 n20degC_LA92_Pan18650PF,4.632854461669922
A2-3,303,ood(-20C),06-23-17_23.35 n20degC_LA92_Pan18650PF,5.311179161071777
A2-3,404,ood(-20C),06-23-17_23.35 n20degC_LA92_Pan18650PF,5.30253791809082
A2-3,505,ood(-20C),06-23-17_23.35 n20degC_LA92_Pan18650PF,5.259297847747803
A2-3,606,ood(-20C),06-23-17_23.35 n20degC_LA92_Pan18650PF,5.160105228424072
A2-3,707,ood(-20C),06-23-17_23.35 n20degC_LA92_Pan18650PF,5.648100852966309
A2-3,7,ood(-20C),06-23-17_23.35 n20degC_NN_Pan18650PF,3.941882371902466
A2-3,13,ood(-20C),06-23-17_23.35 n20degC_NN_Pan18650PF,4.624072074890137
A2-3,42,ood(-20C),06-23-17_23.35 n20degC_NN_Pan18650PF,4.466267108917236
A2-3,101,ood(-20C),06-23-17_23.35 n20degC_NN_Pan18650PF,4.039421081542969
A2-3,202,ood(-20C),06-23-17_23.35 n20degC_NN_Pan18650PF,3.5125863552093506
A2-3,303,ood(-20C),06-23-17_23.35 n20degC_NN_Pan18650PF,4.08565092086792
A2-3,404,ood(-20C),06-23-17_23.35 n20degC_NN_Pan18650PF,4.017900466918945
A2-3,505,ood(-20C),06-23-17_23.35 n20degC_NN_Pan18650PF,3.934410095214844
A2-3,606,ood(-20C),06-23-17_23.35 n20degC_NN_Pan18650PF,3.928754329681397
A2-3,707,ood(-20C),06-23-17_23.35 n20degC_NN_Pan18650PF,4.304560661315918
A2-3,7,ood(-20C),06-23-17_23.35 n20degC_UDDS_Pan18650PF,8.97247314453125
A2-3,13,ood(-20C),06-23-17_23.35 n20degC_UDDS_Pan18650PF,9.995438575744627
A2-3,42,ood(-20C),06-23-17_23.35 n20degC_UDDS_Pan18650PF,9.654695510864258
A2-3,101,ood(-20C),06-23-17_23.35 n20degC_UDDS_Pan18650PF,9.305279731750488
A2-3,202,ood(-20C),06-23-17_23.35 n20degC_UDDS_Pan18650PF,8.48490047454834
A2-3,303,ood(-20C),06-23-17_23.35 n20degC_UDDS_Pan18650PF,9.371407508850098
A2-3,404,ood(-20C),06-23-17_23.35 n20degC_UDDS_Pan18650PF,9.275005340576172
A2-3,505,ood(-20C),06-23-17_23.35 n20degC_UDDS_Pan18650PF,9.34864902496338
A2-3,606,ood(-20C),06-23-17_23.35 n20degC_UDDS_Pan18650PF,9.136951446533203
A2-3,707,ood(-20C),06-23-17_23.35 n20degC_UDDS_Pan18650PF,9.668434143066406
A2-3,7,ood(-20C),06-24-17_04.29 n20degC_Cycle_1_Pan18650PF,22.012449264526367
A2-3,13,ood(-20C),06-24-17_04.29 n20degC_Cycle_1_Pan18650PF,23.25633811950684
A2-3,42,ood(-20C),06-24-17_04.29 n20degC_Cycle_1_Pan18650PF,22.75785446166992
A2-3,101,ood(-20C),06-24-17_04.29 n20degC_Cycle_1_Pan18650PF,22.27664566040039
A2-3,202,ood(-20C),06-24-17_04.29 n20degC_Cycle_1_Pan18650PF,20.933448791503903
A2-3,303,ood(-20C),06-24-17_04.29 n20degC_Cycle_1_Pan18650PF,22.45861053466797
A2-3,404,ood(-20C),06-24-17_04.29 n20degC_Cycle_1_Pan18650PF,22.326902389526367
A2-3,505,ood(-20C),06-24-17_04.29 n20degC_Cycle_1_Pan18650PF,22.348398208618164
A2-3,606,ood(-20C),06-24-17_04.29 n20degC_Cycle_1_Pan18650PF,22.02096176147461
A2-3,707,ood(-20C),06-24-17_04.29 n20degC_Cycle_1_Pan18650PF,22.674530029296875
A2-3,7,ood(-20C),06-24-17_11.58 n20degC_Cycle_2_Pan18650PF,21.208202362060547
A2-3,13,ood(-20C),06-24-17_11.58 n20degC_Cycle_2_Pan18650PF,22.30280303955078
A2-3,42,ood(-20C),06-24-17_11.58 n20degC_Cycle_2_Pan18650PF,21.80514335632324
A2-3,101,ood(-20C),06-24-17_11.58 n20degC_Cycle_2_Pan18650PF,21.40736198425293
A2-3,202,ood(-20C),06-24-17_11.58 n20degC_Cycle_2_Pan18650PF,20.187088012695312
A2-3,303,ood(-20C),06-24-17_11.58 n20degC_Cycle_2_Pan18650PF,21.59471321105957
A2-3,404,ood(-20C),06-24-17_11.58 n20degC_Cycle_2_Pan18650PF,21.4600772857666
A2-3,505,ood(-20C),06-24-17_11.58 n20degC_Cycle_2_Pan18650PF,21.410106658935547
A2-3,606,ood(-20C),06-24-17_11.58 n20degC_Cycle_2_Pan18650PF,21.2056827545166
A2-3,707,ood(-20C),06-24-17_11.58 n20degC_Cycle_2_Pan18650PF,21.83146476745605
A2-3,7,ood(-20C),06-24-17_19.29 n20degC_Cycle_3_Pan18650PF,21.443927764892575
A2-3,13,ood(-20C),06-24-17_19.29 n20degC_Cycle_3_Pan18650PF,22.67926406860352
A2-3,42,ood(-20C),06-24-17_19.29 n20degC_Cycle_3_Pan18650PF,22.064950942993164
A2-3,101,ood(-20C),06-24-17_19.29 n20degC_Cycle_3_Pan18650PF,21.74972152709961
A2-3,202,ood(-20C),06-24-17_19.29 n20degC_Cycle_3_Pan18650PF,20.44464492797852
A2-3,303,ood(-20C),06-24-17_19.29 n20degC_Cycle_3_Pan18650PF,21.936433792114254
A2-3,404,ood(-20C),06-24-17_19.29 n20degC_Cycle_3_Pan18650PF,21.64888572692871
A2-3,505,ood(-20C),06-24-17_19.29 n20degC_Cycle_3_Pan18650PF,21.842241287231445
A2-3,606,ood(-20C),06-24-17_19.29 n20degC_Cycle_3_Pan18650PF,21.410837173461918
A2-3,707,ood(-20C),06-24-17_19.29 n20degC_Cycle_3_Pan18650PF,22.24283218383789
A2-3,7,ood(-20C),06-25-17_03.01 n20degC_Cycle_4_Pan18650PF,17.794464111328125
A2-3,13,ood(-20C),06-25-17_03.01 n20degC_Cycle_4_Pan18650PF,18.846384048461918
A2-3,42,ood(-20C),06-25-17_03.01 n20degC_Cycle_4_Pan18650PF,18.40119361877441
A2-3,101,ood(-20C),06-25-17_03.01 n20degC_Cycle_4_Pan18650PF,17.95307731628418
A2-3,202,ood(-20C),06-25-17_03.01 n20degC_Cycle_4_Pan18650PF,16.83200454711914
A2-3,303,ood(-20C),06-25-17_03.01 n20degC_Cycle_4_Pan18650PF,18.08242416381836
A2-3,404,ood(-20C),06-25-17_03.01 n20degC_Cycle_4_Pan18650PF,18.16206359863281
A2-3,505,ood(-20C),06-25-17_03.01 n20degC_Cycle_4_Pan18650PF,17.9178466796875
A2-3,606,ood(-20C),06-25-17_03.01 n20degC_Cycle_4_Pan18650PF,17.866716384887695
A2-3,707,ood(-20C),06-25-17_03.01 n20degC_Cycle_4_Pan18650PF,18.33917808532715
A2-3,7,ood(-20C),06-25-17_10.31 n20degC_US06_Pan18650PF,22.22442626953125
A2-3,13,ood(-20C),06-25-17_10.31 n20degC_US06_Pan18650PF,23.02667999267578
A2-3,42,ood(-20C),06-25-17_10.31 n20degC_US06_Pan18650PF,22.666133880615234
A2-3,101,ood(-20C),06-25-17_10.31 n20degC_US06_Pan18650PF,22.132055282592773
A2-3,202,ood(-20C),06-25-17_10.31 n20degC_US06_Pan18650PF,21.01913070678711
A2-3,303,ood(-20C),06-25-17_10.31 n20degC_US06_Pan18650PF,22.2290096282959
A2-3,404,ood(-20C),06-25-17_10.31 n20degC_US06_Pan18650PF,22.261642456054688
A2-3,505,ood(-20C),06-25-17_10.31 n20degC_US06_Pan18650PF,22.23299217224121
A2-3,606,ood(-20C),06-25-17_10.31 n20degC_US06_Pan18650PF,22.13642120361328
A2-3,707,ood(-20C),06-25-17_10.31 n20degC_US06_Pan18650PF,22.472278594970703
A2-4,7,test_id(25C),03-18-17_02.17 25degC_Cycle_1_Pan18650PF,0.7203330397605896
A2-4,13,test_id(25C),03-18-17_02.17 25degC_Cycle_1_Pan18650PF,0.8501641154289246
A2-4,42,test_id(25C),03-18-17_02.17 25degC_Cycle_1_Pan18650PF,0.7463865876197815
A2-4,101,test_id(25C),03-18-17_02.17 25degC_Cycle_1_Pan18650PF,0.7173404693603516
A2-4,202,test_id(25C),03-18-17_02.17 25degC_Cycle_1_Pan18650PF,0.7177180051803589
A2-4,303,test_id(25C),03-18-17_02.17 25degC_Cycle_1_Pan18650PF,0.7377075552940369
A2-4,404,test_id(25C),03-18-17_02.17 25degC_Cycle_1_Pan18650PF,0.6881982684135437
A2-4,505,test_id(25C),03-18-17_02.17 25degC_Cycle_1_Pan18650PF,0.7431318759918213
A2-4,606,test_id(25C),03-18-17_02.17 25degC_Cycle_1_Pan18650PF,0.69111168384552
A2-4,707,test_id(25C),03-18-17_02.17 25degC_Cycle_1_Pan18650PF,0.698990523815155
A2-4,7,test_id(25C),03-19-17_03.25 25degC_Cycle_2_Pan18650PF,0.6840012073516846
A2-4,13,test_id(25C),03-19-17_03.25 25degC_Cycle_2_Pan18650PF,0.8101624846458435
A2-4,42,test_id(25C),03-19-17_03.25 25degC_Cycle_2_Pan18650PF,0.6513839364051819
A2-4,101,test_id(25C),03-19-17_03.25 25degC_Cycle_2_Pan18650PF,0.6337569952011108
A2-4,202,test_id(25C),03-19-17_03.25 25degC_Cycle_2_Pan18650PF,0.7332242727279663
A2-4,303,test_id(25C),03-19-17_03.25 25degC_Cycle_2_Pan18650PF,0.6135368943214417
A2-4,404,test_id(25C),03-19-17_03.25 25degC_Cycle_2_Pan18650PF,0.6601558923721313
A2-4,505,test_id(25C),03-19-17_03.25 25degC_Cycle_2_Pan18650PF,0.6519928574562073
A2-4,606,test_id(25C),03-19-17_03.25 25degC_Cycle_2_Pan18650PF,0.6135485768318176
A2-4,707,test_id(25C),03-19-17_03.25 25degC_Cycle_2_Pan18650PF,0.6406233906745911
A2-4,7,test_id(25C),03-19-17_09.07 25degC_Cycle_3_Pan18650PF,0.4074115753173828
A2-4,13,test_id(25C),03-19-17_09.07 25degC_Cycle_3_Pan18650PF,0.5628376603126526
A2-4,42,test_id(25C),03-19-17_09.07 25degC_Cycle_3_Pan18650PF,0.4152402579784393
A2-4,101,test_id(25C),03-19-17_09.07 25degC_Cycle_3_Pan18650PF,0.3757005929946899
A2-4,202,test_id(25C),03-19-17_09.07 25degC_Cycle_3_Pan18650PF,0.4225701689720154
A2-4,303,test_id(25C),03-19-17_09.07 25degC_Cycle_3_Pan18650PF,0.3232897222042084
A2-4,404,test_id(25C),03-19-17_09.07 25degC_Cycle_3_Pan18650PF,0.4192314147949219
A2-4,505,test_id(25C),03-19-17_09.07 25degC_Cycle_3_Pan18650PF,0.399779736995697
A2-4,606,test_id(25C),03-19-17_09.07 25degC_Cycle_3_Pan18650PF,0.3839532136917114
A2-4,707,test_id(25C),03-19-17_09.07 25degC_Cycle_3_Pan18650PF,0.3969431817531585
A2-4,7,test_id(25C),03-19-17_14.31 25degC_Cycle_4_Pan18650PF,0.6261239647865295
A2-4,13,test_id(25C),03-19-17_14.31 25degC_Cycle_4_Pan18650PF,0.9229430556297302
A2-4,42,test_id(25C),03-19-17_14.31 25degC_Cycle_4_Pan18650PF,0.7730100154876709
A2-4,101,test_id(25C),03-19-17_14.31 25degC_Cycle_4_Pan18650PF,0.742906391620636
A2-4,202,test_id(25C),03-19-17_14.31 25degC_Cycle_4_Pan18650PF,0.9739025235176086
A2-4,303,test_id(25C),03-19-17_14.31 25degC_Cycle_4_Pan18650PF,0.6833932399749756
A2-4,404,test_id(25C),03-19-17_14.31 25degC_Cycle_4_Pan18650PF,0.8271918892860413
A2-4,505,test_id(25C),03-19-17_14.31 25degC_Cycle_4_Pan18650PF,0.7686042785644531
A2-4,606,test_id(25C),03-19-17_14.31 25degC_Cycle_4_Pan18650PF,0.719342052936554
A2-4,707,test_id(25C),03-19-17_14.31 25degC_Cycle_4_Pan18650PF,0.6749647259712219
A2-4,7,ood(10C),03-27-17_09.06 10degC_HWFET_Pan18650PF,3.114415168762207
A2-4,13,ood(10C),03-27-17_09.06 10degC_HWFET_Pan18650PF,3.151762008666992
A2-4,42,ood(10C),03-27-17_09.06 10degC_HWFET_Pan18650PF,3.126131772994995
A2-4,101,ood(10C),03-27-17_09.06 10degC_HWFET_Pan18650PF,2.833827495574951
A2-4,202,ood(10C),03-27-17_09.06 10degC_HWFET_Pan18650PF,2.925539255142212
A2-4,303,ood(10C),03-27-17_09.06 10degC_HWFET_Pan18650PF,2.52103853225708
A2-4,404,ood(10C),03-27-17_09.06 10degC_HWFET_Pan18650PF,3.0016653537750244
A2-4,505,ood(10C),03-27-17_09.06 10degC_HWFET_Pan18650PF,2.8970417976379395
A2-4,606,ood(10C),03-27-17_09.06 10degC_HWFET_Pan18650PF,2.922722101211548
A2-4,707,ood(10C),03-27-17_09.06 10degC_HWFET_Pan18650PF,3.246453285217285
A2-4,7,ood(10C),03-27-17_09.06 10degC_LA92_Pan18650PF,3.366417646408081
A2-4,13,ood(10C),03-27-17_09.06 10degC_LA92_Pan18650PF,2.767441272735596
A2-4,42,ood(10C),03-27-17_09.06 10degC_LA92_Pan18650PF,3.341082811355591
A2-4,101,ood(10C),03-27-17_09.06 10degC_LA92_Pan18650PF,3.179595947265625
A2-4,202,ood(10C),03-27-17_09.06 10degC_LA92_Pan18650PF,3.066908836364746
A2-4,303,ood(10C),03-27-17_09.06 10degC_LA92_Pan18650PF,2.9759092330932617
A2-4,404,ood(10C),03-27-17_09.06 10degC_LA92_Pan18650PF,3.171381711959839
A2-4,505,ood(10C),03-27-17_09.06 10degC_LA92_Pan18650PF,3.1689529418945312
A2-4,606,ood(10C),03-27-17_09.06 10degC_LA92_Pan18650PF,3.2271437644958496
A2-4,707,ood(10C),03-27-17_09.06 10degC_LA92_Pan18650PF,3.4913907051086426
A2-4,7,ood(10C),03-27-17_09.06 10degC_NN_Pan18650PF,2.74578857421875
A2-4,13,ood(10C),03-27-17_09.06 10degC_NN_Pan18650PF,2.278384208679199
A2-4,42,ood(10C),03-27-17_09.06 10degC_NN_Pan18650PF,2.744279384613037
A2-4,101,ood(10C),03-27-17_09.06 10degC_NN_Pan18650PF,2.456393003463745
A2-4,202,ood(10C),03-27-17_09.06 10degC_NN_Pan18650PF,2.529239654541016
A2-4,303,ood(10C),03-27-17_09.06 10degC_NN_Pan18650PF,2.306328773498535
A2-4,404,ood(10C),03-27-17_09.06 10degC_NN_Pan18650PF,2.643863677978516
A2-4,505,ood(10C),03-27-17_09.06 10degC_NN_Pan18650PF,2.4895575046539307
A2-4,606,ood(10C),03-27-17_09.06 10degC_NN_Pan18650PF,2.5997474193573
A2-4,707,ood(10C),03-27-17_09.06 10degC_NN_Pan18650PF,2.843653440475464
A2-4,7,ood(10C),03-27-17_09.06 10degC_UDDS_Pan18650PF,2.267389297485352
A2-4,13,ood(10C),03-27-17_09.06 10degC_UDDS_Pan18650PF,1.7554519176483154
A2-4,42,ood(10C),03-27-17_09.06 10degC_UDDS_Pan18650PF,2.2364072799682617
A2-4,101,ood(10C),03-27-17_09.06 10degC_UDDS_Pan18650PF,1.9818319082260127
A2-4,202,ood(10C),03-27-17_09.06 10degC_UDDS_Pan18650PF,1.94768488407135
A2-4,303,ood(10C),03-27-17_09.06 10degC_UDDS_Pan18650PF,1.7767997980117798
A2-4,404,ood(10C),03-27-17_09.06 10degC_UDDS_Pan18650PF,2.071983814239502
A2-4,505,ood(10C),03-27-17_09.06 10degC_UDDS_Pan18650PF,1.8798633813858032
A2-4,606,ood(10C),03-27-17_09.06 10degC_UDDS_Pan18650PF,2.1199610233306885
A2-4,707,ood(10C),03-27-17_09.06 10degC_UDDS_Pan18650PF,2.41456937789917
A2-4,7,ood(10C),03-27-17_09.06 10degC_US06_Pan18650PF,3.9344444274902335
A2-4,13,ood(10C),03-27-17_09.06 10degC_US06_Pan18650PF,3.3292810916900635
A2-4,42,ood(10C),03-27-17_09.06 10degC_US06_Pan18650PF,3.953548669815064
A2-4,101,ood(10C),03-27-17_09.06 10degC_US06_Pan18650PF,3.63512110710144
A2-4,202,ood(10C),03-27-17_09.06 10degC_US06_Pan18650PF,3.7751760482788086
A2-4,303,ood(10C),03-27-17_09.06 10degC_US06_Pan18650PF,3.4942259788513184
A2-4,404,ood(10C),03-27-17_09.06 10degC_US06_Pan18650PF,3.915104150772095
A2-4,505,ood(10C),03-27-17_09.06 10degC_US06_Pan18650PF,3.81519627571106
A2-4,606,ood(10C),03-27-17_09.06 10degC_US06_Pan18650PF,3.71996808052063
A2-4,707,ood(10C),03-27-17_09.06 10degC_US06_Pan18650PF,3.926401853561402
A2-4,7,ood(10C),03-28-17_12.51 10degC_Cycle_1_Pan18650PF,3.6479179859161377
A2-4,13,ood(10C),03-28-17_12.51 10degC_Cycle_1_Pan18650PF,2.999950170516968
A2-4,42,ood(10C),03-28-17_12.51 10degC_Cycle_1_Pan18650PF,3.675832271575928
A2-4,101,ood(10C),03-28-17_12.51 10degC_Cycle_1_Pan18650PF,3.393653154373169
A2-4,202,ood(10C),03-28-17_12.51 10degC_Cycle_1_Pan18650PF,3.337318420410156
A2-4,303,ood(10C),03-28-17_12.51 10degC_Cycle_1_Pan18650PF,3.2498512268066406
A2-4,404,ood(10C),03-28-17_12.51 10degC_Cycle_1_Pan18650PF,3.447871446609497
A2-4,505,ood(10C),03-28-17_12.51 10degC_Cycle_1_Pan18650PF,3.401707649230957
A2-4,606,ood(10C),03-28-17_12.51 10degC_Cycle_1_Pan18650PF,3.5042529106140137
A2-4,707,ood(10C),03-28-17_12.51 10degC_Cycle_1_Pan18650PF,3.7287912368774414
A2-4,7,ood(10C),03-28-17_18.18 10degC_Cycle_2_Pan18650PF,4.689426422119141
A2-4,13,ood(10C),03-28-17_18.18 10degC_Cycle_2_Pan18650PF,4.141679286956787
A2-4,42,ood(10C),03-28-17_18.18 10degC_Cycle_2_Pan18650PF,4.704627513885498
A2-4,101,ood(10C),03-28-17_18.18 10degC_Cycle_2_Pan18650PF,4.437833309173584
A2-4,202,ood(10C),03-28-17_18.18 10degC_Cycle_2_Pan18650PF,4.3366312980651855
A2-4,303,ood(10C),03-28-17_18.18 10degC_Cycle_2_Pan18650PF,4.36011266708374
A2-4,404,ood(10C),03-28-17_18.18 10degC_Cycle_2_Pan18650PF,4.473270416259766
A2-4,505,ood(10C),03-28-17_18.18 10degC_Cycle_2_Pan18650PF,4.4957194328308105
A2-4,606,ood(10C),03-28-17_18.18 10degC_Cycle_2_Pan18650PF,4.554245471954346
A2-4,707,ood(10C),03-28-17_18.18 10degC_Cycle_2_Pan18650PF,4.770885944366455
A2-4,7,ood(10C),04-05-17_17.04 10degC_Cycle_3_Pan18650PF,4.682845592498779
A2-4,13,ood(10C),04-05-17_17.04 10degC_Cycle_3_Pan18650PF,4.130105018615723
A2-4,42,ood(10C),04-05-17_17.04 10degC_Cycle_3_Pan18650PF,4.728131771087647
A2-4,101,ood(10C),04-05-17_17.04 10degC_Cycle_3_Pan18650PF,4.400811195373535
A2-4,202,ood(10C),04-05-17_17.04 10degC_Cycle_3_Pan18650PF,4.364690780639648
A2-4,303,ood(10C),04-05-17_17.04 10degC_Cycle_3_Pan18650PF,4.189756393432617
A2-4,404,ood(10C),04-05-17_17.04 10degC_Cycle_3_Pan18650PF,4.455262660980225
A2-4,505,ood(10C),04-05-17_17.04 10degC_Cycle_3_Pan18650PF,4.421822547912598
A2-4,606,ood(10C),04-05-17_17.04 10degC_Cycle_3_Pan18650PF,4.468917369842529
A2-4,707,ood(10C),04-05-17_17.04 10degC_Cycle_3_Pan18650PF,4.763213157653809
A2-4,7,ood(10C),04-05-17_22.50 10degC_Cycle_4_Pan18650PF,3.0433123111724854
A2-4,13,ood(10C),04-05-17_22.50 10degC_Cycle_4_Pan18650PF,2.5964746475219727
A2-4,42,ood(10C),04-05-17_22.50 10degC_Cycle_4_Pan18650PF,3.005420446395874
A2-4,101,ood(10C),04-05-17_22.50 10degC_Cycle_4_Pan18650PF,2.730229377746582
A2-4,202,ood(10C),04-05-17_22.50 10degC_Cycle_4_Pan18650PF,2.798696756362915
A2-4,303,ood(10C),04-05-17_22.50 10degC_Cycle_4_Pan18650PF,2.557790756225586
A2-4,404,ood(10C),04-05-17_22.50 10degC_Cycle_4_Pan18650PF,2.90915584564209
A2-4,505,ood(10C),04-05-17_22.50 10degC_Cycle_4_Pan18650PF,2.733680963516236
A2-4,606,ood(10C),04-05-17_22.50 10degC_Cycle_4_Pan18650PF,2.8374855518341064
A2-4,707,ood(10C),04-05-17_22.50 10degC_Cycle_4_Pan18650PF,3.1299006938934326
A2-4,7,ood(0C),05-30-17_12.56 0degC_Cycle_1_Pan18650PF,10.250944137573242
A2-4,13,ood(0C),05-30-17_12.56 0degC_Cycle_1_Pan18650PF,9.768153190612791
A2-4,42,ood(0C),05-30-17_12.56 0degC_Cycle_1_Pan18650PF,9.827701568603516
A2-4,101,ood(0C),05-30-17_12.56 0degC_Cycle_1_Pan18650PF,9.617112159729004
A2-4,202,ood(0C),05-30-17_12.56 0degC_Cycle_1_Pan18650PF,9.66818618774414
A2-4,303,ood(0C),05-30-17_12.56 0degC_Cycle_1_Pan18650PF,8.62031364440918
A2-4,404,ood(0C),05-30-17_12.56 0degC_Cycle_1_Pan18650PF,10.228270530700684
A2-4,505,ood(0C),05-30-17_12.56 0degC_Cycle_1_Pan18650PF,9.23624038696289
A2-4,606,ood(0C),05-30-17_12.56 0degC_Cycle_1_Pan18650PF,9.04202365875244
A2-4,707,ood(0C),05-30-17_12.56 0degC_Cycle_1_Pan18650PF,10.54155445098877
A2-4,7,ood(0C),05-30-17_20.16 0degC_Cycle_2_Pan18650PF,10.415691375732422
A2-4,13,ood(0C),05-30-17_20.16 0degC_Cycle_2_Pan18650PF,9.930367469787598
A2-4,42,ood(0C),05-30-17_20.16 0degC_Cycle_2_Pan18650PF,10.03309154510498
A2-4,101,ood(0C),05-30-17_20.16 0degC_Cycle_2_Pan18650PF,9.825278282165527
A2-4,202,ood(0C),05-30-17_20.16 0degC_Cycle_2_Pan18650PF,9.83386516571045
A2-4,303,ood(0C),05-30-17_20.16 0degC_Cycle_2_Pan18650PF,8.981924057006836
A2-4,404,ood(0C),05-30-17_20.16 0degC_Cycle_2_Pan18650PF,10.39193630218506
A2-4,505,ood(0C),05-30-17_20.16 0degC_Cycle_2_Pan18650PF,9.545711517333984
A2-4,606,ood(0C),05-30-17_20.16 0degC_Cycle_2_Pan18650PF,9.467638969421388
A2-4,707,ood(0C),05-30-17_20.16 0degC_Cycle_2_Pan18650PF,10.664831161499023
A2-4,7,ood(0C),06-01-17_10.36 0degC_LA92_Pan18650PF,6.152018070220947
A2-4,13,ood(0C),06-01-17_10.36 0degC_LA92_Pan18650PF,5.468021869659424
A2-4,42,ood(0C),06-01-17_10.36 0degC_LA92_Pan18650PF,6.039212703704834
A2-4,101,ood(0C),06-01-17_10.36 0degC_LA92_Pan18650PF,5.968738079071045
A2-4,202,ood(0C),06-01-17_10.36 0degC_LA92_Pan18650PF,5.756362438201904
A2-4,303,ood(0C),06-01-17_10.36 0degC_LA92_Pan18650PF,5.505805015563965
A2-4,404,ood(0C),06-01-17_10.36 0degC_LA92_Pan18650PF,5.931142807006836
A2-4,505,ood(0C),06-01-17_10.36 0degC_LA92_Pan18650PF,5.879284381866455
A2-4,606,ood(0C),06-01-17_10.36 0degC_LA92_Pan18650PF,6.00217866897583
A2-4,707,ood(0C),06-01-17_10.36 0degC_LA92_Pan18650PF,6.367431163787842
A2-4,7,ood(0C),06-01-17_10.36 0degC_NN_Pan18650PF,5.166626453399658
A2-4,13,ood(0C),06-01-17_10.36 0degC_NN_Pan18650PF,4.562564373016357
A2-4,42,ood(0C),06-01-17_10.36 0degC_NN_Pan18650PF,5.021678447723389
A2-4,101,ood(0C),06-01-17_10.36 0degC_NN_Pan18650PF,4.912874698638916
A2-4,202,ood(0C),06-01-17_10.36 0degC_NN_Pan18650PF,4.8198347091674805
A2-4,303,ood(0C),06-01-17_10.36 0degC_NN_Pan18650PF,4.4935173988342285
A2-4,404,ood(0C),06-01-17_10.36 0degC_NN_Pan18650PF,5.000340461730957
A2-4,505,ood(0C),06-01-17_10.36 0degC_NN_Pan18650PF,4.808533668518066
A2-4,606,ood(0C),06-01-17_10.36 0degC_NN_Pan18650PF,5.022082328796387
A2-4,707,ood(0C),06-01-17_10.36 0degC_NN_Pan18650PF,5.353611469268799
A2-4,7,ood(0C),06-01-17_15.36 0degC_Cycle_3_Pan18650PF,10.320207595825195
A2-4,13,ood(0C),06-01-17_15.36 0degC_Cycle_3_Pan18650PF,9.770172119140623
A2-4,42,ood(0C),06-01-17_15.36 0degC_Cycle_3_Pan18650PF,10.23491096496582
A2-4,101,ood(0C),06-01-17_15.36 0degC_Cycle_3_Pan18650PF,9.886427879333496
A2-4,202,ood(0C),06-01-17_15.36 0degC_Cycle_3_Pan18650PF,9.58772087097168
A2-4,303,ood(0C),06-01-17_15.36 0degC_Cycle_3_Pan18650PF,9.555872917175291
A2-4,404,ood(0C),06-01-17_15.36 0degC_Cycle_3_Pan18650PF,9.812508583068848
A2-4,505,ood(0C),06-01-17_15.36 0degC_Cycle_3_Pan18650PF,9.923022270202637
A2-4,606,ood(0C),06-01-17_15.36 0degC_Cycle_3_Pan18650PF,10.0912446975708
A2-4,707,ood(0C),06-01-17_15.36 0degC_Cycle_3_Pan18650PF,10.513429641723633
A2-4,7,ood(0C),06-01-17_22.03 0degC_Cycle_4_Pan18650PF,8.567416191101074
A2-4,13,ood(0C),06-01-17_22.03 0degC_Cycle_4_Pan18650PF,7.783121585845947
A2-4,42,ood(0C),06-01-17_22.03 0degC_Cycle_4_Pan18650PF,8.520872116088867
A2-4,101,ood(0C),06-01-17_22.03 0degC_Cycle_4_Pan18650PF,8.304967880249023
A2-4,202,ood(0C),06-01-17_22.03 0degC_Cycle_4_Pan18650PF,8.189079284667969
A2-4,303,ood(0C),06-01-17_22.03 0degC_Cycle_4_Pan18650PF,7.658874988555908
A2-4,404,ood(0C),06-01-17_22.03 0degC_Cycle_4_Pan18650PF,8.367210388183594
A2-4,505,ood(0C),06-01-17_22.03 0degC_Cycle_4_Pan18650PF,8.195550918579102
A2-4,606,ood(0C),06-01-17_22.03 0degC_Cycle_4_Pan18650PF,8.345480918884277
A2-4,707,ood(0C),06-01-17_22.03 0degC_Cycle_4_Pan18650PF,8.8412504196167
A2-4,7,ood(0C),06-02-17_04.58 0degC_US06_Pan18650PF,11.122243881225586
A2-4,13,ood(0C),06-02-17_04.58 0degC_US06_Pan18650PF,10.324373245239258
A2-4,42,ood(0C),06-02-17_04.58 0degC_US06_Pan18650PF,11.09715747833252
A2-4,101,ood(0C),06-02-17_04.58 0degC_US06_Pan18650PF,10.708263397216797
A2-4,202,ood(0C),06-02-17_04.58 0degC_US06_Pan18650PF,10.775073051452637
A2-4,303,ood(0C),06-02-17_04.58 0degC_US06_Pan18650PF,10.211094856262209
A2-4,404,ood(0C),06-02-17_04.58 0degC_US06_Pan18650PF,11.14902400970459
A2-4,505,ood(0C),06-02-17_04.58 0degC_US06_Pan18650PF,10.833290100097656
A2-4,606,ood(0C),06-02-17_04.58 0degC_US06_Pan18650PF,10.723179817199709
A2-4,707,ood(0C),06-02-17_04.58 0degC_US06_Pan18650PF,11.21753978729248
A2-4,7,ood(0C),06-02-17_10.43 0degC_HWFET_Pan18650PF,11.775381088256836
A2-4,13,ood(0C),06-02-17_10.43 0degC_HWFET_Pan18650PF,11.393752098083496
A2-4,42,ood(0C),06-02-17_10.43 0degC_HWFET_Pan18650PF,11.729702949523926
A2-4,101,ood(0C),06-02-17_10.43 0degC_HWFET_Pan18650PF,11.191750526428224
A2-4,202,ood(0C),06-02-17_10.43 0degC_HWFET_Pan18650PF,11.160083770751951
A2-4,303,ood(0C),06-02-17_10.43 0degC_HWFET_Pan18650PF,10.53243350982666
A2-4,404,ood(0C),06-02-17_10.43 0degC_HWFET_Pan18650PF,11.212376594543455
A2-4,505,ood(0C),06-02-17_10.43 0degC_HWFET_Pan18650PF,11.415337562561035
A2-4,606,ood(0C),06-02-17_10.43 0degC_HWFET_Pan18650PF,11.345573425292969
A2-4,707,ood(0C),06-02-17_10.43 0degC_HWFET_Pan18650PF,11.98987102508545
A2-4,7,ood(0C),06-02-17_17.14 0degC_UDDS_Pan18650PF,8.495901107788086
A2-4,13,ood(0C),06-02-17_17.14 0degC_UDDS_Pan18650PF,7.76879358291626
A2-4,42,ood(0C),06-02-17_17.14 0degC_UDDS_Pan18650PF,8.397104263305664
A2-4,101,ood(0C),06-02-17_17.14 0degC_UDDS_Pan18650PF,8.178230285644531
A2-4,202,ood(0C),06-02-17_17.14 0degC_UDDS_Pan18650PF,7.917903900146484
A2-4,303,ood(0C),06-02-17_17.14 0degC_UDDS_Pan18650PF,7.661259651184082
A2-4,404,ood(0C),06-02-17_17.14 0degC_UDDS_Pan18650PF,8.060908317565918
A2-4,505,ood(0C),06-02-17_17.14 0degC_UDDS_Pan18650PF,8.037393569946289
A2-4,606,ood(0C),06-02-17_17.14 0degC_UDDS_Pan18650PF,8.348958969116211
A2-4,707,ood(0C),06-02-17_17.14 0degC_UDDS_Pan18650PF,8.809179306030273
A2-4,7,ood(-10C),06-07-17_08.39 n10degC_HWFET_Pan18650PF,7.063889980316162
A2-4,13,ood(-10C),06-07-17_08.39 n10degC_HWFET_Pan18650PF,6.433513641357422
A2-4,42,ood(-10C),06-07-17_08.39 n10degC_HWFET_Pan18650PF,6.791713714599609
A2-4,101,ood(-10C),06-07-17_08.39 n10degC_HWFET_Pan18650PF,6.564772605895996
A2-4,202,ood(-10C),06-07-17_08.39 n10degC_HWFET_Pan18650PF,6.454917907714844
A2-4,303,ood(-10C),06-07-17_08.39 n10degC_HWFET_Pan18650PF,5.804602146148682
A2-4,404,ood(-10C),06-07-17_08.39 n10degC_HWFET_Pan18650PF,6.748283863067627
A2-4,505,ood(-10C),06-07-17_08.39 n10degC_HWFET_Pan18650PF,6.670497894287109
A2-4,606,ood(-10C),06-07-17_08.39 n10degC_HWFET_Pan18650PF,6.806054592132568
A2-4,707,ood(-10C),06-07-17_08.39 n10degC_HWFET_Pan18650PF,7.234176158905029
A2-4,7,ood(-10C),06-07-17_08.39 n10degC_LA92_Pan18650PF,7.66813850402832
A2-4,13,ood(-10C),06-07-17_08.39 n10degC_LA92_Pan18650PF,7.00535774230957
A2-4,42,ood(-10C),06-07-17_08.39 n10degC_LA92_Pan18650PF,7.479796409606934
A2-4,101,ood(-10C),06-07-17_08.39 n10degC_LA92_Pan18650PF,7.394957065582275
A2-4,202,ood(-10C),06-07-17_08.39 n10degC_LA92_Pan18650PF,7.113783359527588
A2-4,303,ood(-10C),06-07-17_08.39 n10degC_LA92_Pan18650PF,6.809527397155762
A2-4,404,ood(-10C),06-07-17_08.39 n10degC_LA92_Pan18650PF,7.39091157913208
A2-4,505,ood(-10C),06-07-17_08.39 n10degC_LA92_Pan18650PF,7.357064723968506
A2-4,606,ood(-10C),06-07-17_08.39 n10degC_LA92_Pan18650PF,7.497896194458008
A2-4,707,ood(-10C),06-07-17_08.39 n10degC_LA92_Pan18650PF,7.859871864318848
A2-4,7,ood(-10C),06-07-17_08.39 n10degC_UDDS_Pan18650PF,9.262864112854004
A2-4,13,ood(-10C),06-07-17_08.39 n10degC_UDDS_Pan18650PF,8.61792278289795
A2-4,42,ood(-10C),06-07-17_08.39 n10degC_UDDS_Pan18650PF,9.047993659973145
A2-4,101,ood(-10C),06-07-17_08.39 n10degC_UDDS_Pan18650PF,8.955894470214844
A2-4,202,ood(-10C),06-07-17_08.39 n10degC_UDDS_Pan18650PF,8.561013221740723
A2-4,303,ood(-10C),06-07-17_08.39 n10degC_UDDS_Pan18650PF,8.35796070098877
A2-4,404,ood(-10C),06-07-17_08.39 n10degC_UDDS_Pan18650PF,8.79326057434082
A2-4,505,ood(-10C),06-07-17_08.39 n10degC_UDDS_Pan18650PF,8.84908676147461
A2-4,606,ood(-10C),06-07-17_08.39 n10degC_UDDS_Pan18650PF,9.113850593566896
A2-4,707,ood(-10C),06-07-17_08.39 n10degC_UDDS_Pan18650PF,9.518628120422363
A2-4,7,ood(-10C),06-07-17_08.39 n10degC_US06_Pan18650PF,4.61161994934082
A2-4,13,ood(-10C),06-07-17_08.39 n10degC_US06_Pan18650PF,3.922744512557984
A2-4,42,ood(-10C),06-07-17_08.39 n10degC_US06_Pan18650PF,4.340385913848877
A2-4,101,ood(-10C),06-07-17_08.39 n10degC_US06_Pan18650PF,4.295618534088135
A2-4,202,ood(-10C),06-07-17_08.39 n10degC_US06_Pan18650PF,4.1926374435424805
A2-4,303,ood(-10C),06-07-17_08.39 n10degC_US06_Pan18650PF,3.897270679473877
A2-4,404,ood(-10C),06-07-17_08.39 n10degC_US06_Pan18650PF,4.5159220695495605
A2-4,505,ood(-10C),06-07-17_08.39 n10degC_US06_Pan18650PF,4.3160014152526855
A2-4,606,ood(-10C),06-07-17_08.39 n10degC_US06_Pan18650PF,4.42989444732666
A2-4,707,ood(-10C),06-07-17_08.39 n10degC_US06_Pan18650PF,4.694911956787109
A2-4,7,ood(-10C),06-10-17_11.25 n10degC_Cycle_1_Pan18650PF,12.157691955566406
A2-4,13,ood(-10C),06-10-17_11.25 n10degC_Cycle_1_Pan18650PF,11.424592971801758
A2-4,42,ood(-10C),06-10-17_11.25 n10degC_Cycle_1_Pan18650PF,11.999987602233888
A2-4,101,ood(-10C),06-10-17_11.25 n10degC_Cycle_1_Pan18650PF,11.738987922668455
A2-4,202,ood(-10C),06-10-17_11.25 n10degC_Cycle_1_Pan18650PF,11.369611740112305
A2-4,303,ood(-10C),06-10-17_11.25 n10degC_Cycle_1_Pan18650PF,10.937617301940918
A2-4,404,ood(-10C),06-10-17_11.25 n10degC_Cycle_1_Pan18650PF,11.643912315368652
A2-4,505,ood(-10C),06-10-17_11.25 n10degC_Cycle_1_Pan18650PF,11.801772117614746
A2-4,606,ood(-10C),06-10-17_11.25 n10degC_Cycle_1_Pan18650PF,11.906725883483888
A2-4,707,ood(-10C),06-10-17_11.25 n10degC_Cycle_1_Pan18650PF,12.459465980529783
A2-4,7,ood(-10C),06-10-17_18.35 n10degC_Cycle_2_Pan18650PF,17.482845306396484
A2-4,13,ood(-10C),06-10-17_18.35 n10degC_Cycle_2_Pan18650PF,16.726503372192383
A2-4,42,ood(-10C),06-10-17_18.35 n10degC_Cycle_2_Pan18650PF,17.443269729614258
A2-4,101,ood(-10C),06-10-17_18.35 n10degC_Cycle_2_Pan18650PF,17.082473754882812
A2-4,202,ood(-10C),06-10-17_18.35 n10degC_Cycle_2_Pan18650PF,16.70162010192871
A2-4,303,ood(-10C),06-10-17_18.35 n10degC_Cycle_2_Pan18650PF,16.204082489013672
A2-4,404,ood(-10C),06-10-17_18.35 n10degC_Cycle_2_Pan18650PF,16.95591163635254
A2-4,505,ood(-10C),06-10-17_18.35 n10degC_Cycle_2_Pan18650PF,17.146785736083984
A2-4,606,ood(-10C),06-10-17_18.35 n10degC_Cycle_2_Pan18650PF,17.167638778686523
A2-4,707,ood(-10C),06-10-17_18.35 n10degC_Cycle_2_Pan18650PF,17.802589416503906
A2-4,7,ood(-10C),06-11-17_01.39 n10degC_Cycle_3_Pan18650PF,17.85054588317871
A2-4,13,ood(-10C),06-11-17_01.39 n10degC_Cycle_3_Pan18650PF,17.16391372680664
A2-4,42,ood(-10C),06-11-17_01.39 n10degC_Cycle_3_Pan18650PF,17.7531795501709
A2-4,101,ood(-10C),06-11-17_01.39 n10degC_Cycle_3_Pan18650PF,17.464174270629883
A2-4,202,ood(-10C),06-11-17_01.39 n10degC_Cycle_3_Pan18650PF,16.967599868774414
A2-4,303,ood(-10C),06-11-17_01.39 n10degC_Cycle_3_Pan18650PF,16.654027938842773
A2-4,404,ood(-10C),06-11-17_01.39 n10degC_Cycle_3_Pan18650PF,17.246387481689453
A2-4,505,ood(-10C),06-11-17_01.39 n10degC_Cycle_3_Pan18650PF,17.528240203857422
A2-4,606,ood(-10C),06-11-17_01.39 n10degC_Cycle_3_Pan18650PF,17.56644058227539
A2-4,707,ood(-10C),06-11-17_01.39 n10degC_Cycle_3_Pan18650PF,18.17003059387207
A2-4,7,ood(-10C),06-11-17_08.42 n10degC_Cycle_4_Pan18650PF,11.05346965789795
A2-4,13,ood(-10C),06-11-17_08.42 n10degC_Cycle_4_Pan18650PF,10.254435539245604
A2-4,42,ood(-10C),06-11-17_08.42 n10degC_Cycle_4_Pan18650PF,10.977790832519531
A2-4,101,ood(-10C),06-11-17_08.42 n10degC_Cycle_4_Pan18650PF,10.775403022766112
A2-4,202,ood(-10C),06-11-17_08.42 n10degC_Cycle_4_Pan18650PF,10.516349792480469
A2-4,303,ood(-10C),06-11-17_08.42 n10degC_Cycle_4_Pan18650PF,9.941282272338867
A2-4,404,ood(-10C),06-11-17_08.42 n10degC_Cycle_4_Pan18650PF,10.848325729370115
A2-4,505,ood(-10C),06-11-17_08.42 n10degC_Cycle_4_Pan18650PF,10.75697898864746
A2-4,606,ood(-10C),06-11-17_08.42 n10degC_Cycle_4_Pan18650PF,10.865364074707031
A2-4,707,ood(-10C),06-11-17_08.42 n10degC_Cycle_4_Pan18650PF,11.381572723388672
A2-4,7,ood(-10C),06-14-17_13.12 n10degC_NN_Pan18650PF,16.946243286132812
A2-4,13,ood(-10C),06-14-17_13.12 n10degC_NN_Pan18650PF,16.227550506591797
A2-4,42,ood(-10C),06-14-17_13.12 n10degC_NN_Pan18650PF,16.940603256225586
A2-4,101,ood(-10C),06-14-17_13.12 n10degC_NN_Pan18650PF,16.658578872680664
A2-4,202,ood(-10C),06-14-17_13.12 n10degC_NN_Pan18650PF,16.28226661682129
A2-4,303,ood(-10C),06-14-17_13.12 n10degC_NN_Pan18650PF,15.901427268981934
A2-4,404,ood(-10C),06-14-17_13.12 n10degC_NN_Pan18650PF,16.502002716064453
A2-4,505,ood(-10C),06-14-17_13.12 n10degC_NN_Pan18650PF,16.613544464111328
A2-4,606,ood(-10C),06-14-17_13.12 n10degC_NN_Pan18650PF,16.730857849121094
A2-4,707,ood(-10C),06-14-17_13.12 n10degC_NN_Pan18650PF,17.31130599975586
A2-4,7,ood(-20C),06-23-17_23.35 n20degC_HWFET_Pan18650PF,5.298985958099365
A2-4,13,ood(-20C),06-23-17_23.35 n20degC_HWFET_Pan18650PF,4.388326644897461
A2-4,42,ood(-20C),06-23-17_23.35 n20degC_HWFET_Pan18650PF,4.676587104797363
A2-4,101,ood(-20C),06-23-17_23.35 n20degC_HWFET_Pan18650PF,4.621824741363525
A2-4,202,ood(-20C),06-23-17_23.35 n20degC_HWFET_Pan18650PF,4.253066539764404
A2-4,303,ood(-20C),06-23-17_23.35 n20degC_HWFET_Pan18650PF,3.852976083755493
A2-4,404,ood(-20C),06-23-17_23.35 n20degC_HWFET_Pan18650PF,4.885666370391846
A2-4,505,ood(-20C),06-23-17_23.35 n20degC_HWFET_Pan18650PF,4.681776523590088
A2-4,606,ood(-20C),06-23-17_23.35 n20degC_HWFET_Pan18650PF,5.01547908782959
A2-4,707,ood(-20C),06-23-17_23.35 n20degC_HWFET_Pan18650PF,5.298529148101807
A2-4,7,ood(-20C),06-23-17_23.35 n20degC_LA92_Pan18650PF,6.072483062744141
A2-4,13,ood(-20C),06-23-17_23.35 n20degC_LA92_Pan18650PF,5.214587211608887
A2-4,42,ood(-20C),06-23-17_23.35 n20degC_LA92_Pan18650PF,5.537461757659912
A2-4,101,ood(-20C),06-23-17_23.35 n20degC_LA92_Pan18650PF,5.579911231994629
A2-4,202,ood(-20C),06-23-17_23.35 n20degC_LA92_Pan18650PF,5.076892852783203
A2-4,303,ood(-20C),06-23-17_23.35 n20degC_LA92_Pan18650PF,4.976076126098633
A2-4,404,ood(-20C),06-23-17_23.35 n20degC_LA92_Pan18650PF,5.627841949462891
A2-4,505,ood(-20C),06-23-17_23.35 n20degC_LA92_Pan18650PF,5.544496536254883
A2-4,606,ood(-20C),06-23-17_23.35 n20degC_LA92_Pan18650PF,5.796374320983887
A2-4,707,ood(-20C),06-23-17_23.35 n20degC_LA92_Pan18650PF,6.080460071563721
A2-4,7,ood(-20C),06-23-17_23.35 n20degC_NN_Pan18650PF,4.849831581115723
A2-4,13,ood(-20C),06-23-17_23.35 n20degC_NN_Pan18650PF,3.981307029724121
A2-4,42,ood(-20C),06-23-17_23.35 n20degC_NN_Pan18650PF,4.286607265472412
A2-4,101,ood(-20C),06-23-17_23.35 n20degC_NN_Pan18650PF,4.326263904571533
A2-4,202,ood(-20C),06-23-17_23.35 n20degC_NN_Pan18650PF,3.883540391921997
A2-4,303,ood(-20C),06-23-17_23.35 n20degC_NN_Pan18650PF,3.749622344970703
A2-4,404,ood(-20C),06-23-17_23.35 n20degC_NN_Pan18650PF,4.337982177734375
A2-4,505,ood(-20C),06-23-17_23.35 n20degC_NN_Pan18650PF,4.196503162384033
A2-4,606,ood(-20C),06-23-17_23.35 n20degC_NN_Pan18650PF,4.600466728210449
A2-4,707,ood(-20C),06-23-17_23.35 n20degC_NN_Pan18650PF,4.861883640289307
A2-4,7,ood(-20C),06-23-17_23.35 n20degC_UDDS_Pan18650PF,9.97879695892334
A2-4,13,ood(-20C),06-23-17_23.35 n20degC_UDDS_Pan18650PF,9.222675323486328
A2-4,42,ood(-20C),06-23-17_23.35 n20degC_UDDS_Pan18650PF,9.539118766784668
A2-4,101,ood(-20C),06-23-17_23.35 n20degC_UDDS_Pan18650PF,9.541528701782228
A2-4,202,ood(-20C),06-23-17_23.35 n20degC_UDDS_Pan18650PF,8.953149795532227
A2-4,303,ood(-20C),06-23-17_23.35 n20degC_UDDS_Pan18650PF,8.951202392578125
A2-4,404,ood(-20C),06-23-17_23.35 n20degC_UDDS_Pan18650PF,9.419971466064451
A2-4,505,ood(-20C),06-23-17_23.35 n20degC_UDDS_Pan18650PF,9.532095909118652
A2-4,606,ood(-20C),06-23-17_23.35 n20degC_UDDS_Pan18650PF,9.776558876037598
A2-4,707,ood(-20C),06-23-17_23.35 n20degC_UDDS_Pan18650PF,10.090652465820312
A2-4,7,ood(-20C),06-24-17_04.29 n20degC_Cycle_1_Pan18650PF,22.949377059936523
A2-4,13,ood(-20C),06-24-17_04.29 n20degC_Cycle_1_Pan18650PF,22.253849029541016
A2-4,42,ood(-20C),06-24-17_04.29 n20degC_Cycle_1_Pan18650PF,22.756956100463867
A2-4,101,ood(-20C),06-24-17_04.29 n20degC_Cycle_1_Pan18650PF,22.535533905029297
A2-4,202,ood(-20C),06-24-17_04.29 n20degC_Cycle_1_Pan18650PF,21.831750869750977
A2-4,303,ood(-20C),06-24-17_04.29 n20degC_Cycle_1_Pan18650PF,21.620948791503903
A2-4,404,ood(-20C),06-24-17_04.29 n20degC_Cycle_1_Pan18650PF,22.410364151000977
A2-4,505,ood(-20C),06-24-17_04.29 n20degC_Cycle_1_Pan18650PF,22.69923210144043
A2-4,606,ood(-20C),06-24-17_04.29 n20degC_Cycle_1_Pan18650PF,22.562894821166992
A2-4,707,ood(-20C),06-24-17_04.29 n20degC_Cycle_1_Pan18650PF,23.25900077819824
A2-4,7,ood(-20C),06-24-17_11.58 n20degC_Cycle_2_Pan18650PF,22.012306213378903
A2-4,13,ood(-20C),06-24-17_11.58 n20degC_Cycle_2_Pan18650PF,21.32682609558105
A2-4,42,ood(-20C),06-24-17_11.58 n20degC_Cycle_2_Pan18650PF,21.9648380279541
A2-4,101,ood(-20C),06-24-17_11.58 n20degC_Cycle_2_Pan18650PF,21.61951446533203
A2-4,202,ood(-20C),06-24-17_11.58 n20degC_Cycle_2_Pan18650PF,21.0922966003418
A2-4,303,ood(-20C),06-24-17_11.58 n20degC_Cycle_2_Pan18650PF,20.445039749145508
A2-4,404,ood(-20C),06-24-17_11.58 n20degC_Cycle_2_Pan18650PF,21.704490661621094
A2-4,505,ood(-20C),06-24-17_11.58 n20degC_Cycle_2_Pan18650PF,21.631851196289062
A2-4,606,ood(-20C),06-24-17_11.58 n20degC_Cycle_2_Pan18650PF,21.514028549194336
A2-4,707,ood(-20C),06-24-17_11.58 n20degC_Cycle_2_Pan18650PF,22.434539794921875
A2-4,7,ood(-20C),06-24-17_19.29 n20degC_Cycle_3_Pan18650PF,22.271791458129883
A2-4,13,ood(-20C),06-24-17_19.29 n20degC_Cycle_3_Pan18650PF,21.542320251464844
A2-4,42,ood(-20C),06-24-17_19.29 n20degC_Cycle_3_Pan18650PF,22.216976165771484
A2-4,101,ood(-20C),06-24-17_19.29 n20degC_Cycle_3_Pan18650PF,21.893096923828125
A2-4,202,ood(-20C),06-24-17_19.29 n20degC_Cycle_3_Pan18650PF,21.282440185546875
A2-4,303,ood(-20C),06-24-17_19.29 n20degC_Cycle_3_Pan18650PF,20.79503631591797
A2-4,404,ood(-20C),06-24-17_19.29 n20degC_Cycle_3_Pan18650PF,21.902538299560547
A2-4,505,ood(-20C),06-24-17_19.29 n20degC_Cycle_3_Pan18650PF,22.019851684570312
A2-4,606,ood(-20C),06-24-17_19.29 n20degC_Cycle_3_Pan18650PF,21.91308212280273
A2-4,707,ood(-20C),06-24-17_19.29 n20degC_Cycle_3_Pan18650PF,22.64871597290039
A2-4,7,ood(-20C),06-25-17_03.01 n20degC_Cycle_4_Pan18650PF,18.68829345703125
A2-4,13,ood(-20C),06-25-17_03.01 n20degC_Cycle_4_Pan18650PF,17.853254318237305
A2-4,42,ood(-20C),06-25-17_03.01 n20degC_Cycle_4_Pan18650PF,18.50465202331543
A2-4,101,ood(-20C),06-25-17_03.01 n20degC_Cycle_4_Pan18650PF,18.240144729614254
A2-4,202,ood(-20C),06-25-17_03.01 n20degC_Cycle_4_Pan18650PF,17.723751068115234
A2-4,303,ood(-20C),06-25-17_03.01 n20degC_Cycle_4_Pan18650PF,17.293081283569336
A2-4,404,ood(-20C),06-25-17_03.01 n20degC_Cycle_4_Pan18650PF,18.34868049621582
A2-4,505,ood(-20C),06-25-17_03.01 n20degC_Cycle_4_Pan18650PF,18.3094539642334
A2-4,606,ood(-20C),06-25-17_03.01 n20degC_Cycle_4_Pan18650PF,18.446229934692383
A2-4,707,ood(-20C),06-25-17_03.01 n20degC_Cycle_4_Pan18650PF,18.9774169921875
A2-4,7,ood(-20C),06-25-17_10.31 n20degC_US06_Pan18650PF,22.4543571472168
A2-4,13,ood(-20C),06-25-17_10.31 n20degC_US06_Pan18650PF,21.591646194458008
A2-4,42,ood(-20C),06-25-17_10.31 n20degC_US06_Pan18650PF,22.521663665771484
A2-4,101,ood(-20C),06-25-17_10.31 n20degC_US06_Pan18650PF,22.10555458068848
A2-4,202,ood(-20C),06-25-17_10.31 n20degC_US06_Pan18650PF,22.03105354309082
A2-4,303,ood(-20C),06-25-17_10.31 n20degC_US06_Pan18650PF,21.119665145874023
A2-4,404,ood(-20C),06-25-17_10.31 n20degC_US06_Pan18650PF,22.44635581970215
A2-4,505,ood(-20C),06-25-17_10.31 n20degC_US06_Pan18650PF,22.43362808227539
A2-4,606,ood(-20C),06-25-17_10.31 n20degC_US06_Pan18650PF,22.054759979248047
A2-4,707,ood(-20C),06-25-17_10.31 n20degC_US06_Pan18650PF,22.734249114990234
