exp,seed,eval_group,cycle_id,RMSE
A2-0,7,test_id(25C),03-18-17_02.17 25degC_Cycle_1_Pan18650PF,0.7303272485733032
A2-0,7,test_id(25C),03-19-17_03.25 25degC_Cycle_2_Pan18650PF,0.6679958701133728
A2-0,7,test_id(25C),03-19-17_09.07 25degC_Cycle_3_Pan18650PF,0.39366090297698975
A2-0,7,test_id(25C),03-19-17_14.31 25degC_Cycle_4_Pan18650PF,0.5927048325538635
A2-0,7,ood(10C),03-27-17_09.06 10degC_HWFET_Pan18650PF,2.7834043502807617
A2-0,7,ood(10C),03-27-17_09.06 10degC_LA92_Pan18650PF,3.0074856281280518
A2-0,7,ood(10C),03-27-17_09.06 10degC_NN_Pan18650PF,2.3774189949035645
A2-0,7,ood(10C),03-27-17_09.06 10degC_UDDS_Pan18650PF,1.873022437095642
A2-0,7,ood(10C),03-27-17_09.06 10degC_US06_Pan18650PF,3.4331586360931396
A2-0,7,ood(10C),03-28-17_12.51 10degC_Cycle_1_Pan18650PF,3.1236045360565186
A2-0,7,ood(10C),03-28-17_18.18 10degC_Cycle_2_Pan18650PF,4.204657077789307
A2-0,7,ood(10C),04-05-17_17.04 10degC_Cycle_3_Pan18650PF,4.2285685539245605
A2-0,7,ood(10C),04-05-17_22.50 10degC_Cycle_4_Pan18650PF,2.5401933193206787
A2-0,7,ood(0C),05-30-17_12.56 0degC_Cycle_1_Pan18650PF,9.033990859985352
A2-0,7,ood(0C),05-30-17_20.16 0degC_Cycle_2_Pan18650PF,8.99738597869873
A2-0,7,ood(0C),06-01-17_10.36 0degC_LA92_Pan18650PF,5.380450248718262
A2-0,7,ood(0C),06-01-17_10.36 0degC_NN_Pan18650PF,4.3946943283081055
A2-0,7,ood(0C),06-01-17_15.36 0degC_Cycle_3_Pan18650PF,9.331269264221191
A2-0,7,ood(0C),06-01-17_22.03 0degC_Cycle_4_Pan18650PF,7.344608783721924
A2-0,7,ood(0C),06-02-17_04.58 0degC_US06_Pan18650PF,8.779598236083984
A2-0,7,ood(0C),06-02-17_10.43 0degC_HWFET_Pan18650PF,10.668585777282715
A2-0,7,ood(0C),06-02-17_17.14 0degC_UDDS_Pan18650PF,7.34018087387085
A2-0,7,ood(-10C),06-07-17_08.39 n10degC_HWFET_Pan18650PF,6.768301486968994
A2-0,7,ood(-10C),06-07-17_08.39 n10degC_LA92_Pan18650PF,7.262852668762207
A2-0,7,ood(-10C),06-07-17_08.39 n10degC_UDDS_Pan18650PF,8.75544261932373
A2-0,7,ood(-10C),06-07-17_08.39 n10degC_US06_Pan18650PF,4.197274208068848
A2-0,7,ood(-10C),06-10-17_11.25 n10degC_Cycle_1_Pan18650PF,11.932269096374512
A2-0,7,ood(-10C),06-10-17_18.35 n10degC_Cycle_2_Pan18650PF,17.141843795776367
A2-0,7,ood(-10C),06-11-17_01.39 n10degC_Cycle_3_Pan18650PF,17.613689422607422
A2-0,7,ood(-10C),06-11-17_08.42 n10degC_Cycle_4_Pan18650PF,10.80656909942627
A2-0,7,ood(-10C),06-14-17_13.12 n10degC_NN_Pan18650PF,10.580543518066406
A2-0,7,ood(-20C),06-23-17_23.35 n20degC_HWFET_Pan18650PF,4.345397472381592
A2-0,7,ood(-20C),06-23-17_23.35 n20degC_LA92_Pan18650PF,4.954806327819824
A2-0,7,ood(-20C),06-23-17_23.35 n20degC_NN_Pan18650PF,3.7630255222320557
A2-0,7,ood(-20C),06-23-17_23.35 n20degC_UDDS_Pan18650PF,8.717843055725098
A2-0,7,ood(-20C),06-24-17_04.29 n20degC_Cycle_1_Pan18650PF,21.237274169921875
A2-0,7,ood(-20C),06-24-17_11.58 n20degC_Cycle_2_Pan18650PF,19.60484504699707
A2-0,7,ood(-20C),06-24-17_19.29 n20degC_Cycle_3_Pan18650PF,20.854936599731445
A2-0,7,ood(-20C),06-25-17_03.01 n20degC_Cycle_4_Pan18650PF,17.070425033569336
A2-0,7,ood(-20C),06-25-17_10.31 n20degC_US06_Pan18650PF,21.731626510620117
A2-0,13,test_id(25C),03-18-17_02.17 25degC_Cycle_1_Pan18650PF,0.7562857866287231
A2-0,13,test_id(25C),03-19-17_03.25 25degC_Cycle_2_Pan18650PF,0.6428241729736328
A2-0,13,test_id(25C),03-19-17_09.07 25degC_Cycle_3_Pan18650PF,0.3486994802951813
A2-0,13,test_id(25C),03-19-17_14.31 25degC_Cycle_4_Pan18650PF,0.6166596412658691
A2-0,13,ood(10C),03-27-17_09.06 10degC_HWFET_Pan18650PF,2.7030324935913086
A2-0,13,ood(10C),03-27-17_09.06 10degC_LA92_Pan18650PF,3.1325020790100098
A2-0,13,ood(10C),03-27-17_09.06 10degC_NN_Pan18650PF,2.428490400314331
A2-0,13,ood(10C),03-27-17_09.06 10degC_UDDS_Pan18650PF,1.9653570652008057
A2-0,13,ood(10C),03-27-17_09.06 10degC_US06_Pan18650PF,3.3573110103607178
A2-0,13,ood(10C),03-28-17_12.51 10degC_Cycle_1_Pan18650PF,3.195206880569458
A2-0,13,ood(10C),03-28-17_18.18 10degC_Cycle_2_Pan18650PF,4.3343186378479
A2-0,13,ood(10C),04-05-17_17.04 10degC_Cycle_3_Pan18650PF,4.237196445465088
A2-0,13,ood(10C),04-05-17_22.50 10degC_Cycle_4_Pan18650PF,2.607583999633789
A2-0,13,ood(0C),05-30-17_12.56 0degC_Cycle_1_Pan18650PF,8.837227821350098
A2-0,13,ood(0C),05-30-17_20.16 0degC_Cycle_2_Pan18650PF,9.00922679901123
A2-0,13,ood(0C),06-01-17_10.36 0degC_LA92_Pan18650PF,5.535539627075195
A2-0,13,ood(0C),06-01-17_10.36 0degC_NN_Pan18650PF,4.485583782196045
A2-0,13,ood(0C),06-01-17_15.36 0degC_Cycle_3_Pan18650PF,9.526592254638672
A2-0,13,ood(0C),06-01-17_22.03 0degC_Cycle_4_Pan18650PF,7.417603015899658
A2-0,13,ood(0C),06-02-17_04.58 0degC_US06_Pan18650PF,8.625570297241211
A2-0,13,ood(0C),06-02-17_10.43 0degC_HWFET_Pan18650PF,10.440733909606934
A2-0,13,ood(0C),06-02-17_17.14 0degC_UDDS_Pan18650PF,7.599144458770752
A2-0,13,ood(-10C),06-07-17_08.39 n10degC_HWFET_Pan18650PF,6.823640823364258
A2-0,13,ood(-10C),06-07-17_08.39 n10degC_LA92_Pan18650PF,7.602235794067383
A2-0,13,ood(-10C),06-07-17_08.39 n10degC_UDDS_Pan18650PF,9.215723037719727
A2-0,13,ood(-10C),06-07-17_08.39 n10degC_US06_Pan18650PF,4.454781532287598
A2-0,13,ood(-10C),06-10-17_11.25 n10degC_Cycle_1_Pan18650PF,12.180797576904297
A2-0,13,ood(-10C),06-10-17_18.35 n10degC_Cycle_2_Pan18650PF,17.385725021362305
A2-0,13,ood(-10C),06-11-17_01.39 n10degC_Cycle_3_Pan18650PF,17.91147804260254
A2-0,13,ood(-10C),06-11-17_08.42 n10degC_Cycle_4_Pan18650PF,11.03451919555664
A2-0,13,ood(-10C),06-14-17_13.12 n10degC_NN_Pan18650PF,10.81005859375
A2-0,13,ood(-20C),06-23-17_23.35 n20degC_HWFET_Pan18650PF,4.63088846206665
A2-0,13,ood(-20C),06-23-17_23.35 n20degC_LA92_Pan18650PF,5.485727787017822
A2-0,13,ood(-20C),06-23-17_23.35 n20degC_NN_Pan18650PF,4.231670379638672
A2-0,13,ood(-20C),06-23-17_23.35 n20degC_UDDS_Pan18650PF,9.35999870300293
A2-0,13,ood(-20C),06-24-17_04.29 n20degC_Cycle_1_Pan18650PF,21.784513473510742
A2-0,13,ood(-20C),06-24-17_11.58 n20degC_Cycle_2_Pan18650PF,20.13114356994629
A2-0,13,ood(-20C),06-24-17_19.29 n20degC_Cycle_3_Pan18650PF,21.359664916992188
A2-0,13,ood(-20C),06-25-17_03.01 n20degC_Cycle_4_Pan18650PF,17.572406768798828
A2-0,13,ood(-20C),06-25-17_10.31 n20degC_US06_Pan18650PF,21.765697479248047
A2-0,42,test_id(25C),03-18-17_02.17 25degC_Cycle_1_Pan18650PF,0.7014502882957458
A2-0,42,test_id(25C),03-19-17_03.25 25degC_Cycle_2_Pan18650PF,0.6811798214912415
A2-0,42,test_id(25C),03-19-17_09.07 25degC_Cycle_3_Pan18650PF,0.38341057300567627
A2-0,42,test_id(25C),03-19-17_14.31 25degC_Cycle_4_Pan18650PF,0.9239816665649414
A2-0,42,ood(10C),03-27-17_09.06 10degC_HWFET_Pan18650PF,2.5213284492492676
A2-0,42,ood(10C),03-27-17_09.06 10degC_LA92_Pan18650PF,2.862128496170044
A2-0,42,ood(10C),03-27-17_09.06 10degC_NN_Pan18650PF,2.2142930030822754
A2-0,42,ood(10C),03-27-17_09.06 10degC_UDDS_Pan18650PF,1.7177461385726929
A2-0,42,ood(10C),03-27-17_09.06 10degC_US06_Pan18650PF,3.165462017059326
A2-0,42,ood(10C),03-28-17_12.51 10degC_Cycle_1_Pan18650PF,2.9859793186187744
A2-0,42,ood(10C),03-28-17_18.18 10degC_Cycle_2_Pan18650PF,4.088889122009277
A2-0,42,ood(10C),04-05-17_17.04 10degC_Cycle_3_Pan18650PF,4.0694708824157715
A2-0,42,ood(10C),04-05-17_22.50 10degC_Cycle_4_Pan18650PF,2.343972682952881
A2-0,42,ood(0C),05-30-17_12.56 0degC_Cycle_1_Pan18650PF,8.356096267700195
A2-0,42,ood(0C),05-30-17_20.16 0degC_Cycle_2_Pan18650PF,8.520490646362305
A2-0,42,ood(0C),06-01-17_10.36 0degC_LA92_Pan18650PF,5.2121663093566895
A2-0,42,ood(0C),06-01-17_10.36 0degC_NN_Pan18650PF,4.235882759094238
A2-0,42,ood(0C),06-01-17_15.36 0degC_Cycle_3_Pan18650PF,9.261812210083008
A2-0,42,ood(0C),06-01-17_22.03 0degC_Cycle_4_Pan18650PF,7.079042911529541
A2-0,42,ood(0C),06-02-17_04.58 0degC_US06_Pan18650PF,8.400216102600098
A2-0,42,ood(0C),06-02-17_10.43 0degC_HWFET_Pan18650PF,10.145393371582031
A2-0,42,ood(0C),06-02-17_17.14 0degC_UDDS_Pan18650PF,7.235705852508545
A2-0,42,ood(-10C),06-07-17_08.39 n10degC_HWFET_Pan18650PF,6.396935939788818
A2-0,42,ood(-10C),06-07-17_08.39 n10degC_LA92_Pan18650PF,7.189951419830322
A2-0,42,ood(-10C),06-07-17_08.39 n10degC_UDDS_Pan18650PF,8.802140235900879
A2-0,42,ood(-10C),06-07-17_08.39 n10degC_US06_Pan18650PF,4.027849197387695
A2-0,42,ood(-10C),06-10-17_11.25 n10degC_Cycle_1_Pan18650PF,11.755183219909668
A2-0,42,ood(-10C),06-10-17_18.35 n10degC_Cycle_2_Pan18650PF,16.987651824951172
A2-0,42,ood(-10C),06-11-17_01.39 n10degC_Cycle_3_Pan18650PF,17.567502975463867
A2-0,42,ood(-10C),06-11-17_08.42 n10degC_Cycle_4_Pan18650PF,10.598478317260742
A2-0,42,ood(-10C),06-14-17_13.12 n10degC_NN_Pan18650PF,10.442902565002441
A2-0,42,ood(-20C),06-23-17_23.35 n20degC_HWFET_Pan18650PF,4.122110366821289
A2-0,42,ood(-20C),06-23-17_23.35 n20degC_LA92_Pan18650PF,4.950165748596191
A2-0,42,ood(-20C),06-23-17_23.35 n20degC_NN_Pan18650PF,3.7456507682800293
A2-0,42,ood(-20C),06-23-17_23.35 n20degC_UDDS_Pan18650PF,8.863609313964844
A2-0,42,ood(-20C),06-24-17_04.29 n20degC_Cycle_1_Pan18650PF,21.24679183959961
A2-0,42,ood(-20C),06-24-17_11.58 n20degC_Cycle_2_Pan18650PF,19.559770584106445
A2-0,42,ood(-20C),06-24-17_19.29 n20degC_Cycle_3_Pan18650PF,20.821868896484375
A2-0,42,ood(-20C),06-25-17_03.01 n20degC_Cycle_4_Pan18650PF,16.96146583557129
A2-0,42,ood(-20C),06-25-17_10.31 n20degC_US06_Pan18650PF,21.37455177307129
A2-0,101,test_id(25C),03-18-17_02.17 25degC_Cycle_1_Pan18650PF,0.7257883548736572
A2-0,101,test_id(25C),03-19-17_03.25 25degC_Cycle_2_Pan18650PF,0.7106869220733643
A2-0,101,test_id(25C),03-19-17_09.07 25degC_Cycle_3_Pan18650PF,0.43134936690330505
A2-0,101,test_id(25C),03-19-17_14.31 25degC_Cycle_4_Pan18650PF,0.8963273763656616
A2-0,101,ood(10C),03-27-17_09.06 10degC_HWFET_Pan18650PF,2.8147501945495605
A2-0,101,ood(10C),03-27-17_09.06 10degC_LA92_Pan18650PF,2.911149501800537
A2-0,101,ood(10C),03-27-17_09.06 10degC_NN_Pan18650PF,2.3515336513519287
A2-0,101,ood(10C),03-27-17_09.06 10degC_UDDS_Pan18650PF,1.869569182395935
A2-0,101,ood(10C),03-27-17_09.06 10degC_US06_Pan18650PF,3.306065082550049
A2-0,101,ood(10C),03-28-17_12.51 10degC_Cycle_1_Pan18650PF,3.0387496948242188
A2-0,101,ood(10C),03-28-17_18.18 10degC_Cycle_2_Pan18650PF,4.103151321411133
A2-0,101,ood(10C),04-05-17_17.04 10degC_Cycle_3_Pan18650PF,4.155061721801758
A2-0,101,ood(10C),04-05-17_22.50 10degC_Cycle_4_Pan18650PF,2.516610860824585
A2-0,101,ood(0C),05-30-17_12.56 0degC_Cycle_1_Pan18650PF,8.847893714904785
A2-0,101,ood(0C),05-30-17_20.16 0degC_Cycle_2_Pan18650PF,8.90019416809082
A2-0,101,ood(0C),06-01-17_10.36 0degC_LA92_Pan18650PF,5.455460071563721
A2-0,101,ood(0C),06-01-17_10.36 0degC_NN_Pan18650PF,4.5358452796936035
A2-0,101,ood(0C),06-01-17_15.36 0degC_Cycle_3_Pan18650PF,9.346232414245605
A2-0,101,ood(0C),06-01-17_22.03 0degC_Cycle_4_Pan18650PF,7.448755741119385
A2-0,101,ood(0C),06-02-17_04.58 0degC_US06_Pan18650PF,8.739128112792969
A2-0,101,ood(0C),06-02-17_10.43 0degC_HWFET_Pan18650PF,10.748432159423828
A2-0,101,ood(0C),06-02-17_17.14 0degC_UDDS_Pan18650PF,7.491902828216553
A2-0,101,ood(-10C),06-07-17_08.39 n10degC_HWFET_Pan18650PF,7.083330154418945
A2-0,101,ood(-10C),06-07-17_08.39 n10degC_LA92_Pan18650PF,7.53773832321167
A2-0,101,ood(-10C),06-07-17_08.39 n10degC_UDDS_Pan18650PF,9.059915542602539
A2-0,101,ood(-10C),06-07-17_08.39 n10degC_US06_Pan18650PF,4.562194347381592
A2-0,101,ood(-10C),06-10-17_11.25 n10degC_Cycle_1_Pan18650PF,12.144438743591309
A2-0,101,ood(-10C),06-10-17_18.35 n10degC_Cycle_2_Pan18650PF,17.380735397338867
A2-0,101,ood(-10C),06-11-17_01.39 n10degC_Cycle_3_Pan18650PF,17.754581451416016
A2-0,101,ood(-10C),06-11-17_08.42 n10degC_Cycle_4_Pan18650PF,10.969993591308594
A2-0,101,ood(-10C),06-14-17_13.12 n10degC_NN_Pan18650PF,10.709519386291504
A2-0,101,ood(-20C),06-23-17_23.35 n20degC_HWFET_Pan18650PF,4.707183361053467
A2-0,101,ood(-20C),06-23-17_23.35 n20degC_LA92_Pan18650PF,5.297872066497803
A2-0,101,ood(-20C),06-23-17_23.35 n20degC_NN_Pan18650PF,4.103930473327637
A2-0,101,ood(-20C),06-23-17_23.35 n20degC_UDDS_Pan18650PF,9.093585968017578
A2-0,101,ood(-20C),06-24-17_04.29 n20degC_Cycle_1_Pan18650PF,21.569961547851562
A2-0,101,ood(-20C),06-24-17_11.58 n20degC_Cycle_2_Pan18650PF,19.911012649536133
A2-0,101,ood(-20C),06-24-17_19.29 n20degC_Cycle_3_Pan18650PF,21.102819442749023
A2-0,101,ood(-20C),06-25-17_03.01 n20degC_Cycle_4_Pan18650PF,17.426368713378906
A2-0,101,ood(-20C),06-25-17_10.31 n20degC_US06_Pan18650PF,21.744766235351562
A2-0,202,test_id(25C),03-18-17_02.17 25degC_Cycle_1_Pan18650PF,0.7220269441604614
A2-0,202,test_id(25C),03-19-17_03.25 25degC_Cycle_2_Pan18650PF,0.6972317099571228
A2-0,202,test_id(25C),03-19-17_09.07 25degC_Cycle_3_Pan18650PF,0.4158886671066284
A2-0,202,test_id(25C),03-19-17_14.31 25degC_Cycle_4_Pan18650PF,0.7343009114265442
A2-0,202,ood(10C),03-27-17_09.06 10degC_HWFET_Pan18650PF,2.7187798023223877
A2-0,202,ood(10C),03-27-17_09.06 10degC_LA92_Pan18650PF,2.8618950843811035
A2-0,202,ood(10C),03-27-17_09.06 10degC_NN_Pan18650PF,2.311629056930542
A2-0,202,ood(10C),03-27-17_09.06 10degC_UDDS_Pan18650PF,1.605145812034607
A2-0,202,ood(10C),03-27-17_09.06 10degC_US06_Pan18650PF,3.5451738834381104
A2-0,202,ood(10C),03-28-17_12.51 10degC_Cycle_1_Pan18650PF,2.9468822479248047
A2-0,202,ood(10C),03-28-17_18.18 10degC_Cycle_2_Pan18650PF,4.046433448791504
A2-0,202,ood(10C),04-05-17_17.04 10degC_Cycle_3_Pan18650PF,4.052802562713623
A2-0,202,ood(10C),04-05-17_22.50 10degC_Cycle_4_Pan18650PF,2.4574925899505615
A2-0,202,ood(0C),05-30-17_12.56 0degC_Cycle_1_Pan18650PF,8.773898124694824
A2-0,202,ood(0C),05-30-17_20.16 0degC_Cycle_2_Pan18650PF,8.916594505310059
A2-0,202,ood(0C),06-01-17_10.36 0degC_LA92_Pan18650PF,5.134643077850342
A2-0,202,ood(0C),06-01-17_10.36 0degC_NN_Pan18650PF,4.253149032592773
A2-0,202,ood(0C),06-01-17_15.36 0degC_Cycle_3_Pan18650PF,8.912022590637207
A2-0,202,ood(0C),06-01-17_22.03 0degC_Cycle_4_Pan18650PF,7.011078834533691
A2-0,202,ood(0C),06-02-17_04.58 0degC_US06_Pan18650PF,8.821752548217773
A2-0,202,ood(0C),06-02-17_10.43 0degC_HWFET_Pan18650PF,10.300061225891113
A2-0,202,ood(0C),06-02-17_17.14 0degC_UDDS_Pan18650PF,6.783507823944092
A2-0,202,ood(-10C),06-07-17_08.39 n10degC_HWFET_Pan18650PF,6.536009311676025
A2-0,202,ood(-10C),06-07-17_08.39 n10degC_LA92_Pan18650PF,7.03523588180542
A2-0,202,ood(-10C),06-07-17_08.39 n10degC_UDDS_Pan18650PF,8.318073272705078
A2-0,202,ood(-10C),06-07-17_08.39 n10degC_US06_Pan18650PF,4.2620720863342285
A2-0,202,ood(-10C),06-10-17_11.25 n10degC_Cycle_1_Pan18650PF,11.52346420288086
A2-0,202,ood(-10C),06-10-17_18.35 n10degC_Cycle_2_Pan18650PF,16.64739418029785
A2-0,202,ood(-10C),06-11-17_01.39 n10degC_Cycle_3_Pan18650PF,17.063907623291016
A2-0,202,ood(-10C),06-11-17_08.42 n10degC_Cycle_4_Pan18650PF,10.43677043914795
A2-0,202,ood(-10C),06-14-17_13.12 n10degC_NN_Pan18650PF,10.238051414489746
A2-0,202,ood(-20C),06-23-17_23.35 n20degC_HWFET_Pan18650PF,4.165388584136963
A2-0,202,ood(-20C),06-23-17_23.35 n20degC_LA92_Pan18650PF,4.801666736602783
A2-0,202,ood(-20C),06-23-17_23.35 n20degC_NN_Pan18650PF,3.4743473529815674
A2-0,202,ood(-20C),06-23-17_23.35 n20degC_UDDS_Pan18650PF,8.465548515319824
A2-0,202,ood(-20C),06-24-17_04.29 n20degC_Cycle_1_Pan18650PF,20.90155792236328
A2-0,202,ood(-20C),06-24-17_11.58 n20degC_Cycle_2_Pan18650PF,19.21422576904297
A2-0,202,ood(-20C),06-24-17_19.29 n20degC_Cycle_3_Pan18650PF,20.312387466430664
A2-0,202,ood(-20C),06-25-17_03.01 n20degC_Cycle_4_Pan18650PF,16.86129379272461
A2-0,202,ood(-20C),06-25-17_10.31 n20degC_US06_Pan18650PF,21.557323455810547
A2-0,303,test_id(25C),03-18-17_02.17 25degC_Cycle_1_Pan18650PF,0.7629957795143127
A2-0,303,test_id(25C),03-19-17_03.25 25degC_Cycle_2_Pan18650PF,0.6169271469116211
A2-0,303,test_id(25C),03-19-17_09.07 25degC_Cycle_3_Pan18650PF,0.3291739821434021
A2-0,303,test_id(25C),03-19-17_14.31 25degC_Cycle_4_Pan18650PF,0.6902931332588196
A2-0,303,ood(10C),03-27-17_09.06 10degC_HWFET_Pan18650PF,2.7778849601745605
A2-0,303,ood(10C),03-27-17_09.06 10degC_LA92_Pan18650PF,3.214893341064453
A2-0,303,ood(10C),03-27-17_09.06 10degC_NN_Pan18650PF,2.4770736694335938
A2-0,303,ood(10C),03-27-17_09.06 10degC_UDDS_Pan18650PF,1.9824321269989014
A2-0,303,ood(10C),03-27-17_09.06 10degC_US06_Pan18650PF,3.452911615371704
A2-0,303,ood(10C),03-28-17_12.51 10degC_Cycle_1_Pan18650PF,3.313638925552368
A2-0,303,ood(10C),03-28-17_18.18 10degC_Cycle_2_Pan18650PF,4.494766712188721
A2-0,303,ood(10C),04-05-17_17.04 10degC_Cycle_3_Pan18650PF,4.310425758361816
A2-0,303,ood(10C),04-05-17_22.50 10degC_Cycle_4_Pan18650PF,2.6639018058776855
A2-0,303,ood(0C),05-30-17_12.56 0degC_Cycle_1_Pan18650PF,8.564427375793457
A2-0,303,ood(0C),05-30-17_20.16 0degC_Cycle_2_Pan18650PF,8.9152250289917
A2-0,303,ood(0C),06-01-17_10.36 0degC_LA92_Pan18650PF,5.577582836151123
A2-0,303,ood(0C),06-01-17_10.36 0degC_NN_Pan18650PF,4.5059614181518555
A2-0,303,ood(0C),06-01-17_15.36 0degC_Cycle_3_Pan18650PF,9.701645851135254
A2-0,303,ood(0C),06-01-17_22.03 0degC_Cycle_4_Pan18650PF,7.483912467956543
A2-0,303,ood(0C),06-02-17_04.58 0degC_US06_Pan18650PF,8.785416603088379
A2-0,303,ood(0C),06-02-17_10.43 0degC_HWFET_Pan18650PF,10.615117073059082
A2-0,303,ood(0C),06-02-17_17.14 0degC_UDDS_Pan18650PF,7.603896141052246
A2-0,303,ood(-10C),06-07-17_08.39 n10degC_HWFET_Pan18650PF,6.815091133117676
A2-0,303,ood(-10C),06-07-17_08.39 n10degC_LA92_Pan18650PF,7.594733238220215
A2-0,303,ood(-10C),06-07-17_08.39 n10degC_UDDS_Pan18650PF,9.179404258728027
A2-0,303,ood(-10C),06-07-17_08.39 n10degC_US06_Pan18650PF,4.525965690612793
A2-0,303,ood(-10C),06-10-17_11.25 n10degC_Cycle_1_Pan18650PF,12.22757625579834
A2-0,303,ood(-10C),06-10-17_18.35 n10degC_Cycle_2_Pan18650PF,17.437705993652344
A2-0,303,ood(-10C),06-11-17_01.39 n10degC_Cycle_3_Pan18650PF,18.02642250061035
A2-0,303,ood(-10C),06-11-17_08.42 n10degC_Cycle_4_Pan18650PF,11.065650939941406
A2-0,303,ood(-10C),06-14-17_13.12 n10degC_NN_Pan18650PF,10.791622161865234
A2-0,303,ood(-20C),06-23-17_23.35 n20degC_HWFET_Pan18650PF,4.488181114196777
A2-0,303,ood(-20C),06-23-17_23.35 n20degC_LA92_Pan18650PF,5.345954418182373
A2-0,303,ood(-20C),06-23-17_23.35 n20degC_NN_Pan18650PF,4.042534351348877
A2-0,303,ood(-20C),06-23-17_23.35 n20degC_UDDS_Pan18650PF,9.223027229309082
A2-0,303,ood(-20C),06-24-17_04.29 n20degC_Cycle_1_Pan18650PF,21.80158233642578
A2-0,303,ood(-20C),06-24-17_11.58 n20degC_Cycle_2_Pan18650PF,20.05951690673828
A2-0,303,ood(-20C),06-24-17_19.29 n20degC_Cycle_3_Pan18650PF,21.26793098449707
A2-0,303,ood(-20C),06-25-17_03.01 n20degC_Cycle_4_Pan18650PF,17.510499954223633
A2-0,303,ood(-20C),06-25-17_10.31 n20degC_US06_Pan18650PF,21.86117935180664
A2-0,404,test_id(25C),03-18-17_02.17 25degC_Cycle_1_Pan18650PF,0.7713030576705933
A2-0,404,test_id(25C),03-19-17_03.25 25degC_Cycle_2_Pan18650PF,0.6289316415786743
A2-0,404,test_id(25C),03-19-17_09.07 25degC_Cycle_3_Pan18650PF,0.3270667493343353
A2-0,404,test_id(25C),03-19-17_14.31 25degC_Cycle_4_Pan18650PF,0.6568158268928528
A2-0,404,ood(10C),03-27-17_09.06 10degC_HWFET_Pan18650PF,2.967210531234741
A2-0,404,ood(10C),03-27-17_09.06 10degC_LA92_Pan18650PF,3.259270429611206
A2-0,404,ood(10C),03-27-17_09.06 10degC_NN_Pan18650PF,2.5697076320648193
A2-0,404,ood(10C),03-27-17_09.06 10degC_UDDS_Pan18650PF,2.1150095462799072
A2-0,404,ood(10C),03-27-17_09.06 10degC_US06_Pan18650PF,3.5520243644714355
A2-0,404,ood(10C),03-28-17_12.51 10degC_Cycle_1_Pan18650PF,3.3686978816986084
A2-0,404,ood(10C),03-28-17_18.18 10degC_Cycle_2_Pan18650PF,4.512225151062012
A2-0,404,ood(10C),04-05-17_17.04 10degC_Cycle_3_Pan18650PF,4.432805061340332
A2-0,404,ood(10C),04-05-17_22.50 10degC_Cycle_4_Pan18650PF,2.7914986610412598
A2-0,404,ood(0C),05-30-17_12.56 0degC_Cycle_1_Pan18650PF,8.84938907623291
A2-0,404,ood(0C),05-30-17_20.16 0degC_Cycle_2_Pan18650PF,9.059884071350098
A2-0,404,ood(0C),06-01-17_10.36 0degC_LA92_Pan18650PF,5.66455078125
A2-0,404,ood(0C),06-01-17_10.36 0degC_NN_Pan18650PF,4.6530656814575195
A2-0,404,ood(0C),06-01-17_15.36 0degC_Cycle_3_Pan18650PF,9.872815132141113
A2-0,404,ood(0C),06-01-17_22.03 0degC_Cycle_4_Pan18650PF,7.679080963134766
A2-0,404,ood(0C),06-02-17_04.58 0degC_US06_Pan18650PF,9.04024887084961
A2-0,404,ood(0C),06-02-17_10.43 0degC_HWFET_Pan18650PF,11.049985885620117
A2-0,404,ood(0C),06-02-17_17.14 0degC_UDDS_Pan18650PF,7.811254024505615
A2-0,404,ood(-10C),06-07-17_08.39 n10degC_HWFET_Pan18650PF,7.198276996612549
A2-0,404,ood(-10C),06-07-17_08.39 n10degC_LA92_Pan18650PF,7.744042873382568
A2-0,404,ood(-10C),06-07-17_08.39 n10degC_UDDS_Pan18650PF,9.339127540588379
A2-0,404,ood(-10C),06-07-17_08.39 n10degC_US06_Pan18650PF,4.621474742889404
A2-0,404,ood(-10C),06-10-17_11.25 n10degC_Cycle_1_Pan18650PF,12.478967666625977
A2-0,404,ood(-10C),06-10-17_18.35 n10degC_Cycle_2_Pan18650PF,17.747777938842773
A2-0,404,ood(-10C),06-11-17_01.39 n10degC_Cycle_3_Pan18650PF,18.237293243408203
A2-0,404,ood(-10C),06-11-17_08.42 n10degC_Cycle_4_Pan18650PF,11.3298921585083
A2-0,404,ood(-10C),06-14-17_13.12 n10degC_NN_Pan18650PF,11.092260360717773
A2-0,404,ood(-20C),06-23-17_23.35 n20degC_HWFET_Pan18650PF,4.875855922698975
A2-0,404,ood(-20C),06-23-17_23.35 n20degC_LA92_Pan18650PF,5.551182746887207
A2-0,404,ood(-20C),06-23-17_23.35 n20degC_NN_Pan18650PF,4.324251651763916
A2-0,404,ood(-20C),06-23-17_23.35 n20degC_UDDS_Pan18650PF,9.40012264251709
A2-0,404,ood(-20C),06-24-17_04.29 n20degC_Cycle_1_Pan18650PF,22.00037384033203
A2-0,404,ood(-20C),06-24-17_11.58 n20degC_Cycle_2_Pan18650PF,20.382753372192383
A2-0,404,ood(-20C),06-24-17_19.29 n20degC_Cycle_3_Pan18650PF,21.589933395385742
A2-0,404,ood(-20C),06-25-17_03.01 n20degC_Cycle_4_Pan18650PF,17.840078353881836
A2-0,404,ood(-20C),06-25-17_10.31 n20degC_US06_Pan18650PF,22.19898796081543
A2-0,505,test_id(25C),03-18-17_02.17 25degC_Cycle_1_Pan18650PF,0.752106785774231
A2-0,505,test_id(25C),03-19-17_03.25 25degC_Cycle_2_Pan18650PF,0.6305276155471802
A2-0,505,test_id(25C),03-19-17_09.07 25degC_Cycle_3_Pan18650PF,0.33523398637771606
A2-0,505,test_id(25C),03-19-17_14.31 25degC_Cycle_4_Pan18650PF,0.6822356581687927
A2-0,505,ood(10C),03-27-17_09.06 10degC_HWFET_Pan18650PF,2.807758092880249
A2-0,505,ood(10C),03-27-17_09.06 10degC_LA92_Pan18650PF,3.008492946624756
A2-0,505,ood(10C),03-27-17_09.06 10degC_NN_Pan18650PF,2.367380380630493
A2-0,505,ood(10C),03-27-17_09.06 10degC_UDDS_Pan18650PF,1.8150053024291992
A2-0,505,ood(10C),03-27-17_09.06 10degC_US06_Pan18650PF,3.3950278759002686
A2-0,505,ood(10C),03-28-17_12.51 10degC_Cycle_1_Pan18650PF,3.0957114696502686
A2-0,505,ood(10C),03-28-17_18.18 10degC_Cycle_2_Pan18650PF,4.208188056945801
A2-0,505,ood(10C),04-05-17_17.04 10degC_Cycle_3_Pan18650PF,4.222809791564941
A2-0,505,ood(10C),04-05-17_22.50 10degC_Cycle_4_Pan18650PF,2.4410877227783203
A2-0,505,ood(0C),05-30-17_12.56 0degC_Cycle_1_Pan18650PF,8.794164657592773
A2-0,505,ood(0C),05-30-17_20.16 0degC_Cycle_2_Pan18650PF,8.91938591003418
A2-0,505,ood(0C),06-01-17_10.36 0degC_LA92_Pan18650PF,5.381631374359131
A2-0,505,ood(0C),06-01-17_10.36 0degC_NN_Pan18650PF,4.471750736236572
A2-0,505,ood(0C),06-01-17_15.36 0degC_Cycle_3_Pan18650PF,9.492999076843262
A2-0,505,ood(0C),06-01-17_22.03 0degC_Cycle_4_Pan18650PF,7.208456993103027
A2-0,505,ood(0C),06-02-17_04.58 0degC_US06_Pan18650PF,8.728072166442871
A2-0,505,ood(0C),06-02-17_10.43 0degC_HWFET_Pan18650PF,10.558366775512695
A2-0,505,ood(0C),06-02-17_17.14 0degC_UDDS_Pan18650PF,7.235427379608154
A2-0,505,ood(-10C),06-07-17_08.39 n10degC_HWFET_Pan18650PF,6.664700031280518
A2-0,505,ood(-10C),06-07-17_08.39 n10degC_LA92_Pan18650PF,7.274515628814697
A2-0,505,ood(-10C),06-07-17_08.39 n10degC_UDDS_Pan18650PF,8.70431137084961
A2-0,505,ood(-10C),06-07-17_08.39 n10degC_US06_Pan18650PF,4.33673095703125
A2-0,505,ood(-10C),06-10-17_11.25 n10degC_Cycle_1_Pan18650PF,11.839749336242676
A2-0,505,ood(-10C),06-10-17_18.35 n10degC_Cycle_2_Pan18650PF,17.045984268188477
A2-0,505,ood(-10C),06-11-17_01.39 n10degC_Cycle_3_Pan18650PF,17.730836868286133
A2-0,505,ood(-10C),06-11-17_08.42 n10degC_Cycle_4_Pan18650PF,10.743626594543457
A2-0,505,ood(-10C),06-14-17_13.12 n10degC_NN_Pan18650PF,10.666147232055664
A2-0,505,ood(-20C),06-23-17_23.35 n20degC_HWFET_Pan18650PF,4.437589168548584
A2-0,505,ood(-20C),06-23-17_23.35 n20degC_LA92_Pan18650PF,5.112300395965576
A2-0,505,ood(-20C),06-23-17_23.35 n20degC_NN_Pan18650PF,3.9993832111358643
A2-0,505,ood(-20C),06-23-17_23.35 n20degC_UDDS_Pan18650PF,8.76659870147705
A2-0,505,ood(-20C),06-24-17_04.29 n20degC_Cycle_1_Pan18650PF,21.332536697387695
A2-0,505,ood(-20C),06-24-17_11.58 n20degC_Cycle_2_Pan18650PF,19.636871337890625
A2-0,505,ood(-20C),06-24-17_19.29 n20degC_Cycle_3_Pan18650PF,20.984268188476562
A2-0,505,ood(-20C),06-25-17_03.01 n20degC_Cycle_4_Pan18650PF,17.0092830657959
A2-0,505,ood(-20C),06-25-17_10.31 n20degC_US06_Pan18650PF,21.824569702148438
A2-0,606,test_id(25C),03-18-17_02.17 25degC_Cycle_1_Pan18650PF,0.7337830662727356
A2-0,606,test_id(25C),03-19-17_03.25 25degC_Cycle_2_Pan18650PF,0.6635719537734985
A2-0,606,test_id(25C),03-19-17_09.07 25degC_Cycle_3_Pan18650PF,0.36323726177215576
A2-0,606,test_id(25C),03-19-17_14.31 25degC_Cycle_4_Pan18650PF,0.5793445706367493
A2-0,606,ood(10C),03-27-17_09.06 10degC_HWFET_Pan18650PF,3.002624750137329
A2-0,606,ood(10C),03-27-17_09.06 10degC_LA92_Pan18650PF,3.2328810691833496
A2-0,606,ood(10C),03-27-17_09.06 10degC_NN_Pan18650PF,2.5943055152893066
A2-0,606,ood(10C),03-27-17_09.06 10degC_UDDS_Pan18650PF,2.1621575355529785
A2-0,606,ood(10C),03-27-17_09.06 10degC_US06_Pan18650PF,3.5370686054229736
A2-0,606,ood(10C),03-28-17_12.51 10degC_Cycle_1_Pan18650PF,3.3260300159454346
A2-0,606,ood(10C),03-28-17_18.18 10degC_Cycle_2_Pan18650PF,4.424263000488281
A2-0,606,ood(10C),04-05-17_17.04 10degC_Cycle_3_Pan18650PF,4.398229122161865
A2-0,606,ood(10C),04-05-17_22.50 10degC_Cycle_4_Pan18650PF,2.8101155757904053
A2-0,606,ood(0C),05-30-17_12.56 0degC_Cycle_1_Pan18650PF,9.482053756713867
A2-0,606,ood(0C),05-30-17_20.16 0degC_Cycle_2_Pan18650PF,9.667211532592773
A2-0,606,ood(0C),06-01-17_10.36 0degC_LA92_Pan18650PF,5.779585838317871
A2-0,606,ood(0C),06-01-17_10.36 0degC_NN_Pan18650PF,4.804009437561035
A2-0,606,ood(0C),06-01-17_15.36 0degC_Cycle_3_Pan18650PF,9.731128692626953
A2-0,606,ood(0C),06-01-17_22.03 0degC_Cycle_4_Pan18650PF,7.804964065551758
A2-0,606,ood(0C),06-02-17_04.58 0degC_US06_Pan18650PF,8.986098289489746
A2-0,606,ood(0C),06-02-17_10.43 0degC_HWFET_Pan18650PF,10.91723346710205
A2-0,606,ood(0C),06-02-17_17.14 0degC_UDDS_Pan18650PF,7.915979862213135
A2-0,606,ood(-10C),06-07-17_08.39 n10degC_HWFET_Pan18650PF,7.299615383148193
A2-0,606,ood(-10C),06-07-17_08.39 n10degC_LA92_Pan18650PF,7.985212802886963
A2-0,606,ood(-10C),06-07-17_08.39 n10degC_UDDS_Pan18650PF,9.586969375610352
A2-0,606,ood(-10C),06-07-17_08.39 n10degC_US06_Pan18650PF,4.905844211578369
A2-0,606,ood(-10C),06-10-17_11.25 n10degC_Cycle_1_Pan18650PF,12.572120666503906
A2-0,606,ood(-10C),06-10-17_18.35 n10degC_Cycle_2_Pan18650PF,17.871353149414062
A2-0,606,ood(-10C),06-11-17_01.39 n10degC_Cycle_3_Pan18650PF,18.26485252380371
A2-0,606,ood(-10C),06-11-17_08.42 n10degC_Cycle_4_Pan18650PF,11.436197280883789
A2-0,606,ood(-10C),06-14-17_13.12 n10degC_NN_Pan18650PF,11.195634841918945
A2-0,606,ood(-20C),06-23-17_23.35 n20degC_HWFET_Pan18650PF,5.103034019470215
A2-0,606,ood(-20C),06-23-17_23.35 n20degC_LA92_Pan18650PF,5.8725996017456055
A2-0,606,ood(-20C),06-23-17_23.35 n20degC_NN_Pan18650PF,4.640361785888672
A2-0,606,ood(-20C),06-23-17_23.35 n20degC_UDDS_Pan18650PF,9.71480655670166
A2-0,606,ood(-20C),06-24-17_04.29 n20degC_Cycle_1_Pan18650PF,22.16560173034668
A2-0,606,ood(-20C),06-24-17_11.58 n20degC_Cycle_2_Pan18650PF,20.590065002441406
A2-0,606,ood(-20C),06-24-17_19.29 n20degC_Cycle_3_Pan18650PF,21.723125457763672
A2-0,606,ood(-20C),06-25-17_03.01 n20degC_Cycle_4_Pan18650PF,18.029438018798828
A2-0,606,ood(-20C),06-25-17_10.31 n20degC_US06_Pan18650PF,22.275144577026367
A2-0,707,test_id(25C),03-18-17_02.17 25degC_Cycle_1_Pan18650PF,0.7473613619804382
A2-0,707,test_id(25C),03-19-17_03.25 25degC_Cycle_2_Pan18650PF,0.6862173080444336
A2-0,707,test_id(25C),03-19-17_09.07 25degC_Cycle_3_Pan18650PF,0.38674384355545044
A2-0,707,test_id(25C),03-19-17_14.31 25degC_Cycle_4_Pan18650PF,0.5835955142974854
A2-0,707,ood(10C),03-27-17_09.06 10degC_HWFET_Pan18650PF,2.803511619567871
A2-0,707,ood(10C),03-27-17_09.06 10degC_LA92_Pan18650PF,2.9487457275390625
A2-0,707,ood(10C),03-27-17_09.06 10degC_NN_Pan18650PF,2.301368474960327
A2-0,707,ood(10C),03-27-17_09.06 10degC_UDDS_Pan18650PF,1.7552756071090698
A2-0,707,ood(10C),03-27-17_09.06 10degC_US06_Pan18650PF,3.3690104484558105
A2-0,707,ood(10C),03-28-17_12.51 10degC_Cycle_1_Pan18650PF,3.0129997730255127
A2-0,707,ood(10C),03-28-17_18.18 10degC_Cycle_2_Pan18650PF,4.09743070602417
A2-0,707,ood(10C),04-05-17_17.04 10degC_Cycle_3_Pan18650PF,4.139698028564453
A2-0,707,ood(10C),04-05-17_22.50 10degC_Cycle_4_Pan18650PF,2.4573264122009277
A2-0,707,ood(0C),05-30-17_12.56 0degC_Cycle_1_Pan18650PF,9.091153144836426
A2-0,707,ood(0C),05-30-17_20.16 0degC_Cycle_2_Pan18650PF,9.149994850158691
A2-0,707,ood(0C),06-01-17_10.36 0degC_LA92_Pan18650PF,5.295104026794434
A2-0,707,ood(0C),06-01-17_10.36 0degC_NN_Pan18650PF,4.362743377685547
A2-0,707,ood(0C),06-01-17_15.36 0degC_Cycle_3_Pan18650PF,9.363786697387695
A2-0,707,ood(0C),06-01-17_22.03 0degC_Cycle_4_Pan18650PF,7.144270420074463
A2-0,707,ood(0C),06-02-17_04.58 0degC_US06_Pan18650PF,8.675881385803223
A2-0,707,ood(0C),06-02-17_10.43 0degC_HWFET_Pan18650PF,10.610251426696777
A2-0,707,ood(0C),06-02-17_17.14 0degC_UDDS_Pan18650PF,7.177728652954102
A2-0,707,ood(-10C),06-07-17_08.39 n10degC_HWFET_Pan18650PF,6.657983303070068
A2-0,707,ood(-10C),06-07-17_08.39 n10degC_LA92_Pan18650PF,7.186720848083496
A2-0,707,ood(-10C),06-07-17_08.39 n10degC_UDDS_Pan18650PF,8.637605667114258
A2-0,707,ood(-10C),06-07-17_08.39 n10degC_US06_Pan18650PF,4.152552127838135
A2-0,707,ood(-10C),06-10-17_11.25 n10degC_Cycle_1_Pan18650PF,11.836310386657715
A2-0,707,ood(-10C),06-10-17_18.35 n10degC_Cycle_2_Pan18650PF,16.97431182861328
A2-0,707,ood(-10C),06-11-17_01.39 n10degC_Cycle_3_Pan18650PF,17.606718063354492
A2-0,707,ood(-10C),06-11-17_08.42 n10degC_Cycle_4_Pan18650PF,10.601991653442383
A2-0,707,ood(-10C),06-14-17_13.12 n10degC_NN_Pan18650PF,10.482512474060059
A2-0,707,ood(-20C),06-23-17_23.35 n20degC_HWFET_Pan18650PF,4.306946754455566
A2-0,707,ood(-20C),06-23-17_23.35 n20degC_LA92_Pan18650PF,4.948423385620117
A2-0,707,ood(-20C),06-23-17_23.35 n20degC_NN_Pan18650PF,3.8010969161987305
A2-0,707,ood(-20C),06-23-17_23.35 n20degC_UDDS_Pan18650PF,8.649688720703125
A2-0,707,ood(-20C),06-24-17_04.29 n20degC_Cycle_1_Pan18650PF,21.166858673095703
A2-0,707,ood(-20C),06-24-17_11.58 n20degC_Cycle_2_Pan18650PF,19.43741226196289
A2-0,707,ood(-20C),06-24-17_19.29 n20degC_Cycle_3_Pan18650PF,20.778600692749023
A2-0,707,ood(-20C),06-25-17_03.01 n20degC_Cycle_4_Pan18650PF,16.8199462890625
A2-0,707,ood(-20C),06-25-17_10.31 n20degC_US06_Pan18650PF,21.338953018188477
A2-1,7,test_id(25C),03-18-17_02.17 25degC_Cycle_1_Pan18650PF,0.7260810136795044
A2-1,7,test_id(25C),03-19-17_03.25 25degC_Cycle_2_Pan18650PF,0.6743921041488647
A2-1,7,test_id(25C),03-19-17_09.07 25degC_Cycle_3_Pan18650PF,0.3837543725967407
A2-1,7,test_id(25C),03-19-17_14.31 25degC_Cycle_4_Pan18650PF,0.6149117946624756
A2-1,7,ood(10C),03-27-17_09.06 10degC_HWFET_Pan18650PF,2.959296703338623
A2-1,7,ood(10C),03-27-17_09.06 10degC_LA92_Pan18650PF,3.175473690032959
A2-1,7,ood(10C),03-27-17_09.06 10degC_NN_Pan18650PF,2.572453022003174
A2-1,7,ood(10C),03-27-17_09.06 10degC_UDDS_Pan18650PF,2.083895444869995
A2-1,7,ood(10C),03-27-17_09.06 10degC_US06_Pan18650PF,3.6161298751831055
A2-1,7,ood(10C),03-28-17_12.51 10degC_Cycle_1_Pan18650PF,3.334430694580078
A2-1,7,ood(10C),03-28-17_18.18 10degC_Cycle_2_Pan18650PF,4.45290994644165
A2-1,7,ood(10C),04-05-17_17.04 10degC_Cycle_3_Pan18650PF,4.423451900482178
A2-1,7,ood(10C),04-05-17_22.50 10degC_Cycle_4_Pan18650PF,2.791673183441162
A2-1,7,ood(0C),05-30-17_12.56 0degC_Cycle_1_Pan18650PF,9.147193908691406
A2-1,7,ood(0C),05-30-17_20.16 0degC_Cycle_2_Pan18650PF,9.361810684204102
A2-1,7,ood(0C),06-01-17_10.36 0degC_LA92_Pan18650PF,5.668076515197754
A2-1,7,ood(0C),06-01-17_10.36 0degC_NN_Pan18650PF,4.600500583648682
A2-1,7,ood(0C),06-01-17_15.36 0degC_Cycle_3_Pan18650PF,9.86575698852539
A2-1,7,ood(0C),06-01-17_22.03 0degC_Cycle_4_Pan18650PF,7.717280864715576
A2-1,7,ood(0C),06-02-17_04.58 0degC_US06_Pan18650PF,9.188716888427734
A2-1,7,ood(0C),06-02-17_10.43 0degC_HWFET_Pan18650PF,11.069670677185059
A2-1,7,ood(0C),06-02-17_17.14 0degC_UDDS_Pan18650PF,7.809173583984375
A2-1,7,ood(-10C),06-07-17_08.39 n10degC_HWFET_Pan18650PF,7.03990364074707
A2-1,7,ood(-10C),06-07-17_08.39 n10degC_LA92_Pan18650PF,7.638068199157715
A2-1,7,ood(-10C),06-07-17_08.39 n10degC_UDDS_Pan18650PF,9.195040702819824
A2-1,7,ood(-10C),06-07-17_08.39 n10degC_US06_Pan18650PF,4.347574234008789
A2-1,7,ood(-10C),06-10-17_11.25 n10degC_Cycle_1_Pan18650PF,12.393816947937012
A2-1,7,ood(-10C),06-10-17_18.35 n10degC_Cycle_2_Pan18650PF,17.740575790405273
A2-1,7,ood(-10C),06-11-17_01.39 n10degC_Cycle_3_Pan18650PF,18.200838088989258
A2-1,7,ood(-10C),06-11-17_08.42 n10degC_Cycle_4_Pan18650PF,11.337333679199219
A2-1,7,ood(-10C),06-14-17_13.12 n10degC_NN_Pan18650PF,11.074761390686035
A2-1,7,ood(-20C),06-23-17_23.35 n20degC_HWFET_Pan18650PF,4.587717056274414
A2-1,7,ood(-20C),06-23-17_23.35 n20degC_LA92_Pan18650PF,5.298098564147949
A2-1,7,ood(-20C),06-23-17_23.35 n20degC_NN_Pan18650PF,4.084866523742676
A2-1,7,ood(-20C),06-23-17_23.35 n20degC_UDDS_Pan18650PF,9.069051742553711
A2-1,7,ood(-20C),06-24-17_04.29 n20degC_Cycle_1_Pan18650PF,21.783079147338867
A2-1,7,ood(-20C),06-24-17_11.58 n20degC_Cycle_2_Pan18650PF,20.25933837890625
A2-1,7,ood(-20C),06-24-17_19.29 n20degC_Cycle_3_Pan18650PF,21.365785598754883
A2-1,7,ood(-20C),06-25-17_03.01 n20degC_Cycle_4_Pan18650PF,17.611875534057617
A2-1,7,ood(-20C),06-25-17_10.31 n20degC_US06_Pan18650PF,22.48419761657715
A2-1,13,test_id(25C),03-18-17_02.17 25degC_Cycle_1_Pan18650PF,0.741970419883728
A2-1,13,test_id(25C),03-19-17_03.25 25degC_Cycle_2_Pan18650PF,0.6111736297607422
A2-1,13,test_id(25C),03-19-17_09.07 25degC_Cycle_3_Pan18650PF,0.3581485450267792
A2-1,13,test_id(25C),03-19-17_14.31 25degC_Cycle_4_Pan18650PF,0.6146568059921265
A2-1,13,ood(10C),03-27-17_09.06 10degC_HWFET_Pan18650PF,2.8353192806243896
A2-1,13,ood(10C),03-27-17_09.06 10degC_LA92_Pan18650PF,3.256309747695923
A2-1,13,ood(10C),03-27-17_09.06 10degC_NN_Pan18650PF,2.541749954223633
A2-1,13,ood(10C),03-27-17_09.06 10degC_UDDS_Pan18650PF,2.001443862915039
A2-1,13,ood(10C),03-27-17_09.06 10degC_US06_Pan18650PF,3.6327245235443115
A2-1,13,ood(10C),03-28-17_12.51 10degC_Cycle_1_Pan18650PF,3.358898639678955
A2-1,13,ood(10C),03-28-17_18.18 10degC_Cycle_2_Pan18650PF,4.519683361053467
A2-1,13,ood(10C),04-05-17_17.04 10degC_Cycle_3_Pan18650PF,4.40097713470459
A2-1,13,ood(10C),04-05-17_22.50 10degC_Cycle_4_Pan18650PF,2.7295191287994385
A2-1,13,ood(0C),05-30-17_12.56 0degC_Cycle_1_Pan18650PF,8.998059272766113
A2-1,13,ood(0C),05-30-17_20.16 0degC_Cycle_2_Pan18650PF,9.256176948547363
A2-1,13,ood(0C),06-01-17_10.36 0degC_LA92_Pan18650PF,5.681998252868652
A2-1,13,ood(0C),06-01-17_10.36 0degC_NN_Pan18650PF,4.589632987976074
A2-1,13,ood(0C),06-01-17_15.36 0degC_Cycle_3_Pan18650PF,9.758599281311035
A2-1,13,ood(0C),06-01-17_22.03 0degC_Cycle_4_Pan18650PF,7.623438835144043
A2-1,13,ood(0C),06-02-17_04.58 0degC_US06_Pan18650PF,9.170060157775879
A2-1,13,ood(0C),06-02-17_10.43 0degC_HWFET_Pan18650PF,10.77461051940918
A2-1,13,ood(0C),06-02-17_17.14 0degC_UDDS_Pan18650PF,7.612493515014648
A2-1,13,ood(-10C),06-07-17_08.39 n10degC_HWFET_Pan18650PF,6.83224630355835
A2-1,13,ood(-10C),06-07-17_08.39 n10degC_LA92_Pan18650PF,7.5754594802856445
A2-1,13,ood(-10C),06-07-17_08.39 n10degC_UDDS_Pan18650PF,9.048385620117188
A2-1,13,ood(-10C),06-07-17_08.39 n10degC_US06_Pan18650PF,4.487669944763184
A2-1,13,ood(-10C),06-10-17_11.25 n10degC_Cycle_1_Pan18650PF,12.235121726989746
A2-1,13,ood(-10C),06-10-17_18.35 n10degC_Cycle_2_Pan18650PF,17.561452865600586
A2-1,13,ood(-10C),06-11-17_01.39 n10degC_Cycle_3_Pan18650PF,18.110002517700195
A2-1,13,ood(-10C),06-11-17_08.42 n10degC_Cycle_4_Pan18650PF,11.255407333374023
A2-1,13,ood(-10C),06-14-17_13.12 n10degC_NN_Pan18650PF,10.995965003967285
A2-1,13,ood(-20C),06-23-17_23.35 n20degC_HWFET_Pan18650PF,4.5149922370910645
A2-1,13,ood(-20C),06-23-17_23.35 n20degC_LA92_Pan18650PF,5.313697814941406
A2-1,13,ood(-20C),06-23-17_23.35 n20degC_NN_Pan18650PF,4.066934585571289
A2-1,13,ood(-20C),06-23-17_23.35 n20degC_UDDS_Pan18650PF,9.034058570861816
A2-1,13,ood(-20C),06-24-17_04.29 n20degC_Cycle_1_Pan18650PF,21.759428024291992
A2-1,13,ood(-20C),06-24-17_11.58 n20degC_Cycle_2_Pan18650PF,20.158000946044922
A2-1,13,ood(-20C),06-24-17_19.29 n20degC_Cycle_3_Pan18650PF,21.37261962890625
A2-1,13,ood(-20C),06-25-17_03.01 n20degC_Cycle_4_Pan18650PF,17.507770538330078
A2-1,13,ood(-20C),06-25-17_10.31 n20degC_US06_Pan18650PF,22.616567611694336
A2-1,42,test_id(25C),03-18-17_02.17 25degC_Cycle_1_Pan18650PF,0.7359955310821533
A2-1,42,test_id(25C),03-19-17_03.25 25degC_Cycle_2_Pan18650PF,0.6947647333145142
A2-1,42,test_id(25C),03-19-17_09.07 25degC_Cycle_3_Pan18650PF,0.38390052318573
A2-1,42,test_id(25C),03-19-17_14.31 25degC_Cycle_4_Pan18650PF,0.6150041818618774
A2-1,42,ood(10C),03-27-17_09.06 10degC_HWFET_Pan18650PF,3.164912700653076
A2-1,42,ood(10C),03-27-17_09.06 10degC_LA92_Pan18650PF,3.4607222080230713
A2-1,42,ood(10C),03-27-17_09.06 10degC_NN_Pan18650PF,2.8081068992614746
A2-1,42,ood(10C),03-27-17_09.06 10degC_UDDS_Pan18650PF,2.3578269481658936
A2-1,42,ood(10C),03-27-17_09.06 10degC_US06_Pan18650PF,3.8233392238616943
A2-1,42,ood(10C),03-28-17_12.51 10degC_Cycle_1_Pan18650PF,3.600432872772217
A2-1,42,ood(10C),03-28-17_18.18 10degC_Cycle_2_Pan18650PF,4.71670389175415
A2-1,42,ood(10C),04-05-17_17.04 10degC_Cycle_3_Pan18650PF,4.6385297775268555
A2-1,42,ood(10C),04-05-17_22.50 10degC_Cycle_4_Pan18650PF,3.0693373680114746
A2-1,42,ood(0C),05-30-17_12.56 0degC_Cycle_1_Pan18650PF,9.43416976928711
A2-1,42,ood(0C),05-30-17_20.16 0degC_Cycle_2_Pan18650PF,9.696874618530273
A2-1,42,ood(0C),06-01-17_10.36 0degC_LA92_Pan18650PF,6.009018421173096
A2-1,42,ood(0C),06-01-17_10.36 0degC_NN_Pan18650PF,4.950766086578369
A2-1,42,ood(0C),06-01-17_15.36 0degC_Cycle_3_Pan18650PF,10.26819896697998
A2-1,42,ood(0C),06-01-17_22.03 0degC_Cycle_4_Pan18650PF,8.178285598754883
A2-1,42,ood(0C),06-02-17_04.58 0degC_US06_Pan18650PF,9.462940216064453
A2-1,42,ood(0C),06-02-17_10.43 0degC_HWFET_Pan18650PF,11.628955841064453
A2-1,42,ood(0C),06-02-17_17.14 0degC_UDDS_Pan18650PF,8.265277862548828
A2-1,42,ood(-10C),06-07-17_08.39 n10degC_HWFET_Pan18650PF,7.691688537597656
A2-1,42,ood(-10C),06-07-17_08.39 n10degC_LA92_Pan18650PF,8.144641876220703
A2-1,42,ood(-10C),06-07-17_08.39 n10degC_UDDS_Pan18650PF,9.761556625366211
A2-1,42,ood(-10C),06-07-17_08.39 n10degC_US06_Pan18650PF,4.888274669647217
A2-1,42,ood(-10C),06-10-17_11.25 n10degC_Cycle_1_Pan18650PF,13.010064125061035
A2-1,42,ood(-10C),06-10-17_18.35 n10degC_Cycle_2_Pan18650PF,18.310640335083008
A2-1,42,ood(-10C),06-11-17_01.39 n10degC_Cycle_3_Pan18650PF,18.719879150390625
A2-1,42,ood(-10C),06-11-17_08.42 n10degC_Cycle_4_Pan18650PF,11.85290813446045
A2-1,42,ood(-10C),06-14-17_13.12 n10degC_NN_Pan18650PF,11.5145845413208
A2-1,42,ood(-20C),06-23-17_23.35 n20degC_HWFET_Pan18650PF,5.29379940032959
A2-1,42,ood(-20C),06-23-17_23.35 n20degC_LA92_Pan18650PF,5.905588626861572
A2-1,42,ood(-20C),06-23-17_23.35 n20degC_NN_Pan18650PF,4.636125564575195
A2-1,42,ood(-20C),06-23-17_23.35 n20degC_UDDS_Pan18650PF,9.715252876281738
A2-1,42,ood(-20C),06-24-17_04.29 n20degC_Cycle_1_Pan18650PF,22.49212646484375
A2-1,42,ood(-20C),06-24-17_11.58 n20degC_Cycle_2_Pan18650PF,20.92241859436035
A2-1,42,ood(-20C),06-24-17_19.29 n20degC_Cycle_3_Pan18650PF,22.057567596435547
A2-1,42,ood(-20C),06-25-17_03.01 n20degC_Cycle_4_Pan18650PF,18.403032302856445
A2-1,42,ood(-20C),06-25-17_10.31 n20degC_US06_Pan18650PF,22.758840560913086
A2-1,101,test_id(25C),03-18-17_02.17 25degC_Cycle_1_Pan18650PF,0.7107755541801453
A2-1,101,test_id(25C),03-19-17_03.25 25degC_Cycle_2_Pan18650PF,0.6901308298110962
A2-1,101,test_id(25C),03-19-17_09.07 25degC_Cycle_3_Pan18650PF,0.41036537289619446
A2-1,101,test_id(25C),03-19-17_14.31 25degC_Cycle_4_Pan18650PF,0.630051851272583
A2-1,101,ood(10C),03-27-17_09.06 10degC_HWFET_Pan18650PF,2.82243013381958
A2-1,101,ood(10C),03-27-17_09.06 10degC_LA92_Pan18650PF,3.0108113288879395
A2-1,101,ood(10C),03-27-17_09.06 10degC_NN_Pan18650PF,2.4394712448120117
A2-1,101,ood(10C),03-27-17_09.06 10degC_UDDS_Pan18650PF,1.996230959892273
A2-1,101,ood(10C),03-27-17_09.06 10degC_US06_Pan18650PF,3.289250373840332
A2-1,101,ood(10C),03-28-17_12.51 10degC_Cycle_1_Pan18650PF,3.1365394592285156
A2-1,101,ood(10C),03-28-17_18.18 10degC_Cycle_2_Pan18650PF,4.162189960479736
A2-1,101,ood(10C),04-05-17_17.04 10degC_Cycle_3_Pan18650PF,4.204798698425293
A2-1,101,ood(10C),04-05-17_22.50 10degC_Cycle_4_Pan18650PF,2.5716824531555176
A2-1,101,ood(0C),05-30-17_12.56 0degC_Cycle_1_Pan18650PF,9.173070907592773
A2-1,101,ood(0C),05-30-17_20.16 0degC_Cycle_2_Pan18650PF,9.18245792388916
A2-1,101,ood(0C),06-01-17_10.36 0degC_LA92_Pan18650PF,5.619115352630615
A2-1,101,ood(0C),06-01-17_10.36 0degC_NN_Pan18650PF,4.598267555236816
A2-1,101,ood(0C),06-01-17_15.36 0degC_Cycle_3_Pan18650PF,9.358052253723145
A2-1,101,ood(0C),06-01-17_22.03 0degC_Cycle_4_Pan18650PF,7.579770088195801
A2-1,101,ood(0C),06-02-17_04.58 0degC_US06_Pan18650PF,8.758647918701172
A2-1,101,ood(0C),06-02-17_10.43 0degC_HWFET_Pan18650PF,10.530669212341309
A2-1,101,ood(0C),06-02-17_17.14 0degC_UDDS_Pan18650PF,7.7083940505981445
A2-1,101,ood(-10C),06-07-17_08.39 n10degC_HWFET_Pan18650PF,6.966294288635254
A2-1,101,ood(-10C),06-07-17_08.39 n10degC_LA92_Pan18650PF,7.691462516784668
A2-1,101,ood(-10C),06-07-17_08.39 n10degC_UDDS_Pan18650PF,9.339396476745605
A2-1,101,ood(-10C),06-07-17_08.39 n10degC_US06_Pan18650PF,4.640663146972656
A2-1,101,ood(-10C),06-10-17_11.25 n10degC_Cycle_1_Pan18650PF,12.242980003356934
A2-1,101,ood(-10C),06-10-17_18.35 n10degC_Cycle_2_Pan18650PF,17.495468139648438
A2-1,101,ood(-10C),06-11-17_01.39 n10degC_Cycle_3_Pan18650PF,17.888166427612305
A2-1,101,ood(-10C),06-11-17_08.42 n10degC_Cycle_4_Pan18650PF,11.085142135620117
A2-1,101,ood(-10C),06-14-17_13.12 n10degC_NN_Pan18650PF,10.807555198669434
A2-1,101,ood(-20C),06-23-17_23.35 n20degC_HWFET_Pan18650PF,4.660505294799805
A2-1,101,ood(-20C),06-23-17_23.35 n20degC_LA92_Pan18650PF,5.573061466217041
A2-1,101,ood(-20C),06-23-17_23.35 n20degC_NN_Pan18650PF,4.380202770233154
A2-1,101,ood(-20C),06-23-17_23.35 n20degC_UDDS_Pan18650PF,9.36429214477539
A2-1,101,ood(-20C),06-24-17_04.29 n20degC_Cycle_1_Pan18650PF,21.781896591186523
A2-1,101,ood(-20C),06-24-17_11.58 n20degC_Cycle_2_Pan18650PF,20.19310760498047
A2-1,101,ood(-20C),06-24-17_19.29 n20degC_Cycle_3_Pan18650PF,21.28615379333496
A2-1,101,ood(-20C),06-25-17_03.01 n20degC_Cycle_4_Pan18650PF,17.659774780273438
A2-1,101,ood(-20C),06-25-17_10.31 n20degC_US06_Pan18650PF,22.178537368774414
A2-1,202,test_id(25C),03-18-17_02.17 25degC_Cycle_1_Pan18650PF,0.7049202919006348
A2-1,202,test_id(25C),03-19-17_03.25 25degC_Cycle_2_Pan18650PF,0.7179088592529297
A2-1,202,test_id(25C),03-19-17_09.07 25degC_Cycle_3_Pan18650PF,0.4176357090473175
A2-1,202,test_id(25C),03-19-17_14.31 25degC_Cycle_4_Pan18650PF,0.775178074836731
A2-1,202,ood(10C),03-27-17_09.06 10degC_HWFET_Pan18650PF,2.6070797443389893
A2-1,202,ood(10C),03-27-17_09.06 10degC_LA92_Pan18650PF,2.7517688274383545
A2-1,202,ood(10C),03-27-17_09.06 10degC_NN_Pan18650PF,2.179729461669922
A2-1,202,ood(10C),03-27-17_09.06 10degC_UDDS_Pan18650PF,1.5772603750228882
A2-1,202,ood(10C),03-27-17_09.06 10degC_US06_Pan18650PF,3.26330304145813
A2-1,202,ood(10C),03-28-17_12.51 10degC_Cycle_1_Pan18650PF,2.8655269145965576
A2-1,202,ood(10C),03-28-17_18.18 10degC_Cycle_2_Pan18650PF,3.932074546813965
A2-1,202,ood(10C),04-05-17_17.04 10degC_Cycle_3_Pan18650PF,3.9991235733032227
A2-1,202,ood(10C),04-05-17_22.50 10degC_Cycle_4_Pan18650PF,2.3025338649749756
A2-1,202,ood(0C),05-30-17_12.56 0degC_Cycle_1_Pan18650PF,8.638736724853516
A2-1,202,ood(0C),05-30-17_20.16 0degC_Cycle_2_Pan18650PF,8.735677719116211
A2-1,202,ood(0C),06-01-17_10.36 0degC_LA92_Pan18650PF,5.090029716491699
A2-1,202,ood(0C),06-01-17_10.36 0degC_NN_Pan18650PF,4.12600564956665
A2-1,202,ood(0C),06-01-17_15.36 0degC_Cycle_3_Pan18650PF,8.929571151733398
A2-1,202,ood(0C),06-01-17_22.03 0degC_Cycle_4_Pan18650PF,6.948884963989258
A2-1,202,ood(0C),06-02-17_04.58 0degC_US06_Pan18650PF,8.45531940460205
A2-1,202,ood(0C),06-02-17_10.43 0degC_HWFET_Pan18650PF,10.151928901672363
A2-1,202,ood(0C),06-02-17_17.14 0degC_UDDS_Pan18650PF,6.923884868621826
A2-1,202,ood(-10C),06-07-17_08.39 n10degC_HWFET_Pan18650PF,6.427889347076416
A2-1,202,ood(-10C),06-07-17_08.39 n10degC_LA92_Pan18650PF,6.952493667602539
A2-1,202,ood(-10C),06-07-17_08.39 n10degC_UDDS_Pan18650PF,8.382403373718262
A2-1,202,ood(-10C),06-07-17_08.39 n10degC_US06_Pan18650PF,3.965085744857788
A2-1,202,ood(-10C),06-10-17_11.25 n10degC_Cycle_1_Pan18650PF,11.435820579528809
A2-1,202,ood(-10C),06-10-17_18.35 n10degC_Cycle_2_Pan18650PF,16.554553985595703
A2-1,202,ood(-10C),06-11-17_01.39 n10degC_Cycle_3_Pan18650PF,16.991634368896484
A2-1,202,ood(-10C),06-11-17_08.42 n10degC_Cycle_4_Pan18650PF,10.294733047485352
A2-1,202,ood(-10C),06-14-17_13.12 n10degC_NN_Pan18650PF,10.044624328613281
A2-1,202,ood(-20C),06-23-17_23.35 n20degC_HWFET_Pan18650PF,3.974141836166382
A2-1,202,ood(-20C),06-23-17_23.35 n20degC_LA92_Pan18650PF,4.608659267425537
A2-1,202,ood(-20C),06-23-17_23.35 n20degC_NN_Pan18650PF,3.3499391078948975
A2-1,202,ood(-20C),06-23-17_23.35 n20degC_UDDS_Pan18650PF,8.365877151489258
A2-1,202,ood(-20C),06-24-17_04.29 n20degC_Cycle_1_Pan18650PF,20.60191535949707
A2-1,202,ood(-20C),06-24-17_11.58 n20degC_Cycle_2_Pan18650PF,18.881450653076172
A2-1,202,ood(-20C),06-24-17_19.29 n20degC_Cycle_3_Pan18650PF,20.101539611816406
A2-1,202,ood(-20C),06-25-17_03.01 n20degC_Cycle_4_Pan18650PF,16.556352615356445
A2-1,202,ood(-20C),06-25-17_10.31 n20degC_US06_Pan18650PF,21.05879783630371
A2-1,303,test_id(25C),03-18-17_02.17 25degC_Cycle_1_Pan18650PF,0.7126897573471069
A2-1,303,test_id(25C),03-19-17_03.25 25degC_Cycle_2_Pan18650PF,0.6401496529579163
A2-1,303,test_id(25C),03-19-17_09.07 25degC_Cycle_3_Pan18650PF,0.3719466030597687
A2-1,303,test_id(25C),03-19-17_14.31 25degC_Cycle_4_Pan18650PF,0.5919520854949951
A2-1,303,ood(10C),03-27-17_09.06 10degC_HWFET_Pan18650PF,2.675412178039551
A2-1,303,ood(10C),03-27-17_09.06 10degC_LA92_Pan18650PF,2.940230131149292
A2-1,303,ood(10C),03-27-17_09.06 10degC_NN_Pan18650PF,2.3348333835601807
A2-1,303,ood(10C),03-27-17_09.06 10degC_UDDS_Pan18650PF,1.7763794660568237
A2-1,303,ood(10C),03-27-17_09.06 10degC_US06_Pan18650PF,3.3787307739257812
A2-1,303,ood(10C),03-28-17_12.51 10degC_Cycle_1_Pan18650PF,3.055603265762329
A2-1,303,ood(10C),03-28-17_18.18 10degC_Cycle_2_Pan18650PF,4.122242450714111
A2-1,303,ood(10C),04-05-17_17.04 10degC_Cycle_3_Pan18650PF,4.113468647003174
A2-1,303,ood(10C),04-05-17_22.50 10degC_Cycle_4_Pan18650PF,2.455549478530884
A2-1,303,ood(0C),05-30-17_12.56 0degC_Cycle_1_Pan18650PF,8.901948928833008
A2-1,303,ood(0C),05-30-17_20.16 0degC_Cycle_2_Pan18650PF,9.014542579650879
A2-1,303,ood(0C),06-01-17_10.36 0degC_LA92_Pan18650PF,5.353274345397949
A2-1,303,ood(0C),06-01-17_10.36 0degC_NN_Pan18650PF,4.360288143157959
A2-1,303,ood(0C),06-01-17_15.36 0degC_Cycle_3_Pan18650PF,9.322209358215332
A2-1,303,ood(0C),06-01-17_22.03 0degC_Cycle_4_Pan18650PF,7.231549263000488
A2-1,303,ood(0C),06-02-17_04.58 0degC_US06_Pan18650PF,8.712165832519531
A2-1,303,ood(0C),06-02-17_10.43 0degC_HWFET_Pan18650PF,10.461006164550781
A2-1,303,ood(0C),06-02-17_17.14 0degC_UDDS_Pan18650PF,7.2738752365112305
A2-1,303,ood(-10C),06-07-17_08.39 n10degC_HWFET_Pan18650PF,6.6582512855529785
A2-1,303,ood(-10C),06-07-17_08.39 n10degC_LA92_Pan18650PF,7.265005111694336
A2-1,303,ood(-10C),06-07-17_08.39 n10degC_UDDS_Pan18650PF,8.763224601745605
A2-1,303,ood(-10C),06-07-17_08.39 n10degC_US06_Pan18650PF,4.127932548522949
A2-1,303,ood(-10C),06-10-17_11.25 n10degC_Cycle_1_Pan18650PF,11.911563873291016
A2-1,303,ood(-10C),06-10-17_18.35 n10degC_Cycle_2_Pan18650PF,17.076030731201172
A2-1,303,ood(-10C),06-11-17_01.39 n10degC_Cycle_3_Pan18650PF,17.602275848388672
A2-1,303,ood(-10C),06-11-17_08.42 n10degC_Cycle_4_Pan18650PF,10.692583084106445
A2-1,303,ood(-10C),06-14-17_13.12 n10degC_NN_Pan18650PF,10.547990798950195
A2-1,303,ood(-20C),06-23-17_23.35 n20degC_HWFET_Pan18650PF,4.340555667877197
A2-1,303,ood(-20C),06-23-17_23.35 n20degC_LA92_Pan18650PF,5.036849021911621
A2-1,303,ood(-20C),06-23-17_23.35 n20degC_NN_Pan18650PF,3.9061594009399414
A2-1,303,ood(-20C),06-23-17_23.35 n20degC_UDDS_Pan18650PF,8.768721580505371
A2-1,303,ood(-20C),06-24-17_04.29 n20degC_Cycle_1_Pan18650PF,21.28539276123047
A2-1,303,ood(-20C),06-24-17_11.58 n20degC_Cycle_2_Pan18650PF,19.673940658569336
A2-1,303,ood(-20C),06-24-17_19.29 n20degC_Cycle_3_Pan18650PF,20.920852661132812
A2-1,303,ood(-20C),06-25-17_03.01 n20degC_Cycle_4_Pan18650PF,16.95327377319336
A2-1,303,ood(-20C),06-25-17_10.31 n20degC_US06_Pan18650PF,21.621599197387695
A2-1,404,test_id(25C),03-18-17_02.17 25degC_Cycle_1_Pan18650PF,0.7420722246170044
A2-1,404,test_id(25C),03-19-17_03.25 25degC_Cycle_2_Pan18650PF,0.6490450501441956
A2-1,404,test_id(25C),03-19-17_09.07 25degC_Cycle_3_Pan18650PF,0.3525663912296295
A2-1,404,test_id(25C),03-19-17_14.31 25degC_Cycle_4_Pan18650PF,0.5863780975341797
A2-1,404,ood(10C),03-27-17_09.06 10degC_HWFET_Pan18650PF,2.8804736137390137
A2-1,404,ood(10C),03-27-17_09.06 10degC_LA92_Pan18650PF,3.0613131523132324
A2-1,404,ood(10C),03-27-17_09.06 10degC_NN_Pan18650PF,2.4210855960845947
A2-1,404,ood(10C),03-27-17_09.06 10degC_UDDS_Pan18650PF,1.8735442161560059
A2-1,404,ood(10C),03-27-17_09.06 10degC_US06_Pan18650PF,3.46926212310791
A2-1,404,ood(10C),03-28-17_12.51 10degC_Cycle_1_Pan18650PF,3.1690287590026855
A2-1,404,ood(10C),03-28-17_18.18 10degC_Cycle_2_Pan18650PF,4.280641078948975
A2-1,404,ood(10C),04-05-17_17.04 10degC_Cycle_3_Pan18650PF,4.280017375946045
A2-1,404,ood(10C),04-05-17_22.50 10degC_Cycle_4_Pan18650PF,2.6177799701690674
A2-1,404,ood(0C),05-30-17_12.56 0degC_Cycle_1_Pan18650PF,8.988744735717773
A2-1,404,ood(0C),05-30-17_20.16 0degC_Cycle_2_Pan18650PF,9.095052719116211
A2-1,404,ood(0C),06-01-17_10.36 0degC_LA92_Pan18650PF,5.485136985778809
A2-1,404,ood(0C),06-01-17_10.36 0degC_NN_Pan18650PF,4.429923057556152
A2-1,404,ood(0C),06-01-17_15.36 0degC_Cycle_3_Pan18650PF,9.591575622558594
A2-1,404,ood(0C),06-01-17_22.03 0degC_Cycle_4_Pan18650PF,7.361419677734375
A2-1,404,ood(0C),06-02-17_04.58 0degC_US06_Pan18650PF,9.005204200744629
A2-1,404,ood(0C),06-02-17_10.43 0degC_HWFET_Pan18650PF,10.797077178955078
A2-1,404,ood(0C),06-02-17_17.14 0degC_UDDS_Pan18650PF,7.399524688720703
A2-1,404,ood(-10C),06-07-17_08.39 n10degC_HWFET_Pan18650PF,6.81110143661499
A2-1,404,ood(-10C),06-07-17_08.39 n10degC_LA92_Pan18650PF,7.393690586090088
A2-1,404,ood(-10C),06-07-17_08.39 n10degC_UDDS_Pan18650PF,8.85444450378418
A2-1,404,ood(-10C),06-07-17_08.39 n10degC_US06_Pan18650PF,4.3342509269714355
A2-1,404,ood(-10C),06-10-17_11.25 n10degC_Cycle_1_Pan18650PF,12.057829856872559
A2-1,404,ood(-10C),06-10-17_18.35 n10degC_Cycle_2_Pan18650PF,17.33745574951172
A2-1,404,ood(-10C),06-11-17_01.39 n10degC_Cycle_3_Pan18650PF,17.900405883789062
A2-1,404,ood(-10C),06-11-17_08.42 n10degC_Cycle_4_Pan18650PF,11.036299705505371
A2-1,404,ood(-10C),06-14-17_13.12 n10degC_NN_Pan18650PF,10.764708518981934
A2-1,404,ood(-20C),06-23-17_23.35 n20degC_HWFET_Pan18650PF,4.435973644256592
A2-1,404,ood(-20C),06-23-17_23.35 n20degC_LA92_Pan18650PF,5.138629913330078
A2-1,404,ood(-20C),06-23-17_23.35 n20degC_NN_Pan18650PF,3.9904911518096924
A2-1,404,ood(-20C),06-23-17_23.35 n20degC_UDDS_Pan18650PF,8.836586952209473
A2-1,404,ood(-20C),06-24-17_04.29 n20degC_Cycle_1_Pan18650PF,21.440061569213867
A2-1,404,ood(-20C),06-24-17_11.58 n20degC_Cycle_2_Pan18650PF,19.87128448486328
A2-1,404,ood(-20C),06-24-17_19.29 n20degC_Cycle_3_Pan18650PF,21.094585418701172
A2-1,404,ood(-20C),06-25-17_03.01 n20degC_Cycle_4_Pan18650PF,17.216293334960938
A2-1,404,ood(-20C),06-25-17_10.31 n20degC_US06_Pan18650PF,22.243261337280273
A2-1,505,test_id(25C),03-18-17_02.17 25degC_Cycle_1_Pan18650PF,0.7183284759521484
A2-1,505,test_id(25C),03-19-17_03.25 25degC_Cycle_2_Pan18650PF,0.677360475063324
A2-1,505,test_id(25C),03-19-17_09.07 25degC_Cycle_3_Pan18650PF,0.3691464364528656
A2-1,505,test_id(25C),03-19-17_14.31 25degC_Cycle_4_Pan18650PF,0.5285508632659912
A2-1,505,ood(10C),03-27-17_09.06 10degC_HWFET_Pan18650PF,2.958873748779297
A2-1,505,ood(10C),03-27-17_09.06 10degC_LA92_Pan18650PF,3.0117156505584717
A2-1,505,ood(10C),03-27-17_09.06 10degC_NN_Pan18650PF,2.434703826904297
A2-1,505,ood(10C),03-27-17_09.06 10degC_UDDS_Pan18650PF,1.93490731716156
A2-1,505,ood(10C),03-27-17_09.06 10degC_US06_Pan18650PF,3.47857928276062
A2-1,505,ood(10C),03-28-17_12.51 10degC_Cycle_1_Pan18650PF,3.1616909503936768
A2-1,505,ood(10C),03-28-17_18.18 10degC_Cycle_2_Pan18650PF,4.182111740112305
A2-1,505,ood(10C),04-05-17_17.04 10degC_Cycle_3_Pan18650PF,4.284637451171875
A2-1,505,ood(10C),04-05-17_22.50 10degC_Cycle_4_Pan18650PF,2.6087894439697266
A2-1,505,ood(0C),05-30-17_12.56 0degC_Cycle_1_Pan18650PF,9.344956398010254
A2-1,505,ood(0C),05-30-17_20.16 0degC_Cycle_2_Pan18650PF,9.36081314086914
A2-1,505,ood(0C),06-01-17_10.36 0degC_LA92_Pan18650PF,5.475648403167725
A2-1,505,ood(0C),06-01-17_10.36 0degC_NN_Pan18650PF,4.519392013549805
A2-1,505,ood(0C),06-01-17_15.36 0degC_Cycle_3_Pan18650PF,9.447381973266602
A2-1,505,ood(0C),06-01-17_22.03 0degC_Cycle_4_Pan18650PF,7.487602233886719
A2-1,505,ood(0C),06-02-17_04.58 0degC_US06_Pan18650PF,8.923521041870117
A2-1,505,ood(0C),06-02-17_10.43 0degC_HWFET_Pan18650PF,10.97468090057373
A2-1,505,ood(0C),06-02-17_17.14 0degC_UDDS_Pan18650PF,7.452646732330322
A2-1,505,ood(-10C),06-07-17_08.39 n10degC_HWFET_Pan18650PF,6.950838088989258
A2-1,505,ood(-10C),06-07-17_08.39 n10degC_LA92_Pan18650PF,7.361400604248047
A2-1,505,ood(-10C),06-07-17_08.39 n10degC_UDDS_Pan18650PF,8.845458984375
A2-1,505,ood(-10C),06-07-17_08.39 n10degC_US06_Pan18650PF,4.233851432800293
A2-1,505,ood(-10C),06-10-17_11.25 n10degC_Cycle_1_Pan18650PF,12.130258560180664
A2-1,505,ood(-10C),06-10-17_18.35 n10degC_Cycle_2_Pan18650PF,17.246402740478516
A2-1,505,ood(-10C),06-11-17_01.39 n10degC_Cycle_3_Pan18650PF,17.719846725463867
A2-1,505,ood(-10C),06-11-17_08.42 n10degC_Cycle_4_Pan18650PF,10.894857406616211
A2-1,505,ood(-10C),06-14-17_13.12 n10degC_NN_Pan18650PF,10.728615760803223
A2-1,505,ood(-20C),06-23-17_23.35 n20degC_HWFET_Pan18650PF,4.451404571533203
A2-1,505,ood(-20C),06-23-17_23.35 n20degC_LA92_Pan18650PF,5.033368110656738
A2-1,505,ood(-20C),06-23-17_23.35 n20degC_NN_Pan18650PF,3.845933437347412
A2-1,505,ood(-20C),06-23-17_23.35 n20degC_UDDS_Pan18650PF,8.794143676757812
A2-1,505,ood(-20C),06-24-17_04.29 n20degC_Cycle_1_Pan18650PF,21.375486373901367
A2-1,505,ood(-20C),06-24-17_11.58 n20degC_Cycle_2_Pan18650PF,19.674304962158203
A2-1,505,ood(-20C),06-24-17_19.29 n20degC_Cycle_3_Pan18650PF,20.974504470825195
A2-1,505,ood(-20C),06-25-17_03.01 n20degC_Cycle_4_Pan18650PF,17.105545043945312
A2-1,505,ood(-20C),06-25-17_10.31 n20degC_US06_Pan18650PF,21.68731117248535
A2-1,606,test_id(25C),03-18-17_02.17 25degC_Cycle_1_Pan18650PF,0.7136044502258301
A2-1,606,test_id(25C),03-19-17_03.25 25degC_Cycle_2_Pan18650PF,0.6589156985282898
A2-1,606,test_id(25C),03-19-17_09.07 25degC_Cycle_3_Pan18650PF,0.3951016664505005
A2-1,606,test_id(25C),03-19-17_14.31 25degC_Cycle_4_Pan18650PF,0.8050657510757446
A2-1,606,ood(10C),03-27-17_09.06 10degC_HWFET_Pan18650PF,2.708589553833008
A2-1,606,ood(10C),03-27-17_09.06 10degC_LA92_Pan18650PF,2.9879872798919678
A2-1,606,ood(10C),03-27-17_09.06 10degC_NN_Pan18650PF,2.376093864440918
A2-1,606,ood(10C),03-27-17_09.06 10degC_UDDS_Pan18650PF,1.8172122240066528
A2-1,606,ood(10C),03-27-17_09.06 10degC_US06_Pan18650PF,3.4281249046325684
A2-1,606,ood(10C),03-28-17_12.51 10degC_Cycle_1_Pan18650PF,3.117223024368286
A2-1,606,ood(10C),03-28-17_18.18 10degC_Cycle_2_Pan18650PF,4.170443534851074
A2-1,606,ood(10C),04-05-17_17.04 10degC_Cycle_3_Pan18650PF,4.157717227935791
A2-1,606,ood(10C),04-05-17_22.50 10degC_Cycle_4_Pan18650PF,2.52223539352417
A2-1,606,ood(0C),05-30-17_12.56 0degC_Cycle_1_Pan18650PF,8.672476768493652
A2-1,606,ood(0C),05-30-17_20.16 0degC_Cycle_2_Pan18650PF,8.766982078552246
A2-1,606,ood(0C),06-01-17_10.36 0degC_LA92_Pan18650PF,5.424768924713135
A2-1,606,ood(0C),06-01-17_10.36 0degC_NN_Pan18650PF,4.4422736167907715
A2-1,606,ood(0C),06-01-17_15.36 0degC_Cycle_3_Pan18650PF,9.279253005981445
A2-1,606,ood(0C),06-01-17_22.03 0degC_Cycle_4_Pan18650PF,7.414457321166992
A2-1,606,ood(0C),06-02-17_04.58 0degC_US06_Pan18650PF,8.808422088623047
A2-1,606,ood(0C),06-02-17_10.43 0degC_HWFET_Pan18650PF,10.571222305297852
A2-1,606,ood(0C),06-02-17_17.14 0degC_UDDS_Pan18650PF,7.41021728515625
A2-1,606,ood(-10C),06-07-17_08.39 n10degC_HWFET_Pan18650PF,6.770150661468506
A2-1,606,ood(-10C),06-07-17_08.39 n10degC_LA92_Pan18650PF,7.368623733520508
A2-1,606,ood(-10C),06-07-17_08.39 n10degC_UDDS_Pan18650PF,8.898523330688477
A2-1,606,ood(-10C),06-07-17_08.39 n10degC_US06_Pan18650PF,4.178910732269287
A2-1,606,ood(-10C),06-10-17_11.25 n10degC_Cycle_1_Pan18650PF,12.062658309936523
A2-1,606,ood(-10C),06-10-17_18.35 n10degC_Cycle_2_Pan18650PF,17.174060821533203
A2-1,606,ood(-10C),06-11-17_01.39 n10degC_Cycle_3_Pan18650PF,17.59819793701172
A2-1,606,ood(-10C),06-11-17_08.42 n10degC_Cycle_4_Pan18650PF,10.873749732971191
A2-1,606,ood(-10C),06-14-17_13.12 n10degC_NN_Pan18650PF,10.698786735534668
A2-1,606,ood(-20C),06-23-17_23.35 n20degC_HWFET_Pan18650PF,4.389898300170898
A2-1,606,ood(-20C),06-23-17_23.35 n20degC_LA92_Pan18650PF,5.132164001464844
A2-1,606,ood(-20C),06-23-17_23.35 n20degC_NN_Pan18650PF,3.9080212116241455
A2-1,606,ood(-20C),06-23-17_23.35 n20degC_UDDS_Pan18650PF,8.933694839477539
A2-1,606,ood(-20C),06-24-17_04.29 n20degC_Cycle_1_Pan18650PF,21.477251052856445
A2-1,606,ood(-20C),06-24-17_11.58 n20degC_Cycle_2_Pan18650PF,19.84189224243164
A2-1,606,ood(-20C),06-24-17_19.29 n20degC_Cycle_3_Pan18650PF,21.01504898071289
A2-1,606,ood(-20C),06-25-17_03.01 n20degC_Cycle_4_Pan18650PF,17.26428985595703
A2-1,606,ood(-20C),06-25-17_10.31 n20degC_US06_Pan18650PF,21.73747444152832
A2-1,707,test_id(25C),03-18-17_02.17 25degC_Cycle_1_Pan18650PF,0.7370792031288147
A2-1,707,test_id(25C),03-19-17_03.25 25degC_Cycle_2_Pan18650PF,0.5964571237564087
A2-1,707,test_id(25C),03-19-17_09.07 25degC_Cycle_3_Pan18650PF,0.34243136644363403
A2-1,707,test_id(25C),03-19-17_14.31 25degC_Cycle_4_Pan18650PF,0.6434475183486938
A2-1,707,ood(10C),03-27-17_09.06 10degC_HWFET_Pan18650PF,3.1764378547668457
A2-1,707,ood(10C),03-27-17_09.06 10degC_LA92_Pan18650PF,3.257681131362915
A2-1,707,ood(10C),03-27-17_09.06 10degC_NN_Pan18650PF,2.5925896167755127
A2-1,707,ood(10C),03-27-17_09.06 10degC_UDDS_Pan18650PF,2.092836380004883
A2-1,707,ood(10C),03-27-17_09.06 10degC_US06_Pan18650PF,3.733556032180786
A2-1,707,ood(10C),03-28-17_12.51 10degC_Cycle_1_Pan18650PF,3.3951473236083984
A2-1,707,ood(10C),03-28-17_18.18 10degC_Cycle_2_Pan18650PF,4.551126956939697
A2-1,707,ood(10C),04-05-17_17.04 10degC_Cycle_3_Pan18650PF,4.4908671379089355
A2-1,707,ood(10C),04-05-17_22.50 10degC_Cycle_4_Pan18650PF,2.912785291671753
A2-1,707,ood(0C),05-30-17_12.56 0degC_Cycle_1_Pan18650PF,9.162993431091309
A2-1,707,ood(0C),05-30-17_20.16 0degC_Cycle_2_Pan18650PF,9.375407218933105
A2-1,707,ood(0C),06-01-17_10.36 0degC_LA92_Pan18650PF,5.733856201171875
A2-1,707,ood(0C),06-01-17_10.36 0degC_NN_Pan18650PF,4.712784767150879
A2-1,707,ood(0C),06-01-17_15.36 0degC_Cycle_3_Pan18650PF,10.074918746948242
A2-1,707,ood(0C),06-01-17_22.03 0degC_Cycle_4_Pan18650PF,7.85940408706665
A2-1,707,ood(0C),06-02-17_04.58 0degC_US06_Pan18650PF,9.342117309570312
A2-1,707,ood(0C),06-02-17_10.43 0degC_HWFET_Pan18650PF,11.524616241455078
A2-1,707,ood(0C),06-02-17_17.14 0degC_UDDS_Pan18650PF,7.903416156768799
A2-1,707,ood(-10C),06-07-17_08.39 n10degC_HWFET_Pan18650PF,7.468362331390381
A2-1,707,ood(-10C),06-07-17_08.39 n10degC_LA92_Pan18650PF,7.905437469482422
A2-1,707,ood(-10C),06-07-17_08.39 n10degC_UDDS_Pan18650PF,9.493742942810059
A2-1,707,ood(-10C),06-07-17_08.39 n10degC_US06_Pan18650PF,4.6844377517700195
A2-1,707,ood(-10C),06-10-17_11.25 n10degC_Cycle_1_Pan18650PF,12.760359764099121
A2-1,707,ood(-10C),06-10-17_18.35 n10degC_Cycle_2_Pan18650PF,18.051708221435547
A2-1,707,ood(-10C),06-11-17_01.39 n10degC_Cycle_3_Pan18650PF,18.53481674194336
A2-1,707,ood(-10C),06-11-17_08.42 n10degC_Cycle_4_Pan18650PF,11.634417533874512
A2-1,707,ood(-10C),06-14-17_13.12 n10degC_NN_Pan18650PF,11.325663566589355
A2-1,707,ood(-20C),06-23-17_23.35 n20degC_HWFET_Pan18650PF,5.148493766784668
A2-1,707,ood(-20C),06-23-17_23.35 n20degC_LA92_Pan18650PF,5.808547019958496
A2-1,707,ood(-20C),06-23-17_23.35 n20degC_NN_Pan18650PF,4.473547458648682
A2-1,707,ood(-20C),06-23-17_23.35 n20degC_UDDS_Pan18650PF,9.655797004699707
A2-1,707,ood(-20C),06-24-17_04.29 n20degC_Cycle_1_Pan18650PF,22.403545379638672
A2-1,707,ood(-20C),06-24-17_11.58 n20degC_Cycle_2_Pan18650PF,20.867849349975586
A2-1,707,ood(-20C),06-24-17_19.29 n20degC_Cycle_3_Pan18650PF,22.02865982055664
A2-1,707,ood(-20C),06-25-17_03.01 n20degC_Cycle_4_Pan18650PF,18.323270797729492
A2-1,707,ood(-20C),06-25-17_10.31 n20degC_US06_Pan18650PF,22.842004776000977
A2-2,7,test_id(25C),03-18-17_02.17 25degC_Cycle_1_Pan18650PF,0.6686176657676697
A2-2,7,test_id(25C),03-19-17_03.25 25degC_Cycle_2_Pan18650PF,0.6317071318626404
A2-2,7,test_id(25C),03-19-17_09.07 25degC_Cycle_3_Pan18650PF,0.39591309428215027
A2-2,7,test_id(25C),03-19-17_14.31 25degC_Cycle_4_Pan18650PF,0.6941182613372803
A2-2,7,ood(10C),03-27-17_09.06 10degC_HWFET_Pan18650PF,2.934215784072876
A2-2,7,ood(10C),03-27-17_09.06 10degC_LA92_Pan18650PF,2.9897265434265137
A2-2,7,ood(10C),03-27-17_09.06 10degC_NN_Pan18650PF,2.4602408409118652
A2-2,7,ood(10C),03-27-17_09.06 10degC_UDDS_Pan18650PF,1.939682960510254
A2-2,7,ood(10C),03-27-17_09.06 10degC_US06_Pan18650PF,3.3923239707946777
A2-2,7,ood(10C),03-28-17_12.51 10degC_Cycle_1_Pan18650PF,3.162055015563965
A2-2,7,ood(10C),03-28-17_18.18 10degC_Cycle_2_Pan18650PF,4.260500907897949
A2-2,7,ood(10C),04-05-17_17.04 10degC_Cycle_3_Pan18650PF,4.2411651611328125
A2-2,7,ood(10C),04-05-17_22.50 10degC_Cycle_4_Pan18650PF,2.6113312244415283
A2-2,7,ood(0C),05-30-17_12.56 0degC_Cycle_1_Pan18650PF,8.763815879821777
A2-2,7,ood(0C),05-30-17_20.16 0degC_Cycle_2_Pan18650PF,8.8662748336792
A2-2,7,ood(0C),06-01-17_10.36 0degC_LA92_Pan18650PF,5.552204132080078
A2-2,7,ood(0C),06-01-17_10.36 0degC_NN_Pan18650PF,4.597908020019531
A2-2,7,ood(0C),06-01-17_15.36 0degC_Cycle_3_Pan18650PF,9.55940055847168
A2-2,7,ood(0C),06-01-17_22.03 0degC_Cycle_4_Pan18650PF,7.522515296936035
A2-2,7,ood(0C),06-02-17_04.58 0degC_US06_Pan18650PF,8.753560066223145
A2-2,7,ood(0C),06-02-17_10.43 0degC_HWFET_Pan18650PF,10.68805980682373
A2-2,7,ood(0C),06-02-17_17.14 0degC_UDDS_Pan18650PF,7.654614448547363
A2-2,7,ood(-10C),06-07-17_08.39 n10degC_HWFET_Pan18650PF,7.029787063598633
A2-2,7,ood(-10C),06-07-17_08.39 n10degC_LA92_Pan18650PF,7.677088737487793
A2-2,7,ood(-10C),06-07-17_08.39 n10degC_UDDS_Pan18650PF,9.277091026306152
A2-2,7,ood(-10C),06-07-17_08.39 n10degC_US06_Pan18650PF,4.4949235916137695
A2-2,7,ood(-10C),06-10-17_11.25 n10degC_Cycle_1_Pan18650PF,12.377747535705566
A2-2,7,ood(-10C),06-10-17_18.35 n10degC_Cycle_2_Pan18650PF,17.56562614440918
A2-2,7,ood(-10C),06-11-17_01.39 n10degC_Cycle_3_Pan18650PF,18.01590919494629
A2-2,7,ood(-10C),06-11-17_08.42 n10degC_Cycle_4_Pan18650PF,11.23767375946045
A2-2,7,ood(-10C),06-14-17_13.12 n10degC_NN_Pan18650PF,10.997347831726074
A2-2,7,ood(-20C),06-23-17_23.35 n20degC_HWFET_Pan18650PF,4.7776641845703125
A2-2,7,ood(-20C),06-23-17_23.35 n20degC_LA92_Pan18650PF,5.5313334465026855
A2-2,7,ood(-20C),06-23-17_23.35 n20degC_NN_Pan18650PF,4.284797668457031
A2-2,7,ood(-20C),06-23-17_23.35 n20degC_UDDS_Pan18650PF,9.393935203552246
A2-2,7,ood(-20C),06-24-17_04.29 n20degC_Cycle_1_Pan18650PF,21.90725326538086
A2-2,7,ood(-20C),06-24-17_11.58 n20degC_Cycle_2_Pan18650PF,20.349822998046875
A2-2,7,ood(-20C),06-24-17_19.29 n20degC_Cycle_3_Pan18650PF,21.51491928100586
A2-2,7,ood(-20C),06-25-17_03.01 n20degC_Cycle_4_Pan18650PF,17.778409957885742
A2-2,7,ood(-20C),06-25-17_10.31 n20degC_US06_Pan18650PF,22.003265380859375
A2-2,13,test_id(25C),03-18-17_02.17 25degC_Cycle_1_Pan18650PF,0.7077720165252686
A2-2,13,test_id(25C),03-19-17_03.25 25degC_Cycle_2_Pan18650PF,0.669012188911438
A2-2,13,test_id(25C),03-19-17_09.07 25degC_Cycle_3_Pan18650PF,0.42794370651245117
A2-2,13,test_id(25C),03-19-17_14.31 25degC_Cycle_4_Pan18650PF,0.8006114363670349
A2-2,13,ood(10C),03-27-17_09.06 10degC_HWFET_Pan18650PF,3.072049140930176
A2-2,13,ood(10C),03-27-17_09.06 10degC_LA92_Pan18650PF,3.003408193588257
A2-2,13,ood(10C),03-27-17_09.06 10degC_NN_Pan18650PF,2.4941067695617676
A2-2,13,ood(10C),03-27-17_09.06 10degC_UDDS_Pan18650PF,1.890528917312622
A2-2,13,ood(10C),03-27-17_09.06 10degC_US06_Pan18650PF,3.449267625808716
A2-2,13,ood(10C),03-28-17_12.51 10degC_Cycle_1_Pan18650PF,3.1461925506591797
A2-2,13,ood(10C),03-28-17_18.18 10degC_Cycle_2_Pan18650PF,4.254048824310303
A2-2,13,ood(10C),04-05-17_17.04 10degC_Cycle_3_Pan18650PF,4.203824043273926
A2-2,13,ood(10C),04-05-17_22.50 10degC_Cycle_4_Pan18650PF,2.621328830718994
A2-2,13,ood(0C),05-30-17_12.56 0degC_Cycle_1_Pan18650PF,8.641916275024414
A2-2,13,ood(0C),05-30-17_20.16 0degC_Cycle_2_Pan18650PF,8.858955383300781
A2-2,13,ood(0C),06-01-17_10.36 0degC_LA92_Pan18650PF,5.519648551940918
A2-2,13,ood(0C),06-01-17_10.36 0degC_NN_Pan18650PF,4.63101053237915
A2-2,13,ood(0C),06-01-17_15.36 0degC_Cycle_3_Pan18650PF,9.342972755432129
A2-2,13,ood(0C),06-01-17_22.03 0degC_Cycle_4_Pan18650PF,7.456308364868164
A2-2,13,ood(0C),06-02-17_04.58 0degC_US06_Pan18650PF,8.7454195022583
A2-2,13,ood(0C),06-02-17_10.43 0degC_HWFET_Pan18650PF,10.748947143554688
A2-2,13,ood(0C),06-02-17_17.14 0degC_UDDS_Pan18650PF,7.432666778564453
A2-2,13,ood(-10C),06-07-17_08.39 n10degC_HWFET_Pan18650PF,7.120459079742432
A2-2,13,ood(-10C),06-07-17_08.39 n10degC_LA92_Pan18650PF,7.583711624145508
A2-2,13,ood(-10C),06-07-17_08.39 n10degC_UDDS_Pan18650PF,9.015562057495117
A2-2,13,ood(-10C),06-07-17_08.39 n10degC_US06_Pan18650PF,4.819578170776367
A2-2,13,ood(-10C),06-10-17_11.25 n10degC_Cycle_1_Pan18650PF,12.151994705200195
A2-2,13,ood(-10C),06-10-17_18.35 n10degC_Cycle_2_Pan18650PF,17.1907958984375
A2-2,13,ood(-10C),06-11-17_01.39 n10degC_Cycle_3_Pan18650PF,17.60196876525879
A2-2,13,ood(-10C),06-11-17_08.42 n10degC_Cycle_4_Pan18650PF,10.950885772705078
A2-2,13,ood(-10C),06-14-17_13.12 n10degC_NN_Pan18650PF,10.731450080871582
A2-2,13,ood(-20C),06-23-17_23.35 n20degC_HWFET_Pan18650PF,4.897649765014648
A2-2,13,ood(-20C),06-23-17_23.35 n20degC_LA92_Pan18650PF,5.525054454803467
A2-2,13,ood(-20C),06-23-17_23.35 n20degC_NN_Pan18650PF,4.279354572296143
A2-2,13,ood(-20C),06-23-17_23.35 n20degC_UDDS_Pan18650PF,9.212013244628906
A2-2,13,ood(-20C),06-24-17_04.29 n20degC_Cycle_1_Pan18650PF,21.493921279907227
A2-2,13,ood(-20C),06-24-17_11.58 n20degC_Cycle_2_Pan18650PF,19.795814514160156
A2-2,13,ood(-20C),06-24-17_19.29 n20degC_Cycle_3_Pan18650PF,20.969669342041016
A2-2,13,ood(-20C),06-25-17_03.01 n20degC_Cycle_4_Pan18650PF,17.478958129882812
A2-2,13,ood(-20C),06-25-17_10.31 n20degC_US06_Pan18650PF,21.78862762451172
A2-2,42,test_id(25C),03-18-17_02.17 25degC_Cycle_1_Pan18650PF,0.7261739373207092
A2-2,42,test_id(25C),03-19-17_03.25 25degC_Cycle_2_Pan18650PF,0.6734150648117065
A2-2,42,test_id(25C),03-19-17_09.07 25degC_Cycle_3_Pan18650PF,0.4029186964035034
A2-2,42,test_id(25C),03-19-17_14.31 25degC_Cycle_4_Pan18650PF,0.6774179339408875
A2-2,42,ood(10C),03-27-17_09.06 10degC_HWFET_Pan18650PF,2.903315305709839
A2-2,42,ood(10C),03-27-17_09.06 10degC_LA92_Pan18650PF,3.0486338138580322
A2-2,42,ood(10C),03-27-17_09.06 10degC_NN_Pan18650PF,2.462170362472534
A2-2,42,ood(10C),03-27-17_09.06 10degC_UDDS_Pan18650PF,1.9535778760910034
A2-2,42,ood(10C),03-27-17_09.06 10degC_US06_Pan18650PF,3.408853054046631
A2-2,42,ood(10C),03-28-17_12.51 10degC_Cycle_1_Pan18650PF,3.2070648670196533
A2-2,42,ood(10C),03-28-17_18.18 10degC_Cycle_2_Pan18650PF,4.270447254180908
A2-2,42,ood(10C),04-05-17_17.04 10degC_Cycle_3_Pan18650PF,4.287905216217041
A2-2,42,ood(10C),04-05-17_22.50 10degC_Cycle_4_Pan18650PF,2.59211802482605
A2-2,42,ood(0C),05-30-17_12.56 0degC_Cycle_1_Pan18650PF,8.710898399353027
A2-2,42,ood(0C),05-30-17_20.16 0degC_Cycle_2_Pan18650PF,8.90449047088623
A2-2,42,ood(0C),06-01-17_10.36 0degC_LA92_Pan18650PF,5.544622421264648
A2-2,42,ood(0C),06-01-17_10.36 0degC_NN_Pan18650PF,4.504479885101318
A2-2,42,ood(0C),06-01-17_15.36 0degC_Cycle_3_Pan18650PF,9.504265785217285
A2-2,42,ood(0C),06-01-17_22.03 0degC_Cycle_4_Pan18650PF,7.5147013664245605
A2-2,42,ood(0C),06-02-17_04.58 0degC_US06_Pan18650PF,8.760233879089355
A2-2,42,ood(0C),06-02-17_10.43 0degC_HWFET_Pan18650PF,10.817481994628906
A2-2,42,ood(0C),06-02-17_17.14 0degC_UDDS_Pan18650PF,7.616566181182861
A2-2,42,ood(-10C),06-07-17_08.39 n10degC_HWFET_Pan18650PF,7.002771854400635
A2-2,42,ood(-10C),06-07-17_08.39 n10degC_LA92_Pan18650PF,7.526212692260742
A2-2,42,ood(-10C),06-07-17_08.39 n10degC_UDDS_Pan18650PF,9.078514099121094
A2-2,42,ood(-10C),06-07-17_08.39 n10degC_US06_Pan18650PF,4.358874797821045
A2-2,42,ood(-10C),06-10-17_11.25 n10degC_Cycle_1_Pan18650PF,12.19344711303711
A2-2,42,ood(-10C),06-10-17_18.35 n10degC_Cycle_2_Pan18650PF,17.378047943115234
A2-2,42,ood(-10C),06-11-17_01.39 n10degC_Cycle_3_Pan18650PF,17.78428840637207
A2-2,42,ood(-10C),06-11-17_08.42 n10degC_Cycle_4_Pan18650PF,11.08088207244873
A2-2,42,ood(-10C),06-14-17_13.12 n10degC_NN_Pan18650PF,10.83321762084961
A2-2,42,ood(-20C),06-23-17_23.35 n20degC_HWFET_Pan18650PF,4.558938980102539
A2-2,42,ood(-20C),06-23-17_23.35 n20degC_LA92_Pan18650PF,5.182419776916504
A2-2,42,ood(-20C),06-23-17_23.35 n20degC_NN_Pan18650PF,4.0095696449279785
A2-2,42,ood(-20C),06-23-17_23.35 n20degC_UDDS_Pan18650PF,8.983688354492188
A2-2,42,ood(-20C),06-24-17_04.29 n20degC_Cycle_1_Pan18650PF,21.423633575439453
A2-2,42,ood(-20C),06-24-17_11.58 n20degC_Cycle_2_Pan18650PF,19.859790802001953
A2-2,42,ood(-20C),06-24-17_19.29 n20degC_Cycle_3_Pan18650PF,21.0353946685791
A2-2,42,ood(-20C),06-25-17_03.01 n20degC_Cycle_4_Pan18650PF,17.32015609741211
A2-2,42,ood(-20C),06-25-17_10.31 n20degC_US06_Pan18650PF,21.78514862060547
A2-2,101,test_id(25C),03-18-17_02.17 25degC_Cycle_1_Pan18650PF,0.7129361629486084
A2-2,101,test_id(25C),03-19-17_03.25 25degC_Cycle_2_Pan18650PF,0.6203500032424927
A2-2,101,test_id(25C),03-19-17_09.07 25degC_Cycle_3_Pan18650PF,0.37350884079933167
A2-2,101,test_id(25C),03-19-17_14.31 25degC_Cycle_4_Pan18650PF,0.6146435141563416
A2-2,101,ood(10C),03-27-17_09.06 10degC_HWFET_Pan18650PF,2.8251919746398926
A2-2,101,ood(10C),03-27-17_09.06 10degC_LA92_Pan18650PF,3.0496134757995605
A2-2,101,ood(10C),03-27-17_09.06 10degC_NN_Pan18650PF,2.4680213928222656
A2-2,101,ood(10C),03-27-17_09.06 10degC_UDDS_Pan18650PF,1.878751277923584
A2-2,101,ood(10C),03-27-17_09.06 10degC_US06_Pan18650PF,3.512547254562378
A2-2,101,ood(10C),03-28-17_12.51 10degC_Cycle_1_Pan18650PF,3.198087453842163
A2-2,101,ood(10C),03-28-17_18.18 10degC_Cycle_2_Pan18650PF,4.339698791503906
A2-2,101,ood(10C),04-05-17_17.04 10degC_Cycle_3_Pan18650PF,4.252623081207275
A2-2,101,ood(10C),04-05-17_22.50 10degC_Cycle_4_Pan18650PF,2.646151542663574
A2-2,101,ood(0C),05-30-17_12.56 0degC_Cycle_1_Pan18650PF,8.900182723999023
A2-2,101,ood(0C),05-30-17_20.16 0degC_Cycle_2_Pan18650PF,9.115167617797852
A2-2,101,ood(0C),06-01-17_10.36 0degC_LA92_Pan18650PF,5.4987263679504395
A2-2,101,ood(0C),06-01-17_10.36 0degC_NN_Pan18650PF,4.478729248046875
A2-2,101,ood(0C),06-01-17_15.36 0degC_Cycle_3_Pan18650PF,9.569610595703125
A2-2,101,ood(0C),06-01-17_22.03 0degC_Cycle_4_Pan18650PF,7.421258449554443
A2-2,101,ood(0C),06-02-17_04.58 0degC_US06_Pan18650PF,8.970976829528809
A2-2,101,ood(0C),06-02-17_10.43 0degC_HWFET_Pan18650PF,10.63184928894043
A2-2,101,ood(0C),06-02-17_17.14 0degC_UDDS_Pan18650PF,7.454887390136719
A2-2,101,ood(-10C),06-07-17_08.39 n10degC_HWFET_Pan18650PF,6.788047790527344
A2-2,101,ood(-10C),06-07-17_08.39 n10degC_LA92_Pan18650PF,7.47808837890625
A2-2,101,ood(-10C),06-07-17_08.39 n10degC_UDDS_Pan18650PF,8.964075088500977
A2-2,101,ood(-10C),06-07-17_08.39 n10degC_US06_Pan18650PF,4.392404079437256
A2-2,101,ood(-10C),06-10-17_11.25 n10degC_Cycle_1_Pan18650PF,12.109708786010742
A2-2,101,ood(-10C),06-10-17_18.35 n10degC_Cycle_2_Pan18650PF,17.407133102416992
A2-2,101,ood(-10C),06-11-17_01.39 n10degC_Cycle_3_Pan18650PF,17.905559539794922
A2-2,101,ood(-10C),06-11-17_08.42 n10degC_Cycle_4_Pan18650PF,11.135832786560059
A2-2,101,ood(-10C),06-14-17_13.12 n10degC_NN_Pan18650PF,10.83730697631836
A2-2,101,ood(-20C),06-23-17_23.35 n20degC_HWFET_Pan18650PF,4.381110668182373
A2-2,101,ood(-20C),06-23-17_23.35 n20degC_LA92_Pan18650PF,5.2111968994140625
A2-2,101,ood(-20C),06-23-17_23.35 n20degC_NN_Pan18650PF,3.954409599304199
A2-2,101,ood(-20C),06-23-17_23.35 n20degC_UDDS_Pan18650PF,8.960737228393555
A2-2,101,ood(-20C),06-24-17_04.29 n20degC_Cycle_1_Pan18650PF,21.562091827392578
A2-2,101,ood(-20C),06-24-17_11.58 n20degC_Cycle_2_Pan18650PF,19.968273162841797
A2-2,101,ood(-20C),06-24-17_19.29 n20degC_Cycle_3_Pan18650PF,21.219038009643555
A2-2,101,ood(-20C),06-25-17_03.01 n20degC_Cycle_4_Pan18650PF,17.40843963623047
A2-2,101,ood(-20C),06-25-17_10.31 n20degC_US06_Pan18650PF,22.28388023376465
A2-2,202,test_id(25C),03-18-17_02.17 25degC_Cycle_1_Pan18650PF,0.7309101223945618
A2-2,202,test_id(25C),03-19-17_03.25 25degC_Cycle_2_Pan18650PF,0.620206356048584
A2-2,202,test_id(25C),03-19-17_09.07 25degC_Cycle_3_Pan18650PF,0.38113972544670105
A2-2,202,test_id(25C),03-19-17_14.31 25degC_Cycle_4_Pan18650PF,0.612256646156311
A2-2,202,ood(10C),03-27-17_09.06 10degC_HWFET_Pan18650PF,2.962984561920166
A2-2,202,ood(10C),03-27-17_09.06 10degC_LA92_Pan18650PF,3.1088175773620605
A2-2,202,ood(10C),03-27-17_09.06 10degC_NN_Pan18650PF,2.554128646850586
A2-2,202,ood(10C),03-27-17_09.06 10degC_UDDS_Pan18650PF,1.984512209892273
A2-2,202,ood(10C),03-27-17_09.06 10degC_US06_Pan18650PF,3.6500861644744873
A2-2,202,ood(10C),03-28-17_12.51 10degC_Cycle_1_Pan18650PF,3.265467882156372
A2-2,202,ood(10C),03-28-17_18.18 10degC_Cycle_2_Pan18650PF,4.370709419250488
A2-2,202,ood(10C),04-05-17_17.04 10degC_Cycle_3_Pan18650PF,4.40672492980957
A2-2,202,ood(10C),04-05-17_22.50 10degC_Cycle_4_Pan18650PF,2.7028868198394775
A2-2,202,ood(0C),05-30-17_12.56 0degC_Cycle_1_Pan18650PF,9.498688697814941
A2-2,202,ood(0C),05-30-17_20.16 0degC_Cycle_2_Pan18650PF,9.564300537109375
A2-2,202,ood(0C),06-01-17_10.36 0degC_LA92_Pan18650PF,5.652742862701416
A2-2,202,ood(0C),06-01-17_10.36 0degC_NN_Pan18650PF,4.665257930755615
A2-2,202,ood(0C),06-01-17_15.36 0degC_Cycle_3_Pan18650PF,9.727567672729492
A2-2,202,ood(0C),06-01-17_22.03 0degC_Cycle_4_Pan18650PF,7.586820602416992
A2-2,202,ood(0C),06-02-17_04.58 0degC_US06_Pan18650PF,9.14416217803955
A2-2,202,ood(0C),06-02-17_10.43 0degC_HWFET_Pan18650PF,10.860164642333984
A2-2,202,ood(0C),06-02-17_17.14 0degC_UDDS_Pan18650PF,7.617303371429443
A2-2,202,ood(-10C),06-07-17_08.39 n10degC_HWFET_Pan18650PF,6.940425872802734
A2-2,202,ood(-10C),06-07-17_08.39 n10degC_LA92_Pan18650PF,7.612359523773193
A2-2,202,ood(-10C),06-07-17_08.39 n10degC_UDDS_Pan18650PF,9.094907760620117
A2-2,202,ood(-10C),06-07-17_08.39 n10degC_US06_Pan18650PF,4.492546081542969
A2-2,202,ood(-10C),06-10-17_11.25 n10degC_Cycle_1_Pan18650PF,12.235824584960938
A2-2,202,ood(-10C),06-10-17_18.35 n10degC_Cycle_2_Pan18650PF,17.615415573120117
A2-2,202,ood(-10C),06-11-17_01.39 n10degC_Cycle_3_Pan18650PF,18.064441680908203
A2-2,202,ood(-10C),06-11-17_08.42 n10degC_Cycle_4_Pan18650PF,11.315473556518555
A2-2,202,ood(-10C),06-14-17_13.12 n10degC_NN_Pan18650PF,11.098867416381836
A2-2,202,ood(-20C),06-23-17_23.35 n20degC_HWFET_Pan18650PF,4.617099761962891
A2-2,202,ood(-20C),06-23-17_23.35 n20degC_LA92_Pan18650PF,5.30513334274292
A2-2,202,ood(-20C),06-23-17_23.35 n20degC_NN_Pan18650PF,4.161969184875488
A2-2,202,ood(-20C),06-23-17_23.35 n20degC_UDDS_Pan18650PF,8.959447860717773
A2-2,202,ood(-20C),06-24-17_04.29 n20degC_Cycle_1_Pan18650PF,21.644670486450195
A2-2,202,ood(-20C),06-24-17_11.58 n20degC_Cycle_2_Pan18650PF,20.150562286376953
A2-2,202,ood(-20C),06-24-17_19.29 n20degC_Cycle_3_Pan18650PF,21.34856414794922
A2-2,202,ood(-20C),06-25-17_03.01 n20degC_Cycle_4_Pan18650PF,17.462587356567383
A2-2,202,ood(-20C),06-25-17_10.31 n20degC_US06_Pan18650PF,22.503490447998047
A2-2,303,test_id(25C),03-18-17_02.17 25degC_Cycle_1_Pan18650PF,0.8825896382331848
A2-2,303,test_id(25C),03-19-17_03.25 25degC_Cycle_2_Pan18650PF,0.9452568888664246
A2-2,303,test_id(25C),03-19-17_09.07 25degC_Cycle_3_Pan18650PF,0.6627246141433716
A2-2,303,test_id(25C),03-19-17_14.31 25degC_Cycle_4_Pan18650PF,1.1620019674301147
A2-2,303,ood(10C),03-27-17_09.06 10degC_HWFET_Pan18650PF,3.209791421890259
A2-2,303,ood(10C),03-27-17_09.06 10degC_LA92_Pan18650PF,2.703568935394287
A2-2,303,ood(10C),03-27-17_09.06 10degC_NN_Pan18650PF,2.207927942276001
A2-2,303,ood(10C),03-27-17_09.06 10degC_UDDS_Pan18650PF,1.690976858139038
A2-2,303,ood(10C),03-27-17_09.06 10degC_US06_Pan18650PF,3.070427894592285
A2-2,303,ood(10C),03-28-17_12.51 10degC_Cycle_1_Pan18650PF,2.7393929958343506
A2-2,303,ood(10C),03-28-17_18.18 10degC_Cycle_2_Pan18650PF,3.866212844848633
A2-2,303,ood(10C),04-05-17_17.04 10degC_Cycle_3_Pan18650PF,3.86724591255188
A2-2,303,ood(10C),04-05-17_22.50 10degC_Cycle_4_Pan18650PF,2.390428304672241
A2-2,303,ood(0C),05-30-17_12.56 0degC_Cycle_1_Pan18650PF,9.111329078674316
A2-2,303,ood(0C),05-30-17_20.16 0degC_Cycle_2_Pan18650PF,9.322031021118164
A2-2,303,ood(0C),06-01-17_10.36 0degC_LA92_Pan18650PF,5.121850490570068
A2-2,303,ood(0C),06-01-17_10.36 0degC_NN_Pan18650PF,4.303037643432617
A2-2,303,ood(0C),06-01-17_15.36 0degC_Cycle_3_Pan18650PF,9.039305686950684
A2-2,303,ood(0C),06-01-17_22.03 0degC_Cycle_4_Pan18650PF,6.953650951385498
A2-2,303,ood(0C),06-02-17_04.58 0degC_US06_Pan18650PF,8.274044036865234
A2-2,303,ood(0C),06-02-17_10.43 0degC_HWFET_Pan18650PF,10.621234893798828
A2-2,303,ood(0C),06-02-17_17.14 0degC_UDDS_Pan18650PF,6.92974853515625
A2-2,303,ood(-10C),06-07-17_08.39 n10degC_HWFET_Pan18650PF,6.574962139129639
A2-2,303,ood(-10C),06-07-17_08.39 n10degC_LA92_Pan18650PF,6.99674129486084
A2-2,303,ood(-10C),06-07-17_08.39 n10degC_UDDS_Pan18650PF,8.468201637268066
A2-2,303,ood(-10C),06-07-17_08.39 n10degC_US06_Pan18650PF,4.085844993591309
A2-2,303,ood(-10C),06-10-17_11.25 n10degC_Cycle_1_Pan18650PF,11.423962593078613
A2-2,303,ood(-10C),06-10-17_18.35 n10degC_Cycle_2_Pan18650PF,16.699283599853516
A2-2,303,ood(-10C),06-11-17_01.39 n10degC_Cycle_3_Pan18650PF,17.181678771972656
A2-2,303,ood(-10C),06-11-17_08.42 n10degC_Cycle_4_Pan18650PF,10.414512634277344
A2-2,303,ood(-10C),06-14-17_13.12 n10degC_NN_Pan18650PF,10.276076316833496
A2-2,303,ood(-20C),06-23-17_23.35 n20degC_HWFET_Pan18650PF,4.293394088745117
A2-2,303,ood(-20C),06-23-17_23.35 n20degC_LA92_Pan18650PF,4.841999053955078
A2-2,303,ood(-20C),06-23-17_23.35 n20degC_NN_Pan18650PF,3.8545424938201904
A2-2,303,ood(-20C),06-23-17_23.35 n20degC_UDDS_Pan18650PF,8.437681198120117
A2-2,303,ood(-20C),06-24-17_04.29 n20degC_Cycle_1_Pan18650PF,20.803478240966797
A2-2,303,ood(-20C),06-24-17_11.58 n20degC_Cycle_2_Pan18650PF,19.22915267944336
A2-2,303,ood(-20C),06-24-17_19.29 n20degC_Cycle_3_Pan18650PF,20.433826446533203
A2-2,303,ood(-20C),06-25-17_03.01 n20degC_Cycle_4_Pan18650PF,16.568204879760742
A2-2,303,ood(-20C),06-25-17_10.31 n20degC_US06_Pan18650PF,21.23430633544922
A2-2,404,test_id(25C),03-18-17_02.17 25degC_Cycle_1_Pan18650PF,0.7052705883979797
A2-2,404,test_id(25C),03-19-17_03.25 25degC_Cycle_2_Pan18650PF,0.6390583515167236
A2-2,404,test_id(25C),03-19-17_09.07 25degC_Cycle_3_Pan18650PF,0.38203781843185425
A2-2,404,test_id(25C),03-19-17_14.31 25degC_Cycle_4_Pan18650PF,0.6391868591308594
A2-2,404,ood(10C),03-27-17_09.06 10degC_HWFET_Pan18650PF,2.613494634628296
A2-2,404,ood(10C),03-27-17_09.06 10degC_LA92_Pan18650PF,2.9108126163482666
A2-2,404,ood(10C),03-27-17_09.06 10degC_NN_Pan18650PF,2.3088290691375732
A2-2,404,ood(10C),03-27-17_09.06 10degC_UDDS_Pan18650PF,1.7057569026947021
A2-2,404,ood(10C),03-27-17_09.06 10degC_US06_Pan18650PF,3.349992036819458
A2-2,404,ood(10C),03-28-17_12.51 10degC_Cycle_1_Pan18650PF,3.0473108291625977
A2-2,404,ood(10C),03-28-17_18.18 10degC_Cycle_2_Pan18650PF,4.169835567474365
A2-2,404,ood(10C),04-05-17_17.04 10degC_Cycle_3_Pan18650PF,4.124676704406738
A2-2,404,ood(10C),04-05-17_22.50 10degC_Cycle_4_Pan18650PF,2.430479049682617
A2-2,404,ood(0C),05-30-17_12.56 0degC_Cycle_1_Pan18650PF,8.567037582397461
A2-2,404,ood(0C),05-30-17_20.16 0degC_Cycle_2_Pan18650PF,8.729958534240723
A2-2,404,ood(0C),06-01-17_10.36 0degC_LA92_Pan18650PF,5.326760292053223
A2-2,404,ood(0C),06-01-17_10.36 0degC_NN_Pan18650PF,4.2690958976745605
A2-2,404,ood(0C),06-01-17_15.36 0degC_Cycle_3_Pan18650PF,9.386788368225098
A2-2,404,ood(0C),06-01-17_22.03 0degC_Cycle_4_Pan18650PF,7.1166157722473145
A2-2,404,ood(0C),06-02-17_04.58 0degC_US06_Pan18650PF,8.648216247558594
A2-2,404,ood(0C),06-02-17_10.43 0degC_HWFET_Pan18650PF,10.237698554992676
A2-2,404,ood(0C),06-02-17_17.14 0degC_UDDS_Pan18650PF,7.250208854675293
A2-2,404,ood(-10C),06-07-17_08.39 n10degC_HWFET_Pan18650PF,6.554421424865723
A2-2,404,ood(-10C),06-07-17_08.39 n10degC_LA92_Pan18650PF,7.300090789794922
A2-2,404,ood(-10C),06-07-17_08.39 n10degC_UDDS_Pan18650PF,8.855443954467773
A2-2,404,ood(-10C),06-07-17_08.39 n10degC_US06_Pan18650PF,4.227283000946045
A2-2,404,ood(-10C),06-10-17_11.25 n10degC_Cycle_1_Pan18650PF,11.869807243347168
A2-2,404,ood(-10C),06-10-17_18.35 n10degC_Cycle_2_Pan18650PF,17.184633255004883
A2-2,404,ood(-10C),06-11-17_01.39 n10degC_Cycle_3_Pan18650PF,17.682594299316406
A2-2,404,ood(-10C),06-11-17_08.42 n10degC_Cycle_4_Pan18650PF,10.822147369384766
A2-2,404,ood(-10C),06-14-17_13.12 n10degC_NN_Pan18650PF,10.515294075012207
A2-2,404,ood(-20C),06-23-17_23.35 n20degC_HWFET_Pan18650PF,4.189981460571289
A2-2,404,ood(-20C),06-23-17_23.35 n20degC_LA92_Pan18650PF,4.996121406555176
A2-2,404,ood(-20C),06-23-17_23.35 n20degC_NN_Pan18650PF,3.7431108951568604
A2-2,404,ood(-20C),06-23-17_23.35 n20degC_UDDS_Pan18650PF,8.840761184692383
A2-2,404,ood(-20C),06-24-17_04.29 n20degC_Cycle_1_Pan18650PF,21.38861083984375
A2-2,404,ood(-20C),06-24-17_11.58 n20degC_Cycle_2_Pan18650PF,19.807958602905273
A2-2,404,ood(-20C),06-24-17_19.29 n20degC_Cycle_3_Pan18650PF,21.018775939941406
A2-2,404,ood(-20C),06-25-17_03.01 n20degC_Cycle_4_Pan18650PF,17.13114356994629
A2-2,404,ood(-20C),06-25-17_10.31 n20degC_US06_Pan18650PF,21.79326820373535
A2-2,505,test_id(25C),03-18-17_02.17 25degC_Cycle_1_Pan18650PF,0.7271223664283752
A2-2,505,test_id(25C),03-19-17_03.25 25degC_Cycle_2_Pan18650PF,0.5955175161361694
A2-2,505,test_id(25C),03-19-17_09.07 25degC_Cycle_3_Pan18650PF,0.3656400442123413
A2-2,505,test_id(25C),03-19-17_14.31 25degC_Cycle_4_Pan18650PF,0.6134647130966187
A2-2,505,ood(10C),03-27-17_09.06 10degC_HWFET_Pan18650PF,3.1138916015625
A2-2,505,ood(10C),03-27-17_09.06 10degC_LA92_Pan18650PF,3.2675693035125732
A2-2,505,ood(10C),03-27-17_09.06 10degC_NN_Pan18650PF,2.6816227436065674
A2-2,505,ood(10C),03-27-17_09.06 10degC_UDDS_Pan18650PF,2.1632039546966553
A2-2,505,ood(10C),03-27-17_09.06 10degC_US06_Pan18650PF,3.6888155937194824
A2-2,505,ood(10C),03-28-17_12.51 10degC_Cycle_1_Pan18650PF,3.3973093032836914
A2-2,505,ood(10C),03-28-17_18.18 10degC_Cycle_2_Pan18650PF,4.539637088775635
A2-2,505,ood(10C),04-05-17_17.04 10degC_Cycle_3_Pan18650PF,4.503421306610107
A2-2,505,ood(10C),04-05-17_22.50 10degC_Cycle_4_Pan18650PF,2.8645617961883545
A2-2,505,ood(0C),05-30-17_12.56 0degC_Cycle_1_Pan18650PF,9.518228530883789
A2-2,505,ood(0C),05-30-17_20.16 0degC_Cycle_2_Pan18650PF,9.662832260131836
A2-2,505,ood(0C),06-01-17_10.36 0degC_LA92_Pan18650PF,5.850178241729736
A2-2,505,ood(0C),06-01-17_10.36 0degC_NN_Pan18650PF,4.890144348144531
A2-2,505,ood(0C),06-01-17_15.36 0degC_Cycle_3_Pan18650PF,9.932451248168945
A2-2,505,ood(0C),06-01-17_22.03 0degC_Cycle_4_Pan18650PF,7.870552062988281
A2-2,505,ood(0C),06-02-17_04.58 0degC_US06_Pan18650PF,9.21263599395752
A2-2,505,ood(0C),06-02-17_10.43 0degC_HWFET_Pan18650PF,11.108356475830078
A2-2,505,ood(0C),06-02-17_17.14 0degC_UDDS_Pan18650PF,7.956854820251465
A2-2,505,ood(-10C),06-07-17_08.39 n10degC_HWFET_Pan18650PF,7.36366605758667
A2-2,505,ood(-10C),06-07-17_08.39 n10degC_LA92_Pan18650PF,8.014559745788574
A2-2,505,ood(-10C),06-07-17_08.39 n10degC_UDDS_Pan18650PF,9.586084365844727
A2-2,505,ood(-10C),06-07-17_08.39 n10degC_US06_Pan18650PF,4.983831882476807
A2-2,505,ood(-10C),06-10-17_11.25 n10degC_Cycle_1_Pan18650PF,12.706437110900879
A2-2,505,ood(-10C),06-10-17_18.35 n10degC_Cycle_2_Pan18650PF,17.923254013061523
A2-2,505,ood(-10C),06-11-17_01.39 n10degC_Cycle_3_Pan18650PF,18.406471252441406
A2-2,505,ood(-10C),06-11-17_08.42 n10degC_Cycle_4_Pan18650PF,11.537245750427246
A2-2,505,ood(-10C),06-14-17_13.12 n10degC_NN_Pan18650PF,11.36693286895752
A2-2,505,ood(-20C),06-23-17_23.35 n20degC_HWFET_Pan18650PF,5.208792686462402
A2-2,505,ood(-20C),06-23-17_23.35 n20degC_LA92_Pan18650PF,5.864321708679199
A2-2,505,ood(-20C),06-23-17_23.35 n20degC_NN_Pan18650PF,4.62589693069458
A2-2,505,ood(-20C),06-23-17_23.35 n20degC_UDDS_Pan18650PF,9.76583194732666
A2-2,505,ood(-20C),06-24-17_04.29 n20degC_Cycle_1_Pan18650PF,22.361717224121094
A2-2,505,ood(-20C),06-24-17_11.58 n20degC_Cycle_2_Pan18650PF,20.72119140625
A2-2,505,ood(-20C),06-24-17_19.29 n20degC_Cycle_3_Pan18650PF,21.864959716796875
A2-2,505,ood(-20C),06-25-17_03.01 n20degC_Cycle_4_Pan18650PF,18.201641082763672
A2-2,505,ood(-20C),06-25-17_10.31 n20degC_US06_Pan18650PF,22.30293083190918
A2-2,606,test_id(25C),03-18-17_02.17 25degC_Cycle_1_Pan18650PF,0.6745703816413879
A2-2,606,test_id(25C),03-19-17_03.25 25degC_Cycle_2_Pan18650PF,0.5654895901679993
A2-2,606,test_id(25C),03-19-17_09.07 25degC_Cycle_3_Pan18650PF,0.3542858362197876
A2-2,606,test_id(25C),03-19-17_14.31 25degC_Cycle_4_Pan18650PF,0.637028157711029
A2-2,606,ood(10C),03-27-17_09.06 10degC_HWFET_Pan18650PF,2.7514750957489014
A2-2,606,ood(10C),03-27-17_09.06 10degC_LA92_Pan18650PF,2.8182458877563477
A2-2,606,ood(10C),03-27-17_09.06 10degC_NN_Pan18650PF,2.275131940841675
A2-2,606,ood(10C),03-27-17_09.06 10degC_UDDS_Pan18650PF,1.7024438381195068
A2-2,606,ood(10C),03-27-17_09.06 10degC_US06_Pan18650PF,3.2862548828125
A2-2,606,ood(10C),03-28-17_12.51 10degC_Cycle_1_Pan18650PF,2.9391422271728516
A2-2,606,ood(10C),03-28-17_18.18 10degC_Cycle_2_Pan18650PF,4.012225151062012
A2-2,606,ood(10C),04-05-17_17.04 10degC_Cycle_3_Pan18650PF,4.018017292022705
A2-2,606,ood(10C),04-05-17_22.50 10degC_Cycle_4_Pan18650PF,2.3952455520629883
A2-2,606,ood(0C),05-30-17_12.56 0degC_Cycle_1_Pan18650PF,8.608214378356934
A2-2,606,ood(0C),05-30-17_20.16 0degC_Cycle_2_Pan18650PF,8.687504768371582
A2-2,606,ood(0C),06-01-17_10.36 0degC_LA92_Pan18650PF,5.280025959014893
A2-2,606,ood(0C),06-01-17_10.36 0degC_NN_Pan18650PF,4.3671722412109375
A2-2,606,ood(0C),06-01-17_15.36 0degC_Cycle_3_Pan18650PF,8.93541431427002
A2-2,606,ood(0C),06-01-17_22.03 0degC_Cycle_4_Pan18650PF,7.18128776550293
A2-2,606,ood(0C),06-02-17_04.58 0degC_US06_Pan18650PF,8.47702693939209
A2-2,606,ood(0C),06-02-17_10.43 0degC_HWFET_Pan18650PF,10.224968910217285
A2-2,606,ood(0C),06-02-17_17.14 0degC_UDDS_Pan18650PF,7.144828796386719
A2-2,606,ood(-10C),06-07-17_08.39 n10degC_HWFET_Pan18650PF,6.618801593780518
A2-2,606,ood(-10C),06-07-17_08.39 n10degC_LA92_Pan18650PF,7.221311092376709
A2-2,606,ood(-10C),06-07-17_08.39 n10degC_UDDS_Pan18650PF,8.643031120300293
A2-2,606,ood(-10C),06-07-17_08.39 n10degC_US06_Pan18650PF,4.326529026031494
A2-2,606,ood(-10C),06-10-17_11.25 n10degC_Cycle_1_Pan18650PF,11.649690628051758
A2-2,606,ood(-10C),06-10-17_18.35 n10degC_Cycle_2_Pan18650PF,16.812908172607422
A2-2,606,ood(-10C),06-11-17_01.39 n10degC_Cycle_3_Pan18650PF,17.17208480834961
A2-2,606,ood(-10C),06-11-17_08.42 n10degC_Cycle_4_Pan18650PF,10.671916007995605
A2-2,606,ood(-10C),06-14-17_13.12 n10degC_NN_Pan18650PF,10.508749961853027
A2-2,606,ood(-20C),06-23-17_23.35 n20degC_HWFET_Pan18650PF,4.252411365509033
A2-2,606,ood(-20C),06-23-17_23.35 n20degC_LA92_Pan18650PF,5.009758949279785
A2-2,606,ood(-20C),06-23-17_23.35 n20degC_NN_Pan18650PF,3.8588404655456543
A2-2,606,ood(-20C),06-23-17_23.35 n20degC_UDDS_Pan18650PF,8.731781005859375
A2-2,606,ood(-20C),06-24-17_04.29 n20degC_Cycle_1_Pan18650PF,20.932880401611328
A2-2,606,ood(-20C),06-24-17_11.58 n20degC_Cycle_2_Pan18650PF,19.418216705322266
A2-2,606,ood(-20C),06-24-17_19.29 n20degC_Cycle_3_Pan18650PF,20.529916763305664
A2-2,606,ood(-20C),06-25-17_03.01 n20degC_Cycle_4_Pan18650PF,16.919490814208984
A2-2,606,ood(-20C),06-25-17_10.31 n20degC_US06_Pan18650PF,21.472286224365234
A2-2,707,test_id(25C),03-18-17_02.17 25degC_Cycle_1_Pan18650PF,0.7260306477546692
A2-2,707,test_id(25C),03-19-17_03.25 25degC_Cycle_2_Pan18650PF,0.574515163898468
A2-2,707,test_id(25C),03-19-17_09.07 25degC_Cycle_3_Pan18650PF,0.3485985994338989
A2-2,707,test_id(25C),03-19-17_14.31 25degC_Cycle_4_Pan18650PF,0.5931228995323181
A2-2,707,ood(10C),03-27-17_09.06 10degC_HWFET_Pan18650PF,3.033224105834961
A2-2,707,ood(10C),03-27-17_09.06 10degC_LA92_Pan18650PF,3.2323992252349854
A2-2,707,ood(10C),03-27-17_09.06 10degC_NN_Pan18650PF,2.6467397212982178
A2-2,707,ood(10C),03-27-17_09.06 10degC_UDDS_Pan18650PF,2.065321445465088
A2-2,707,ood(10C),03-27-17_09.06 10degC_US06_Pan18650PF,3.801969051361084
A2-2,707,ood(10C),03-28-17_12.51 10degC_Cycle_1_Pan18650PF,3.3966355323791504
A2-2,707,ood(10C),03-28-17_18.18 10degC_Cycle_2_Pan18650PF,4.543385982513428
A2-2,707,ood(10C),04-05-17_17.04 10degC_Cycle_3_Pan18650PF,4.512397289276123
A2-2,707,ood(10C),04-05-17_22.50 10degC_Cycle_4_Pan18650PF,2.8473634719848633
A2-2,707,ood(0C),05-30-17_12.56 0degC_Cycle_1_Pan18650PF,9.380419731140137
A2-2,707,ood(0C),05-30-17_20.16 0degC_Cycle_2_Pan18650PF,9.558831214904785
A2-2,707,ood(0C),06-01-17_10.36 0degC_LA92_Pan18650PF,5.772813320159912
A2-2,707,ood(0C),06-01-17_10.36 0degC_NN_Pan18650PF,4.741477966308594
A2-2,707,ood(0C),06-01-17_15.36 0degC_Cycle_3_Pan18650PF,9.98657512664795
A2-2,707,ood(0C),06-01-17_22.03 0degC_Cycle_4_Pan18650PF,7.811069011688232
A2-2,707,ood(0C),06-02-17_04.58 0degC_US06_Pan18650PF,9.406940460205078
A2-2,707,ood(0C),06-02-17_10.43 0degC_HWFET_Pan18650PF,11.128087043762207
A2-2,707,ood(0C),06-02-17_17.14 0degC_UDDS_Pan18650PF,7.834414005279541
A2-2,707,ood(-10C),06-07-17_08.39 n10degC_HWFET_Pan18650PF,7.147710800170898
A2-2,707,ood(-10C),06-07-17_08.39 n10degC_LA92_Pan18650PF,7.826211929321289
A2-2,707,ood(-10C),06-07-17_08.39 n10degC_UDDS_Pan18650PF,9.330183982849121
A2-2,707,ood(-10C),06-07-17_08.39 n10degC_US06_Pan18650PF,4.652116775512695
A2-2,707,ood(-10C),06-10-17_11.25 n10degC_Cycle_1_Pan18650PF,12.568876266479492
A2-2,707,ood(-10C),06-10-17_18.35 n10degC_Cycle_2_Pan18650PF,17.979110717773438
A2-2,707,ood(-10C),06-11-17_01.39 n10degC_Cycle_3_Pan18650PF,18.41045379638672
A2-2,707,ood(-10C),06-11-17_08.42 n10degC_Cycle_4_Pan18650PF,11.608919143676758
A2-2,707,ood(-10C),06-14-17_13.12 n10degC_NN_Pan18650PF,11.340066909790039
A2-2,707,ood(-20C),06-23-17_23.35 n20degC_HWFET_Pan18650PF,4.712890148162842
A2-2,707,ood(-20C),06-23-17_23.35 n20degC_LA92_Pan18650PF,5.45504903793335
A2-2,707,ood(-20C),06-23-17_23.35 n20degC_NN_Pan18650PF,4.217409610748291
A2-2,707,ood(-20C),06-23-17_23.35 n20degC_UDDS_Pan18650PF,9.208568572998047
A2-2,707,ood(-20C),06-24-17_04.29 n20degC_Cycle_1_Pan18650PF,22.04133415222168
A2-2,707,ood(-20C),06-24-17_11.58 n20degC_Cycle_2_Pan18650PF,20.558273315429688
A2-2,707,ood(-20C),06-24-17_19.29 n20degC_Cycle_3_Pan18650PF,21.746742248535156
A2-2,707,ood(-20C),06-25-17_03.01 n20degC_Cycle_4_Pan18650PF,17.903656005859375
A2-2,707,ood(-20C),06-25-17_10.31 n20degC_US06_Pan18650PF,22.77812385559082
A2-3,7,test_id(25C),03-18-17_02.17 25degC_Cycle_1_Pan18650PF,0.6788503527641296
A2-3,7,test_id(25C),03-19-17_03.25 25degC_Cycle_2_Pan18650PF,0.590039849281311
A2-3,7,test_id(25C),03-19-17_09.07 25degC_Cycle_3_Pan18650PF,0.4086739122867584
A2-3,7,test_id(25C),03-19-17_14.31 25degC_Cycle_4_Pan18650PF,0.741338849067688
A2-3,7,ood(10C),03-27-17_09.06 10degC_HWFET_Pan18650PF,2.8452155590057373
A2-3,7,ood(10C),03-27-17_09.06 10degC_LA92_Pan18650PF,2.6630828380584717
A2-3,7,ood(10C),03-27-17_09.06 10degC_NN_Pan18650PF,2.2532308101654053
A2-3,7,ood(10C),03-27-17_09.06 10degC_UDDS_Pan18650PF,1.5318074226379395
A2-3,7,ood(10C),03-27-17_09.06 10degC_US06_Pan18650PF,3.3423168659210205
A2-3,7,ood(10C),03-28-17_12.51 10degC_Cycle_1_Pan18650PF,2.8662333488464355
A2-3,7,ood(10C),03-28-17_18.18 10degC_Cycle_2_Pan18650PF,3.8808650970458984
A2-3,7,ood(10C),04-05-17_17.04 10degC_Cycle_3_Pan18650PF,3.846092462539673
A2-3,7,ood(10C),04-05-17_22.50 10degC_Cycle_4_Pan18650PF,2.377720832824707
A2-3,7,ood(0C),05-30-17_12.56 0degC_Cycle_1_Pan18650PF,8.83539867401123
A2-3,7,ood(0C),05-30-17_20.16 0degC_Cycle_2_Pan18650PF,8.935836791992188
A2-3,7,ood(0C),06-01-17_10.36 0degC_LA92_Pan18650PF,5.034920692443848
A2-3,7,ood(0C),06-01-17_10.36 0degC_NN_Pan18650PF,4.239713191986084
A2-3,7,ood(0C),06-01-17_15.36 0degC_Cycle_3_Pan18650PF,8.733207702636719
A2-3,7,ood(0C),06-01-17_22.03 0degC_Cycle_4_Pan18650PF,6.925657749176025
A2-3,7,ood(0C),06-02-17_04.58 0degC_US06_Pan18650PF,8.544122695922852
A2-3,7,ood(0C),06-02-17_10.43 0degC_HWFET_Pan18650PF,10.232330322265625
A2-3,7,ood(0C),06-02-17_17.14 0degC_UDDS_Pan18650PF,6.7312140464782715
A2-3,7,ood(-10C),06-07-17_08.39 n10degC_HWFET_Pan18650PF,6.418980121612549
A2-3,7,ood(-10C),06-07-17_08.39 n10degC_LA92_Pan18650PF,6.856647968292236
A2-3,7,ood(-10C),06-07-17_08.39 n10degC_UDDS_Pan18650PF,8.122563362121582
A2-3,7,ood(-10C),06-07-17_08.39 n10degC_US06_Pan18650PF,4.111241817474365
A2-3,7,ood(-10C),06-10-17_11.25 n10degC_Cycle_1_Pan18650PF,11.251835823059082
A2-3,7,ood(-10C),06-10-17_18.35 n10degC_Cycle_2_Pan18650PF,16.397912979125977
A2-3,7,ood(-10C),06-11-17_01.39 n10degC_Cycle_3_Pan18650PF,16.764005661010742
A2-3,7,ood(-10C),06-11-17_08.42 n10degC_Cycle_4_Pan18650PF,10.275800704956055
A2-3,7,ood(-10C),06-14-17_13.12 n10degC_NN_Pan18650PF,10.139700889587402
A2-3,7,ood(-20C),06-23-17_23.35 n20degC_HWFET_Pan18650PF,4.0114946365356445
A2-3,7,ood(-20C),06-23-17_23.35 n20degC_LA92_Pan18650PF,4.611326694488525
A2-3,7,ood(-20C),06-23-17_23.35 n20degC_NN_Pan18650PF,3.545140504837036
A2-3,7,ood(-20C),06-23-17_23.35 n20degC_UDDS_Pan18650PF,8.105737686157227
A2-3,7,ood(-20C),06-24-17_04.29 n20degC_Cycle_1_Pan18650PF,20.360713958740234
A2-3,7,ood(-20C),06-24-17_11.58 n20degC_Cycle_2_Pan18650PF,18.78122329711914
A2-3,7,ood(-20C),06-24-17_19.29 n20degC_Cycle_3_Pan18650PF,19.949323654174805
A2-3,7,ood(-20C),06-25-17_03.01 n20degC_Cycle_4_Pan18650PF,16.389144897460938
A2-3,7,ood(-20C),06-25-17_10.31 n20degC_US06_Pan18650PF,21.265588760375977
A2-3,13,test_id(25C),03-18-17_02.17 25degC_Cycle_1_Pan18650PF,0.7185821533203125
A2-3,13,test_id(25C),03-19-17_03.25 25degC_Cycle_2_Pan18650PF,0.6350865960121155
A2-3,13,test_id(25C),03-19-17_09.07 25degC_Cycle_3_Pan18650PF,0.3784330189228058
A2-3,13,test_id(25C),03-19-17_14.31 25degC_Cycle_4_Pan18650PF,0.7554954290390015
A2-3,13,ood(10C),03-27-17_09.06 10degC_HWFET_Pan18650PF,2.809544801712036
A2-3,13,ood(10C),03-27-17_09.06 10degC_LA92_Pan18650PF,3.014695644378662
A2-3,13,ood(10C),03-27-17_09.06 10degC_NN_Pan18650PF,2.4052181243896484
A2-3,13,ood(10C),03-27-17_09.06 10degC_UDDS_Pan18650PF,1.7532204389572144
A2-3,13,ood(10C),03-27-17_09.06 10degC_US06_Pan18650PF,3.540915012359619
A2-3,13,ood(10C),03-28-17_12.51 10degC_Cycle_1_Pan18650PF,3.140864610671997
A2-3,13,ood(10C),03-28-17_18.18 10degC_Cycle_2_Pan18650PF,4.2486724853515625
A2-3,13,ood(10C),04-05-17_17.04 10degC_Cycle_3_Pan18650PF,4.233165264129639
A2-3,13,ood(10C),04-05-17_22.50 10degC_Cycle_4_Pan18650PF,2.546139717102051
A2-3,13,ood(0C),05-30-17_12.56 0degC_Cycle_1_Pan18650PF,8.69296932220459
A2-3,13,ood(0C),05-30-17_20.16 0degC_Cycle_2_Pan18650PF,8.913885116577148
A2-3,13,ood(0C),06-01-17_10.36 0degC_LA92_Pan18650PF,5.440450191497803
A2-3,13,ood(0C),06-01-17_10.36 0degC_NN_Pan18650PF,4.444828033447266
A2-3,13,ood(0C),06-01-17_15.36 0degC_Cycle_3_Pan18650PF,9.446734428405762
A2-3,13,ood(0C),06-01-17_22.03 0degC_Cycle_4_Pan18650PF,7.346768379211426
A2-3,13,ood(0C),06-02-17_04.58 0degC_US06_Pan18650PF,8.887165069580078
A2-3,13,ood(0C),06-02-17_10.43 0degC_HWFET_Pan18650PF,10.609980583190918
A2-3,13,ood(0C),06-02-17_17.14 0degC_UDDS_Pan18650PF,7.326011657714844
A2-3,13,ood(-10C),06-07-17_08.39 n10degC_HWFET_Pan18650PF,6.782397270202637
A2-3,13,ood(-10C),06-07-17_08.39 n10degC_LA92_Pan18650PF,7.438295364379883
A2-3,13,ood(-10C),06-07-17_08.39 n10degC_UDDS_Pan18650PF,8.872356414794922
A2-3,13,ood(-10C),06-07-17_08.39 n10degC_US06_Pan18650PF,4.4376220703125
A2-3,13,ood(-10C),06-10-17_11.25 n10degC_Cycle_1_Pan18650PF,12.039595603942871
A2-3,13,ood(-10C),06-10-17_18.35 n10degC_Cycle_2_Pan18650PF,17.23673439025879
A2-3,13,ood(-10C),06-11-17_01.39 n10degC_Cycle_3_Pan18650PF,17.788822174072266
A2-3,13,ood(-10C),06-11-17_08.42 n10degC_Cycle_4_Pan18650PF,10.984933853149414
A2-3,13,ood(-10C),06-14-17_13.12 n10degC_NN_Pan18650PF,10.726520538330078
A2-3,13,ood(-20C),06-23-17_23.35 n20degC_HWFET_Pan18650PF,4.477783203125
A2-3,13,ood(-20C),06-23-17_23.35 n20degC_LA92_Pan18650PF,5.25700044631958
A2-3,13,ood(-20C),06-23-17_23.35 n20degC_NN_Pan18650PF,3.9504668712615967
A2-3,13,ood(-20C),06-23-17_23.35 n20degC_UDDS_Pan18650PF,9.056103706359863
A2-3,13,ood(-20C),06-24-17_04.29 n20degC_Cycle_1_Pan18650PF,21.612112045288086
A2-3,13,ood(-20C),06-24-17_11.58 n20degC_Cycle_2_Pan18650PF,19.918041229248047
A2-3,13,ood(-20C),06-24-17_19.29 n20degC_Cycle_3_Pan18650PF,21.22610855102539
A2-3,13,ood(-20C),06-25-17_03.01 n20degC_Cycle_4_Pan18650PF,17.468082427978516
A2-3,13,ood(-20C),06-25-17_10.31 n20degC_US06_Pan18650PF,22.0906925201416
A2-3,42,test_id(25C),03-18-17_02.17 25degC_Cycle_1_Pan18650PF,0.7172702550888062
A2-3,42,test_id(25C),03-19-17_03.25 25degC_Cycle_2_Pan18650PF,0.6452640295028687
A2-3,42,test_id(25C),03-19-17_09.07 25degC_Cycle_3_Pan18650PF,0.38713204860687256
A2-3,42,test_id(25C),03-19-17_14.31 25degC_Cycle_4_Pan18650PF,0.7933768630027771
A2-3,42,ood(10C),03-27-17_09.06 10degC_HWFET_Pan18650PF,2.7318153381347656
A2-3,42,ood(10C),03-27-17_09.06 10degC_LA92_Pan18650PF,2.9193227291107178
A2-3,42,ood(10C),03-27-17_09.06 10degC_NN_Pan18650PF,2.3380327224731445
A2-3,42,ood(10C),03-27-17_09.06 10degC_UDDS_Pan18650PF,1.7091776132583618
A2-3,42,ood(10C),03-27-17_09.06 10degC_US06_Pan18650PF,3.4126484394073486
A2-3,42,ood(10C),03-28-17_12.51 10degC_Cycle_1_Pan18650PF,3.050755500793457
A2-3,42,ood(10C),03-28-17_18.18 10degC_Cycle_2_Pan18650PF,4.124388217926025
A2-3,42,ood(10C),04-05-17_17.04 10degC_Cycle_3_Pan18650PF,4.125680446624756
A2-3,42,ood(10C),04-05-17_22.50 10degC_Cycle_4_Pan18650PF,2.4316320419311523
A2-3,42,ood(0C),05-30-17_12.56 0degC_Cycle_1_Pan18650PF,8.484453201293945
A2-3,42,ood(0C),05-30-17_20.16 0degC_Cycle_2_Pan18650PF,8.730679512023926
A2-3,42,ood(0C),06-01-17_10.36 0degC_LA92_Pan18650PF,5.354194641113281
A2-3,42,ood(0C),06-01-17_10.36 0degC_NN_Pan18650PF,4.402398109436035
A2-3,42,ood(0C),06-01-17_15.36 0degC_Cycle_3_Pan18650PF,9.14139175415039
A2-3,42,ood(0C),06-01-17_22.03 0degC_Cycle_4_Pan18650PF,7.218051910400391
A2-3,42,ood(0C),06-02-17_04.58 0degC_US06_Pan18650PF,8.68581771850586
A2-3,42,ood(0C),06-02-17_10.43 0degC_HWFET_Pan18650PF,10.316582679748535
A2-3,42,ood(0C),06-02-17_17.14 0degC_UDDS_Pan18650PF,7.1659979820251465
A2-3,42,ood(-10C),06-07-17_08.39 n10degC_HWFET_Pan18650PF,6.593600749969482
A2-3,42,ood(-10C),06-07-17_08.39 n10degC_LA92_Pan18650PF,7.2530903816223145
A2-3,42,ood(-10C),06-07-17_08.39 n10degC_UDDS_Pan18650PF,8.61055850982666
A2-3,42,ood(-10C),06-07-17_08.39 n10degC_US06_Pan18650PF,4.441842555999756
A2-3,42,ood(-10C),06-10-17_11.25 n10degC_Cycle_1_Pan18650PF,11.734786033630371
A2-3,42,ood(-10C),06-10-17_18.35 n10degC_Cycle_2_Pan18650PF,16.89486312866211
A2-3,42,ood(-10C),06-11-17_01.39 n10degC_Cycle_3_Pan18650PF,17.354461669921875
A2-3,42,ood(-10C),06-11-17_08.42 n10degC_Cycle_4_Pan18650PF,10.675249099731445
A2-3,42,ood(-10C),06-14-17_13.12 n10degC_NN_Pan18650PF,10.489270210266113
A2-3,42,ood(-20C),06-23-17_23.35 n20degC_HWFET_Pan18650PF,4.237119197845459
A2-3,42,ood(-20C),06-23-17_23.35 n20degC_LA92_Pan18650PF,4.9678144454956055
A2-3,42,ood(-20C),06-23-17_23.35 n20degC_NN_Pan18650PF,3.7517120838165283
A2-3,42,ood(-20C),06-23-17_23.35 n20degC_UDDS_Pan18650PF,8.693910598754883
A2-3,42,ood(-20C),06-24-17_04.29 n20degC_Cycle_1_Pan18650PF,21.128355026245117
A2-3,42,ood(-20C),06-24-17_11.58 n20degC_Cycle_2_Pan18650PF,19.42513656616211
A2-3,42,ood(-20C),06-24-17_19.29 n20degC_Cycle_3_Pan18650PF,20.618148803710938
A2-3,42,ood(-20C),06-25-17_03.01 n20degC_Cycle_4_Pan18650PF,16.998302459716797
A2-3,42,ood(-20C),06-25-17_10.31 n20degC_US06_Pan18650PF,21.714445114135742
A2-3,101,test_id(25C),03-18-17_02.17 25degC_Cycle_1_Pan18650PF,0.7181148529052734
A2-3,101,test_id(25C),03-19-17_03.25 25degC_Cycle_2_Pan18650PF,0.6450363397598267
A2-3,101,test_id(25C),03-19-17_09.07 25degC_Cycle_3_Pan18650PF,0.41382870078086853
A2-3,101,test_id(25C),03-19-17_14.31 25degC_Cycle_4_Pan18650PF,0.7631533145904541
A2-3,101,ood(10C),03-27-17_09.06 10degC_HWFET_Pan18650PF,2.563857316970825
A2-3,101,ood(10C),03-27-17_09.06 10degC_LA92_Pan18650PF,2.749912977218628
A2-3,101,ood(10C),03-27-17_09.06 10degC_NN_Pan18650PF,2.128188371658325
A2-3,101,ood(10C),03-27-17_09.06 10degC_UDDS_Pan18650PF,1.5055832862854004
A2-3,101,ood(10C),03-27-17_09.06 10degC_US06_Pan18650PF,3.1993067264556885
A2-3,101,ood(10C),03-28-17_12.51 10degC_Cycle_1_Pan18650PF,2.8691370487213135
A2-3,101,ood(10C),03-28-17_18.18 10degC_Cycle_2_Pan18650PF,3.9737863540649414
A2-3,101,ood(10C),04-05-17_17.04 10degC_Cycle_3_Pan18650PF,3.9258830547332764
A2-3,101,ood(10C),04-05-17_22.50 10degC_Cycle_4_Pan18650PF,2.2295899391174316
A2-3,101,ood(0C),05-30-17_12.56 0degC_Cycle_1_Pan18650PF,8.393621444702148
A2-3,101,ood(0C),05-30-17_20.16 0degC_Cycle_2_Pan18650PF,8.538665771484375
A2-3,101,ood(0C),06-01-17_10.36 0degC_LA92_Pan18650PF,5.14242696762085
A2-3,101,ood(0C),06-01-17_10.36 0degC_NN_Pan18650PF,4.158749103546143
A2-3,101,ood(0C),06-01-17_15.36 0degC_Cycle_3_Pan18650PF,8.876667976379395
A2-3,101,ood(0C),06-01-17_22.03 0degC_Cycle_4_Pan18650PF,6.859348773956299
A2-3,101,ood(0C),06-02-17_04.58 0degC_US06_Pan18650PF,8.390960693359375
A2-3,101,ood(0C),06-02-17_10.43 0degC_HWFET_Pan18650PF,9.95034408569336
A2-3,101,ood(0C),06-02-17_17.14 0degC_UDDS_Pan18650PF,6.870663642883301
A2-3,101,ood(-10C),06-07-17_08.39 n10degC_HWFET_Pan18650PF,6.26705265045166
A2-3,101,ood(-10C),06-07-17_08.39 n10degC_LA92_Pan18650PF,6.965006351470947
A2-3,101,ood(-10C),06-07-17_08.39 n10degC_UDDS_Pan18650PF,8.341922760009766
A2-3,101,ood(-10C),06-07-17_08.39 n10degC_US06_Pan18650PF,4.055791854858398
A2-3,101,ood(-10C),06-10-17_11.25 n10degC_Cycle_1_Pan18650PF,11.317272186279297
A2-3,101,ood(-10C),06-10-17_18.35 n10degC_Cycle_2_Pan18650PF,16.51814079284668
A2-3,101,ood(-10C),06-11-17_01.39 n10degC_Cycle_3_Pan18650PF,17.00226593017578
A2-3,101,ood(-10C),06-11-17_08.42 n10degC_Cycle_4_Pan18650PF,10.344265937805176
A2-3,101,ood(-10C),06-14-17_13.12 n10degC_NN_Pan18650PF,10.126337051391602
A2-3,101,ood(-20C),06-23-17_23.35 n20degC_HWFET_Pan18650PF,3.9559121131896973
A2-3,101,ood(-20C),06-23-17_23.35 n20degC_LA92_Pan18650PF,4.714909076690674
A2-3,101,ood(-20C),06-23-17_23.35 n20degC_NN_Pan18650PF,3.549600601196289
A2-3,101,ood(-20C),06-23-17_23.35 n20degC_UDDS_Pan18650PF,8.424957275390625
A2-3,101,ood(-20C),06-24-17_04.29 n20degC_Cycle_1_Pan18650PF,20.6452579498291
A2-3,101,ood(-20C),06-24-17_11.58 n20degC_Cycle_2_Pan18650PF,18.963424682617188
A2-3,101,ood(-20C),06-24-17_19.29 n20degC_Cycle_3_Pan18650PF,20.299116134643555
A2-3,101,ood(-20C),06-25-17_03.01 n20degC_Cycle_4_Pan18650PF,16.562719345092773
A2-3,101,ood(-20C),06-25-17_10.31 n20degC_US06_Pan18650PF,21.194087982177734
A2-3,202,test_id(25C),03-18-17_02.17 25degC_Cycle_1_Pan18650PF,0.6742639541625977
A2-3,202,test_id(25C),03-19-17_03.25 25degC_Cycle_2_Pan18650PF,0.6392655968666077
A2-3,202,test_id(25C),03-19-17_09.07 25degC_Cycle_3_Pan18650PF,0.394503653049469
A2-3,202,test_id(25C),03-19-17_14.31 25degC_Cycle_4_Pan18650PF,0.6591946482658386
A2-3,202,ood(10C),03-27-17_09.06 10degC_HWFET_Pan18650PF,2.2284226417541504
A2-3,202,ood(10C),03-27-17_09.06 10degC_LA92_Pan18650PF,2.4961681365966797
A2-3,202,ood(10C),03-27-17_09.06 10degC_NN_Pan18650PF,1.8576600551605225
A2-3,202,ood(10C),03-27-17_09.06 10degC_UDDS_Pan18650PF,1.2829731702804565
A2-3,202,ood(10C),03-27-17_09.06 10degC_US06_Pan18650PF,2.838881492614746
A2-3,202,ood(10C),03-28-17_12.51 10degC_Cycle_1_Pan18650PF,2.5942416191101074
A2-3,202,ood(10C),03-28-17_18.18 10degC_Cycle_2_Pan18650PF,3.5964553356170654
A2-3,202,ood(10C),04-05-17_17.04 10degC_Cycle_3_Pan18650PF,3.586493730545044
A2-3,202,ood(10C),04-05-17_22.50 10degC_Cycle_4_Pan18650PF,1.9451419115066528
A2-3,202,ood(0C),05-30-17_12.56 0degC_Cycle_1_Pan18650PF,7.428704738616943
A2-3,202,ood(0C),05-30-17_20.16 0degC_Cycle_2_Pan18650PF,7.774028301239014
A2-3,202,ood(0C),06-01-17_10.36 0degC_LA92_Pan18650PF,4.761924743652344
A2-3,202,ood(0C),06-01-17_10.36 0degC_NN_Pan18650PF,3.790619373321533
A2-3,202,ood(0C),06-01-17_15.36 0degC_Cycle_3_Pan18650PF,8.058167457580566
A2-3,202,ood(0C),06-01-17_22.03 0degC_Cycle_4_Pan18650PF,6.429204940795898
A2-3,202,ood(0C),06-02-17_04.58 0degC_US06_Pan18650PF,7.64959192276001
A2-3,202,ood(0C),06-02-17_10.43 0degC_HWFET_Pan18650PF,9.267231941223145
A2-3,202,ood(0C),06-02-17_17.14 0degC_UDDS_Pan18650PF,6.3565473556518555
A2-3,202,ood(-10C),06-07-17_08.39 n10degC_HWFET_Pan18650PF,5.725615978240967
A2-3,202,ood(-10C),06-07-17_08.39 n10degC_LA92_Pan18650PF,6.418379306793213
A2-3,202,ood(-10C),06-07-17_08.39 n10degC_UDDS_Pan18650PF,7.737309455871582
A2-3,202,ood(-10C),06-07-17_08.39 n10degC_US06_Pan18650PF,3.614008665084839
A2-3,202,ood(-10C),06-10-17_11.25 n10degC_Cycle_1_Pan18650PF,10.376373291015625
A2-3,202,ood(-10C),06-10-17_18.35 n10degC_Cycle_2_Pan18650PF,15.658673286437988
A2-3,202,ood(-10C),06-11-17_01.39 n10degC_Cycle_3_Pan18650PF,15.960644721984863
A2-3,202,ood(-10C),06-11-17_08.42 n10degC_Cycle_4_Pan18650PF,9.71275520324707
A2-3,202,ood(-10C),06-14-17_13.12 n10degC_NN_Pan18650PF,9.315457344055176
A2-3,202,ood(-20C),06-23-17_23.35 n20degC_HWFET_Pan18650PF,3.293532371520996
A2-3,202,ood(-20C),06-23-17_23.35 n20degC_LA92_Pan18650PF,3.9924139976501465
A2-3,202,ood(-20C),06-23-17_23.35 n20degC_NN_Pan18650PF,2.983485221862793
A2-3,202,ood(-20C),06-23-17_23.35 n20degC_UDDS_Pan18650PF,7.5660905838012695
A2-3,202,ood(-20C),06-24-17_04.29 n20degC_Cycle_1_Pan18650PF,19.274417877197266
A2-3,202,ood(-20C),06-24-17_11.58 n20degC_Cycle_2_Pan18650PF,17.821924209594727
A2-3,202,ood(-20C),06-24-17_19.29 n20degC_Cycle_3_Pan18650PF,18.948535919189453
A2-3,202,ood(-20C),06-25-17_03.01 n20degC_Cycle_4_Pan18650PF,15.453228950500488
A2-3,202,ood(-20C),06-25-17_10.31 n20degC_US06_Pan18650PF,20.076086044311523
A2-3,303,test_id(25C),03-18-17_02.17 25degC_Cycle_1_Pan18650PF,0.7058436274528503
A2-3,303,test_id(25C),03-19-17_03.25 25degC_Cycle_2_Pan18650PF,0.6111870408058167
A2-3,303,test_id(25C),03-19-17_09.07 25degC_Cycle_3_Pan18650PF,0.38190439343452454
A2-3,303,test_id(25C),03-19-17_14.31 25degC_Cycle_4_Pan18650PF,0.6821386814117432
A2-3,303,ood(10C),03-27-17_09.06 10degC_HWFET_Pan18650PF,2.63854718208313
A2-3,303,ood(10C),03-27-17_09.06 10degC_LA92_Pan18650PF,2.858973503112793
A2-3,303,ood(10C),03-27-17_09.06 10degC_NN_Pan18650PF,2.2771005630493164
A2-3,303,ood(10C),03-27-17_09.06 10degC_UDDS_Pan18650PF,1.7381980419158936
A2-3,303,ood(10C),03-27-17_09.06 10degC_US06_Pan18650PF,3.2479705810546875
A2-3,303,ood(10C),03-28-17_12.51 10degC_Cycle_1_Pan18650PF,3.0447568893432617
A2-3,303,ood(10C),03-28-17_18.18 10degC_Cycle_2_Pan18650PF,4.092459678649902
A2-3,303,ood(10C),04-05-17_17.04 10degC_Cycle_3_Pan18650PF,4.121830940246582
A2-3,303,ood(10C),04-05-17_22.50 10degC_Cycle_4_Pan18650PF,2.3979344367980957
A2-3,303,ood(0C),05-30-17_12.56 0degC_Cycle_1_Pan18650PF,8.370760917663574
A2-3,303,ood(0C),05-30-17_20.16 0degC_Cycle_2_Pan18650PF,8.657686233520508
A2-3,303,ood(0C),06-01-17_10.36 0degC_LA92_Pan18650PF,5.266411304473877
A2-3,303,ood(0C),06-01-17_10.36 0degC_NN_Pan18650PF,4.3040571212768555
A2-3,303,ood(0C),06-01-17_15.36 0degC_Cycle_3_Pan18650PF,9.1556978225708
A2-3,303,ood(0C),06-01-17_22.03 0degC_Cycle_4_Pan18650PF,7.124597072601318
A2-3,303,ood(0C),06-02-17_04.58 0degC_US06_Pan18650PF,8.35932445526123
A2-3,303,ood(0C),06-02-17_10.43 0degC_HWFET_Pan18650PF,10.297410011291504
A2-3,303,ood(0C),06-02-17_17.14 0degC_UDDS_Pan18650PF,7.207513332366943
A2-3,303,ood(-10C),06-07-17_08.39 n10degC_HWFET_Pan18650PF,6.379103660583496
A2-3,303,ood(-10C),06-07-17_08.39 n10degC_LA92_Pan18650PF,7.079928398132324
A2-3,303,ood(-10C),06-07-17_08.39 n10degC_UDDS_Pan18650PF,8.57464599609375
A2-3,303,ood(-10C),06-07-17_08.39 n10degC_US06_Pan18650PF,3.9921553134918213
A2-3,303,ood(-10C),06-10-17_11.25 n10degC_Cycle_1_Pan18650PF,11.574514389038086
A2-3,303,ood(-10C),06-10-17_18.35 n10degC_Cycle_2_Pan18650PF,16.853960037231445
A2-3,303,ood(-10C),06-11-17_01.39 n10degC_Cycle_3_Pan18650PF,17.326416015625
A2-3,303,ood(-10C),06-11-17_08.42 n10degC_Cycle_4_Pan18650PF,10.538002014160156
A2-3,303,ood(-10C),06-14-17_13.12 n10degC_NN_Pan18650PF,10.336322784423828
A2-3,303,ood(-20C),06-23-17_23.35 n20degC_HWFET_Pan18650PF,4.0225043296813965
A2-3,303,ood(-20C),06-23-17_23.35 n20degC_LA92_Pan18650PF,4.787322998046875
A2-3,303,ood(-20C),06-23-17_23.35 n20degC_NN_Pan18650PF,3.698986053466797
A2-3,303,ood(-20C),06-23-17_23.35 n20degC_UDDS_Pan18650PF,8.515525817871094
A2-3,303,ood(-20C),06-24-17_04.29 n20degC_Cycle_1_Pan18650PF,20.814414978027344
A2-3,303,ood(-20C),06-24-17_11.58 n20degC_Cycle_2_Pan18650PF,19.253339767456055
A2-3,303,ood(-20C),06-24-17_19.29 n20degC_Cycle_3_Pan18650PF,20.4836483001709
A2-3,303,ood(-20C),06-25-17_03.01 n20degC_Cycle_4_Pan18650PF,16.685354232788086
A2-3,303,ood(-20C),06-25-17_10.31 n20degC_US06_Pan18650PF,21.29648208618164
A2-3,404,test_id(25C),03-18-17_02.17 25degC_Cycle_1_Pan18650PF,0.721077024936676
A2-3,404,test_id(25C),03-19-17_03.25 25degC_Cycle_2_Pan18650PF,0.5801693201065063
A2-3,404,test_id(25C),03-19-17_09.07 25degC_Cycle_3_Pan18650PF,0.3649255335330963
A2-3,404,test_id(25C),03-19-17_14.31 25degC_Cycle_4_Pan18650PF,0.7215372323989868
A2-3,404,ood(10C),03-27-17_09.06 10degC_HWFET_Pan18650PF,2.860065460205078
A2-3,404,ood(10C),03-27-17_09.06 10degC_LA92_Pan18650PF,2.88023042678833
A2-3,404,ood(10C),03-27-17_09.06 10degC_NN_Pan18650PF,2.2917003631591797
A2-3,404,ood(10C),03-27-17_09.06 10degC_UDDS_Pan18650PF,1.6652841567993164
A2-3,404,ood(10C),03-27-17_09.06 10degC_US06_Pan18650PF,3.3946011066436768
A2-3,404,ood(10C),03-28-17_12.51 10degC_Cycle_1_Pan18650PF,3.0248870849609375
A2-3,404,ood(10C),03-28-17_18.18 10degC_Cycle_2_Pan18650PF,4.100646495819092
A2-3,404,ood(10C),04-05-17_17.04 10degC_Cycle_3_Pan18650PF,4.070369243621826
A2-3,404,ood(10C),04-05-17_22.50 10degC_Cycle_4_Pan18650PF,2.4142520427703857
A2-3,404,ood(0C),05-30-17_12.56 0degC_Cycle_1_Pan18650PF,8.393296241760254
A2-3,404,ood(0C),05-30-17_20.16 0degC_Cycle_2_Pan18650PF,8.633984565734863
A2-3,404,ood(0C),06-01-17_10.36 0degC_LA92_Pan18650PF,5.261733055114746
A2-3,404,ood(0C),06-01-17_10.36 0degC_NN_Pan18650PF,4.345147132873535
A2-3,404,ood(0C),06-01-17_15.36 0degC_Cycle_3_Pan18650PF,8.95057487487793
A2-3,404,ood(0C),06-01-17_22.03 0degC_Cycle_4_Pan18650PF,7.151591777801514
A2-3,404,ood(0C),06-02-17_04.58 0degC_US06_Pan18650PF,8.58063793182373
A2-3,404,ood(0C),06-02-17_10.43 0degC_HWFET_Pan18650PF,10.42540454864502
A2-3,404,ood(0C),06-02-17_17.14 0degC_UDDS_Pan18650PF,7.042084693908691
A2-3,404,ood(-10C),06-07-17_08.39 n10degC_HWFET_Pan18650PF,6.537069320678711
A2-3,404,ood(-10C),06-07-17_08.39 n10degC_LA92_Pan18650PF,7.06203031539917
A2-3,404,ood(-10C),06-07-17_08.39 n10degC_UDDS_Pan18650PF,8.422290802001953
A2-3,404,ood(-10C),06-07-17_08.39 n10degC_US06_Pan18650PF,4.158185958862305
A2-3,404,ood(-10C),06-10-17_11.25 n10degC_Cycle_1_Pan18650PF,11.531505584716797
A2-3,404,ood(-10C),06-10-17_18.35 n10degC_Cycle_2_Pan18650PF,16.68203353881836
A2-3,404,ood(-10C),06-11-17_01.39 n10degC_Cycle_3_Pan18650PF,17.064077377319336
A2-3,404,ood(-10C),06-11-17_08.42 n10degC_Cycle_4_Pan18650PF,10.531002044677734
A2-3,404,ood(-10C),06-14-17_13.12 n10degC_NN_Pan18650PF,10.302573204040527
A2-3,404,ood(-20C),06-23-17_23.35 n20degC_HWFET_Pan18650PF,4.158260345458984
A2-3,404,ood(-20C),06-23-17_23.35 n20degC_LA92_Pan18650PF,4.785415172576904
A2-3,404,ood(-20C),06-23-17_23.35 n20degC_NN_Pan18650PF,3.6366400718688965
A2-3,404,ood(-20C),06-23-17_23.35 n20degC_UDDS_Pan18650PF,8.422121047973633
A2-3,404,ood(-20C),06-24-17_04.29 n20degC_Cycle_1_Pan18650PF,20.71209144592285
A2-3,404,ood(-20C),06-24-17_11.58 n20degC_Cycle_2_Pan18650PF,19.078134536743164
A2-3,404,ood(-20C),06-24-17_19.29 n20degC_Cycle_3_Pan18650PF,20.21221160888672
A2-3,404,ood(-20C),06-25-17_03.01 n20degC_Cycle_4_Pan18650PF,16.7628231048584
A2-3,404,ood(-20C),06-25-17_10.31 n20degC_US06_Pan18650PF,21.31770896911621
A2-3,505,test_id(25C),03-18-17_02.17 25degC_Cycle_1_Pan18650PF,0.6680504083633423
A2-3,505,test_id(25C),03-19-17_03.25 25degC_Cycle_2_Pan18650PF,0.5656697154045105
A2-3,505,test_id(25C),03-19-17_09.07 25degC_Cycle_3_Pan18650PF,0.3325655162334442
A2-3,505,test_id(25C),03-19-17_14.31 25degC_Cycle_4_Pan18650PF,0.708442211151123
A2-3,505,ood(10C),03-27-17_09.06 10degC_HWFET_Pan18650PF,2.4871959686279297
A2-3,505,ood(10C),03-27-17_09.06 10degC_LA92_Pan18650PF,2.724252700805664
A2-3,505,ood(10C),03-27-17_09.06 10degC_NN_Pan18650PF,2.1579887866973877
A2-3,505,ood(10C),03-27-17_09.06 10degC_UDDS_Pan18650PF,1.5455304384231567
A2-3,505,ood(10C),03-27-17_09.06 10degC_US06_Pan18650PF,3.188506841659546
A2-3,505,ood(10C),03-28-17_12.51 10degC_Cycle_1_Pan18650PF,2.871365547180176
A2-3,505,ood(10C),03-28-17_18.18 10degC_Cycle_2_Pan18650PF,3.9920132160186768
A2-3,505,ood(10C),04-05-17_17.04 10degC_Cycle_3_Pan18650PF,3.9577884674072266
A2-3,505,ood(10C),04-05-17_22.50 10degC_Cycle_4_Pan18650PF,2.2757375240325928
A2-3,505,ood(0C),05-30-17_12.56 0degC_Cycle_1_Pan18650PF,8.112859725952148
A2-3,505,ood(0C),05-30-17_20.16 0degC_Cycle_2_Pan18650PF,8.382596015930176
A2-3,505,ood(0C),06-01-17_10.36 0degC_LA92_Pan18650PF,5.141678333282471
A2-3,505,ood(0C),06-01-17_10.36 0degC_NN_Pan18650PF,4.1055402755737305
A2-3,505,ood(0C),06-01-17_15.36 0degC_Cycle_3_Pan18650PF,9.123224258422852
A2-3,505,ood(0C),06-01-17_22.03 0degC_Cycle_4_Pan18650PF,6.808457851409912
A2-3,505,ood(0C),06-02-17_04.58 0degC_US06_Pan18650PF,8.44454288482666
A2-3,505,ood(0C),06-02-17_10.43 0degC_HWFET_Pan18650PF,10.030718803405762
A2-3,505,ood(0C),06-02-17_17.14 0degC_UDDS_Pan18650PF,6.934322357177734
A2-3,505,ood(-10C),06-07-17_08.39 n10degC_HWFET_Pan18650PF,6.203002452850342
A2-3,505,ood(-10C),06-07-17_08.39 n10degC_LA92_Pan18650PF,6.968630313873291
A2-3,505,ood(-10C),06-07-17_08.39 n10degC_UDDS_Pan18650PF,8.441896438598633
A2-3,505,ood(-10C),06-07-17_08.39 n10degC_US06_Pan18650PF,3.9275689125061035
A2-3,505,ood(-10C),06-10-17_11.25 n10degC_Cycle_1_Pan18650PF,11.354700088500977
A2-3,505,ood(-10C),06-10-17_18.35 n10degC_Cycle_2_Pan18650PF,16.676435470581055
A2-3,505,ood(-10C),06-11-17_01.39 n10degC_Cycle_3_Pan18650PF,17.239089965820312
A2-3,505,ood(-10C),06-11-17_08.42 n10degC_Cycle_4_Pan18650PF,10.424703598022461
A2-3,505,ood(-10C),06-14-17_13.12 n10degC_NN_Pan18650PF,10.01537799835205
A2-3,505,ood(-20C),06-23-17_23.35 n20degC_HWFET_Pan18650PF,3.8667492866516113
A2-3,505,ood(-20C),06-23-17_23.35 n20degC_LA92_Pan18650PF,4.694705963134766
A2-3,505,ood(-20C),06-23-17_23.35 n20degC_NN_Pan18650PF,3.4987964630126953
A2-3,505,ood(-20C),06-23-17_23.35 n20degC_UDDS_Pan18650PF,8.483392715454102
A2-3,505,ood(-20C),06-24-17_04.29 n20degC_Cycle_1_Pan18650PF,20.691959381103516
A2-3,505,ood(-20C),06-24-17_11.58 n20degC_Cycle_2_Pan18650PF,19.072261810302734
A2-3,505,ood(-20C),06-24-17_19.29 n20degC_Cycle_3_Pan18650PF,20.38384246826172
A2-3,505,ood(-20C),06-25-17_03.01 n20degC_Cycle_4_Pan18650PF,16.552722930908203
A2-3,505,ood(-20C),06-25-17_10.31 n20degC_US06_Pan18650PF,21.27988624572754
A2-3,606,test_id(25C),03-18-17_02.17 25degC_Cycle_1_Pan18650PF,0.6667894124984741
A2-3,606,test_id(25C),03-19-17_03.25 25degC_Cycle_2_Pan18650PF,0.5920352935791016
A2-3,606,test_id(25C),03-19-17_09.07 25degC_Cycle_3_Pan18650PF,0.3766281306743622
A2-3,606,test_id(25C),03-19-17_14.31 25degC_Cycle_4_Pan18650PF,0.6705047488212585
A2-3,606,ood(10C),03-27-17_09.06 10degC_HWFET_Pan18650PF,2.6653554439544678
A2-3,606,ood(10C),03-27-17_09.06 10degC_LA92_Pan18650PF,2.7909951210021973
A2-3,606,ood(10C),03-27-17_09.06 10degC_NN_Pan18650PF,2.169107437133789
A2-3,606,ood(10C),03-27-17_09.06 10degC_UDDS_Pan18650PF,1.6099514961242676
A2-3,606,ood(10C),03-27-17_09.06 10degC_US06_Pan18650PF,3.1648528575897217
A2-3,606,ood(10C),03-28-17_12.51 10degC_Cycle_1_Pan18650PF,2.9251787662506104
A2-3,606,ood(10C),03-28-17_18.18 10degC_Cycle_2_Pan18650PF,3.947782516479492
A2-3,606,ood(10C),04-05-17_17.04 10degC_Cycle_3_Pan18650PF,3.9620699882507324
A2-3,606,ood(10C),04-05-17_22.50 10degC_Cycle_4_Pan18650PF,2.2872061729431152
A2-3,606,ood(0C),05-30-17_12.56 0degC_Cycle_1_Pan18650PF,8.524154663085938
A2-3,606,ood(0C),05-30-17_20.16 0degC_Cycle_2_Pan18650PF,8.65161418914795
A2-3,606,ood(0C),06-01-17_10.36 0degC_LA92_Pan18650PF,5.208700180053711
A2-3,606,ood(0C),06-01-17_10.36 0degC_NN_Pan18650PF,4.2423095703125
A2-3,606,ood(0C),06-01-17_15.36 0degC_Cycle_3_Pan18650PF,8.75100326538086
A2-3,606,ood(0C),06-01-17_22.03 0degC_Cycle_4_Pan18650PF,7.038806915283203
A2-3,606,ood(0C),06-02-17_04.58 0degC_US06_Pan18650PF,8.349329948425293
A2-3,606,ood(0C),06-02-17_10.43 0degC_HWFET_Pan18650PF,10.081429481506348
A2-3,606,ood(0C),06-02-17_17.14 0degC_UDDS_Pan18650PF,6.979457855224609
A2-3,606,ood(-10C),06-07-17_08.39 n10degC_HWFET_Pan18650PF,6.312864303588867
A2-3,606,ood(-10C),06-07-17_08.39 n10degC_LA92_Pan18650PF,6.925286769866943
A2-3,606,ood(-10C),06-07-17_08.39 n10degC_UDDS_Pan18650PF,8.325606346130371
A2-3,606,ood(-10C),06-07-17_08.39 n10degC_US06_Pan18650PF,4.007373332977295
A2-3,606,ood(-10C),06-10-17_11.25 n10degC_Cycle_1_Pan18650PF,11.283398628234863
A2-3,606,ood(-10C),06-10-17_18.35 n10degC_Cycle_2_Pan18650PF,16.41790008544922
A2-3,606,ood(-10C),06-11-17_01.39 n10degC_Cycle_3_Pan18650PF,16.853967666625977
A2-3,606,ood(-10C),06-11-17_08.42 n10degC_Cycle_4_Pan18650PF,10.373006820678711
A2-3,606,ood(-10C),06-14-17_13.12 n10degC_NN_Pan18650PF,10.119208335876465
A2-3,606,ood(-20C),06-23-17_23.35 n20degC_HWFET_Pan18650PF,3.9067463874816895
A2-3,606,ood(-20C),06-23-17_23.35 n20degC_LA92_Pan18650PF,4.60772180557251
A2-3,606,ood(-20C),06-23-17_23.35 n20degC_NN_Pan18650PF,3.5080175399780273
A2-3,606,ood(-20C),06-23-17_23.35 n20degC_UDDS_Pan18650PF,8.264348983764648
A2-3,606,ood(-20C),06-24-17_04.29 n20degC_Cycle_1_Pan18650PF,20.373294830322266
A2-3,606,ood(-20C),06-24-17_11.58 n20degC_Cycle_2_Pan18650PF,18.792621612548828
A2-3,606,ood(-20C),06-24-17_19.29 n20degC_Cycle_3_Pan18650PF,19.938812255859375
A2-3,606,ood(-20C),06-25-17_03.01 n20degC_Cycle_4_Pan18650PF,16.453998565673828
A2-3,606,ood(-20C),06-25-17_10.31 n20degC_US06_Pan18650PF,21.1715145111084
A2-3,707,test_id(25C),03-18-17_02.17 25degC_Cycle_1_Pan18650PF,0.6582937836647034
A2-3,707,test_id(25C),03-19-17_03.25 25degC_Cycle_2_Pan18650PF,0.6086384057998657
A2-3,707,test_id(25C),03-19-17_09.07 25degC_Cycle_3_Pan18650PF,0.35394346714019775
A2-3,707,test_id(25C),03-19-17_14.31 25degC_Cycle_4_Pan18650PF,0.8327105045318604
A2-3,707,ood(10C),03-27-17_09.06 10degC_HWFET_Pan18650PF,2.4430787563323975
A2-3,707,ood(10C),03-27-17_09.06 10degC_LA92_Pan18650PF,2.682967185974121
A2-3,707,ood(10C),03-27-17_09.06 10degC_NN_Pan18650PF,2.1188557147979736
A2-3,707,ood(10C),03-27-17_09.06 10degC_UDDS_Pan18650PF,1.4432371854782104
A2-3,707,ood(10C),03-27-17_09.06 10degC_US06_Pan18650PF,3.2037172317504883
A2-3,707,ood(10C),03-28-17_12.51 10degC_Cycle_1_Pan18650PF,2.7955498695373535
A2-3,707,ood(10C),03-28-17_18.18 10degC_Cycle_2_Pan18650PF,3.9415171146392822
A2-3,707,ood(10C),04-05-17_17.04 10degC_Cycle_3_Pan18650PF,3.8371918201446533
A2-3,707,ood(10C),04-05-17_22.50 10degC_Cycle_4_Pan18650PF,2.252284288406372
A2-3,707,ood(0C),05-30-17_12.56 0degC_Cycle_1_Pan18650PF,8.176677703857422
A2-3,707,ood(0C),05-30-17_20.16 0degC_Cycle_2_Pan18650PF,8.439682960510254
A2-3,707,ood(0C),06-01-17_10.36 0degC_LA92_Pan18650PF,5.123246192932129
A2-3,707,ood(0C),06-01-17_10.36 0degC_NN_Pan18650PF,4.1369829177856445
A2-3,707,ood(0C),06-01-17_15.36 0degC_Cycle_3_Pan18650PF,8.955829620361328
A2-3,707,ood(0C),06-01-17_22.03 0degC_Cycle_4_Pan18650PF,6.814477443695068
A2-3,707,ood(0C),06-02-17_04.58 0degC_US06_Pan18650PF,8.467225074768066
A2-3,707,ood(0C),06-02-17_10.43 0degC_HWFET_Pan18650PF,9.910120010375977
A2-3,707,ood(0C),06-02-17_17.14 0degC_UDDS_Pan18650PF,6.838558197021484
A2-3,707,ood(-10C),06-07-17_08.39 n10degC_HWFET_Pan18650PF,6.311621189117432
A2-3,707,ood(-10C),06-07-17_08.39 n10degC_LA92_Pan18650PF,7.104991912841797
A2-3,707,ood(-10C),06-07-17_08.39 n10degC_UDDS_Pan18650PF,8.487224578857422
A2-3,707,ood(-10C),06-07-17_08.39 n10degC_US06_Pan18650PF,4.246309280395508
A2-3,707,ood(-10C),06-10-17_11.25 n10degC_Cycle_1_Pan18650PF,11.423336029052734
A2-3,707,ood(-10C),06-10-17_18.35 n10degC_Cycle_2_Pan18650PF,16.686077117919922
A2-3,707,ood(-10C),06-11-17_01.39 n10degC_Cycle_3_Pan18650PF,17.178176879882812
A2-3,707,ood(-10C),06-11-17_08.42 n10degC_Cycle_4_Pan18650PF,10.564749717712402
A2-3,707,ood(-10C),06-14-17_13.12 n10degC_NN_Pan18650PF,10.210549354553223
A2-3,707,ood(-20C),06-23-17_23.35 n20degC_HWFET_Pan18650PF,4.062778949737549
A2-3,707,ood(-20C),06-23-17_23.35 n20degC_LA92_Pan18650PF,4.9542436599731445
A2-3,707,ood(-20C),06-23-17_23.35 n20degC_NN_Pan18650PF,3.666248083114624
A2-3,707,ood(-20C),06-23-17_23.35 n20degC_UDDS_Pan18650PF,8.740671157836914
A2-3,707,ood(-20C),06-24-17_04.29 n20degC_Cycle_1_Pan18650PF,21.019325256347656
A2-3,707,ood(-20C),06-24-17_11.58 n20degC_Cycle_2_Pan18650PF,19.385976791381836
A2-3,707,ood(-20C),06-24-17_19.29 n20degC_Cycle_3_Pan18650PF,20.72759246826172
A2-3,707,ood(-20C),06-25-17_03.01 n20degC_Cycle_4_Pan18650PF,16.99419593811035
A2-3,707,ood(-20C),06-25-17_10.31 n20degC_US06_Pan18650PF,21.525434494018555
A2-4,7,test_id(25C),03-18-17_02.17 25degC_Cycle_1_Pan18650PF,0.7203330397605896
A2-4,7,test_id(25C),03-19-17_03.25 25degC_Cycle_2_Pan18650PF,0.6840012073516846
A2-4,7,test_id(25C),03-19-17_09.07 25degC_Cycle_3_Pan18650PF,0.4074115753173828
A2-4,7,test_id(25C),03-19-17_14.31 25degC_Cycle_4_Pan18650PF,0.6261239647865295
A2-4,7,ood(10C),03-27-17_09.06 10degC_HWFET_Pan18650PF,2.8710005283355713
A2-4,7,ood(10C),03-27-17_09.06 10degC_LA92_Pan18650PF,3.0619165897369385
A2-4,7,ood(10C),03-27-17_09.06 10degC_NN_Pan18650PF,2.4449968338012695
A2-4,7,ood(10C),03-27-17_09.06 10degC_UDDS_Pan18650PF,1.94309663772583
A2-4,7,ood(10C),03-27-17_09.06 10degC_US06_Pan18650PF,3.483442783355713
A2-4,7,ood(10C),03-28-17_12.51 10degC_Cycle_1_Pan18650PF,3.230997323989868
A2-4,7,ood(10C),03-28-17_18.18 10degC_Cycle_2_Pan18650PF,4.281856060028076
A2-4,7,ood(10C),04-05-17_17.04 10degC_Cycle_3_Pan18650PF,4.277303695678711
A2-4,7,ood(10C),04-05-17_22.50 10degC_Cycle_4_Pan18650PF,2.640564441680908
A2-4,7,ood(0C),05-30-17_12.56 0degC_Cycle_1_Pan18650PF,9.353480339050293
A2-4,7,ood(0C),05-30-17_20.16 0degC_Cycle_2_Pan18650PF,9.48192024230957
A2-4,7,ood(0C),06-01-17_10.36 0degC_LA92_Pan18650PF,5.438842296600342
A2-4,7,ood(0C),06-01-17_10.36 0degC_NN_Pan18650PF,4.519880294799805
A2-4,7,ood(0C),06-01-17_15.36 0degC_Cycle_3_Pan18650PF,9.35675048828125
A2-4,7,ood(0C),06-01-17_22.03 0degC_Cycle_4_Pan18650PF,7.437043190002441
A2-4,7,ood(0C),06-02-17_04.58 0degC_US06_Pan18650PF,8.82890796661377
A2-4,7,ood(0C),06-02-17_10.43 0degC_HWFET_Pan18650PF,10.671393394470215
A2-4,7,ood(0C),06-02-17_17.14 0degC_UDDS_Pan18650PF,7.425799369812012
A2-4,7,ood(-10C),06-07-17_08.39 n10degC_HWFET_Pan18650PF,6.90934419631958
A2-4,7,ood(-10C),06-07-17_08.39 n10degC_LA92_Pan18650PF,7.412624835968018
A2-4,7,ood(-10C),06-07-17_08.39 n10degC_UDDS_Pan18650PF,8.858272552490234
A2-4,7,ood(-10C),06-07-17_08.39 n10degC_US06_Pan18650PF,4.4799580574035645
A2-4,7,ood(-10C),06-10-17_11.25 n10degC_Cycle_1_Pan18650PF,11.960468292236328
A2-4,7,ood(-10C),06-10-17_18.35 n10degC_Cycle_2_Pan18650PF,17.050487518310547
A2-4,7,ood(-10C),06-11-17_01.39 n10degC_Cycle_3_Pan18650PF,17.498140335083008
A2-4,7,ood(-10C),06-11-17_08.42 n10degC_Cycle_4_Pan18650PF,10.831287384033203
A2-4,7,ood(-10C),06-14-17_13.12 n10degC_NN_Pan18650PF,10.65279769897461
A2-4,7,ood(-20C),06-23-17_23.35 n20degC_HWFET_Pan18650PF,4.65726900100708
A2-4,7,ood(-20C),06-23-17_23.35 n20degC_LA92_Pan18650PF,5.29097318649292
A2-4,7,ood(-20C),06-23-17_23.35 n20degC_NN_Pan18650PF,4.080994129180908
A2-4,7,ood(-20C),06-23-17_23.35 n20degC_UDDS_Pan18650PF,9.005617141723633
A2-4,7,ood(-20C),06-24-17_04.29 n20degC_Cycle_1_Pan18650PF,21.3203182220459
A2-4,7,ood(-20C),06-24-17_11.58 n20degC_Cycle_2_Pan18650PF,19.584209442138672
A2-4,7,ood(-20C),06-24-17_19.29 n20degC_Cycle_3_Pan18650PF,20.811115264892578
A2-4,7,ood(-20C),06-25-17_03.01 n20degC_Cycle_4_Pan18650PF,17.30463981628418
A2-4,7,ood(-20C),06-25-17_10.31 n20degC_US06_Pan18650PF,21.521636962890625
A2-4,13,test_id(25C),03-18-17_02.17 25degC_Cycle_1_Pan18650PF,0.8501641154289246
A2-4,13,test_id(25C),03-19-17_03.25 25degC_Cycle_2_Pan18650PF,0.8101624846458435
A2-4,13,test_id(25C),03-19-17_09.07 25degC_Cycle_3_Pan18650PF,0.5628376603126526
A2-4,13,test_id(25C),03-19-17_14.31 25degC_Cycle_4_Pan18650PF,0.9229430556297302
A2-4,13,ood(10C),03-27-17_09.06 10degC_HWFET_Pan18650PF,2.93491268157959
A2-4,13,ood(10C),03-27-17_09.06 10degC_LA92_Pan18650PF,2.4801297187805176
A2-4,13,ood(10C),03-27-17_09.06 10degC_NN_Pan18650PF,2.0038819313049316
A2-4,13,ood(10C),03-27-17_09.06 10degC_UDDS_Pan18650PF,1.4526013135910034
A2-4,13,ood(10C),03-27-17_09.06 10degC_US06_Pan18650PF,2.891101121902466
A2-4,13,ood(10C),03-28-17_12.51 10degC_Cycle_1_Pan18650PF,2.5821995735168457
A2-4,13,ood(10C),03-28-17_18.18 10degC_Cycle_2_Pan18650PF,3.7333993911743164
A2-4,13,ood(10C),04-05-17_17.04 10degC_Cycle_3_Pan18650PF,3.715406894683838
A2-4,13,ood(10C),04-05-17_22.50 10degC_Cycle_4_Pan18650PF,2.2086098194122314
A2-4,13,ood(0C),05-30-17_12.56 0degC_Cycle_1_Pan18650PF,8.889297485351562
A2-4,13,ood(0C),05-30-17_20.16 0degC_Cycle_2_Pan18650PF,9.01509952545166
A2-4,13,ood(0C),06-01-17_10.36 0degC_LA92_Pan18650PF,4.821707725524902
A2-4,13,ood(0C),06-01-17_10.36 0degC_NN_Pan18650PF,4.0066986083984375
A2-4,13,ood(0C),06-01-17_15.36 0degC_Cycle_3_Pan18650PF,8.790188789367676
A2-4,13,ood(0C),06-01-17_22.03 0degC_Cycle_4_Pan18650PF,6.660347938537598
A2-4,13,ood(0C),06-02-17_04.58 0degC_US06_Pan18650PF,8.011981010437012
A2-4,13,ood(0C),06-02-17_10.43 0degC_HWFET_Pan18650PF,10.267338752746582
A2-4,13,ood(0C),06-02-17_17.14 0degC_UDDS_Pan18650PF,6.695130348205566
A2-4,13,ood(-10C),06-07-17_08.39 n10degC_HWFET_Pan18650PF,6.326364517211914
A2-4,13,ood(-10C),06-07-17_08.39 n10degC_LA92_Pan18650PF,6.78855562210083
A2-4,13,ood(-10C),06-07-17_08.39 n10degC_UDDS_Pan18650PF,8.240762710571289
A2-4,13,ood(-10C),06-07-17_08.39 n10degC_US06_Pan18650PF,3.8618016242980957
A2-4,13,ood(-10C),06-10-17_11.25 n10degC_Cycle_1_Pan18650PF,11.24996566772461
A2-4,13,ood(-10C),06-10-17_18.35 n10degC_Cycle_2_Pan18650PF,16.316373825073242
A2-4,13,ood(-10C),06-11-17_01.39 n10degC_Cycle_3_Pan18650PF,16.8350772857666
A2-4,13,ood(-10C),06-11-17_08.42 n10degC_Cycle_4_Pan18650PF,10.057793617248535
A2-4,13,ood(-10C),06-14-17_13.12 n10degC_NN_Pan18650PF,9.984054565429688
A2-4,13,ood(-20C),06-23-17_23.35 n20degC_HWFET_Pan18650PF,4.027490139007568
A2-4,13,ood(-20C),06-23-17_23.35 n20degC_LA92_Pan18650PF,4.6539201736450195
A2-4,13,ood(-20C),06-23-17_23.35 n20degC_NN_Pan18650PF,3.5249404907226562
A2-4,13,ood(-20C),06-23-17_23.35 n20degC_UDDS_Pan18650PF,8.354875564575195
A2-4,13,ood(-20C),06-24-17_04.29 n20degC_Cycle_1_Pan18650PF,20.64041519165039
A2-4,13,ood(-20C),06-24-17_11.58 n20degC_Cycle_2_Pan18650PF,18.921566009521484
A2-4,13,ood(-20C),06-24-17_19.29 n20degC_Cycle_3_Pan18650PF,20.113981246948242
A2-4,13,ood(-20C),06-25-17_03.01 n20degC_Cycle_4_Pan18650PF,16.464082717895508
A2-4,13,ood(-20C),06-25-17_10.31 n20degC_US06_Pan18650PF,20.649782180786133
A2-4,42,test_id(25C),03-18-17_02.17 25degC_Cycle_1_Pan18650PF,0.7463865876197815
A2-4,42,test_id(25C),03-19-17_03.25 25degC_Cycle_2_Pan18650PF,0.6513839364051819
A2-4,42,test_id(25C),03-19-17_09.07 25degC_Cycle_3_Pan18650PF,0.41524025797843933
A2-4,42,test_id(25C),03-19-17_14.31 25degC_Cycle_4_Pan18650PF,0.7730100154876709
A2-4,42,ood(10C),03-27-17_09.06 10degC_HWFET_Pan18650PF,2.918050527572632
A2-4,42,ood(10C),03-27-17_09.06 10degC_LA92_Pan18650PF,3.05940842628479
A2-4,42,ood(10C),03-27-17_09.06 10degC_NN_Pan18650PF,2.473217248916626
A2-4,42,ood(10C),03-27-17_09.06 10degC_UDDS_Pan18650PF,1.9429190158843994
A2-4,42,ood(10C),03-27-17_09.06 10degC_US06_Pan18650PF,3.4961490631103516
A2-4,42,ood(10C),03-28-17_12.51 10degC_Cycle_1_Pan18650PF,3.2560901641845703
A2-4,42,ood(10C),03-28-17_18.18 10degC_Cycle_2_Pan18650PF,4.292117595672607
A2-4,42,ood(10C),04-05-17_17.04 10degC_Cycle_3_Pan18650PF,4.320960998535156
A2-4,42,ood(10C),04-05-17_22.50 10degC_Cycle_4_Pan18650PF,2.6050164699554443
A2-4,42,ood(0C),05-30-17_12.56 0degC_Cycle_1_Pan18650PF,8.881786346435547
A2-4,42,ood(0C),05-30-17_20.16 0degC_Cycle_2_Pan18650PF,9.037044525146484
A2-4,42,ood(0C),06-01-17_10.36 0degC_LA92_Pan18650PF,5.4317240715026855
A2-4,42,ood(0C),06-01-17_10.36 0degC_NN_Pan18650PF,4.51542329788208
A2-4,42,ood(0C),06-01-17_15.36 0degC_Cycle_3_Pan18650PF,9.253008842468262
A2-4,42,ood(0C),06-01-17_22.03 0degC_Cycle_4_Pan18650PF,7.374946594238281
A2-4,42,ood(0C),06-02-17_04.58 0degC_US06_Pan18650PF,8.791829109191895
A2-4,42,ood(0C),06-02-17_10.43 0degC_HWFET_Pan18650PF,10.608580589294434
A2-4,42,ood(0C),06-02-17_17.14 0degC_UDDS_Pan18650PF,7.318533420562744
A2-4,42,ood(-10C),06-07-17_08.39 n10degC_HWFET_Pan18650PF,6.674983978271484
A2-4,42,ood(-10C),06-07-17_08.39 n10degC_LA92_Pan18650PF,7.255218029022217
A2-4,42,ood(-10C),06-07-17_08.39 n10degC_UDDS_Pan18650PF,8.65599536895752
A2-4,42,ood(-10C),06-07-17_08.39 n10degC_US06_Pan18650PF,4.291532516479492
A2-4,42,ood(-10C),06-10-17_11.25 n10degC_Cycle_1_Pan18650PF,11.787790298461914
A2-4,42,ood(-10C),06-10-17_18.35 n10degC_Cycle_2_Pan18650PF,16.99294662475586
A2-4,42,ood(-10C),06-11-17_01.39 n10degC_Cycle_3_Pan18650PF,17.382455825805664
A2-4,42,ood(-10C),06-11-17_08.42 n10degC_Cycle_4_Pan18650PF,10.745980262756348
A2-4,42,ood(-10C),06-14-17_13.12 n10degC_NN_Pan18650PF,10.595996856689453
A2-4,42,ood(-20C),06-23-17_23.35 n20degC_HWFET_Pan18650PF,4.385685920715332
A2-4,42,ood(-20C),06-23-17_23.35 n20degC_LA92_Pan18650PF,5.020142555236816
A2-4,42,ood(-20C),06-23-17_23.35 n20degC_NN_Pan18650PF,3.904064893722534
A2-4,42,ood(-20C),06-23-17_23.35 n20degC_UDDS_Pan18650PF,8.677454948425293
A2-4,42,ood(-20C),06-24-17_04.29 n20degC_Cycle_1_Pan18650PF,21.08858299255371
A2-4,42,ood(-20C),06-24-17_11.58 n20degC_Cycle_2_Pan18650PF,19.439464569091797
A2-4,42,ood(-20C),06-24-17_19.29 n20degC_Cycle_3_Pan18650PF,20.684852600097656
A2-4,42,ood(-20C),06-25-17_03.01 n20degC_Cycle_4_Pan18650PF,17.091318130493164
A2-4,42,ood(-20C),06-25-17_10.31 n20degC_US06_Pan18650PF,21.590042114257812
A2-4,101,test_id(25C),03-18-17_02.17 25degC_Cycle_1_Pan18650PF,0.7173404693603516
A2-4,101,test_id(25C),03-19-17_03.25 25degC_Cycle_2_Pan18650PF,0.6337569952011108
A2-4,101,test_id(25C),03-19-17_09.07 25degC_Cycle_3_Pan18650PF,0.37570059299468994
A2-4,101,test_id(25C),03-19-17_14.31 25degC_Cycle_4_Pan18650PF,0.742906391620636
A2-4,101,ood(10C),03-27-17_09.06 10degC_HWFET_Pan18650PF,2.602735757827759
A2-4,101,ood(10C),03-27-17_09.06 10degC_LA92_Pan18650PF,2.88065242767334
A2-4,101,ood(10C),03-27-17_09.06 10degC_NN_Pan18650PF,2.161412239074707
A2-4,101,ood(10C),03-27-17_09.06 10degC_UDDS_Pan18650PF,1.6649644374847412
A2-4,101,ood(10C),03-27-17_09.06 10degC_US06_Pan18650PF,3.1881837844848633
A2-4,101,ood(10C),03-28-17_12.51 10degC_Cycle_1_Pan18650PF,2.9791886806488037
A2-4,101,ood(10C),03-28-17_18.18 10degC_Cycle_2_Pan18650PF,4.030017852783203
A2-4,101,ood(10C),04-05-17_17.04 10degC_Cycle_3_Pan18650PF,3.994243621826172
A2-4,101,ood(10C),04-05-17_22.50 10degC_Cycle_4_Pan18650PF,2.3290114402770996
A2-4,101,ood(0C),05-30-17_12.56 0degC_Cycle_1_Pan18650PF,8.704416275024414
A2-4,101,ood(0C),05-30-17_20.16 0degC_Cycle_2_Pan18650PF,8.857961654663086
A2-4,101,ood(0C),06-01-17_10.36 0degC_LA92_Pan18650PF,5.289473533630371
A2-4,101,ood(0C),06-01-17_10.36 0degC_NN_Pan18650PF,4.312040328979492
A2-4,101,ood(0C),06-01-17_15.36 0degC_Cycle_3_Pan18650PF,8.912029266357422
A2-4,101,ood(0C),06-01-17_22.03 0degC_Cycle_4_Pan18650PF,7.178583145141602
A2-4,101,ood(0C),06-02-17_04.58 0degC_US06_Pan18650PF,8.403914451599121
A2-4,101,ood(0C),06-02-17_10.43 0degC_HWFET_Pan18650PF,10.084504127502441
A2-4,101,ood(0C),06-02-17_17.14 0degC_UDDS_Pan18650PF,7.111067295074463
A2-4,101,ood(-10C),06-07-17_08.39 n10degC_HWFET_Pan18650PF,6.426728248596191
A2-4,101,ood(-10C),06-07-17_08.39 n10degC_LA92_Pan18650PF,7.14969539642334
A2-4,101,ood(-10C),06-07-17_08.39 n10degC_UDDS_Pan18650PF,8.550575256347656
A2-4,101,ood(-10C),06-07-17_08.39 n10degC_US06_Pan18650PF,4.196124076843262
A2-4,101,ood(-10C),06-10-17_11.25 n10degC_Cycle_1_Pan18650PF,11.538896560668945
A2-4,101,ood(-10C),06-10-17_18.35 n10degC_Cycle_2_Pan18650PF,16.641088485717773
A2-4,101,ood(-10C),06-11-17_01.39 n10degC_Cycle_3_Pan18650PF,17.104047775268555
A2-4,101,ood(-10C),06-11-17_08.42 n10degC_Cycle_4_Pan18650PF,10.55279541015625
A2-4,101,ood(-10C),06-14-17_13.12 n10degC_NN_Pan18650PF,10.37679672241211
A2-4,101,ood(-20C),06-23-17_23.35 n20degC_HWFET_Pan18650PF,4.101306915283203
A2-4,101,ood(-20C),06-23-17_23.35 n20degC_LA92_Pan18650PF,4.883772373199463
A2-4,101,ood(-20C),06-23-17_23.35 n20degC_NN_Pan18650PF,3.6815435886383057
A2-4,101,ood(-20C),06-23-17_23.35 n20degC_UDDS_Pan18650PF,8.599662780761719
A2-4,101,ood(-20C),06-24-17_04.29 n20degC_Cycle_1_Pan18650PF,20.89043426513672
A2-4,101,ood(-20C),06-24-17_11.58 n20degC_Cycle_2_Pan18650PF,19.200050354003906
A2-4,101,ood(-20C),06-24-17_19.29 n20degC_Cycle_3_Pan18650PF,20.404563903808594
A2-4,101,ood(-20C),06-25-17_03.01 n20degC_Cycle_4_Pan18650PF,16.83647918701172
A2-4,101,ood(-20C),06-25-17_10.31 n20degC_US06_Pan18650PF,21.16104507446289
A2-4,202,test_id(25C),03-18-17_02.17 25degC_Cycle_1_Pan18650PF,0.7177180051803589
A2-4,202,test_id(25C),03-19-17_03.25 25degC_Cycle_2_Pan18650PF,0.7332242727279663
A2-4,202,test_id(25C),03-19-17_09.07 25degC_Cycle_3_Pan18650PF,0.4225701689720154
A2-4,202,test_id(25C),03-19-17_14.31 25degC_Cycle_4_Pan18650PF,0.9739025235176086
A2-4,202,ood(10C),03-27-17_09.06 10degC_HWFET_Pan18650PF,2.711090326309204
A2-4,202,ood(10C),03-27-17_09.06 10degC_LA92_Pan18650PF,2.7768664360046387
A2-4,202,ood(10C),03-27-17_09.06 10degC_NN_Pan18650PF,2.248102903366089
A2-4,202,ood(10C),03-27-17_09.06 10degC_UDDS_Pan18650PF,1.6457403898239136
A2-4,202,ood(10C),03-27-17_09.06 10degC_US06_Pan18650PF,3.3277437686920166
A2-4,202,ood(10C),03-28-17_12.51 10degC_Cycle_1_Pan18650PF,2.9254894256591797
A2-4,202,ood(10C),03-28-17_18.18 10degC_Cycle_2_Pan18650PF,3.9282190799713135
A2-4,202,ood(10C),04-05-17_17.04 10degC_Cycle_3_Pan18650PF,3.964580535888672
A2-4,202,ood(10C),04-05-17_22.50 10degC_Cycle_4_Pan18650PF,2.4041082859039307
A2-4,202,ood(0C),05-30-17_12.56 0degC_Cycle_1_Pan18650PF,8.781330108642578
A2-4,202,ood(0C),05-30-17_20.16 0degC_Cycle_2_Pan18650PF,8.877423286437988
A2-4,202,ood(0C),06-01-17_10.36 0degC_LA92_Pan18650PF,5.113124370574951
A2-4,202,ood(0C),06-01-17_10.36 0degC_NN_Pan18650PF,4.263990879058838
A2-4,202,ood(0C),06-01-17_15.36 0degC_Cycle_3_Pan18650PF,8.598702430725098
A2-4,202,ood(0C),06-01-17_22.03 0degC_Cycle_4_Pan18650PF,7.066071510314941
A2-4,202,ood(0C),06-02-17_04.58 0degC_US06_Pan18650PF,8.500433921813965
A2-4,202,ood(0C),06-02-17_10.43 0degC_HWFET_Pan18650PF,10.047687530517578
A2-4,202,ood(0C),06-02-17_17.14 0degC_UDDS_Pan18650PF,6.855971336364746
A2-4,202,ood(-10C),06-07-17_08.39 n10degC_HWFET_Pan18650PF,6.33870267868042
A2-4,202,ood(-10C),06-07-17_08.39 n10degC_LA92_Pan18650PF,6.884223461151123
A2-4,202,ood(-10C),06-07-17_08.39 n10degC_UDDS_Pan18650PF,8.160778999328613
A2-4,202,ood(-10C),06-07-17_08.39 n10degC_US06_Pan18650PF,4.124157905578613
A2-4,202,ood(-10C),06-10-17_11.25 n10degC_Cycle_1_Pan18650PF,11.172489166259766
A2-4,202,ood(-10C),06-10-17_18.35 n10degC_Cycle_2_Pan18650PF,16.261024475097656
A2-4,202,ood(-10C),06-11-17_01.39 n10degC_Cycle_3_Pan18650PF,16.610475540161133
A2-4,202,ood(-10C),06-11-17_08.42 n10degC_Cycle_4_Pan18650PF,10.303747177124023
A2-4,202,ood(-10C),06-14-17_13.12 n10degC_NN_Pan18650PF,10.1144380569458
A2-4,202,ood(-20C),06-23-17_23.35 n20degC_HWFET_Pan18650PF,3.874126434326172
A2-4,202,ood(-20C),06-23-17_23.35 n20degC_LA92_Pan18650PF,4.487146377563477
A2-4,202,ood(-20C),06-23-17_23.35 n20degC_NN_Pan18650PF,3.393691301345825
A2-4,202,ood(-20C),06-23-17_23.35 n20degC_UDDS_Pan18650PF,8.05419635772705
A2-4,202,ood(-20C),06-24-17_04.29 n20degC_Cycle_1_Pan18650PF,20.177186965942383
A2-4,202,ood(-20C),06-24-17_11.58 n20degC_Cycle_2_Pan18650PF,18.542606353759766
A2-4,202,ood(-20C),06-24-17_19.29 n20degC_Cycle_3_Pan18650PF,19.776601791381836
A2-4,202,ood(-20C),06-25-17_03.01 n20degC_Cycle_4_Pan18650PF,16.306270599365234
A2-4,202,ood(-20C),06-25-17_10.31 n20degC_US06_Pan18650PF,21.075170516967773
A2-4,303,test_id(25C),03-18-17_02.17 25degC_Cycle_1_Pan18650PF,0.7377075552940369
A2-4,303,test_id(25C),03-19-17_03.25 25degC_Cycle_2_Pan18650PF,0.6135368943214417
A2-4,303,test_id(25C),03-19-17_09.07 25degC_Cycle_3_Pan18650PF,0.3232897222042084
A2-4,303,test_id(25C),03-19-17_14.31 25degC_Cycle_4_Pan18650PF,0.6833932399749756
A2-4,303,ood(10C),03-27-17_09.06 10degC_HWFET_Pan18650PF,2.2814064025878906
A2-4,303,ood(10C),03-27-17_09.06 10degC_LA92_Pan18650PF,2.673271894454956
A2-4,303,ood(10C),03-27-17_09.06 10degC_NN_Pan18650PF,2.0053391456604004
A2-4,303,ood(10C),03-27-17_09.06 10degC_UDDS_Pan18650PF,1.4581609964370728
A2-4,303,ood(10C),03-27-17_09.06 10degC_US06_Pan18650PF,3.036315679550171
A2-4,303,ood(10C),03-28-17_12.51 10degC_Cycle_1_Pan18650PF,2.8205223083496094
A2-4,303,ood(10C),03-28-17_18.18 10degC_Cycle_2_Pan18650PF,3.943976640701294
A2-4,303,ood(10C),04-05-17_17.04 10degC_Cycle_3_Pan18650PF,3.774237632751465
A2-4,303,ood(10C),04-05-17_22.50 10degC_Cycle_4_Pan18650PF,2.1441822052001953
A2-4,303,ood(0C),05-30-17_12.56 0degC_Cycle_1_Pan18650PF,7.639347553253174
A2-4,303,ood(0C),05-30-17_20.16 0degC_Cycle_2_Pan18650PF,7.985850811004639
A2-4,303,ood(0C),06-01-17_10.36 0degC_LA92_Pan18650PF,4.830660343170166
A2-4,303,ood(0C),06-01-17_10.36 0degC_NN_Pan18650PF,3.899655342102051
A2-4,303,ood(0C),06-01-17_15.36 0degC_Cycle_3_Pan18650PF,8.578920364379883
A2-4,303,ood(0C),06-01-17_22.03 0degC_Cycle_4_Pan18650PF,6.5042619705200195
A2-4,303,ood(0C),06-02-17_04.58 0degC_US06_Pan18650PF,7.859880447387695
A2-4,303,ood(0C),06-02-17_10.43 0degC_HWFET_Pan18650PF,9.405559539794922
A2-4,303,ood(0C),06-02-17_17.14 0degC_UDDS_Pan18650PF,6.562874794006348
A2-4,303,ood(-10C),06-07-17_08.39 n10degC_HWFET_Pan18650PF,5.677091598510742
A2-4,303,ood(-10C),06-07-17_08.39 n10degC_LA92_Pan18650PF,6.576958656311035
A2-4,303,ood(-10C),06-07-17_08.39 n10degC_UDDS_Pan18650PF,7.97313928604126
A2-4,303,ood(-10C),06-07-17_08.39 n10degC_US06_Pan18650PF,3.8097076416015625
A2-4,303,ood(-10C),06-10-17_11.25 n10degC_Cycle_1_Pan18650PF,10.751800537109375
A2-4,303,ood(-10C),06-10-17_18.35 n10degC_Cycle_2_Pan18650PF,15.790767669677734
A2-4,303,ood(-10C),06-11-17_01.39 n10degC_Cycle_3_Pan18650PF,16.321537017822266
A2-4,303,ood(-10C),06-11-17_08.42 n10degC_Cycle_4_Pan18650PF,9.728842735290527
A2-4,303,ood(-10C),06-14-17_13.12 n10degC_NN_Pan18650PF,9.591668128967285
A2-4,303,ood(-20C),06-23-17_23.35 n20degC_HWFET_Pan18650PF,3.4070048332214355
A2-4,303,ood(-20C),06-23-17_23.35 n20degC_LA92_Pan18650PF,4.339152812957764
A2-4,303,ood(-20C),06-23-17_23.35 n20degC_NN_Pan18650PF,3.1902599334716797
A2-4,303,ood(-20C),06-23-17_23.35 n20degC_UDDS_Pan18650PF,8.054887771606445
A2-4,303,ood(-20C),06-24-17_04.29 n20degC_Cycle_1_Pan18650PF,19.99689292907715
A2-4,303,ood(-20C),06-24-17_11.58 n20degC_Cycle_2_Pan18650PF,18.178815841674805
A2-4,303,ood(-20C),06-24-17_19.29 n20degC_Cycle_3_Pan18650PF,19.397214889526367
A2-4,303,ood(-20C),06-25-17_03.01 n20degC_Cycle_4_Pan18650PF,15.923297882080078
A2-4,303,ood(-20C),06-25-17_10.31 n20degC_US06_Pan18650PF,20.210128784179688
A2-4,404,test_id(25C),03-18-17_02.17 25degC_Cycle_1_Pan18650PF,0.6881982684135437
A2-4,404,test_id(25C),03-19-17_03.25 25degC_Cycle_2_Pan18650PF,0.6601558923721313
A2-4,404,test_id(25C),03-19-17_09.07 25degC_Cycle_3_Pan18650PF,0.4192314147949219
A2-4,404,test_id(25C),03-19-17_14.31 25degC_Cycle_4_Pan18650PF,0.8271918892860413
A2-4,404,ood(10C),03-27-17_09.06 10degC_HWFET_Pan18650PF,2.7842867374420166
A2-4,404,ood(10C),03-27-17_09.06 10degC_LA92_Pan18650PF,2.8806989192962646
A2-4,404,ood(10C),03-27-17_09.06 10degC_NN_Pan18650PF,2.3587658405303955
A2-4,404,ood(10C),03-27-17_09.06 10degC_UDDS_Pan18650PF,1.7707781791687012
A2-4,404,ood(10C),03-27-17_09.06 10degC_US06_Pan18650PF,3.473205804824829
A2-4,404,ood(10C),03-28-17_12.51 10degC_Cycle_1_Pan18650PF,3.0507020950317383
A2-4,404,ood(10C),03-28-17_18.18 10degC_Cycle_2_Pan18650PF,4.075015544891357
A2-4,404,ood(10C),04-05-17_17.04 10degC_Cycle_3_Pan18650PF,4.067532539367676
A2-4,404,ood(10C),04-05-17_22.50 10degC_Cycle_4_Pan18650PF,2.5257325172424316
A2-4,404,ood(0C),05-30-17_12.56 0degC_Cycle_1_Pan18650PF,9.3887357711792
A2-4,404,ood(0C),05-30-17_20.16 0degC_Cycle_2_Pan18650PF,9.480119705200195
A2-4,404,ood(0C),06-01-17_10.36 0degC_LA92_Pan18650PF,5.2726569175720215
A2-4,404,ood(0C),06-01-17_10.36 0degC_NN_Pan18650PF,4.418267726898193
A2-4,404,ood(0C),06-01-17_15.36 0degC_Cycle_3_Pan18650PF,8.843868255615234
A2-4,404,ood(0C),06-01-17_22.03 0degC_Cycle_4_Pan18650PF,7.2590250968933105
A2-4,404,ood(0C),06-02-17_04.58 0degC_US06_Pan18650PF,8.913507461547852
A2-4,404,ood(0C),06-02-17_10.43 0degC_HWFET_Pan18650PF,10.129634857177734
A2-4,404,ood(0C),06-02-17_17.14 0degC_UDDS_Pan18650PF,7.021999835968018
A2-4,404,ood(-10C),06-07-17_08.39 n10degC_HWFET_Pan18650PF,6.613224029541016
A2-4,404,ood(-10C),06-07-17_08.39 n10degC_LA92_Pan18650PF,7.149372100830078
A2-4,404,ood(-10C),06-07-17_08.39 n10degC_UDDS_Pan18650PF,8.390512466430664
A2-4,404,ood(-10C),06-07-17_08.39 n10degC_US06_Pan18650PF,4.423044204711914
A2-4,404,ood(-10C),06-10-17_11.25 n10degC_Cycle_1_Pan18650PF,11.43742847442627
A2-4,404,ood(-10C),06-10-17_18.35 n10degC_Cycle_2_Pan18650PF,16.51036834716797
A2-4,404,ood(-10C),06-11-17_01.39 n10degC_Cycle_3_Pan18650PF,16.879812240600586
A2-4,404,ood(-10C),06-11-17_08.42 n10degC_Cycle_4_Pan18650PF,10.62160587310791
A2-4,404,ood(-10C),06-14-17_13.12 n10degC_NN_Pan18650PF,10.372888565063477
A2-4,404,ood(-20C),06-23-17_23.35 n20degC_HWFET_Pan18650PF,4.370298862457275
A2-4,404,ood(-20C),06-23-17_23.35 n20degC_LA92_Pan18650PF,4.939182281494141
A2-4,404,ood(-20C),06-23-17_23.35 n20degC_NN_Pan18650PF,3.699859619140625
A2-4,404,ood(-20C),06-23-17_23.35 n20degC_UDDS_Pan18650PF,8.486001968383789
A2-4,404,ood(-20C),06-24-17_04.29 n20degC_Cycle_1_Pan18650PF,20.76585578918457
A2-4,404,ood(-20C),06-24-17_11.58 n20degC_Cycle_2_Pan18650PF,19.15869140625
A2-4,404,ood(-20C),06-24-17_19.29 n20degC_Cycle_3_Pan18650PF,20.362201690673828
A2-4,404,ood(-20C),06-25-17_03.01 n20degC_Cycle_4_Pan18650PF,16.95196533203125
A2-4,404,ood(-20C),06-25-17_10.31 n20degC_US06_Pan18650PF,21.494369506835938
A2-4,505,test_id(25C),03-18-17_02.17 25degC_Cycle_1_Pan18650PF,0.7431318759918213
A2-4,505,test_id(25C),03-19-17_03.25 25degC_Cycle_2_Pan18650PF,0.6519928574562073
A2-4,505,test_id(25C),03-19-17_09.07 25degC_Cycle_3_Pan18650PF,0.399779736995697
A2-4,505,test_id(25C),03-19-17_14.31 25degC_Cycle_4_Pan18650PF,0.7686042785644531
A2-4,505,ood(10C),03-27-17_09.06 10degC_HWFET_Pan18650PF,2.679966688156128
A2-4,505,ood(10C),03-27-17_09.06 10degC_LA92_Pan18650PF,2.8829877376556396
A2-4,505,ood(10C),03-27-17_09.06 10degC_NN_Pan18650PF,2.210956573486328
A2-4,505,ood(10C),03-27-17_09.06 10degC_UDDS_Pan18650PF,1.576548457145691
A2-4,505,ood(10C),03-27-17_09.06 10degC_US06_Pan18650PF,3.363945484161377
A2-4,505,ood(10C),03-28-17_12.51 10degC_Cycle_1_Pan18650PF,2.9790923595428467
A2-4,505,ood(10C),03-28-17_18.18 10degC_Cycle_2_Pan18650PF,4.084739685058594
A2-4,505,ood(10C),04-05-17_17.04 10degC_Cycle_3_Pan18650PF,4.0164570808410645
A2-4,505,ood(10C),04-05-17_22.50 10degC_Cycle_4_Pan18650PF,2.3289167881011963
A2-4,505,ood(0C),05-30-17_12.56 0degC_Cycle_1_Pan18650PF,8.276188850402832
A2-4,505,ood(0C),05-30-17_20.16 0degC_Cycle_2_Pan18650PF,8.57392692565918
A2-4,505,ood(0C),06-01-17_10.36 0degC_LA92_Pan18650PF,5.250143527984619
A2-4,505,ood(0C),06-01-17_10.36 0degC_NN_Pan18650PF,4.273751258850098
A2-4,505,ood(0C),06-01-17_15.36 0degC_Cycle_3_Pan18650PF,8.96294116973877
A2-4,505,ood(0C),06-01-17_22.03 0degC_Cycle_4_Pan18650PF,7.055435657501221
A2-4,505,ood(0C),06-02-17_04.58 0degC_US06_Pan18650PF,8.529496192932129
A2-4,505,ood(0C),06-02-17_10.43 0degC_HWFET_Pan18650PF,10.312484741210938
A2-4,505,ood(0C),06-02-17_17.14 0degC_UDDS_Pan18650PF,6.962344646453857
A2-4,505,ood(-10C),06-07-17_08.39 n10degC_HWFET_Pan18650PF,6.561229705810547
A2-4,505,ood(-10C),06-07-17_08.39 n10degC_LA92_Pan18650PF,7.138719081878662
A2-4,505,ood(-10C),06-07-17_08.39 n10degC_UDDS_Pan18650PF,8.470271110534668
A2-4,505,ood(-10C),06-07-17_08.39 n10degC_US06_Pan18650PF,4.257802486419678
A2-4,505,ood(-10C),06-10-17_11.25 n10degC_Cycle_1_Pan18650PF,11.617936134338379
A2-4,505,ood(-10C),06-10-17_18.35 n10degC_Cycle_2_Pan18650PF,16.731101989746094
A2-4,505,ood(-10C),06-11-17_01.39 n10degC_Cycle_3_Pan18650PF,17.190820693969727
A2-4,505,ood(-10C),06-11-17_08.42 n10degC_Cycle_4_Pan18650PF,10.550164222717285
A2-4,505,ood(-10C),06-14-17_13.12 n10degC_NN_Pan18650PF,10.355851173400879
A2-4,505,ood(-20C),06-23-17_23.35 n20degC_HWFET_Pan18650PF,4.3259406089782715
A2-4,505,ood(-20C),06-23-17_23.35 n20degC_LA92_Pan18650PF,4.984926700592041
A2-4,505,ood(-20C),06-23-17_23.35 n20degC_NN_Pan18650PF,3.742461919784546
A2-4,505,ood(-20C),06-23-17_23.35 n20degC_UDDS_Pan18650PF,8.668512344360352
A2-4,505,ood(-20C),06-24-17_04.29 n20degC_Cycle_1_Pan18650PF,21.096153259277344
A2-4,505,ood(-20C),06-24-17_11.58 n20degC_Cycle_2_Pan18650PF,19.35615348815918
A2-4,505,ood(-20C),06-24-17_19.29 n20degC_Cycle_3_Pan18650PF,20.629657745361328
A2-4,505,ood(-20C),06-25-17_03.01 n20degC_Cycle_4_Pan18650PF,16.92902946472168
A2-4,505,ood(-20C),06-25-17_10.31 n20degC_US06_Pan18650PF,21.51148223876953
A2-4,606,test_id(25C),03-18-17_02.17 25degC_Cycle_1_Pan18650PF,0.69111168384552
A2-4,606,test_id(25C),03-19-17_03.25 25degC_Cycle_2_Pan18650PF,0.6135485768318176
A2-4,606,test_id(25C),03-19-17_09.07 25degC_Cycle_3_Pan18650PF,0.3839532136917114
A2-4,606,test_id(25C),03-19-17_14.31 25degC_Cycle_4_Pan18650PF,0.719342052936554
A2-4,606,ood(10C),03-27-17_09.06 10degC_HWFET_Pan18650PF,2.6723215579986572
A2-4,606,ood(10C),03-27-17_09.06 10degC_LA92_Pan18650PF,2.9201786518096924
A2-4,606,ood(10C),03-27-17_09.06 10degC_NN_Pan18650PF,2.2942068576812744
A2-4,606,ood(10C),03-27-17_09.06 10degC_UDDS_Pan18650PF,1.79265558719635
A2-4,606,ood(10C),03-27-17_09.06 10degC_US06_Pan18650PF,3.2703685760498047
A2-4,606,ood(10C),03-28-17_12.51 10degC_Cycle_1_Pan18650PF,3.0852677822113037
A2-4,606,ood(10C),03-28-17_18.18 10degC_Cycle_2_Pan18650PF,4.1449785232543945
A2-4,606,ood(10C),04-05-17_17.04 10degC_Cycle_3_Pan18650PF,4.060003757476807
A2-4,606,ood(10C),04-05-17_22.50 10degC_Cycle_4_Pan18650PF,2.431319236755371
A2-4,606,ood(0C),05-30-17_12.56 0degC_Cycle_1_Pan18650PF,8.055205345153809
A2-4,606,ood(0C),05-30-17_20.16 0degC_Cycle_2_Pan18650PF,8.475934028625488
A2-4,606,ood(0C),06-01-17_10.36 0degC_LA92_Pan18650PF,5.290006637573242
A2-4,606,ood(0C),06-01-17_10.36 0degC_NN_Pan18650PF,4.371425628662109
A2-4,606,ood(0C),06-01-17_15.36 0degC_Cycle_3_Pan18650PF,9.125825881958008
A2-4,606,ood(0C),06-01-17_22.03 0degC_Cycle_4_Pan18650PF,7.210694313049316
A2-4,606,ood(0C),06-02-17_04.58 0degC_US06_Pan18650PF,8.43720817565918
A2-4,606,ood(0C),06-02-17_10.43 0degC_HWFET_Pan18650PF,10.24467658996582
A2-4,606,ood(0C),06-02-17_17.14 0degC_UDDS_Pan18650PF,7.270367622375488
A2-4,606,ood(-10C),06-07-17_08.39 n10degC_HWFET_Pan18650PF,6.655933856964111
A2-4,606,ood(-10C),06-07-17_08.39 n10degC_LA92_Pan18650PF,7.249944686889648
A2-4,606,ood(-10C),06-07-17_08.39 n10degC_UDDS_Pan18650PF,8.720250129699707
A2-4,606,ood(-10C),06-07-17_08.39 n10degC_US06_Pan18650PF,4.303918838500977
A2-4,606,ood(-10C),06-10-17_11.25 n10degC_Cycle_1_Pan18650PF,11.71638298034668
A2-4,606,ood(-10C),06-10-17_18.35 n10degC_Cycle_2_Pan18650PF,16.753042221069336
A2-4,606,ood(-10C),06-11-17_01.39 n10degC_Cycle_3_Pan18650PF,17.2290096282959
A2-4,606,ood(-10C),06-11-17_08.42 n10degC_Cycle_4_Pan18650PF,10.650825500488281
A2-4,606,ood(-10C),06-14-17_13.12 n10degC_NN_Pan18650PF,10.466182708740234
A2-4,606,ood(-20C),06-23-17_23.35 n20degC_HWFET_Pan18650PF,4.436252593994141
A2-4,606,ood(-20C),06-23-17_23.35 n20degC_LA92_Pan18650PF,5.062777996063232
A2-4,606,ood(-20C),06-23-17_23.35 n20degC_NN_Pan18650PF,3.8946704864501953
A2-4,606,ood(-20C),06-23-17_23.35 n20degC_UDDS_Pan18650PF,8.834821701049805
A2-4,606,ood(-20C),06-24-17_04.29 n20degC_Cycle_1_Pan18650PF,20.977825164794922
A2-4,606,ood(-20C),06-24-17_11.58 n20degC_Cycle_2_Pan18650PF,19.298839569091797
A2-4,606,ood(-20C),06-24-17_19.29 n20degC_Cycle_3_Pan18650PF,20.509944915771484
A2-4,606,ood(-20C),06-25-17_03.01 n20degC_Cycle_4_Pan18650PF,17.081375122070312
A2-4,606,ood(-20C),06-25-17_10.31 n20degC_US06_Pan18650PF,21.16635513305664
A2-4,707,test_id(25C),03-18-17_02.17 25degC_Cycle_1_Pan18650PF,0.698990523815155
A2-4,707,test_id(25C),03-19-17_03.25 25degC_Cycle_2_Pan18650PF,0.6406233906745911
A2-4,707,test_id(25C),03-19-17_09.07 25degC_Cycle_3_Pan18650PF,0.39694318175315857
A2-4,707,test_id(25C),03-19-17_14.31 25degC_Cycle_4_Pan18650PF,0.6749647259712219
A2-4,707,ood(10C),03-27-17_09.06 10degC_HWFET_Pan18650PF,2.9994544982910156
A2-4,707,ood(10C),03-27-17_09.06 10degC_LA92_Pan18650PF,3.1843154430389404
A2-4,707,ood(10C),03-27-17_09.06 10degC_NN_Pan18650PF,2.5381174087524414
A2-4,707,ood(10C),03-27-17_09.06 10degC_UDDS_Pan18650PF,2.0854671001434326
A2-4,707,ood(10C),03-27-17_09.06 10degC_US06_Pan18650PF,3.47757887840271
A2-4,707,ood(10C),03-28-17_12.51 10degC_Cycle_1_Pan18650PF,3.3104896545410156
A2-4,707,ood(10C),03-28-17_18.18 10degC_Cycle_2_Pan18650PF,4.362442970275879
A2-4,707,ood(10C),04-05-17_17.04 10degC_Cycle_3_Pan18650PF,4.356094837188721
A2-4,707,ood(10C),04-05-17_22.50 10degC_Cycle_4_Pan18650PF,2.726181745529175
A2-4,707,ood(0C),05-30-17_12.56 0degC_Cycle_1_Pan18650PF,9.652300834655762
A2-4,707,ood(0C),05-30-17_20.16 0degC_Cycle_2_Pan18650PF,9.739990234375
A2-4,707,ood(0C),06-01-17_10.36 0degC_LA92_Pan18650PF,5.6518073081970215
A2-4,707,ood(0C),06-01-17_10.36 0degC_NN_Pan18650PF,4.7016520500183105
A2-4,707,ood(0C),06-01-17_15.36 0degC_Cycle_3_Pan18650PF,9.544434547424316
A2-4,707,ood(0C),06-01-17_22.03 0degC_Cycle_4_Pan18650PF,7.707890510559082
A2-4,707,ood(0C),06-02-17_04.58 0degC_US06_Pan18650PF,8.927867889404297
A2-4,707,ood(0C),06-02-17_10.43 0degC_HWFET_Pan18650PF,10.894704818725586
A2-4,707,ood(0C),06-02-17_17.14 0degC_UDDS_Pan18650PF,7.733670711517334
A2-4,707,ood(-10C),06-07-17_08.39 n10degC_HWFET_Pan18650PF,7.085596084594727
A2-4,707,ood(-10C),06-07-17_08.39 n10degC_LA92_Pan18650PF,7.6084418296813965
A2-4,707,ood(-10C),06-07-17_08.39 n10degC_UDDS_Pan18650PF,9.116545677185059
A2-4,707,ood(-10C),06-07-17_08.39 n10degC_US06_Pan18650PF,4.572349548339844
A2-4,707,ood(-10C),06-10-17_11.25 n10degC_Cycle_1_Pan18650PF,12.26717472076416
A2-4,707,ood(-10C),06-10-17_18.35 n10degC_Cycle_2_Pan18650PF,17.372779846191406
A2-4,707,ood(-10C),06-11-17_01.39 n10degC_Cycle_3_Pan18650PF,17.822525024414062
A2-4,707,ood(-10C),06-11-17_08.42 n10degC_Cycle_4_Pan18650PF,11.163773536682129
A2-4,707,ood(-10C),06-14-17_13.12 n10degC_NN_Pan18650PF,11.004690170288086
A2-4,707,ood(-20C),06-23-17_23.35 n20degC_HWFET_Pan18650PF,4.720483303070068
A2-4,707,ood(-20C),06-23-17_23.35 n20degC_LA92_Pan18650PF,5.347121715545654
A2-4,707,ood(-20C),06-23-17_23.35 n20degC_NN_Pan18650PF,4.155108451843262
A2-4,707,ood(-20C),06-23-17_23.35 n20degC_UDDS_Pan18650PF,9.135041236877441
A2-4,707,ood(-20C),06-24-17_04.29 n20degC_Cycle_1_Pan18650PF,21.622922897338867
A2-4,707,ood(-20C),06-24-17_11.58 n20degC_Cycle_2_Pan18650PF,19.991514205932617
A2-4,707,ood(-20C),06-24-17_19.29 n20degC_Cycle_3_Pan18650PF,21.19270133972168
A2-4,707,ood(-20C),06-25-17_03.01 n20degC_Cycle_4_Pan18650PF,17.58268928527832
A2-4,707,ood(-20C),06-25-17_10.31 n20degC_US06_Pan18650PF,21.793012619018555
