exp,seed,eval_group,cycle_id,rule,RMSE
A2-3,7,25 °C,03-18-17_02.17 25degC_Cycle_1_Pan18650PF,base,0.6788503732204132
A2-3,7,25 °C,03-18-17_02.17 25degC_Cycle_1_Pan18650PF,no_corr,2.7431800284367003
A2-3,7,25 °C,03-18-17_02.17 25degC_Cycle_1_Pan18650PF,scale_0.5,1.4028474963403106
A2-3,7,25 °C,03-18-17_02.17 25degC_Cycle_1_Pan18650PF,scale_1.5,1.733091703575846
A2-3,7,25 °C,03-18-17_02.17 25degC_Cycle_1_Pan18650PF,gate_nu,1.636406941026032
A2-3,7,25 °C,03-18-17_02.17 25degC_Cycle_1_Pan18650PF,gate_P,2.704175680854832
A2-3,7,25 °C,03-18-17_02.17 25degC_Cycle_1_Pan18650PF,clip_2,1.502861312171154
A2-3,7,25 °C,03-18-17_02.17 25degC_Cycle_1_Pan18650PF,clip_5,0.6573323457461354
A2-3,13,25 °C,03-18-17_02.17 25degC_Cycle_1_Pan18650PF,base,0.7185821762015331
A2-3,13,25 °C,03-18-17_02.17 25degC_Cycle_1_Pan18650PF,no_corr,2.7431800284367003
A2-3,13,25 °C,03-18-17_02.17 25degC_Cycle_1_Pan18650PF,scale_0.5,1.3246764225555265
A2-3,13,25 °C,03-18-17_02.17 25degC_Cycle_1_Pan18650PF,scale_1.5,1.9518746852599638
A2-3,13,25 °C,03-18-17_02.17 25degC_Cycle_1_Pan18650PF,gate_nu,1.5920998726169084
A2-3,13,25 °C,03-18-17_02.17 25degC_Cycle_1_Pan18650PF,gate_P,2.7017121213535256
A2-3,13,25 °C,03-18-17_02.17 25degC_Cycle_1_Pan18650PF,clip_2,1.503201917373271
A2-3,13,25 °C,03-18-17_02.17 25degC_Cycle_1_Pan18650PF,clip_5,0.6759893129944813
A2-3,42,25 °C,03-18-17_02.17 25degC_Cycle_1_Pan18650PF,base,0.7172703213087734
A2-3,42,25 °C,03-18-17_02.17 25degC_Cycle_1_Pan18650PF,no_corr,2.7431800284367003
A2-3,42,25 °C,03-18-17_02.17 25degC_Cycle_1_Pan18650PF,scale_0.5,1.321241875066901
A2-3,42,25 °C,03-18-17_02.17 25degC_Cycle_1_Pan18650PF,scale_1.5,1.9574030055365816
A2-3,42,25 °C,03-18-17_02.17 25degC_Cycle_1_Pan18650PF,gate_nu,1.5912158901373261
A2-3,42,25 °C,03-18-17_02.17 25degC_Cycle_1_Pan18650PF,gate_P,2.7017331960606614
A2-3,42,25 °C,03-18-17_02.17 25degC_Cycle_1_Pan18650PF,clip_2,1.4971209005212618
A2-3,42,25 °C,03-18-17_02.17 25degC_Cycle_1_Pan18650PF,clip_5,0.6615015546126624
A2-3,101,25 °C,03-18-17_02.17 25degC_Cycle_1_Pan18650PF,base,0.7181148866619139
A2-3,101,25 °C,03-18-17_02.17 25degC_Cycle_1_Pan18650PF,no_corr,2.7431800284367003
A2-3,101,25 °C,03-18-17_02.17 25degC_Cycle_1_Pan18650PF,scale_0.5,1.3234812829415934
A2-3,101,25 °C,03-18-17_02.17 25degC_Cycle_1_Pan18650PF,scale_1.5,1.9537900356873321
A2-3,101,25 °C,03-18-17_02.17 25degC_Cycle_1_Pan18650PF,gate_nu,1.5923751160104584
A2-3,101,25 °C,03-18-17_02.17 25degC_Cycle_1_Pan18650PF,gate_P,2.701706817227786
A2-3,101,25 °C,03-18-17_02.17 25degC_Cycle_1_Pan18650PF,clip_2,1.5054085598364473
A2-3,101,25 °C,03-18-17_02.17 25degC_Cycle_1_Pan18650PF,clip_5,0.6783438225373527
A2-3,202,25 °C,03-18-17_02.17 25degC_Cycle_1_Pan18650PF,base,0.6742639537296207
A2-3,202,25 °C,03-18-17_02.17 25degC_Cycle_1_Pan18650PF,no_corr,2.7431800284367003
A2-3,202,25 °C,03-18-17_02.17 25degC_Cycle_1_Pan18650PF,scale_0.5,1.3340167711833426
A2-3,202,25 °C,03-18-17_02.17 25degC_Cycle_1_Pan18650PF,scale_1.5,1.8841788899326553
A2-3,202,25 °C,03-18-17_02.17 25degC_Cycle_1_Pan18650PF,gate_nu,1.593398732398352
A2-3,202,25 °C,03-18-17_02.17 25degC_Cycle_1_Pan18650PF,gate_P,2.7020264969688355
A2-3,202,25 °C,03-18-17_02.17 25degC_Cycle_1_Pan18650PF,clip_2,1.4902238301430493
A2-3,202,25 °C,03-18-17_02.17 25degC_Cycle_1_Pan18650PF,clip_5,0.6417674946757042
A2-3,303,25 °C,03-18-17_02.17 25degC_Cycle_1_Pan18650PF,base,0.7058436520348328
A2-3,303,25 °C,03-18-17_02.17 25degC_Cycle_1_Pan18650PF,no_corr,2.7431800284367003
A2-3,303,25 °C,03-18-17_02.17 25degC_Cycle_1_Pan18650PF,scale_0.5,1.3536718258616647
A2-3,303,25 °C,03-18-17_02.17 25degC_Cycle_1_Pan18650PF,scale_1.5,1.876805859609957
A2-3,303,25 °C,03-18-17_02.17 25degC_Cycle_1_Pan18650PF,gate_nu,1.6095181185800236
A2-3,303,25 °C,03-18-17_02.17 25degC_Cycle_1_Pan18650PF,gate_P,2.7026254065000423
A2-3,303,25 °C,03-18-17_02.17 25degC_Cycle_1_Pan18650PF,clip_2,1.5068362954286811
A2-3,303,25 °C,03-18-17_02.17 25degC_Cycle_1_Pan18650PF,clip_5,0.6745631311055684
A2-3,404,25 °C,03-18-17_02.17 25degC_Cycle_1_Pan18650PF,base,0.7210770368192377
A2-3,404,25 °C,03-18-17_02.17 25degC_Cycle_1_Pan18650PF,no_corr,2.7431800284367003
A2-3,404,25 °C,03-18-17_02.17 25degC_Cycle_1_Pan18650PF,scale_0.5,1.3486539841395664
A2-3,404,25 °C,03-18-17_02.17 25degC_Cycle_1_Pan18650PF,scale_1.5,1.9048071373443518
A2-3,404,25 °C,03-18-17_02.17 25degC_Cycle_1_Pan18650PF,gate_nu,1.6081288894363293
A2-3,404,25 °C,03-18-17_02.17 25degC_Cycle_1_Pan18650PF,gate_P,2.7023970088635587
A2-3,404,25 °C,03-18-17_02.17 25degC_Cycle_1_Pan18650PF,clip_2,1.5153968614837476
A2-3,404,25 °C,03-18-17_02.17 25degC_Cycle_1_Pan18650PF,clip_5,0.6909891447815303
A2-3,505,25 °C,03-18-17_02.17 25degC_Cycle_1_Pan18650PF,base,0.6680503946729319
A2-3,505,25 °C,03-18-17_02.17 25degC_Cycle_1_Pan18650PF,no_corr,2.7431800284367003
A2-3,505,25 °C,03-18-17_02.17 25degC_Cycle_1_Pan18650PF,scale_0.5,1.3687235115144831
A2-3,505,25 °C,03-18-17_02.17 25degC_Cycle_1_Pan18650PF,scale_1.5,1.8010270713115584
A2-3,505,25 °C,03-18-17_02.17 25degC_Cycle_1_Pan18650PF,gate_nu,1.611613986189957
A2-3,505,25 °C,03-18-17_02.17 25degC_Cycle_1_Pan18650PF,gate_P,2.702989412077916
A2-3,505,25 °C,03-18-17_02.17 25degC_Cycle_1_Pan18650PF,clip_2,1.49926896124345
A2-3,505,25 °C,03-18-17_02.17 25degC_Cycle_1_Pan18650PF,clip_5,0.658831507537622
A2-3,606,25 °C,03-18-17_02.17 25degC_Cycle_1_Pan18650PF,base,0.6667894397442268
A2-3,606,25 °C,03-18-17_02.17 25degC_Cycle_1_Pan18650PF,no_corr,2.7431800284367003
A2-3,606,25 °C,03-18-17_02.17 25degC_Cycle_1_Pan18650PF,scale_0.5,1.3571711753320201
A2-3,606,25 °C,03-18-17_02.17 25degC_Cycle_1_Pan18650PF,scale_1.5,1.8256835292698261
A2-3,606,25 °C,03-18-17_02.17 25degC_Cycle_1_Pan18650PF,gate_nu,1.6056525654825295
A2-3,606,25 °C,03-18-17_02.17 25degC_Cycle_1_Pan18650PF,gate_P,2.702812633761339
A2-3,606,25 °C,03-18-17_02.17 25degC_Cycle_1_Pan18650PF,clip_2,1.4945141182425512
A2-3,606,25 °C,03-18-17_02.17 25degC_Cycle_1_Pan18650PF,clip_5,0.6418371362544522
A2-3,707,25 °C,03-18-17_02.17 25degC_Cycle_1_Pan18650PF,base,0.6582937645484744
A2-3,707,25 °C,03-18-17_02.17 25degC_Cycle_1_Pan18650PF,no_corr,2.7431800284367003
A2-3,707,25 °C,03-18-17_02.17 25degC_Cycle_1_Pan18650PF,scale_0.5,1.3331593806532702
A2-3,707,25 °C,03-18-17_02.17 25degC_Cycle_1_Pan18650PF,scale_1.5,1.868996229541835
A2-3,707,25 °C,03-18-17_02.17 25degC_Cycle_1_Pan18650PF,gate_nu,1.5871251255703194
A2-3,707,25 °C,03-18-17_02.17 25degC_Cycle_1_Pan18650PF,gate_P,2.702206826563552
A2-3,707,25 °C,03-18-17_02.17 25degC_Cycle_1_Pan18650PF,clip_2,1.484457668034296
A2-3,707,25 °C,03-18-17_02.17 25degC_Cycle_1_Pan18650PF,clip_5,0.6363913353018992
A2-3,7,25 °C,03-19-17_03.25 25degC_Cycle_2_Pan18650PF,base,0.5900398246986711
A2-3,7,25 °C,03-19-17_03.25 25degC_Cycle_2_Pan18650PF,no_corr,2.7102756578577862
A2-3,7,25 °C,03-19-17_03.25 25degC_Cycle_2_Pan18650PF,scale_0.5,1.2189657158455804
A2-3,7,25 °C,03-19-17_03.25 25degC_Cycle_2_Pan18650PF,scale_1.5,1.9830287163793876
A2-3,7,25 °C,03-19-17_03.25 25degC_Cycle_2_Pan18650PF,gate_nu,1.5096833511039252
A2-3,7,25 °C,03-19-17_03.25 25degC_Cycle_2_Pan18650PF,gate_P,2.670156119274923
A2-3,7,25 °C,03-19-17_03.25 25degC_Cycle_2_Pan18650PF,clip_2,1.4089686234690675
A2-3,7,25 °C,03-19-17_03.25 25degC_Cycle_2_Pan18650PF,clip_5,0.5498784167178997
A2-3,13,25 °C,03-19-17_03.25 25degC_Cycle_2_Pan18650PF,base,0.6350865911640587
A2-3,13,25 °C,03-19-17_03.25 25degC_Cycle_2_Pan18650PF,no_corr,2.7102756578577862
A2-3,13,25 °C,03-19-17_03.25 25degC_Cycle_2_Pan18650PF,scale_0.5,1.169438679830218
A2-3,13,25 °C,03-19-17_03.25 25degC_Cycle_2_Pan18650PF,scale_1.5,2.1101750202064906
A2-3,13,25 °C,03-19-17_03.25 25degC_Cycle_2_Pan18650PF,gate_nu,1.4790231625161376
A2-3,13,25 °C,03-19-17_03.25 25degC_Cycle_2_Pan18650PF,gate_P,2.668745323148714
A2-3,13,25 °C,03-19-17_03.25 25degC_Cycle_2_Pan18650PF,clip_2,1.411970860530253
A2-3,13,25 °C,03-19-17_03.25 25degC_Cycle_2_Pan18650PF,clip_5,0.5971000534486145
A2-3,42,25 °C,03-19-17_03.25 25degC_Cycle_2_Pan18650PF,base,0.6452640410331574
A2-3,42,25 °C,03-19-17_03.25 25degC_Cycle_2_Pan18650PF,no_corr,2.7102756578577862
A2-3,42,25 °C,03-19-17_03.25 25degC_Cycle_2_Pan18650PF,scale_0.5,1.1610734378820458
A2-3,42,25 °C,03-19-17_03.25 25degC_Cycle_2_Pan18650PF,scale_1.5,2.1331705579082216
A2-3,42,25 °C,03-19-17_03.25 25degC_Cycle_2_Pan18650PF,gate_nu,1.479579263211672
A2-3,42,25 °C,03-19-17_03.25 25degC_Cycle_2_Pan18650PF,gate_P,2.6686511032062987
A2-3,42,25 °C,03-19-17_03.25 25degC_Cycle_2_Pan18650PF,clip_2,1.411003643520677
A2-3,42,25 °C,03-19-17_03.25 25degC_Cycle_2_Pan18650PF,clip_5,0.5881039403724178
A2-3,101,25 °C,03-19-17_03.25 25degC_Cycle_2_Pan18650PF,base,0.6450363627916056
A2-3,101,25 °C,03-19-17_03.25 25degC_Cycle_2_Pan18650PF,no_corr,2.7102756578577862
A2-3,101,25 °C,03-19-17_03.25 25degC_Cycle_2_Pan18650PF,scale_0.5,1.1669416089540192
A2-3,101,25 °C,03-19-17_03.25 25degC_Cycle_2_Pan18650PF,scale_1.5,2.123335047691553
A2-3,101,25 °C,03-19-17_03.25 25degC_Cycle_2_Pan18650PF,gate_nu,1.4838999262518535
A2-3,101,25 °C,03-19-17_03.25 25degC_Cycle_2_Pan18650PF,gate_P,2.6682538400040836
A2-3,101,25 °C,03-19-17_03.25 25degC_Cycle_2_Pan18650PF,clip_2,1.4135789744674512
A2-3,101,25 °C,03-19-17_03.25 25degC_Cycle_2_Pan18650PF,clip_5,0.6114530555497524
A2-3,202,25 °C,03-19-17_03.25 25degC_Cycle_2_Pan18650PF,base,0.639265627353249
A2-3,202,25 °C,03-19-17_03.25 25degC_Cycle_2_Pan18650PF,no_corr,2.7102756578577862
A2-3,202,25 °C,03-19-17_03.25 25degC_Cycle_2_Pan18650PF,scale_0.5,1.1689726521439874
A2-3,202,25 °C,03-19-17_03.25 25degC_Cycle_2_Pan18650PF,scale_1.5,2.1147303758177003
A2-3,202,25 °C,03-19-17_03.25 25degC_Cycle_2_Pan18650PF,gate_nu,1.4851082908099025
A2-3,202,25 °C,03-19-17_03.25 25degC_Cycle_2_Pan18650PF,gate_P,2.668171099421118
A2-3,202,25 °C,03-19-17_03.25 25degC_Cycle_2_Pan18650PF,clip_2,1.4140393325277505
A2-3,202,25 °C,03-19-17_03.25 25degC_Cycle_2_Pan18650PF,clip_5,0.6076999820048409
A2-3,303,25 °C,03-19-17_03.25 25degC_Cycle_2_Pan18650PF,base,0.6111870593336886
A2-3,303,25 °C,03-19-17_03.25 25degC_Cycle_2_Pan18650PF,no_corr,2.7102756578577862
A2-3,303,25 °C,03-19-17_03.25 25degC_Cycle_2_Pan18650PF,scale_0.5,1.1943518771803059
A2-3,303,25 °C,03-19-17_03.25 25degC_Cycle_2_Pan18650PF,scale_1.5,2.0461705147378124
A2-3,303,25 °C,03-19-17_03.25 25degC_Cycle_2_Pan18650PF,gate_nu,1.494129794950159
A2-3,303,25 °C,03-19-17_03.25 25degC_Cycle_2_Pan18650PF,gate_P,2.668834192671936
A2-3,303,25 °C,03-19-17_03.25 25degC_Cycle_2_Pan18650PF,clip_2,1.4119622189536882
A2-3,303,25 °C,03-19-17_03.25 25degC_Cycle_2_Pan18650PF,clip_5,0.5843812171195794
A2-3,404,25 °C,03-19-17_03.25 25degC_Cycle_2_Pan18650PF,base,0.580169361561473
A2-3,404,25 °C,03-19-17_03.25 25degC_Cycle_2_Pan18650PF,no_corr,2.7102756578577862
A2-3,404,25 °C,03-19-17_03.25 25degC_Cycle_2_Pan18650PF,scale_0.5,1.1891455891885236
A2-3,404,25 °C,03-19-17_03.25 25degC_Cycle_2_Pan18650PF,scale_1.5,2.0280980965168465
A2-3,404,25 °C,03-19-17_03.25 25degC_Cycle_2_Pan18650PF,gate_nu,1.4903446569736918
A2-3,404,25 °C,03-19-17_03.25 25degC_Cycle_2_Pan18650PF,gate_P,2.6694259112814334
A2-3,404,25 °C,03-19-17_03.25 25degC_Cycle_2_Pan18650PF,clip_2,1.4084179368122738
A2-3,404,25 °C,03-19-17_03.25 25degC_Cycle_2_Pan18650PF,clip_5,0.5647419278964281
A2-3,505,25 °C,03-19-17_03.25 25degC_Cycle_2_Pan18650PF,base,0.56566968869437
A2-3,505,25 °C,03-19-17_03.25 25degC_Cycle_2_Pan18650PF,no_corr,2.7102756578577862
A2-3,505,25 °C,03-19-17_03.25 25degC_Cycle_2_Pan18650PF,scale_0.5,1.2250206110704707
A2-3,505,25 °C,03-19-17_03.25 25degC_Cycle_2_Pan18650PF,scale_1.5,1.9502600453141719
A2-3,505,25 °C,03-19-17_03.25 25degC_Cycle_2_Pan18650PF,gate_nu,1.5023790531492498
A2-3,505,25 °C,03-19-17_03.25 25degC_Cycle_2_Pan18650PF,gate_P,2.669904709236532
A2-3,505,25 °C,03-19-17_03.25 25degC_Cycle_2_Pan18650PF,clip_2,1.407362551198136
A2-3,505,25 °C,03-19-17_03.25 25degC_Cycle_2_Pan18650PF,clip_5,0.5679369758059679
A2-3,606,25 °C,03-19-17_03.25 25degC_Cycle_2_Pan18650PF,base,0.5920352654278653
A2-3,606,25 °C,03-19-17_03.25 25degC_Cycle_2_Pan18650PF,no_corr,2.7102756578577862
A2-3,606,25 °C,03-19-17_03.25 25degC_Cycle_2_Pan18650PF,scale_0.5,1.2033537504533036
A2-3,606,25 °C,03-19-17_03.25 25degC_Cycle_2_Pan18650PF,scale_1.5,2.0131891780953066
A2-3,606,25 °C,03-19-17_03.25 25degC_Cycle_2_Pan18650PF,gate_nu,1.498701108475347
A2-3,606,25 °C,03-19-17_03.25 25degC_Cycle_2_Pan18650PF,gate_P,2.6689541345283145
A2-3,606,25 °C,03-19-17_03.25 25degC_Cycle_2_Pan18650PF,clip_2,1.4114156720127338
A2-3,606,25 °C,03-19-17_03.25 25degC_Cycle_2_Pan18650PF,clip_5,0.5817577011137139
A2-3,707,25 °C,03-19-17_03.25 25degC_Cycle_2_Pan18650PF,base,0.6086383933440138
A2-3,707,25 °C,03-19-17_03.25 25degC_Cycle_2_Pan18650PF,no_corr,2.7102756578577862
A2-3,707,25 °C,03-19-17_03.25 25degC_Cycle_2_Pan18650PF,scale_0.5,1.1686604591163605
A2-3,707,25 °C,03-19-17_03.25 25degC_Cycle_2_Pan18650PF,scale_1.5,2.087968964470841
A2-3,707,25 °C,03-19-17_03.25 25degC_Cycle_2_Pan18650PF,gate_nu,1.476214799834392
A2-3,707,25 °C,03-19-17_03.25 25degC_Cycle_2_Pan18650PF,gate_P,2.6693125321923774
A2-3,707,25 °C,03-19-17_03.25 25degC_Cycle_2_Pan18650PF,clip_2,1.406430642403477
A2-3,707,25 °C,03-19-17_03.25 25degC_Cycle_2_Pan18650PF,clip_5,0.5837656879516837
A2-3,7,25 °C,03-19-17_09.07 25degC_Cycle_3_Pan18650PF,base,0.40867391655131885
A2-3,7,25 °C,03-19-17_09.07 25degC_Cycle_3_Pan18650PF,no_corr,2.4912637245576246
A2-3,7,25 °C,03-19-17_09.07 25degC_Cycle_3_Pan18650PF,scale_0.5,1.201929186121074
A2-3,7,25 °C,03-19-17_09.07 25degC_Cycle_3_Pan18650PF,scale_1.5,1.540628689925087
A2-3,7,25 °C,03-19-17_09.07 25degC_Cycle_3_Pan18650PF,gate_nu,1.009057340207933
A2-3,7,25 °C,03-19-17_09.07 25degC_Cycle_3_Pan18650PF,gate_P,2.43818689711097
A2-3,7,25 °C,03-19-17_09.07 25degC_Cycle_3_Pan18650PF,clip_2,1.1100054300081914
A2-3,7,25 °C,03-19-17_09.07 25degC_Cycle_3_Pan18650PF,clip_5,0.2948500144791023
A2-3,13,25 °C,03-19-17_09.07 25degC_Cycle_3_Pan18650PF,base,0.3784329821715857
A2-3,13,25 °C,03-19-17_09.07 25degC_Cycle_3_Pan18650PF,no_corr,2.4912637245576246
A2-3,13,25 °C,03-19-17_09.07 25degC_Cycle_3_Pan18650PF,scale_0.5,1.1691888923746412
A2-3,13,25 °C,03-19-17_09.07 25degC_Cycle_3_Pan18650PF,scale_1.5,1.592175085471952
A2-3,13,25 °C,03-19-17_09.07 25degC_Cycle_3_Pan18650PF,gate_nu,0.9723695050192334
A2-3,13,25 °C,03-19-17_09.07 25degC_Cycle_3_Pan18650PF,gate_P,2.436686150790999
A2-3,13,25 °C,03-19-17_09.07 25degC_Cycle_3_Pan18650PF,clip_2,1.107312723604969
A2-3,13,25 °C,03-19-17_09.07 25degC_Cycle_3_Pan18650PF,clip_5,0.2765393139060745
A2-3,42,25 °C,03-19-17_09.07 25degC_Cycle_3_Pan18650PF,base,0.38713204368654686
A2-3,42,25 °C,03-19-17_09.07 25degC_Cycle_3_Pan18650PF,no_corr,2.4912637245576246
A2-3,42,25 °C,03-19-17_09.07 25degC_Cycle_3_Pan18650PF,scale_0.5,1.1761203671815297
A2-3,42,25 °C,03-19-17_09.07 25degC_Cycle_3_Pan18650PF,scale_1.5,1.5831081004088914
A2-3,42,25 °C,03-19-17_09.07 25degC_Cycle_3_Pan18650PF,gate_nu,0.9824752470374536
A2-3,42,25 °C,03-19-17_09.07 25degC_Cycle_3_Pan18650PF,gate_P,2.4370741986208504
A2-3,42,25 °C,03-19-17_09.07 25degC_Cycle_3_Pan18650PF,clip_2,1.1071544466621364
A2-3,42,25 °C,03-19-17_09.07 25degC_Cycle_3_Pan18650PF,clip_5,0.2760424261292451
A2-3,101,25 °C,03-19-17_09.07 25degC_Cycle_3_Pan18650PF,base,0.41382873844724183
A2-3,101,25 °C,03-19-17_09.07 25degC_Cycle_3_Pan18650PF,no_corr,2.4912637245576246
A2-3,101,25 °C,03-19-17_09.07 25degC_Cycle_3_Pan18650PF,scale_0.5,1.1649408012940505
A2-3,101,25 °C,03-19-17_09.07 25degC_Cycle_3_Pan18650PF,scale_1.5,1.6275430549079135
A2-3,101,25 °C,03-19-17_09.07 25degC_Cycle_3_Pan18650PF,gate_nu,0.977689070194935
A2-3,101,25 °C,03-19-17_09.07 25degC_Cycle_3_Pan18650PF,gate_P,2.436527476224318
A2-3,101,25 °C,03-19-17_09.07 25degC_Cycle_3_Pan18650PF,clip_2,1.1113041593310289
A2-3,101,25 °C,03-19-17_09.07 25degC_Cycle_3_Pan18650PF,clip_5,0.3067959088383511
A2-3,202,25 °C,03-19-17_09.07 25degC_Cycle_3_Pan18650PF,base,0.3945036417221675
A2-3,202,25 °C,03-19-17_09.07 25degC_Cycle_3_Pan18650PF,no_corr,2.4912637245576246
A2-3,202,25 °C,03-19-17_09.07 25degC_Cycle_3_Pan18650PF,scale_0.5,1.1769134936462156
A2-3,202,25 °C,03-19-17_09.07 25degC_Cycle_3_Pan18650PF,scale_1.5,1.5867949405741333
A2-3,202,25 °C,03-19-17_09.07 25degC_Cycle_3_Pan18650PF,gate_nu,0.9865287318749596
A2-3,202,25 °C,03-19-17_09.07 25degC_Cycle_3_Pan18650PF,gate_P,2.437138238825032
A2-3,202,25 °C,03-19-17_09.07 25degC_Cycle_3_Pan18650PF,clip_2,1.1097720509640017
A2-3,202,25 °C,03-19-17_09.07 25degC_Cycle_3_Pan18650PF,clip_5,0.28457739235020346
A2-3,303,25 °C,03-19-17_09.07 25degC_Cycle_3_Pan18650PF,base,0.3819043935607443
A2-3,303,25 °C,03-19-17_09.07 25degC_Cycle_3_Pan18650PF,no_corr,2.4912637245576246
A2-3,303,25 °C,03-19-17_09.07 25degC_Cycle_3_Pan18650PF,scale_0.5,1.1922751428630833
A2-3,303,25 °C,03-19-17_09.07 25degC_Cycle_3_Pan18650PF,scale_1.5,1.542526430358298
A2-3,303,25 °C,03-19-17_09.07 25degC_Cycle_3_Pan18650PF,gate_nu,0.9962726309514545
A2-3,303,25 °C,03-19-17_09.07 25degC_Cycle_3_Pan18650PF,gate_P,2.4377314724239794
A2-3,303,25 °C,03-19-17_09.07 25degC_Cycle_3_Pan18650PF,clip_2,1.1096208132397845
A2-3,303,25 °C,03-19-17_09.07 25degC_Cycle_3_Pan18650PF,clip_5,0.2818505163626572
A2-3,404,25 °C,03-19-17_09.07 25degC_Cycle_3_Pan18650PF,base,0.3649255533124429
A2-3,404,25 °C,03-19-17_09.07 25degC_Cycle_3_Pan18650PF,no_corr,2.4912637245576246
A2-3,404,25 °C,03-19-17_09.07 25degC_Cycle_3_Pan18650PF,scale_0.5,1.1841120834568812
A2-3,404,25 °C,03-19-17_09.07 25degC_Cycle_3_Pan18650PF,scale_1.5,1.5490457229774268
A2-3,404,25 °C,03-19-17_09.07 25degC_Cycle_3_Pan18650PF,gate_nu,0.9874045776765081
A2-3,404,25 °C,03-19-17_09.07 25degC_Cycle_3_Pan18650PF,gate_P,2.437418132520968
A2-3,404,25 °C,03-19-17_09.07 25degC_Cycle_3_Pan18650PF,clip_2,1.1075234436756545
A2-3,404,25 °C,03-19-17_09.07 25degC_Cycle_3_Pan18650PF,clip_5,0.2693522809942325
A2-3,505,25 °C,03-19-17_09.07 25degC_Cycle_3_Pan18650PF,base,0.33256550175665245
A2-3,505,25 °C,03-19-17_09.07 25degC_Cycle_3_Pan18650PF,no_corr,2.4912637245576246
A2-3,505,25 °C,03-19-17_09.07 25degC_Cycle_3_Pan18650PF,scale_0.5,1.1964911384279489
A2-3,505,25 °C,03-19-17_09.07 25degC_Cycle_3_Pan18650PF,scale_1.5,1.4978054786156547
A2-3,505,25 °C,03-19-17_09.07 25degC_Cycle_3_Pan18650PF,gate_nu,0.9928473386100253
A2-3,505,25 °C,03-19-17_09.07 25degC_Cycle_3_Pan18650PF,gate_P,2.4378025789124007
A2-3,505,25 °C,03-19-17_09.07 25degC_Cycle_3_Pan18650PF,clip_2,1.1079193272464916
A2-3,505,25 °C,03-19-17_09.07 25degC_Cycle_3_Pan18650PF,clip_5,0.2666544929417944
A2-3,606,25 °C,03-19-17_09.07 25degC_Cycle_3_Pan18650PF,base,0.37662814283075163
A2-3,606,25 °C,03-19-17_09.07 25degC_Cycle_3_Pan18650PF,no_corr,2.4912637245576246
A2-3,606,25 °C,03-19-17_09.07 25degC_Cycle_3_Pan18650PF,scale_0.5,1.2097112938596517
A2-3,606,25 °C,03-19-17_09.07 25degC_Cycle_3_Pan18650PF,scale_1.5,1.4972431252370182
A2-3,606,25 °C,03-19-17_09.07 25degC_Cycle_3_Pan18650PF,gate_nu,1.013252064442485
A2-3,606,25 °C,03-19-17_09.07 25degC_Cycle_3_Pan18650PF,gate_P,2.4385126977353337
A2-3,606,25 °C,03-19-17_09.07 25degC_Cycle_3_Pan18650PF,clip_2,1.109646217593356
A2-3,606,25 °C,03-19-17_09.07 25degC_Cycle_3_Pan18650PF,clip_5,0.28981089964114837
A2-3,707,25 °C,03-19-17_09.07 25degC_Cycle_3_Pan18650PF,base,0.3539434837796231
A2-3,707,25 °C,03-19-17_09.07 25degC_Cycle_3_Pan18650PF,no_corr,2.4912637245576246
A2-3,707,25 °C,03-19-17_09.07 25degC_Cycle_3_Pan18650PF,scale_0.5,1.1795667272817623
A2-3,707,25 °C,03-19-17_09.07 25degC_Cycle_3_Pan18650PF,scale_1.5,1.5518021461349876
A2-3,707,25 °C,03-19-17_09.07 25degC_Cycle_3_Pan18650PF,gate_nu,0.980455095735765
A2-3,707,25 °C,03-19-17_09.07 25degC_Cycle_3_Pan18650PF,gate_P,2.436964975627291
A2-3,707,25 °C,03-19-17_09.07 25degC_Cycle_3_Pan18650PF,clip_2,1.1078214085789875
A2-3,707,25 °C,03-19-17_09.07 25degC_Cycle_3_Pan18650PF,clip_5,0.28585350793879843
A2-3,7,25 °C,03-19-17_14.31 25degC_Cycle_4_Pan18650PF,base,0.7413388396597228
A2-3,7,25 °C,03-19-17_14.31 25degC_Cycle_4_Pan18650PF,no_corr,3.0063526641527485
A2-3,7,25 °C,03-19-17_14.31 25degC_Cycle_4_Pan18650PF,scale_0.5,1.3732388388369583
A2-3,7,25 °C,03-19-17_14.31 25degC_Cycle_4_Pan18650PF,scale_1.5,2.242666140663383
A2-3,7,25 °C,03-19-17_14.31 25degC_Cycle_4_Pan18650PF,gate_nu,1.7861294447269238
A2-3,7,25 °C,03-19-17_14.31 25degC_Cycle_4_Pan18650PF,gate_P,2.9719668240731107
A2-3,7,25 °C,03-19-17_14.31 25degC_Cycle_4_Pan18650PF,clip_2,1.655834390346087
A2-3,7,25 °C,03-19-17_14.31 25degC_Cycle_4_Pan18650PF,clip_5,0.5320436879389302
A2-3,13,25 °C,03-19-17_14.31 25degC_Cycle_4_Pan18650PF,base,0.7554954222173232
A2-3,13,25 °C,03-19-17_14.31 25degC_Cycle_4_Pan18650PF,no_corr,3.0063526641527485
A2-3,13,25 °C,03-19-17_14.31 25degC_Cycle_4_Pan18650PF,scale_0.5,1.3196892974071766
A2-3,13,25 °C,03-19-17_14.31 25degC_Cycle_4_Pan18650PF,scale_1.5,2.350688600189039
A2-3,13,25 °C,03-19-17_14.31 25degC_Cycle_4_Pan18650PF,gate_nu,1.7512639428711916
A2-3,13,25 °C,03-19-17_14.31 25degC_Cycle_4_Pan18650PF,gate_P,2.9708158376356413
A2-3,13,25 °C,03-19-17_14.31 25degC_Cycle_4_Pan18650PF,clip_2,1.6581282422690597
A2-3,13,25 °C,03-19-17_14.31 25degC_Cycle_4_Pan18650PF,clip_5,0.5322657717737223
A2-3,42,25 °C,03-19-17_14.31 25degC_Cycle_4_Pan18650PF,base,0.79337688265134
A2-3,42,25 °C,03-19-17_14.31 25degC_Cycle_4_Pan18650PF,no_corr,3.0063526641527485
A2-3,42,25 °C,03-19-17_14.31 25degC_Cycle_4_Pan18650PF,scale_0.5,1.3262293882681901
A2-3,42,25 °C,03-19-17_14.31 25degC_Cycle_4_Pan18650PF,scale_1.5,2.3769400072816014
A2-3,42,25 °C,03-19-17_14.31 25degC_Cycle_4_Pan18650PF,gate_nu,1.7567213699249824
A2-3,42,25 °C,03-19-17_14.31 25degC_Cycle_4_Pan18650PF,gate_P,2.971174842036554
A2-3,42,25 °C,03-19-17_14.31 25degC_Cycle_4_Pan18650PF,clip_2,1.6590315046954809
A2-3,42,25 °C,03-19-17_14.31 25degC_Cycle_4_Pan18650PF,clip_5,0.5424907185558179
A2-3,101,25 °C,03-19-17_14.31 25degC_Cycle_4_Pan18650PF,base,0.7631532628339985
A2-3,101,25 °C,03-19-17_14.31 25degC_Cycle_4_Pan18650PF,no_corr,3.0063526641527485
A2-3,101,25 °C,03-19-17_14.31 25degC_Cycle_4_Pan18650PF,scale_0.5,1.3268936689038195
A2-3,101,25 °C,03-19-17_14.31 25degC_Cycle_4_Pan18650PF,scale_1.5,2.3459379027651224
A2-3,101,25 °C,03-19-17_14.31 25degC_Cycle_4_Pan18650PF,gate_nu,1.7590752830484695
A2-3,101,25 °C,03-19-17_14.31 25degC_Cycle_4_Pan18650PF,gate_P,2.9708017258401265
A2-3,101,25 °C,03-19-17_14.31 25degC_Cycle_4_Pan18650PF,clip_2,1.6601011579470601
A2-3,101,25 °C,03-19-17_14.31 25degC_Cycle_4_Pan18650PF,clip_5,0.556754020445236
A2-3,202,25 °C,03-19-17_14.31 25degC_Cycle_4_Pan18650PF,base,0.65919464679961
A2-3,202,25 °C,03-19-17_14.31 25degC_Cycle_4_Pan18650PF,no_corr,3.0063526641527485
A2-3,202,25 °C,03-19-17_14.31 25degC_Cycle_4_Pan18650PF,scale_0.5,1.357882211102012
A2-3,202,25 °C,03-19-17_14.31 25degC_Cycle_4_Pan18650PF,scale_1.5,2.193225203847332
A2-3,202,25 °C,03-19-17_14.31 25degC_Cycle_4_Pan18650PF,gate_nu,1.7741290601616289
A2-3,202,25 °C,03-19-17_14.31 25degC_Cycle_4_Pan18650PF,gate_P,2.9710630334058554
A2-3,202,25 °C,03-19-17_14.31 25degC_Cycle_4_Pan18650PF,clip_2,1.6590069979207696
A2-3,202,25 °C,03-19-17_14.31 25degC_Cycle_4_Pan18650PF,clip_5,0.5432104749059883
A2-3,303,25 °C,03-19-17_14.31 25degC_Cycle_4_Pan18650PF,base,0.682138639972545
A2-3,303,25 °C,03-19-17_14.31 25degC_Cycle_4_Pan18650PF,no_corr,3.0063526641527485
A2-3,303,25 °C,03-19-17_14.31 25degC_Cycle_4_Pan18650PF,scale_0.5,1.3694325363772524
A2-3,303,25 °C,03-19-17_14.31 25degC_Cycle_4_Pan18650PF,scale_1.5,2.19272873596652
A2-3,303,25 °C,03-19-17_14.31 25degC_Cycle_4_Pan18650PF,gate_nu,1.77958448474598
A2-3,303,25 °C,03-19-17_14.31 25degC_Cycle_4_Pan18650PF,gate_P,2.9714862142191465
A2-3,303,25 °C,03-19-17_14.31 25degC_Cycle_4_Pan18650PF,clip_2,1.6558015341636785
A2-3,303,25 °C,03-19-17_14.31 25degC_Cycle_4_Pan18650PF,clip_5,0.5278725909603312
A2-3,404,25 °C,03-19-17_14.31 25degC_Cycle_4_Pan18650PF,base,0.7215372422350635
A2-3,404,25 °C,03-19-17_14.31 25degC_Cycle_4_Pan18650PF,no_corr,3.0063526641527485
A2-3,404,25 °C,03-19-17_14.31 25degC_Cycle_4_Pan18650PF,scale_0.5,1.3477314623878982
A2-3,404,25 °C,03-19-17_14.31 25degC_Cycle_4_Pan18650PF,scale_1.5,2.2695515004707616
A2-3,404,25 °C,03-19-17_14.31 25degC_Cycle_4_Pan18650PF,gate_nu,1.7681057955429673
A2-3,404,25 °C,03-19-17_14.31 25degC_Cycle_4_Pan18650PF,gate_P,2.9714854634883707
A2-3,404,25 °C,03-19-17_14.31 25degC_Cycle_4_Pan18650PF,clip_2,1.6533737086894353
A2-3,404,25 °C,03-19-17_14.31 25degC_Cycle_4_Pan18650PF,clip_5,0.5213623276769007
A2-3,505,25 °C,03-19-17_14.31 25degC_Cycle_4_Pan18650PF,base,0.7084422238413
A2-3,505,25 °C,03-19-17_14.31 25degC_Cycle_4_Pan18650PF,no_corr,3.0063526641527485
A2-3,505,25 °C,03-19-17_14.31 25degC_Cycle_4_Pan18650PF,scale_0.5,1.3829022153307067
A2-3,505,25 °C,03-19-17_14.31 25degC_Cycle_4_Pan18650PF,scale_1.5,2.1923895370102824
A2-3,505,25 °C,03-19-17_14.31 25degC_Cycle_4_Pan18650PF,gate_nu,1.7852316493485048
A2-3,505,25 °C,03-19-17_14.31 25degC_Cycle_4_Pan18650PF,gate_P,2.9720613765421855
A2-3,505,25 °C,03-19-17_14.31 25degC_Cycle_4_Pan18650PF,clip_2,1.655134080494907
A2-3,505,25 °C,03-19-17_14.31 25degC_Cycle_4_Pan18650PF,clip_5,0.519873971079797
A2-3,606,25 °C,03-19-17_14.31 25degC_Cycle_4_Pan18650PF,base,0.6705047213898229
A2-3,606,25 °C,03-19-17_14.31 25degC_Cycle_4_Pan18650PF,no_corr,3.0063526641527485
A2-3,606,25 °C,03-19-17_14.31 25degC_Cycle_4_Pan18650PF,scale_0.5,1.3797561910624052
A2-3,606,25 °C,03-19-17_14.31 25degC_Cycle_4_Pan18650PF,scale_1.5,2.16233777505891
A2-3,606,25 °C,03-19-17_14.31 25degC_Cycle_4_Pan18650PF,gate_nu,1.785108694176253
A2-3,606,25 °C,03-19-17_14.31 25degC_Cycle_4_Pan18650PF,gate_P,2.9716076315590305
A2-3,606,25 °C,03-19-17_14.31 25degC_Cycle_4_Pan18650PF,clip_2,1.6594117314131553
A2-3,606,25 °C,03-19-17_14.31 25degC_Cycle_4_Pan18650PF,clip_5,0.5444923335933951
A2-3,707,25 °C,03-19-17_14.31 25degC_Cycle_4_Pan18650PF,base,0.8327105263988459
A2-3,707,25 °C,03-19-17_14.31 25degC_Cycle_4_Pan18650PF,no_corr,3.0063526641527485
A2-3,707,25 °C,03-19-17_14.31 25degC_Cycle_4_Pan18650PF,scale_0.5,1.318248900240287
A2-3,707,25 °C,03-19-17_14.31 25degC_Cycle_4_Pan18650PF,scale_1.5,2.43002804628068
A2-3,707,25 °C,03-19-17_14.31 25degC_Cycle_4_Pan18650PF,gate_nu,1.7532076346312833
A2-3,707,25 °C,03-19-17_14.31 25degC_Cycle_4_Pan18650PF,gate_P,2.9714008266372436
A2-3,707,25 °C,03-19-17_14.31 25degC_Cycle_4_Pan18650PF,clip_2,1.6586131401492765
A2-3,707,25 °C,03-19-17_14.31 25degC_Cycle_4_Pan18650PF,clip_5,0.5290721938590321
A2-3,7,10 °C,03-27-17_09.06 10degC_HWFET_Pan18650PF,base,3.0536740675261904
A2-3,7,10 °C,03-27-17_09.06 10degC_HWFET_Pan18650PF,no_corr,4.913697676208104
A2-3,7,10 °C,03-27-17_09.06 10degC_HWFET_Pan18650PF,scale_0.5,3.956135320952678
A2-3,7,10 °C,03-27-17_09.06 10degC_HWFET_Pan18650PF,scale_1.5,2.2729233949698258
A2-3,7,10 °C,03-27-17_09.06 10degC_HWFET_Pan18650PF,gate_nu,4.0296182226089545
A2-3,7,10 °C,03-27-17_09.06 10degC_HWFET_Pan18650PF,gate_P,4.879779678609098
A2-3,7,10 °C,03-27-17_09.06 10degC_HWFET_Pan18650PF,clip_2,3.6744404760643867
A2-3,7,10 °C,03-27-17_09.06 10degC_HWFET_Pan18650PF,clip_5,3.1349725812999356
A2-3,13,10 °C,03-27-17_09.06 10degC_HWFET_Pan18650PF,base,3.052405144975146
A2-3,13,10 °C,03-27-17_09.06 10degC_HWFET_Pan18650PF,no_corr,4.913697676208104
A2-3,13,10 °C,03-27-17_09.06 10degC_HWFET_Pan18650PF,scale_0.5,3.9099807006649865
A2-3,13,10 °C,03-27-17_09.06 10degC_HWFET_Pan18650PF,scale_1.5,2.4964192605823774
A2-3,13,10 °C,03-27-17_09.06 10degC_HWFET_Pan18650PF,gate_nu,4.02848418530815
A2-3,13,10 °C,03-27-17_09.06 10degC_HWFET_Pan18650PF,gate_P,4.877325707434249
A2-3,13,10 °C,03-27-17_09.06 10degC_HWFET_Pan18650PF,clip_2,3.8009786895678643
A2-3,13,10 °C,03-27-17_09.06 10degC_HWFET_Pan18650PF,clip_5,3.152621623725125
A2-3,42,10 °C,03-27-17_09.06 10degC_HWFET_Pan18650PF,base,2.977846152503109
A2-3,42,10 °C,03-27-17_09.06 10degC_HWFET_Pan18650PF,no_corr,4.913697676208104
A2-3,42,10 °C,03-27-17_09.06 10degC_HWFET_Pan18650PF,scale_0.5,3.8546404928754314
A2-3,42,10 °C,03-27-17_09.06 10degC_HWFET_Pan18650PF,scale_1.5,2.4844250851821608
A2-3,42,10 °C,03-27-17_09.06 10degC_HWFET_Pan18650PF,gate_nu,3.9881625712077495
A2-3,42,10 °C,03-27-17_09.06 10degC_HWFET_Pan18650PF,gate_P,4.874920252788264
A2-3,42,10 °C,03-27-17_09.06 10degC_HWFET_Pan18650PF,clip_2,3.7721757489827747
A2-3,42,10 °C,03-27-17_09.06 10degC_HWFET_Pan18650PF,clip_5,3.088239670885238
A2-3,101,10 °C,03-27-17_09.06 10degC_HWFET_Pan18650PF,base,2.7873186103296943
A2-3,101,10 °C,03-27-17_09.06 10degC_HWFET_Pan18650PF,no_corr,4.913697676208104
A2-3,101,10 °C,03-27-17_09.06 10degC_HWFET_Pan18650PF,scale_0.5,3.78801891229286
A2-3,101,10 °C,03-27-17_09.06 10degC_HWFET_Pan18650PF,scale_1.5,2.098713445257251
A2-3,101,10 °C,03-27-17_09.06 10degC_HWFET_Pan18650PF,gate_nu,3.876559540269609
A2-3,101,10 °C,03-27-17_09.06 10degC_HWFET_Pan18650PF,gate_P,4.87122961168631
A2-3,101,10 °C,03-27-17_09.06 10degC_HWFET_Pan18650PF,clip_2,3.7148054244028876
A2-3,101,10 °C,03-27-17_09.06 10degC_HWFET_Pan18650PF,clip_5,2.906043389448984
A2-3,202,10 °C,03-27-17_09.06 10degC_HWFET_Pan18650PF,base,2.4530965596344694
A2-3,202,10 °C,03-27-17_09.06 10degC_HWFET_Pan18650PF,no_corr,4.913697676208104
A2-3,202,10 °C,03-27-17_09.06 10degC_HWFET_Pan18650PF,scale_0.5,3.61782289221333
A2-3,202,10 °C,03-27-17_09.06 10degC_HWFET_Pan18650PF,scale_1.5,1.7121756894932643
A2-3,202,10 °C,03-27-17_09.06 10degC_HWFET_Pan18650PF,gate_nu,3.7395927103588127
A2-3,202,10 °C,03-27-17_09.06 10degC_HWFET_Pan18650PF,gate_P,4.867001170549567
A2-3,202,10 °C,03-27-17_09.06 10degC_HWFET_Pan18650PF,clip_2,3.603974513889705
A2-3,202,10 °C,03-27-17_09.06 10degC_HWFET_Pan18650PF,clip_5,2.632940808057773
A2-3,303,10 °C,03-27-17_09.06 10degC_HWFET_Pan18650PF,base,2.8621349595297105
A2-3,303,10 °C,03-27-17_09.06 10degC_HWFET_Pan18650PF,no_corr,4.913697676208104
A2-3,303,10 °C,03-27-17_09.06 10degC_HWFET_Pan18650PF,scale_0.5,3.822340196308969
A2-3,303,10 °C,03-27-17_09.06 10degC_HWFET_Pan18650PF,scale_1.5,2.211113001554651
A2-3,303,10 °C,03-27-17_09.06 10degC_HWFET_Pan18650PF,gate_nu,3.9314895861026486
A2-3,303,10 °C,03-27-17_09.06 10degC_HWFET_Pan18650PF,gate_P,4.873593128507781
A2-3,303,10 °C,03-27-17_09.06 10degC_HWFET_Pan18650PF,clip_2,3.73810415592545
A2-3,303,10 °C,03-27-17_09.06 10degC_HWFET_Pan18650PF,clip_5,2.9987757052411066
A2-3,404,10 °C,03-27-17_09.06 10degC_HWFET_Pan18650PF,base,3.0743953218420685
A2-3,404,10 °C,03-27-17_09.06 10degC_HWFET_Pan18650PF,no_corr,4.913697676208104
A2-3,404,10 °C,03-27-17_09.06 10degC_HWFET_Pan18650PF,scale_0.5,3.9455520984531622
A2-3,404,10 °C,03-27-17_09.06 10degC_HWFET_Pan18650PF,scale_1.5,2.4079037678214474
A2-3,404,10 °C,03-27-17_09.06 10degC_HWFET_Pan18650PF,gate_nu,4.037618783050436
A2-3,404,10 °C,03-27-17_09.06 10degC_HWFET_Pan18650PF,gate_P,4.878284625769445
A2-3,404,10 °C,03-27-17_09.06 10degC_HWFET_Pan18650PF,clip_2,3.754699731343481
A2-3,404,10 °C,03-27-17_09.06 10degC_HWFET_Pan18650PF,clip_5,3.178043759517189
A2-3,505,10 °C,03-27-17_09.06 10degC_HWFET_Pan18650PF,base,2.716754538463895
A2-3,505,10 °C,03-27-17_09.06 10degC_HWFET_Pan18650PF,no_corr,4.913697676208104
A2-3,505,10 °C,03-27-17_09.06 10degC_HWFET_Pan18650PF,scale_0.5,3.742633659165992
A2-3,505,10 °C,03-27-17_09.06 10degC_HWFET_Pan18650PF,scale_1.5,2.0651320532152675
A2-3,505,10 °C,03-27-17_09.06 10degC_HWFET_Pan18650PF,gate_nu,3.8640642978699398
A2-3,505,10 °C,03-27-17_09.06 10degC_HWFET_Pan18650PF,gate_P,4.8708755010221925
A2-3,505,10 °C,03-27-17_09.06 10degC_HWFET_Pan18650PF,clip_2,3.734849635152051
A2-3,505,10 °C,03-27-17_09.06 10degC_HWFET_Pan18650PF,clip_5,2.8776318099016054
A2-3,606,10 °C,03-27-17_09.06 10degC_HWFET_Pan18650PF,base,2.881491821362984
A2-3,606,10 °C,03-27-17_09.06 10degC_HWFET_Pan18650PF,no_corr,4.913697676208104
A2-3,606,10 °C,03-27-17_09.06 10degC_HWFET_Pan18650PF,scale_0.5,3.8524618801167487
A2-3,606,10 °C,03-27-17_09.06 10degC_HWFET_Pan18650PF,scale_1.5,2.128150040645411
A2-3,606,10 °C,03-27-17_09.06 10degC_HWFET_Pan18650PF,gate_nu,3.933747544090483
A2-3,606,10 °C,03-27-17_09.06 10degC_HWFET_Pan18650PF,gate_P,4.874463562709555
A2-3,606,10 °C,03-27-17_09.06 10degC_HWFET_Pan18650PF,clip_2,3.6916962476893302
A2-3,606,10 °C,03-27-17_09.06 10degC_HWFET_Pan18650PF,clip_5,2.9805260268680764
A2-3,707,10 °C,03-27-17_09.06 10degC_HWFET_Pan18650PF,base,2.686089148656015
A2-3,707,10 °C,03-27-17_09.06 10degC_HWFET_Pan18650PF,no_corr,4.913697676208104
A2-3,707,10 °C,03-27-17_09.06 10degC_HWFET_Pan18650PF,scale_0.5,3.7249249333298113
A2-3,707,10 °C,03-27-17_09.06 10degC_HWFET_Pan18650PF,scale_1.5,2.040698979005285
A2-3,707,10 °C,03-27-17_09.06 10degC_HWFET_Pan18650PF,gate_nu,3.8559225455318478
A2-3,707,10 °C,03-27-17_09.06 10degC_HWFET_Pan18650PF,gate_P,4.870677494969227
A2-3,707,10 °C,03-27-17_09.06 10degC_HWFET_Pan18650PF,clip_2,3.715131611135812
A2-3,707,10 °C,03-27-17_09.06 10degC_HWFET_Pan18650PF,clip_5,2.8216160165670883
A2-3,7,10 °C,03-27-17_09.06 10degC_LA92_Pan18650PF,base,2.946225553331176
A2-3,7,10 °C,03-27-17_09.06 10degC_LA92_Pan18650PF,no_corr,4.323626004056774
A2-3,7,10 °C,03-27-17_09.06 10degC_LA92_Pan18650PF,scale_0.5,3.6132289278950123
A2-3,7,10 °C,03-27-17_09.06 10degC_LA92_Pan18650PF,scale_1.5,2.3597048537602423
A2-3,7,10 °C,03-27-17_09.06 10degC_LA92_Pan18650PF,gate_nu,3.439551216432644
A2-3,7,10 °C,03-27-17_09.06 10degC_LA92_Pan18650PF,gate_P,4.286131072655111
A2-3,7,10 °C,03-27-17_09.06 10degC_LA92_Pan18650PF,clip_2,3.161885708713053
A2-3,7,10 °C,03-27-17_09.06 10degC_LA92_Pan18650PF,clip_5,2.946225553331176
A2-3,13,10 °C,03-27-17_09.06 10degC_LA92_Pan18650PF,base,3.318756479199474
A2-3,13,10 °C,03-27-17_09.06 10degC_LA92_Pan18650PF,no_corr,4.323626004056774
A2-3,13,10 °C,03-27-17_09.06 10degC_LA92_Pan18650PF,scale_0.5,3.773338132094689
A2-3,13,10 °C,03-27-17_09.06 10degC_LA92_Pan18650PF,scale_1.5,3.0036533658620717
A2-3,13,10 °C,03-27-17_09.06 10degC_LA92_Pan18650PF,gate_nu,3.6623407163092043
A2-3,13,10 °C,03-27-17_09.06 10degC_LA92_Pan18650PF,gate_P,4.29283303903598
A2-3,13,10 °C,03-27-17_09.06 10degC_LA92_Pan18650PF,clip_2,3.4561163577046785
A2-3,13,10 °C,03-27-17_09.06 10degC_LA92_Pan18650PF,clip_5,3.318756479199474
A2-3,42,10 °C,03-27-17_09.06 10degC_LA92_Pan18650PF,base,3.226588626317224
A2-3,42,10 °C,03-27-17_09.06 10degC_LA92_Pan18650PF,no_corr,4.323626004056774
A2-3,42,10 °C,03-27-17_09.06 10degC_LA92_Pan18650PF,scale_0.5,3.719443427365676
A2-3,42,10 °C,03-27-17_09.06 10degC_LA92_Pan18650PF,scale_1.5,2.9023414835803547
A2-3,42,10 °C,03-27-17_09.06 10degC_LA92_Pan18650PF,gate_nu,3.6128849180585814
A2-3,42,10 °C,03-27-17_09.06 10degC_LA92_Pan18650PF,gate_P,4.290788885564635
A2-3,42,10 °C,03-27-17_09.06 10degC_LA92_Pan18650PF,clip_2,3.3745347295703265
A2-3,42,10 °C,03-27-17_09.06 10degC_LA92_Pan18650PF,clip_5,3.226588626317224
A2-3,101,10 °C,03-27-17_09.06 10degC_LA92_Pan18650PF,base,3.044620625520116
A2-3,101,10 °C,03-27-17_09.06 10degC_LA92_Pan18650PF,no_corr,4.323626004056774
A2-3,101,10 °C,03-27-17_09.06 10degC_LA92_Pan18650PF,scale_0.5,3.644566049107308
A2-3,101,10 °C,03-27-17_09.06 10degC_LA92_Pan18650PF,scale_1.5,2.5795931917319717
A2-3,101,10 °C,03-27-17_09.06 10degC_LA92_Pan18650PF,gate_nu,3.499743817655952
A2-3,101,10 °C,03-27-17_09.06 10degC_LA92_Pan18650PF,gate_P,4.286381754950802
A2-3,101,10 °C,03-27-17_09.06 10degC_LA92_Pan18650PF,clip_2,3.292467072668626
A2-3,101,10 °C,03-27-17_09.06 10degC_LA92_Pan18650PF,clip_5,3.0446208071344465
A2-3,202,10 °C,03-27-17_09.06 10degC_LA92_Pan18650PF,base,2.790624696151843
A2-3,202,10 °C,03-27-17_09.06 10degC_LA92_Pan18650PF,no_corr,4.323626004056774
A2-3,202,10 °C,03-27-17_09.06 10degC_LA92_Pan18650PF,scale_0.5,3.5237468906655374
A2-3,202,10 °C,03-27-17_09.06 10degC_LA92_Pan18650PF,scale_1.5,2.19228738028716
A2-3,202,10 °C,03-27-17_09.06 10degC_LA92_Pan18650PF,gate_nu,3.3507423391419575
A2-3,202,10 °C,03-27-17_09.06 10degC_LA92_Pan18650PF,gate_P,4.2823626590363615
A2-3,202,10 °C,03-27-17_09.06 10degC_LA92_Pan18650PF,clip_2,3.069077000572198
A2-3,202,10 °C,03-27-17_09.06 10degC_LA92_Pan18650PF,clip_5,2.790652381008298
A2-3,303,10 °C,03-27-17_09.06 10degC_LA92_Pan18650PF,base,3.15071547438655
A2-3,303,10 °C,03-27-17_09.06 10degC_LA92_Pan18650PF,no_corr,4.323626004056774
A2-3,303,10 °C,03-27-17_09.06 10degC_LA92_Pan18650PF,scale_0.5,3.7045840367551017
A2-3,303,10 °C,03-27-17_09.06 10degC_LA92_Pan18650PF,scale_1.5,2.70239470929394
A2-3,303,10 °C,03-27-17_09.06 10degC_LA92_Pan18650PF,gate_nu,3.5751906238024658
A2-3,303,10 °C,03-27-17_09.06 10degC_LA92_Pan18650PF,gate_P,4.28939830644455
A2-3,303,10 °C,03-27-17_09.06 10degC_LA92_Pan18650PF,clip_2,3.34784872407266
A2-3,303,10 °C,03-27-17_09.06 10degC_LA92_Pan18650PF,clip_5,3.150715712083192
A2-3,404,10 °C,03-27-17_09.06 10degC_LA92_Pan18650PF,base,3.1648922818480036
A2-3,404,10 °C,03-27-17_09.06 10degC_LA92_Pan18650PF,no_corr,4.323626004056774
A2-3,404,10 °C,03-27-17_09.06 10degC_LA92_Pan18650PF,scale_0.5,3.7187852318234658
A2-3,404,10 °C,03-27-17_09.06 10degC_LA92_Pan18650PF,scale_1.5,2.693562786160743
A2-3,404,10 °C,03-27-17_09.06 10degC_LA92_Pan18650PF,gate_nu,3.5793621422917763
A2-3,404,10 °C,03-27-17_09.06 10degC_LA92_Pan18650PF,gate_P,4.2907053826501915
A2-3,404,10 °C,03-27-17_09.06 10degC_LA92_Pan18650PF,clip_2,3.31063637358031
A2-3,404,10 °C,03-27-17_09.06 10degC_LA92_Pan18650PF,clip_5,3.1648922818480036
A2-3,505,10 °C,03-27-17_09.06 10degC_LA92_Pan18650PF,base,3.0185289755666456
A2-3,505,10 °C,03-27-17_09.06 10degC_LA92_Pan18650PF,no_corr,4.323626004056774
A2-3,505,10 °C,03-27-17_09.06 10degC_LA92_Pan18650PF,scale_0.5,3.6307084555034743
A2-3,505,10 °C,03-27-17_09.06 10degC_LA92_Pan18650PF,scale_1.5,2.5460089717545493
A2-3,505,10 °C,03-27-17_09.06 10degC_LA92_Pan18650PF,gate_nu,3.4815629381662134
A2-3,505,10 °C,03-27-17_09.06 10degC_LA92_Pan18650PF,gate_P,4.285382276700906
A2-3,505,10 °C,03-27-17_09.06 10degC_LA92_Pan18650PF,clip_2,3.2985384633787107
A2-3,505,10 °C,03-27-17_09.06 10degC_LA92_Pan18650PF,clip_5,3.0185372786403577
A2-3,606,10 °C,03-27-17_09.06 10degC_LA92_Pan18650PF,base,3.0785069134930168
A2-3,606,10 °C,03-27-17_09.06 10degC_LA92_Pan18650PF,no_corr,4.323626004056774
A2-3,606,10 °C,03-27-17_09.06 10degC_LA92_Pan18650PF,scale_0.5,3.6746842356782654
A2-3,606,10 °C,03-27-17_09.06 10degC_LA92_Pan18650PF,scale_1.5,2.572050461652756
A2-3,606,10 °C,03-27-17_09.06 10degC_LA92_Pan18650PF,gate_nu,3.5297371924178518
A2-3,606,10 °C,03-27-17_09.06 10degC_LA92_Pan18650PF,gate_P,4.2888662193920695
A2-3,606,10 °C,03-27-17_09.06 10degC_LA92_Pan18650PF,clip_2,3.248860053791807
A2-3,606,10 °C,03-27-17_09.06 10degC_LA92_Pan18650PF,clip_5,3.0785069134930168
A2-3,707,10 °C,03-27-17_09.06 10degC_LA92_Pan18650PF,base,2.9882330928503067
A2-3,707,10 °C,03-27-17_09.06 10degC_LA92_Pan18650PF,no_corr,4.323626004056774
A2-3,707,10 °C,03-27-17_09.06 10degC_LA92_Pan18650PF,scale_0.5,3.60155552680168
A2-3,707,10 °C,03-27-17_09.06 10degC_LA92_Pan18650PF,scale_1.5,2.5629565390873945
A2-3,707,10 °C,03-27-17_09.06 10degC_LA92_Pan18650PF,gate_nu,3.4590843040869235
A2-3,707,10 °C,03-27-17_09.06 10degC_LA92_Pan18650PF,gate_P,4.284391556994536
A2-3,707,10 °C,03-27-17_09.06 10degC_LA92_Pan18650PF,clip_2,3.276634545371568
A2-3,707,10 °C,03-27-17_09.06 10degC_LA92_Pan18650PF,clip_5,2.9882330928503067
A2-3,7,10 °C,03-27-17_09.06 10degC_NN_Pan18650PF,base,2.5252731231751375
A2-3,7,10 °C,03-27-17_09.06 10degC_NN_Pan18650PF,no_corr,3.8414234771346343
A2-3,7,10 °C,03-27-17_09.06 10degC_NN_Pan18650PF,scale_0.5,3.1626704892617066
A2-3,7,10 °C,03-27-17_09.06 10degC_NN_Pan18650PF,scale_1.5,1.9697952942399473
A2-3,7,10 °C,03-27-17_09.06 10degC_NN_Pan18650PF,gate_nu,3.120818013418942
A2-3,7,10 °C,03-27-17_09.06 10degC_NN_Pan18650PF,gate_P,3.806681895275543
A2-3,7,10 °C,03-27-17_09.06 10degC_NN_Pan18650PF,clip_2,2.735067815450267
A2-3,7,10 °C,03-27-17_09.06 10degC_NN_Pan18650PF,clip_5,2.5252731231751375
A2-3,13,10 °C,03-27-17_09.06 10degC_NN_Pan18650PF,base,2.706208959057442
A2-3,13,10 °C,03-27-17_09.06 10degC_NN_Pan18650PF,no_corr,3.8414234771346343
A2-3,13,10 °C,03-27-17_09.06 10degC_NN_Pan18650PF,scale_0.5,3.2188041580819537
A2-3,13,10 °C,03-27-17_09.06 10degC_NN_Pan18650PF,scale_1.5,2.375949178123464
A2-3,13,10 °C,03-27-17_09.06 10degC_NN_Pan18650PF,gate_nu,3.202172780105709
A2-3,13,10 °C,03-27-17_09.06 10degC_NN_Pan18650PF,gate_P,3.8083036196897995
A2-3,13,10 °C,03-27-17_09.06 10degC_NN_Pan18650PF,clip_2,2.918576480452247
A2-3,13,10 °C,03-27-17_09.06 10degC_NN_Pan18650PF,clip_5,2.706208959057442
A2-3,42,10 °C,03-27-17_09.06 10degC_NN_Pan18650PF,base,2.645500434859387
A2-3,42,10 °C,03-27-17_09.06 10degC_NN_Pan18650PF,no_corr,3.8414234771346343
A2-3,42,10 °C,03-27-17_09.06 10degC_NN_Pan18650PF,scale_0.5,3.174203397902864
A2-3,42,10 °C,03-27-17_09.06 10degC_NN_Pan18650PF,scale_1.5,2.35071273346022
A2-3,42,10 °C,03-27-17_09.06 10degC_NN_Pan18650PF,gate_nu,3.179919286024181
A2-3,42,10 °C,03-27-17_09.06 10degC_NN_Pan18650PF,gate_P,3.8065058988571887
A2-3,42,10 °C,03-27-17_09.06 10degC_NN_Pan18650PF,clip_2,2.8735364256003604
A2-3,42,10 °C,03-27-17_09.06 10degC_NN_Pan18650PF,clip_5,2.645500434859387
A2-3,101,10 °C,03-27-17_09.06 10degC_NN_Pan18650PF,base,2.419072906604164
A2-3,101,10 °C,03-27-17_09.06 10degC_NN_Pan18650PF,no_corr,3.8414234771346343
A2-3,101,10 °C,03-27-17_09.06 10degC_NN_Pan18650PF,scale_0.5,3.0850686860848198
A2-3,101,10 °C,03-27-17_09.06 10degC_NN_Pan18650PF,scale_1.5,1.9388989468415403
A2-3,101,10 °C,03-27-17_09.06 10degC_NN_Pan18650PF,gate_nu,3.0591942315738527
A2-3,101,10 °C,03-27-17_09.06 10degC_NN_Pan18650PF,gate_P,3.801648039828227
A2-3,101,10 °C,03-27-17_09.06 10degC_NN_Pan18650PF,clip_2,2.771951548669215
A2-3,101,10 °C,03-27-17_09.06 10degC_NN_Pan18650PF,clip_5,2.419337647810705
A2-3,202,10 °C,03-27-17_09.06 10degC_NN_Pan18650PF,base,2.14716851039216
A2-3,202,10 °C,03-27-17_09.06 10degC_NN_Pan18650PF,no_corr,3.8414234771346343
A2-3,202,10 °C,03-27-17_09.06 10degC_NN_Pan18650PF,scale_0.5,2.956252654269103
A2-3,202,10 °C,03-27-17_09.06 10degC_NN_Pan18650PF,scale_1.5,1.5392345181834768
A2-3,202,10 °C,03-27-17_09.06 10degC_NN_Pan18650PF,gate_nu,2.9315351546802164
A2-3,202,10 °C,03-27-17_09.06 10degC_NN_Pan18650PF,gate_P,3.79708997286202
A2-3,202,10 °C,03-27-17_09.06 10degC_NN_Pan18650PF,clip_2,2.5758134838423405
A2-3,202,10 °C,03-27-17_09.06 10degC_NN_Pan18650PF,clip_5,2.148698320107515
A2-3,303,10 °C,03-27-17_09.06 10degC_NN_Pan18650PF,base,2.5620841990679795
A2-3,303,10 °C,03-27-17_09.06 10degC_NN_Pan18650PF,no_corr,3.8414234771346343
A2-3,303,10 °C,03-27-17_09.06 10degC_NN_Pan18650PF,scale_0.5,3.165585726921078
A2-3,303,10 °C,03-27-17_09.06 10degC_NN_Pan18650PF,scale_1.5,2.09441201210072
A2-3,303,10 °C,03-27-17_09.06 10degC_NN_Pan18650PF,gate_nu,3.142532789546325
A2-3,303,10 °C,03-27-17_09.06 10degC_NN_Pan18650PF,gate_P,3.8054382389746397
A2-3,303,10 °C,03-27-17_09.06 10degC_NN_Pan18650PF,clip_2,2.8375826652988954
A2-3,303,10 °C,03-27-17_09.06 10degC_NN_Pan18650PF,clip_5,2.5621868630979314
A2-3,404,10 °C,03-27-17_09.06 10degC_NN_Pan18650PF,base,2.567296339199169
A2-3,404,10 °C,03-27-17_09.06 10degC_NN_Pan18650PF,no_corr,3.8414234771346343
A2-3,404,10 °C,03-27-17_09.06 10degC_NN_Pan18650PF,scale_0.5,3.1777663219119643
A2-3,404,10 °C,03-27-17_09.06 10degC_NN_Pan18650PF,scale_1.5,2.057904130958711
A2-3,404,10 °C,03-27-17_09.06 10degC_NN_Pan18650PF,gate_nu,3.146035376952905
A2-3,404,10 °C,03-27-17_09.06 10degC_NN_Pan18650PF,gate_P,3.80671030660055
A2-3,404,10 °C,03-27-17_09.06 10degC_NN_Pan18650PF,clip_2,2.788587253869623
A2-3,404,10 °C,03-27-17_09.06 10degC_NN_Pan18650PF,clip_5,2.567296339199169
A2-3,505,10 °C,03-27-17_09.06 10degC_NN_Pan18650PF,base,2.4462552094998578
A2-3,505,10 °C,03-27-17_09.06 10degC_NN_Pan18650PF,no_corr,3.8414234771346343
A2-3,505,10 °C,03-27-17_09.06 10degC_NN_Pan18650PF,scale_0.5,3.0996614259147144
A2-3,505,10 °C,03-27-17_09.06 10degC_NN_Pan18650PF,scale_1.5,1.9711228061527166
A2-3,505,10 °C,03-27-17_09.06 10degC_NN_Pan18650PF,gate_nu,3.0675443050430293
A2-3,505,10 °C,03-27-17_09.06 10degC_NN_Pan18650PF,gate_P,3.801966849325027
A2-3,505,10 °C,03-27-17_09.06 10degC_NN_Pan18650PF,clip_2,2.810335611918078
A2-3,505,10 °C,03-27-17_09.06 10degC_NN_Pan18650PF,clip_5,2.4466164696737636
A2-3,606,10 °C,03-27-17_09.06 10degC_NN_Pan18650PF,base,2.449218410004363
A2-3,606,10 °C,03-27-17_09.06 10degC_NN_Pan18650PF,no_corr,3.8414234771346343
A2-3,606,10 °C,03-27-17_09.06 10degC_NN_Pan18650PF,scale_0.5,3.1159161416162484
A2-3,606,10 °C,03-27-17_09.06 10degC_NN_Pan18650PF,scale_1.5,1.9041393294231628
A2-3,606,10 °C,03-27-17_09.06 10degC_NN_Pan18650PF,gate_nu,3.0884208819274668
A2-3,606,10 °C,03-27-17_09.06 10degC_NN_Pan18650PF,gate_P,3.80393961076482
A2-3,606,10 °C,03-27-17_09.06 10degC_NN_Pan18650PF,clip_2,2.7240293810316225
A2-3,606,10 °C,03-27-17_09.06 10degC_NN_Pan18650PF,clip_5,2.4494107754430745
A2-3,707,10 °C,03-27-17_09.06 10degC_NN_Pan18650PF,base,2.42184177599411
A2-3,707,10 °C,03-27-17_09.06 10degC_NN_Pan18650PF,no_corr,3.8414234771346343
A2-3,707,10 °C,03-27-17_09.06 10degC_NN_Pan18650PF,scale_0.5,3.0693815984071873
A2-3,707,10 °C,03-27-17_09.06 10degC_NN_Pan18650PF,scale_1.5,2.0221713303533075
A2-3,707,10 °C,03-27-17_09.06 10degC_NN_Pan18650PF,gate_nu,3.0567267137750846
A2-3,707,10 °C,03-27-17_09.06 10degC_NN_Pan18650PF,gate_P,3.801075904013207
A2-3,707,10 °C,03-27-17_09.06 10degC_NN_Pan18650PF,clip_2,2.795193160715552
A2-3,707,10 °C,03-27-17_09.06 10degC_NN_Pan18650PF,clip_5,2.4218513187566417
A2-3,7,10 °C,03-27-17_09.06 10degC_UDDS_Pan18650PF,base,1.8244484242846049
A2-3,7,10 °C,03-27-17_09.06 10degC_UDDS_Pan18650PF,no_corr,3.2905238404728436
A2-3,7,10 °C,03-27-17_09.06 10degC_UDDS_Pan18650PF,scale_0.5,2.52105820341589
A2-3,7,10 °C,03-27-17_09.06 10degC_UDDS_Pan18650PF,scale_1.5,1.3214310073724687
A2-3,7,10 °C,03-27-17_09.06 10degC_UDDS_Pan18650PF,gate_nu,2.3361632438181346
A2-3,7,10 °C,03-27-17_09.06 10degC_UDDS_Pan18650PF,gate_P,3.2521141439694787
A2-3,7,10 °C,03-27-17_09.06 10degC_UDDS_Pan18650PF,clip_2,2.064341932468368
A2-3,7,10 °C,03-27-17_09.06 10degC_UDDS_Pan18650PF,clip_5,1.8244484242846049
A2-3,13,10 °C,03-27-17_09.06 10degC_UDDS_Pan18650PF,base,2.0805211130019683
A2-3,13,10 °C,03-27-17_09.06 10degC_UDDS_Pan18650PF,no_corr,3.2905238404728436
A2-3,13,10 °C,03-27-17_09.06 10degC_UDDS_Pan18650PF,scale_0.5,2.604638266876832
A2-3,13,10 °C,03-27-17_09.06 10degC_UDDS_Pan18650PF,scale_1.5,1.860330602057457
A2-3,13,10 °C,03-27-17_09.06 10degC_UDDS_Pan18650PF,gate_nu,2.481266575691889
A2-3,13,10 °C,03-27-17_09.06 10degC_UDDS_Pan18650PF,gate_P,3.2552856481519994
A2-3,13,10 °C,03-27-17_09.06 10degC_UDDS_Pan18650PF,clip_2,2.2981876594572306
A2-3,13,10 °C,03-27-17_09.06 10degC_UDDS_Pan18650PF,clip_5,2.0805211130019683
A2-3,42,10 °C,03-27-17_09.06 10degC_UDDS_Pan18650PF,base,2.038240522894591
A2-3,42,10 °C,03-27-17_09.06 10degC_UDDS_Pan18650PF,no_corr,3.2905238404728436
A2-3,42,10 °C,03-27-17_09.06 10degC_UDDS_Pan18650PF,scale_0.5,2.574352114738185
A2-3,42,10 °C,03-27-17_09.06 10degC_UDDS_Pan18650PF,scale_1.5,1.8463352886236748
A2-3,42,10 °C,03-27-17_09.06 10degC_UDDS_Pan18650PF,gate_nu,2.455789942014124
A2-3,42,10 °C,03-27-17_09.06 10degC_UDDS_Pan18650PF,gate_P,3.2540913183428684
A2-3,42,10 °C,03-27-17_09.06 10degC_UDDS_Pan18650PF,clip_2,2.25112222459147
A2-3,42,10 °C,03-27-17_09.06 10degC_UDDS_Pan18650PF,clip_5,2.0382668467579252
A2-3,101,10 °C,03-27-17_09.06 10degC_UDDS_Pan18650PF,base,1.8179404461620727
A2-3,101,10 °C,03-27-17_09.06 10degC_UDDS_Pan18650PF,no_corr,3.2905238404728436
A2-3,101,10 °C,03-27-17_09.06 10degC_UDDS_Pan18650PF,scale_0.5,2.4774507953342706
A2-3,101,10 °C,03-27-17_09.06 10degC_UDDS_Pan18650PF,scale_1.5,1.526100329905259
A2-3,101,10 °C,03-27-17_09.06 10degC_UDDS_Pan18650PF,gate_nu,2.3093391618608794
A2-3,101,10 °C,03-27-17_09.06 10degC_UDDS_Pan18650PF,gate_P,3.248650950156334
A2-3,101,10 °C,03-27-17_09.06 10degC_UDDS_Pan18650PF,clip_2,2.1413531668931487
A2-3,101,10 °C,03-27-17_09.06 10degC_UDDS_Pan18650PF,clip_5,1.817674252492338
A2-3,202,10 °C,03-27-17_09.06 10degC_UDDS_Pan18650PF,base,1.5820180294989008
A2-3,202,10 °C,03-27-17_09.06 10degC_UDDS_Pan18650PF,no_corr,3.2905238404728436
A2-3,202,10 °C,03-27-17_09.06 10degC_UDDS_Pan18650PF,scale_0.5,2.3681277687497784
A2-3,202,10 °C,03-27-17_09.06 10degC_UDDS_Pan18650PF,scale_1.5,1.2295539412025998
A2-3,202,10 °C,03-27-17_09.06 10degC_UDDS_Pan18650PF,gate_nu,2.171708655789968
A2-3,202,10 °C,03-27-17_09.06 10degC_UDDS_Pan18650PF,gate_P,3.2456149744858775
A2-3,202,10 °C,03-27-17_09.06 10degC_UDDS_Pan18650PF,clip_2,1.944928362590436
A2-3,202,10 °C,03-27-17_09.06 10degC_UDDS_Pan18650PF,clip_5,1.5807785010342483
A2-3,303,10 °C,03-27-17_09.06 10degC_UDDS_Pan18650PF,base,2.0451724838227614
A2-3,303,10 °C,03-27-17_09.06 10degC_UDDS_Pan18650PF,no_corr,3.2905238404728436
A2-3,303,10 °C,03-27-17_09.06 10degC_UDDS_Pan18650PF,scale_0.5,2.6010411188245404
A2-3,303,10 °C,03-27-17_09.06 10degC_UDDS_Pan18650PF,scale_1.5,1.754848684668498
A2-3,303,10 °C,03-27-17_09.06 10degC_UDDS_Pan18650PF,gate_nu,2.466478105583253
A2-3,303,10 °C,03-27-17_09.06 10degC_UDDS_Pan18650PF,gate_P,3.255320146606842
A2-3,303,10 °C,03-27-17_09.06 10degC_UDDS_Pan18650PF,clip_2,2.2674237419690506
A2-3,303,10 °C,03-27-17_09.06 10degC_UDDS_Pan18650PF,clip_5,2.045567069275904
A2-3,404,10 °C,03-27-17_09.06 10degC_UDDS_Pan18650PF,base,1.9639735087918075
A2-3,404,10 °C,03-27-17_09.06 10degC_UDDS_Pan18650PF,no_corr,3.2905238404728436
A2-3,404,10 °C,03-27-17_09.06 10degC_UDDS_Pan18650PF,scale_0.5,2.5825378047436396
A2-3,404,10 °C,03-27-17_09.06 10degC_UDDS_Pan18650PF,scale_1.5,1.5461624863153696
A2-3,404,10 °C,03-27-17_09.06 10degC_UDDS_Pan18650PF,gate_nu,2.423299726372226
A2-3,404,10 °C,03-27-17_09.06 10degC_UDDS_Pan18650PF,gate_P,3.2547522602136736
A2-3,404,10 °C,03-27-17_09.06 10degC_UDDS_Pan18650PF,clip_2,2.167452209058199
A2-3,404,10 °C,03-27-17_09.06 10degC_UDDS_Pan18650PF,clip_5,1.9639735087918075
A2-3,505,10 °C,03-27-17_09.06 10degC_UDDS_Pan18650PF,base,1.8548753054260425
A2-3,505,10 °C,03-27-17_09.06 10degC_UDDS_Pan18650PF,no_corr,3.2905238404728436
A2-3,505,10 °C,03-27-17_09.06 10degC_UDDS_Pan18650PF,scale_0.5,2.4806289683504774
A2-3,505,10 °C,03-27-17_09.06 10degC_UDDS_Pan18650PF,scale_1.5,1.639717690301669
A2-3,505,10 °C,03-27-17_09.06 10degC_UDDS_Pan18650PF,gate_nu,2.326190161083928
A2-3,505,10 °C,03-27-17_09.06 10degC_UDDS_Pan18650PF,gate_P,3.2491322198358565
A2-3,505,10 °C,03-27-17_09.06 10degC_UDDS_Pan18650PF,clip_2,2.191514982601459
A2-3,505,10 °C,03-27-17_09.06 10degC_UDDS_Pan18650PF,clip_5,1.8549296387176666
A2-3,606,10 °C,03-27-17_09.06 10degC_UDDS_Pan18650PF,base,1.9117583804302711
A2-3,606,10 °C,03-27-17_09.06 10degC_UDDS_Pan18650PF,no_corr,3.2905238404728436
A2-3,606,10 °C,03-27-17_09.06 10degC_UDDS_Pan18650PF,scale_0.5,2.5519877665543964
A2-3,606,10 °C,03-27-17_09.06 10degC_UDDS_Pan18650PF,scale_1.5,1.5013603084624414
A2-3,606,10 °C,03-27-17_09.06 10degC_UDDS_Pan18650PF,gate_nu,2.3843556279550664
A2-3,606,10 °C,03-27-17_09.06 10degC_UDDS_Pan18650PF,gate_P,3.253301951081689
A2-3,606,10 °C,03-27-17_09.06 10degC_UDDS_Pan18650PF,clip_2,2.12161669747841
A2-3,606,10 °C,03-27-17_09.06 10degC_UDDS_Pan18650PF,clip_5,1.9117636224848558
A2-3,707,10 °C,03-27-17_09.06 10degC_UDDS_Pan18650PF,base,1.770766439218901
A2-3,707,10 °C,03-27-17_09.06 10degC_UDDS_Pan18650PF,no_corr,3.2905238404728436
A2-3,707,10 °C,03-27-17_09.06 10degC_UDDS_Pan18650PF,scale_0.5,2.4279907507256757
A2-3,707,10 °C,03-27-17_09.06 10degC_UDDS_Pan18650PF,scale_1.5,1.5965497880596728
A2-3,707,10 °C,03-27-17_09.06 10degC_UDDS_Pan18650PF,gate_nu,2.271246391178899
A2-3,707,10 °C,03-27-17_09.06 10degC_UDDS_Pan18650PF,gate_P,3.2465953210352687
A2-3,707,10 °C,03-27-17_09.06 10degC_UDDS_Pan18650PF,clip_2,2.148091312025402
A2-3,707,10 °C,03-27-17_09.06 10degC_UDDS_Pan18650PF,clip_5,1.7709999380656039
A2-3,7,10 °C,03-27-17_09.06 10degC_US06_Pan18650PF,base,3.79012308438615
A2-3,7,10 °C,03-27-17_09.06 10degC_US06_Pan18650PF,no_corr,5.570495140995937
A2-3,7,10 °C,03-27-17_09.06 10degC_US06_Pan18650PF,scale_0.5,4.661543998309623
A2-3,7,10 °C,03-27-17_09.06 10degC_US06_Pan18650PF,scale_1.5,2.9892369851015315
A2-3,7,10 °C,03-27-17_09.06 10degC_US06_Pan18650PF,gate_nu,4.7518096855034715
A2-3,7,10 °C,03-27-17_09.06 10degC_US06_Pan18650PF,gate_P,5.5292425368986295
A2-3,7,10 °C,03-27-17_09.06 10degC_US06_Pan18650PF,clip_2,4.199383393987337
A2-3,7,10 °C,03-27-17_09.06 10degC_US06_Pan18650PF,clip_5,3.79012308438615
A2-3,13,10 °C,03-27-17_09.06 10degC_US06_Pan18650PF,base,4.003568495591644
A2-3,13,10 °C,03-27-17_09.06 10degC_US06_Pan18650PF,no_corr,5.570495140995937
A2-3,13,10 °C,03-27-17_09.06 10degC_US06_Pan18650PF,scale_0.5,4.750456149142321
A2-3,13,10 °C,03-27-17_09.06 10degC_US06_Pan18650PF,scale_1.5,3.3786975806833848
A2-3,13,10 °C,03-27-17_09.06 10degC_US06_Pan18650PF,gate_nu,4.8134824624999295
A2-3,13,10 °C,03-27-17_09.06 10degC_US06_Pan18650PF,gate_P,5.531626457263909
A2-3,13,10 °C,03-27-17_09.06 10degC_US06_Pan18650PF,clip_2,4.40394040983897
A2-3,13,10 °C,03-27-17_09.06 10degC_US06_Pan18650PF,clip_5,4.003568495591644
A2-3,42,10 °C,03-27-17_09.06 10degC_US06_Pan18650PF,base,3.870274768190666
A2-3,42,10 °C,03-27-17_09.06 10degC_US06_Pan18650PF,no_corr,5.570495140995937
A2-3,42,10 °C,03-27-17_09.06 10degC_US06_Pan18650PF,scale_0.5,4.688445818420937
A2-3,42,10 °C,03-27-17_09.06 10degC_US06_Pan18650PF,scale_1.5,3.165900169897793
A2-3,42,10 °C,03-27-17_09.06 10degC_US06_Pan18650PF,gate_nu,4.769307997433704
A2-3,42,10 °C,03-27-17_09.06 10degC_US06_Pan18650PF,gate_P,5.529462878425671
A2-3,42,10 °C,03-27-17_09.06 10degC_US06_Pan18650PF,clip_2,4.311231067867091
A2-3,42,10 °C,03-27-17_09.06 10degC_US06_Pan18650PF,clip_5,3.870277215106927
A2-3,101,10 °C,03-27-17_09.06 10degC_US06_Pan18650PF,base,3.6603976107155374
A2-3,101,10 °C,03-27-17_09.06 10degC_US06_Pan18650PF,no_corr,5.570495140995937
A2-3,101,10 °C,03-27-17_09.06 10degC_US06_Pan18650PF,scale_0.5,4.577632136672451
A2-3,101,10 °C,03-27-17_09.06 10degC_US06_Pan18650PF,scale_1.5,2.8916777466492563
A2-3,101,10 °C,03-27-17_09.06 10degC_US06_Pan18650PF,gate_nu,4.682589996975976
A2-3,101,10 °C,03-27-17_09.06 10degC_US06_Pan18650PF,gate_P,5.524445501811771
A2-3,101,10 °C,03-27-17_09.06 10degC_US06_Pan18650PF,clip_2,4.253690672140427
A2-3,101,10 °C,03-27-17_09.06 10degC_US06_Pan18650PF,clip_5,3.660761787951512
A2-3,202,10 °C,03-27-17_09.06 10degC_US06_Pan18650PF,base,3.29354828768528
A2-3,202,10 °C,03-27-17_09.06 10degC_US06_Pan18650PF,no_corr,5.570495140995937
A2-3,202,10 °C,03-27-17_09.06 10degC_US06_Pan18650PF,scale_0.5,4.405752003003569
A2-3,202,10 °C,03-27-17_09.06 10degC_US06_Pan18650PF,scale_1.5,2.3110268171044153
A2-3,202,10 °C,03-27-17_09.06 10degC_US06_Pan18650PF,gate_nu,4.556861389529106
A2-3,202,10 °C,03-27-17_09.06 10degC_US06_Pan18650PF,gate_P,5.518211994887387
A2-3,202,10 °C,03-27-17_09.06 10degC_US06_Pan18650PF,clip_2,4.054984880060389
A2-3,202,10 °C,03-27-17_09.06 10degC_US06_Pan18650PF,clip_5,3.2991325099685818
A2-3,303,10 °C,03-27-17_09.06 10degC_US06_Pan18650PF,base,3.7140137402941598
A2-3,303,10 °C,03-27-17_09.06 10degC_US06_Pan18650PF,no_corr,5.570495140995937
A2-3,303,10 °C,03-27-17_09.06 10degC_US06_Pan18650PF,scale_0.5,4.60415294705607
A2-3,303,10 °C,03-27-17_09.06 10degC_US06_Pan18650PF,scale_1.5,2.9694169846457306
A2-3,303,10 °C,03-27-17_09.06 10degC_US06_Pan18650PF,gate_nu,4.705085927456301
A2-3,303,10 °C,03-27-17_09.06 10degC_US06_Pan18650PF,gate_P,5.525479624592824
A2-3,303,10 °C,03-27-17_09.06 10degC_US06_Pan18650PF,clip_2,4.2850315104975705
A2-3,303,10 °C,03-27-17_09.06 10degC_US06_Pan18650PF,clip_5,3.715058774914294
A2-3,404,10 °C,03-27-17_09.06 10degC_US06_Pan18650PF,base,3.8491696347523217
A2-3,404,10 °C,03-27-17_09.06 10degC_US06_Pan18650PF,no_corr,5.570495140995937
A2-3,404,10 °C,03-27-17_09.06 10degC_US06_Pan18650PF,scale_0.5,4.681255253663096
A2-3,404,10 °C,03-27-17_09.06 10degC_US06_Pan18650PF,scale_1.5,3.1203019856158347
A2-3,404,10 °C,03-27-17_09.06 10degC_US06_Pan18650PF,gate_nu,4.769073391412787
A2-3,404,10 °C,03-27-17_09.06 10degC_US06_Pan18650PF,gate_P,5.5294511043265135
A2-3,404,10 °C,03-27-17_09.06 10degC_US06_Pan18650PF,clip_2,4.2792719406096476
A2-3,404,10 °C,03-27-17_09.06 10degC_US06_Pan18650PF,clip_5,3.8491696347523217
A2-3,505,10 °C,03-27-17_09.06 10degC_US06_Pan18650PF,base,3.6585562809016254
A2-3,505,10 °C,03-27-17_09.06 10degC_US06_Pan18650PF,no_corr,5.570495140995937
A2-3,505,10 °C,03-27-17_09.06 10degC_US06_Pan18650PF,scale_0.5,4.570614570218049
A2-3,505,10 °C,03-27-17_09.06 10degC_US06_Pan18650PF,scale_1.5,2.9178700508011755
A2-3,505,10 °C,03-27-17_09.06 10degC_US06_Pan18650PF,gate_nu,4.667694531742
A2-3,505,10 °C,03-27-17_09.06 10degC_US06_Pan18650PF,gate_P,5.523683017927822
A2-3,505,10 °C,03-27-17_09.06 10degC_US06_Pan18650PF,clip_2,4.298393135518422
A2-3,505,10 °C,03-27-17_09.06 10degC_US06_Pan18650PF,clip_5,3.6602046962628005
A2-3,606,10 °C,03-27-17_09.06 10degC_US06_Pan18650PF,base,3.6204792227922176
A2-3,606,10 °C,03-27-17_09.06 10degC_US06_Pan18650PF,no_corr,5.570495140995937
A2-3,606,10 °C,03-27-17_09.06 10degC_US06_Pan18650PF,scale_0.5,4.567061512722244
A2-3,606,10 °C,03-27-17_09.06 10degC_US06_Pan18650PF,scale_1.5,2.7892423606087595
A2-3,606,10 °C,03-27-17_09.06 10degC_US06_Pan18650PF,gate_nu,4.68469792157884
A2-3,606,10 °C,03-27-17_09.06 10degC_US06_Pan18650PF,gate_P,5.524787894181696
A2-3,606,10 °C,03-27-17_09.06 10degC_US06_Pan18650PF,clip_2,4.172987277058026
A2-3,606,10 °C,03-27-17_09.06 10degC_US06_Pan18650PF,clip_5,3.621401658429044
A2-3,707,10 °C,03-27-17_09.06 10degC_US06_Pan18650PF,base,3.6682536994273995
A2-3,707,10 °C,03-27-17_09.06 10degC_US06_Pan18650PF,no_corr,5.570495140995937
A2-3,707,10 °C,03-27-17_09.06 10degC_US06_Pan18650PF,scale_0.5,4.57947281071008
A2-3,707,10 °C,03-27-17_09.06 10degC_US06_Pan18650PF,scale_1.5,2.9127234764265335
A2-3,707,10 °C,03-27-17_09.06 10degC_US06_Pan18650PF,gate_nu,4.677244201164009
A2-3,707,10 °C,03-27-17_09.06 10degC_US06_Pan18650PF,gate_P,5.524388272248369
A2-3,707,10 °C,03-27-17_09.06 10degC_US06_Pan18650PF,clip_2,4.2748891680219385
A2-3,707,10 °C,03-27-17_09.06 10degC_US06_Pan18650PF,clip_5,3.668920532130219
A2-3,7,10 °C,03-28-17_12.51 10degC_Cycle_1_Pan18650PF,base,3.2738805283508436
A2-3,7,10 °C,03-28-17_12.51 10degC_Cycle_1_Pan18650PF,no_corr,4.636125146428952
A2-3,7,10 °C,03-28-17_12.51 10degC_Cycle_1_Pan18650PF,scale_0.5,3.932230581082886
A2-3,7,10 °C,03-28-17_12.51 10degC_Cycle_1_Pan18650PF,scale_1.5,2.6946661179804203
A2-3,7,10 °C,03-28-17_12.51 10degC_Cycle_1_Pan18650PF,gate_nu,3.7365954632161396
A2-3,7,10 °C,03-28-17_12.51 10degC_Cycle_1_Pan18650PF,gate_P,4.598401480084566
A2-3,7,10 °C,03-28-17_12.51 10degC_Cycle_1_Pan18650PF,clip_2,3.407295567838001
A2-3,7,10 °C,03-28-17_12.51 10degC_Cycle_1_Pan18650PF,clip_5,3.2738805283508436
A2-3,13,10 °C,03-28-17_12.51 10degC_Cycle_1_Pan18650PF,base,3.5676055159082574
A2-3,13,10 °C,03-28-17_12.51 10degC_Cycle_1_Pan18650PF,no_corr,4.636125146428952
A2-3,13,10 °C,03-28-17_12.51 10degC_Cycle_1_Pan18650PF,scale_0.5,4.061666254502698
A2-3,13,10 °C,03-28-17_12.51 10degC_Cycle_1_Pan18650PF,scale_1.5,3.1915020659924247
A2-3,13,10 °C,03-28-17_12.51 10degC_Cycle_1_Pan18650PF,gate_nu,3.9036696903663124
A2-3,13,10 °C,03-28-17_12.51 10degC_Cycle_1_Pan18650PF,gate_P,4.602507759570632
A2-3,13,10 °C,03-28-17_12.51 10degC_Cycle_1_Pan18650PF,clip_2,3.6914536114854095
A2-3,13,10 °C,03-28-17_12.51 10degC_Cycle_1_Pan18650PF,clip_5,3.5676055159082574
A2-3,42,10 °C,03-28-17_12.51 10degC_Cycle_1_Pan18650PF,base,3.47359904657836
A2-3,42,10 °C,03-28-17_12.51 10degC_Cycle_1_Pan18650PF,no_corr,4.636125146428952
A2-3,42,10 °C,03-28-17_12.51 10degC_Cycle_1_Pan18650PF,scale_0.5,4.017263371879998
A2-3,42,10 °C,03-28-17_12.51 10degC_Cycle_1_Pan18650PF,scale_1.5,3.0456710892179113
A2-3,42,10 °C,03-28-17_12.51 10degC_Cycle_1_Pan18650PF,gate_nu,3.849709948419644
A2-3,42,10 °C,03-28-17_12.51 10degC_Cycle_1_Pan18650PF,gate_P,4.6009404080179594
A2-3,42,10 °C,03-28-17_12.51 10degC_Cycle_1_Pan18650PF,clip_2,3.6055565536685603
A2-3,42,10 °C,03-28-17_12.51 10degC_Cycle_1_Pan18650PF,clip_5,3.47359904657836
A2-3,101,10 °C,03-28-17_12.51 10degC_Cycle_1_Pan18650PF,base,3.2912617451556354
A2-3,101,10 °C,03-28-17_12.51 10degC_Cycle_1_Pan18650PF,no_corr,4.636125146428952
A2-3,101,10 °C,03-28-17_12.51 10degC_Cycle_1_Pan18650PF,scale_0.5,3.9230815368552334
A2-3,101,10 °C,03-28-17_12.51 10degC_Cycle_1_Pan18650PF,scale_1.5,2.7962764146873336
A2-3,101,10 °C,03-28-17_12.51 10degC_Cycle_1_Pan18650PF,gate_nu,3.7368112419817643
A2-3,101,10 °C,03-28-17_12.51 10degC_Cycle_1_Pan18650PF,gate_P,4.596081040310413
A2-3,101,10 °C,03-28-17_12.51 10degC_Cycle_1_Pan18650PF,clip_2,3.5329874056293735
A2-3,101,10 °C,03-28-17_12.51 10degC_Cycle_1_Pan18650PF,clip_5,3.2912617451556354
A2-3,202,10 °C,03-28-17_12.51 10degC_Cycle_1_Pan18650PF,base,3.001881094005349
A2-3,202,10 °C,03-28-17_12.51 10degC_Cycle_1_Pan18650PF,no_corr,4.636125146428952
A2-3,202,10 °C,03-28-17_12.51 10degC_Cycle_1_Pan18650PF,scale_0.5,3.794228033145473
A2-3,202,10 °C,03-28-17_12.51 10degC_Cycle_1_Pan18650PF,scale_1.5,2.310633585426049
A2-3,202,10 °C,03-28-17_12.51 10degC_Cycle_1_Pan18650PF,gate_nu,3.578577084611235
A2-3,202,10 °C,03-28-17_12.51 10degC_Cycle_1_Pan18650PF,gate_P,4.591999349689041
A2-3,202,10 °C,03-28-17_12.51 10degC_Cycle_1_Pan18650PF,clip_2,3.288270526554915
A2-3,202,10 °C,03-28-17_12.51 10degC_Cycle_1_Pan18650PF,clip_5,3.0019302448815433
A2-3,303,10 °C,03-28-17_12.51 10degC_Cycle_1_Pan18650PF,base,3.47149776821299
A2-3,303,10 °C,03-28-17_12.51 10degC_Cycle_1_Pan18650PF,no_corr,4.636125146428952
A2-3,303,10 °C,03-28-17_12.51 10degC_Cycle_1_Pan18650PF,scale_0.5,4.019573276202904
A2-3,303,10 °C,03-28-17_12.51 10degC_Cycle_1_Pan18650PF,scale_1.5,3.02929672922776
A2-3,303,10 °C,03-28-17_12.51 10degC_Cycle_1_Pan18650PF,gate_nu,3.8641064994529657
A2-3,303,10 °C,03-28-17_12.51 10degC_Cycle_1_Pan18650PF,gate_P,4.601254562186826
A2-3,303,10 °C,03-28-17_12.51 10degC_Cycle_1_Pan18650PF,clip_2,3.5982852815688053
A2-3,303,10 °C,03-28-17_12.51 10degC_Cycle_1_Pan18650PF,clip_5,3.47149776821299
A2-3,404,10 °C,03-28-17_12.51 10degC_Cycle_1_Pan18650PF,base,3.448443108529358
A2-3,404,10 °C,03-28-17_12.51 10degC_Cycle_1_Pan18650PF,no_corr,4.636125146428952
A2-3,404,10 °C,03-28-17_12.51 10degC_Cycle_1_Pan18650PF,scale_0.5,4.011454061516257
A2-3,404,10 °C,03-28-17_12.51 10degC_Cycle_1_Pan18650PF,scale_1.5,2.9822214764608344
A2-3,404,10 °C,03-28-17_12.51 10degC_Cycle_1_Pan18650PF,gate_nu,3.8442289828672553
A2-3,404,10 °C,03-28-17_12.51 10degC_Cycle_1_Pan18650PF,gate_P,4.601123196925153
A2-3,404,10 °C,03-28-17_12.51 10degC_Cycle_1_Pan18650PF,clip_2,3.5615773210601946
A2-3,404,10 °C,03-28-17_12.51 10degC_Cycle_1_Pan18650PF,clip_5,3.448443108529358
A2-3,505,10 °C,03-28-17_12.51 10degC_Cycle_1_Pan18650PF,base,3.3006640006563748
A2-3,505,10 °C,03-28-17_12.51 10degC_Cycle_1_Pan18650PF,no_corr,4.636125146428952
A2-3,505,10 °C,03-28-17_12.51 10degC_Cycle_1_Pan18650PF,scale_0.5,3.929728295461039
A2-3,505,10 °C,03-28-17_12.51 10degC_Cycle_1_Pan18650PF,scale_1.5,2.8015194942146984
A2-3,505,10 °C,03-28-17_12.51 10degC_Cycle_1_Pan18650PF,gate_nu,3.741579248567297
A2-3,505,10 °C,03-28-17_12.51 10degC_Cycle_1_Pan18650PF,gate_P,4.5963580859096895
A2-3,505,10 °C,03-28-17_12.51 10degC_Cycle_1_Pan18650PF,clip_2,3.5403853897391175
A2-3,505,10 °C,03-28-17_12.51 10degC_Cycle_1_Pan18650PF,clip_5,3.3006640006563748
A2-3,606,10 °C,03-28-17_12.51 10degC_Cycle_1_Pan18650PF,base,3.344583573904915
A2-3,606,10 °C,03-28-17_12.51 10degC_Cycle_1_Pan18650PF,no_corr,4.636125146428952
A2-3,606,10 °C,03-28-17_12.51 10degC_Cycle_1_Pan18650PF,scale_0.5,3.9595396903335867
A2-3,606,10 °C,03-28-17_12.51 10degC_Cycle_1_Pan18650PF,scale_1.5,2.831697467915505
A2-3,606,10 °C,03-28-17_12.51 10degC_Cycle_1_Pan18650PF,gate_nu,3.7872573400123293
A2-3,606,10 °C,03-28-17_12.51 10degC_Cycle_1_Pan18650PF,gate_P,4.59906952238784
A2-3,606,10 °C,03-28-17_12.51 10degC_Cycle_1_Pan18650PF,clip_2,3.48733542495443
A2-3,606,10 °C,03-28-17_12.51 10degC_Cycle_1_Pan18650PF,clip_5,3.344583573904915
A2-3,707,10 °C,03-28-17_12.51 10degC_Cycle_1_Pan18650PF,base,3.2184121160317254
A2-3,707,10 °C,03-28-17_12.51 10degC_Cycle_1_Pan18650PF,no_corr,4.636125146428952
A2-3,707,10 °C,03-28-17_12.51 10degC_Cycle_1_Pan18650PF,scale_0.5,3.8874418483682343
A2-3,707,10 °C,03-28-17_12.51 10degC_Cycle_1_Pan18650PF,scale_1.5,2.6891585356515053
A2-3,707,10 °C,03-28-17_12.51 10degC_Cycle_1_Pan18650PF,gate_nu,3.6840492170623897
A2-3,707,10 °C,03-28-17_12.51 10degC_Cycle_1_Pan18650PF,gate_P,4.594419266005964
A2-3,707,10 °C,03-28-17_12.51 10degC_Cycle_1_Pan18650PF,clip_2,3.5005284097751574
A2-3,707,10 °C,03-28-17_12.51 10degC_Cycle_1_Pan18650PF,clip_5,3.2184121160317254
A2-3,7,10 °C,03-28-17_18.18 10degC_Cycle_2_Pan18650PF,base,4.286416155308707
A2-3,7,10 °C,03-28-17_18.18 10degC_Cycle_2_Pan18650PF,no_corr,5.567616426097962
A2-3,7,10 °C,03-28-17_18.18 10degC_Cycle_2_Pan18650PF,scale_0.5,4.908399510613997
A2-3,7,10 °C,03-28-17_18.18 10degC_Cycle_2_Pan18650PF,scale_1.5,3.720387855359623
A2-3,7,10 °C,03-28-17_18.18 10degC_Cycle_2_Pan18650PF,gate_nu,4.7654875336555405
A2-3,7,10 °C,03-28-17_18.18 10degC_Cycle_2_Pan18650PF,gate_P,5.536555927036516
A2-3,7,10 °C,03-28-17_18.18 10degC_Cycle_2_Pan18650PF,clip_2,4.403993299572932
A2-3,7,10 °C,03-28-17_18.18 10degC_Cycle_2_Pan18650PF,clip_5,4.286416155308707
A2-3,13,10 °C,03-28-17_18.18 10degC_Cycle_2_Pan18650PF,base,4.6631579679710295
A2-3,13,10 °C,03-28-17_18.18 10degC_Cycle_2_Pan18650PF,no_corr,5.567616426097962
A2-3,13,10 °C,03-28-17_18.18 10degC_Cycle_2_Pan18650PF,scale_0.5,5.08675968524698
A2-3,13,10 °C,03-28-17_18.18 10degC_Cycle_2_Pan18650PF,scale_1.5,4.313711520743222
A2-3,13,10 °C,03-28-17_18.18 10degC_Cycle_2_Pan18650PF,gate_nu,4.986100150421827
A2-3,13,10 °C,03-28-17_18.18 10degC_Cycle_2_Pan18650PF,gate_P,5.5430880280309855
A2-3,13,10 °C,03-28-17_18.18 10degC_Cycle_2_Pan18650PF,clip_2,4.760842357613609
A2-3,13,10 °C,03-28-17_18.18 10degC_Cycle_2_Pan18650PF,clip_5,4.6631579679710295
A2-3,42,10 °C,03-28-17_18.18 10degC_Cycle_2_Pan18650PF,base,4.536162115439734
A2-3,42,10 °C,03-28-17_18.18 10degC_Cycle_2_Pan18650PF,no_corr,5.567616426097962
A2-3,42,10 °C,03-28-17_18.18 10degC_Cycle_2_Pan18650PF,scale_0.5,5.024014857984129
A2-3,42,10 °C,03-28-17_18.18 10degC_Cycle_2_Pan18650PF,scale_1.5,4.123891002625477
A2-3,42,10 °C,03-28-17_18.18 10degC_Cycle_2_Pan18650PF,gate_nu,4.91061354273896
A2-3,42,10 °C,03-28-17_18.18 10degC_Cycle_2_Pan18650PF,gate_P,5.540806585752497
A2-3,42,10 °C,03-28-17_18.18 10degC_Cycle_2_Pan18650PF,clip_2,4.640809391040203
A2-3,42,10 °C,03-28-17_18.18 10degC_Cycle_2_Pan18650PF,clip_5,4.536162115439734
A2-3,101,10 °C,03-28-17_18.18 10degC_Cycle_2_Pan18650PF,base,4.387813864787262
A2-3,101,10 °C,03-28-17_18.18 10degC_Cycle_2_Pan18650PF,no_corr,5.567616426097962
A2-3,101,10 °C,03-28-17_18.18 10degC_Cycle_2_Pan18650PF,scale_0.5,4.946959335079746
A2-3,101,10 °C,03-28-17_18.18 10degC_Cycle_2_Pan18650PF,scale_1.5,3.9166138747140677
A2-3,101,10 °C,03-28-17_18.18 10degC_Cycle_2_Pan18650PF,gate_nu,4.827432183539467
A2-3,101,10 °C,03-28-17_18.18 10degC_Cycle_2_Pan18650PF,gate_P,5.53714561615273
A2-3,101,10 °C,03-28-17_18.18 10degC_Cycle_2_Pan18650PF,clip_2,4.5608732094821125
A2-3,101,10 °C,03-28-17_18.18 10degC_Cycle_2_Pan18650PF,clip_5,4.387813864787262
A2-3,202,10 °C,03-28-17_18.18 10degC_Cycle_2_Pan18650PF,base,4.00539342853287
A2-3,202,10 °C,03-28-17_18.18 10degC_Cycle_2_Pan18650PF,no_corr,5.567616426097962
A2-3,202,10 °C,03-28-17_18.18 10degC_Cycle_2_Pan18650PF,scale_0.5,4.76426530170759
A2-3,202,10 °C,03-28-17_18.18 10degC_Cycle_2_Pan18650PF,scale_1.5,3.321627705491929
A2-3,202,10 °C,03-28-17_18.18 10degC_Cycle_2_Pan18650PF,gate_nu,4.606420060649105
A2-3,202,10 °C,03-28-17_18.18 10degC_Cycle_2_Pan18650PF,gate_P,5.530702985449965
A2-3,202,10 °C,03-28-17_18.18 10degC_Cycle_2_Pan18650PF,clip_2,4.239381145910368
A2-3,202,10 °C,03-28-17_18.18 10degC_Cycle_2_Pan18650PF,clip_5,4.00539342853287
A2-3,303,10 °C,03-28-17_18.18 10degC_Cycle_2_Pan18650PF,base,4.51019098382287
A2-3,303,10 °C,03-28-17_18.18 10degC_Cycle_2_Pan18650PF,no_corr,5.567616426097962
A2-3,303,10 °C,03-28-17_18.18 10degC_Cycle_2_Pan18650PF,scale_0.5,5.011363632829533
A2-3,303,10 °C,03-28-17_18.18 10degC_Cycle_2_Pan18650PF,scale_1.5,4.084424614327848
A2-3,303,10 °C,03-28-17_18.18 10degC_Cycle_2_Pan18650PF,gate_nu,4.914623739090427
A2-3,303,10 °C,03-28-17_18.18 10degC_Cycle_2_Pan18650PF,gate_P,5.540011032834332
A2-3,303,10 °C,03-28-17_18.18 10degC_Cycle_2_Pan18650PF,clip_2,4.652533430315464
A2-3,303,10 °C,03-28-17_18.18 10degC_Cycle_2_Pan18650PF,clip_5,4.51019098382287
A2-3,404,10 °C,03-28-17_18.18 10degC_Cycle_2_Pan18650PF,base,4.513771190478103
A2-3,404,10 °C,03-28-17_18.18 10degC_Cycle_2_Pan18650PF,no_corr,5.567616426097962
A2-3,404,10 °C,03-28-17_18.18 10degC_Cycle_2_Pan18650PF,scale_0.5,5.015304311895999
A2-3,404,10 °C,03-28-17_18.18 10degC_Cycle_2_Pan18650PF,scale_1.5,4.0817780113267315
A2-3,404,10 °C,03-28-17_18.18 10degC_Cycle_2_Pan18650PF,gate_nu,4.90456401772082
A2-3,404,10 °C,03-28-17_18.18 10degC_Cycle_2_Pan18650PF,gate_P,5.540417730580596
A2-3,404,10 °C,03-28-17_18.18 10degC_Cycle_2_Pan18650PF,clip_2,4.6160768740434355
A2-3,404,10 °C,03-28-17_18.18 10degC_Cycle_2_Pan18650PF,clip_5,4.513771190478103
A2-3,505,10 °C,03-28-17_18.18 10degC_Cycle_2_Pan18650PF,base,4.409128676348322
A2-3,505,10 °C,03-28-17_18.18 10degC_Cycle_2_Pan18650PF,no_corr,5.567616426097962
A2-3,505,10 °C,03-28-17_18.18 10degC_Cycle_2_Pan18650PF,scale_0.5,4.95944091027027
A2-3,505,10 °C,03-28-17_18.18 10degC_Cycle_2_Pan18650PF,scale_1.5,3.9409944567470503
A2-3,505,10 °C,03-28-17_18.18 10degC_Cycle_2_Pan18650PF,gate_nu,4.8414476288042785
A2-3,505,10 °C,03-28-17_18.18 10degC_Cycle_2_Pan18650PF,gate_P,5.53758749489412
A2-3,505,10 °C,03-28-17_18.18 10degC_Cycle_2_Pan18650PF,clip_2,4.587122458881177
A2-3,505,10 °C,03-28-17_18.18 10degC_Cycle_2_Pan18650PF,clip_5,4.409128676348322
A2-3,606,10 °C,03-28-17_18.18 10degC_Cycle_2_Pan18650PF,base,4.360028973174157
A2-3,606,10 °C,03-28-17_18.18 10degC_Cycle_2_Pan18650PF,no_corr,5.567616426097962
A2-3,606,10 °C,03-28-17_18.18 10degC_Cycle_2_Pan18650PF,scale_0.5,4.9391839527627255
A2-3,606,10 °C,03-28-17_18.18 10degC_Cycle_2_Pan18650PF,scale_1.5,3.852440297598941
A2-3,606,10 °C,03-28-17_18.18 10degC_Cycle_2_Pan18650PF,gate_nu,4.820950993580213
A2-3,606,10 °C,03-28-17_18.18 10degC_Cycle_2_Pan18650PF,gate_P,5.537564536883595
A2-3,606,10 °C,03-28-17_18.18 10degC_Cycle_2_Pan18650PF,clip_2,4.494310589189741
A2-3,606,10 °C,03-28-17_18.18 10degC_Cycle_2_Pan18650PF,clip_5,4.360028973174157
A2-3,707,10 °C,03-28-17_18.18 10degC_Cycle_2_Pan18650PF,base,4.35482238561288
A2-3,707,10 °C,03-28-17_18.18 10degC_Cycle_2_Pan18650PF,no_corr,5.567616426097962
A2-3,707,10 °C,03-28-17_18.18 10degC_Cycle_2_Pan18650PF,scale_0.5,4.931332836318441
A2-3,707,10 °C,03-28-17_18.18 10degC_Cycle_2_Pan18650PF,scale_1.5,3.8649263978390014
A2-3,707,10 °C,03-28-17_18.18 10degC_Cycle_2_Pan18650PF,gate_nu,4.798645642298181
A2-3,707,10 °C,03-28-17_18.18 10degC_Cycle_2_Pan18650PF,gate_P,5.536662246521111
A2-3,707,10 °C,03-28-17_18.18 10degC_Cycle_2_Pan18650PF,clip_2,4.536642677215215
A2-3,707,10 °C,03-28-17_18.18 10degC_Cycle_2_Pan18650PF,clip_5,4.35482238561288
A2-3,7,10 °C,04-05-17_17.04 10degC_Cycle_3_Pan18650PF,base,4.252882890052974
A2-3,7,10 °C,04-05-17_17.04 10degC_Cycle_3_Pan18650PF,no_corr,5.99788272836917
A2-3,7,10 °C,04-05-17_17.04 10degC_Cycle_3_Pan18650PF,scale_0.5,5.088630793365986
A2-3,7,10 °C,04-05-17_17.04 10degC_Cycle_3_Pan18650PF,scale_1.5,3.543041883069936
A2-3,7,10 °C,04-05-17_17.04 10degC_Cycle_3_Pan18650PF,gate_nu,5.052474917756511
A2-3,7,10 °C,04-05-17_17.04 10degC_Cycle_3_Pan18650PF,gate_P,5.954240056771697
A2-3,7,10 °C,04-05-17_17.04 10degC_Cycle_3_Pan18650PF,clip_2,4.609430500780755
A2-3,7,10 °C,04-05-17_17.04 10degC_Cycle_3_Pan18650PF,clip_5,4.27750683483202
A2-3,13,10 °C,04-05-17_17.04 10degC_Cycle_3_Pan18650PF,base,4.651017081927171
A2-3,13,10 °C,04-05-17_17.04 10degC_Cycle_3_Pan18650PF,no_corr,5.99788272836917
A2-3,13,10 °C,04-05-17_17.04 10degC_Cycle_3_Pan18650PF,scale_0.5,5.259736336004298
A2-3,13,10 °C,04-05-17_17.04 10degC_Cycle_3_Pan18650PF,scale_1.5,4.228001646552452
A2-3,13,10 °C,04-05-17_17.04 10degC_Cycle_3_Pan18650PF,gate_nu,5.23739360785244
A2-3,13,10 °C,04-05-17_17.04 10degC_Cycle_3_Pan18650PF,gate_P,5.961036898022304
A2-3,13,10 °C,04-05-17_17.04 10degC_Cycle_3_Pan18650PF,clip_2,4.961526583130739
A2-3,13,10 °C,04-05-17_17.04 10degC_Cycle_3_Pan18650PF,clip_5,4.6656949127380996
A2-3,42,10 °C,04-05-17_17.04 10degC_Cycle_3_Pan18650PF,base,4.538094136767234
A2-3,42,10 °C,04-05-17_17.04 10degC_Cycle_3_Pan18650PF,no_corr,5.99788272836917
A2-3,42,10 °C,04-05-17_17.04 10degC_Cycle_3_Pan18650PF,scale_0.5,5.205750199732248
A2-3,42,10 °C,04-05-17_17.04 10degC_Cycle_3_Pan18650PF,scale_1.5,4.056844457976091
A2-3,42,10 °C,04-05-17_17.04 10degC_Cycle_3_Pan18650PF,gate_nu,5.176757413655819
A2-3,42,10 °C,04-05-17_17.04 10degC_Cycle_3_Pan18650PF,gate_P,5.958567125735234
A2-3,42,10 °C,04-05-17_17.04 10degC_Cycle_3_Pan18650PF,clip_2,4.850624917123782
A2-3,42,10 °C,04-05-17_17.04 10degC_Cycle_3_Pan18650PF,clip_5,4.556072391650288
A2-3,101,10 °C,04-05-17_17.04 10degC_Cycle_3_Pan18650PF,base,4.335758107355188
A2-3,101,10 °C,04-05-17_17.04 10degC_Cycle_3_Pan18650PF,no_corr,5.99788272836917
A2-3,101,10 °C,04-05-17_17.04 10degC_Cycle_3_Pan18650PF,scale_0.5,5.09383930623017
A2-3,101,10 °C,04-05-17_17.04 10degC_Cycle_3_Pan18650PF,scale_1.5,3.8117444436315253
A2-3,101,10 °C,04-05-17_17.04 10degC_Cycle_3_Pan18650PF,gate_nu,5.05883360029389
A2-3,101,10 °C,04-05-17_17.04 10degC_Cycle_3_Pan18650PF,gate_P,5.952305362478869
A2-3,101,10 °C,04-05-17_17.04 10degC_Cycle_3_Pan18650PF,clip_2,4.794323431036047
A2-3,101,10 °C,04-05-17_17.04 10degC_Cycle_3_Pan18650PF,clip_5,4.358245917436149
A2-3,202,10 °C,04-05-17_17.04 10degC_Cycle_3_Pan18650PF,base,3.9931695726673566
A2-3,202,10 °C,04-05-17_17.04 10degC_Cycle_3_Pan18650PF,no_corr,5.99788272836917
A2-3,202,10 °C,04-05-17_17.04 10degC_Cycle_3_Pan18650PF,scale_0.5,4.925654165279666
A2-3,202,10 °C,04-05-17_17.04 10degC_Cycle_3_Pan18650PF,scale_1.5,3.32033131912972
A2-3,202,10 °C,04-05-17_17.04 10degC_Cycle_3_Pan18650PF,gate_nu,4.901890269690899
A2-3,202,10 °C,04-05-17_17.04 10degC_Cycle_3_Pan18650PF,gate_P,5.946397527718519
A2-3,202,10 °C,04-05-17_17.04 10degC_Cycle_3_Pan18650PF,clip_2,4.540707382284304
A2-3,202,10 °C,04-05-17_17.04 10degC_Cycle_3_Pan18650PF,clip_5,4.02512044427342
A2-3,303,10 °C,04-05-17_17.04 10degC_Cycle_3_Pan18650PF,base,4.5423093267488905
A2-3,303,10 °C,04-05-17_17.04 10degC_Cycle_3_Pan18650PF,no_corr,5.99788272836917
A2-3,303,10 °C,04-05-17_17.04 10degC_Cycle_3_Pan18650PF,scale_0.5,5.191121984218419
A2-3,303,10 °C,04-05-17_17.04 10degC_Cycle_3_Pan18650PF,scale_1.5,4.12663021534447
A2-3,303,10 °C,04-05-17_17.04 10degC_Cycle_3_Pan18650PF,gate_nu,5.185930068114124
A2-3,303,10 °C,04-05-17_17.04 10degC_Cycle_3_Pan18650PF,gate_P,5.957576322020041
A2-3,303,10 °C,04-05-17_17.04 10degC_Cycle_3_Pan18650PF,clip_2,4.896574615645224
A2-3,303,10 °C,04-05-17_17.04 10degC_Cycle_3_Pan18650PF,clip_5,4.56466378913603
A2-3,404,10 °C,04-05-17_17.04 10degC_Cycle_3_Pan18650PF,base,4.478591888234959
A2-3,404,10 °C,04-05-17_17.04 10degC_Cycle_3_Pan18650PF,no_corr,5.99788272836917
A2-3,404,10 °C,04-05-17_17.04 10degC_Cycle_3_Pan18650PF,scale_0.5,5.184810072488403
A2-3,404,10 °C,04-05-17_17.04 10degC_Cycle_3_Pan18650PF,scale_1.5,3.937154636847806
A2-3,404,10 °C,04-05-17_17.04 10degC_Cycle_3_Pan18650PF,gate_nu,5.157575929182991
A2-3,404,10 °C,04-05-17_17.04 10degC_Cycle_3_Pan18650PF,gate_P,5.957944399089702
A2-3,404,10 °C,04-05-17_17.04 10degC_Cycle_3_Pan18650PF,clip_2,4.772993520031009
A2-3,404,10 °C,04-05-17_17.04 10degC_Cycle_3_Pan18650PF,clip_5,4.495648214813423
A2-3,505,10 °C,04-05-17_17.04 10degC_Cycle_3_Pan18650PF,base,4.380575227550647
A2-3,505,10 °C,04-05-17_17.04 10degC_Cycle_3_Pan18650PF,no_corr,5.99788272836917
A2-3,505,10 °C,04-05-17_17.04 10degC_Cycle_3_Pan18650PF,scale_0.5,5.099291787891986
A2-3,505,10 °C,04-05-17_17.04 10degC_Cycle_3_Pan18650PF,scale_1.5,3.9413937839084703
A2-3,505,10 °C,04-05-17_17.04 10degC_Cycle_3_Pan18650PF,gate_nu,5.086235996497602
A2-3,505,10 °C,04-05-17_17.04 10degC_Cycle_3_Pan18650PF,gate_P,5.9530029675015195
A2-3,505,10 °C,04-05-17_17.04 10degC_Cycle_3_Pan18650PF,clip_2,4.886296358459844
A2-3,505,10 °C,04-05-17_17.04 10degC_Cycle_3_Pan18650PF,clip_5,4.4071920172902725
A2-3,606,10 °C,04-05-17_17.04 10degC_Cycle_3_Pan18650PF,base,4.371717267066313
A2-3,606,10 °C,04-05-17_17.04 10degC_Cycle_3_Pan18650PF,no_corr,5.99788272836917
A2-3,606,10 °C,04-05-17_17.04 10degC_Cycle_3_Pan18650PF,scale_0.5,5.131314957485434
A2-3,606,10 °C,04-05-17_17.04 10degC_Cycle_3_Pan18650PF,scale_1.5,3.78406570383879
A2-3,606,10 °C,04-05-17_17.04 10degC_Cycle_3_Pan18650PF,gate_nu,5.10209383145273
A2-3,606,10 °C,04-05-17_17.04 10degC_Cycle_3_Pan18650PF,gate_P,5.955218086778214
A2-3,606,10 °C,04-05-17_17.04 10degC_Cycle_3_Pan18650PF,clip_2,4.708133710670828
A2-3,606,10 °C,04-05-17_17.04 10degC_Cycle_3_Pan18650PF,clip_5,4.385021606207258
A2-3,707,10 °C,04-05-17_17.04 10degC_Cycle_3_Pan18650PF,base,4.253699431590939
A2-3,707,10 °C,04-05-17_17.04 10degC_Cycle_3_Pan18650PF,no_corr,5.99788272836917
A2-3,707,10 °C,04-05-17_17.04 10degC_Cycle_3_Pan18650PF,scale_0.5,5.049144761562206
A2-3,707,10 °C,04-05-17_17.04 10degC_Cycle_3_Pan18650PF,scale_1.5,3.7114532570317915
A2-3,707,10 °C,04-05-17_17.04 10degC_Cycle_3_Pan18650PF,gate_nu,5.017811969943983
A2-3,707,10 °C,04-05-17_17.04 10degC_Cycle_3_Pan18650PF,gate_P,5.950907856862852
A2-3,707,10 °C,04-05-17_17.04 10degC_Cycle_3_Pan18650PF,clip_2,4.804614592558453
A2-3,707,10 °C,04-05-17_17.04 10degC_Cycle_3_Pan18650PF,clip_5,4.280889106842169
A2-3,7,10 °C,04-05-17_22.50 10degC_Cycle_4_Pan18650PF,base,2.770079963800857
A2-3,7,10 °C,04-05-17_22.50 10degC_Cycle_4_Pan18650PF,no_corr,4.300298512121264
A2-3,7,10 °C,04-05-17_22.50 10degC_Cycle_4_Pan18650PF,scale_0.5,3.489019508208614
A2-3,7,10 °C,04-05-17_22.50 10degC_Cycle_4_Pan18650PF,scale_1.5,2.234463006004732
A2-3,7,10 °C,04-05-17_22.50 10degC_Cycle_4_Pan18650PF,gate_nu,3.3963417072881277
A2-3,7,10 °C,04-05-17_22.50 10degC_Cycle_4_Pan18650PF,gate_P,4.262311151602516
A2-3,7,10 °C,04-05-17_22.50 10degC_Cycle_4_Pan18650PF,clip_2,3.0965031091024846
A2-3,7,10 °C,04-05-17_22.50 10degC_Cycle_4_Pan18650PF,clip_5,2.770277723928439
A2-3,13,10 °C,04-05-17_22.50 10degC_Cycle_4_Pan18650PF,base,2.9588012136024915
A2-3,13,10 °C,04-05-17_22.50 10degC_Cycle_4_Pan18650PF,no_corr,4.300298512121264
A2-3,13,10 °C,04-05-17_22.50 10degC_Cycle_4_Pan18650PF,scale_0.5,3.553663564622223
A2-3,13,10 °C,04-05-17_22.50 10degC_Cycle_4_Pan18650PF,scale_1.5,2.6211651939712284
A2-3,13,10 °C,04-05-17_22.50 10degC_Cycle_4_Pan18650PF,gate_nu,3.4713518875837877
A2-3,13,10 °C,04-05-17_22.50 10degC_Cycle_4_Pan18650PF,gate_P,4.263232756246993
A2-3,13,10 °C,04-05-17_22.50 10degC_Cycle_4_Pan18650PF,clip_2,3.303086879990209
A2-3,13,10 °C,04-05-17_22.50 10degC_Cycle_4_Pan18650PF,clip_5,2.9597903018771894
A2-3,42,10 °C,04-05-17_22.50 10degC_Cycle_4_Pan18650PF,base,2.8411524888839623
A2-3,42,10 °C,04-05-17_22.50 10degC_Cycle_4_Pan18650PF,no_corr,4.300298512121264
A2-3,42,10 °C,04-05-17_22.50 10degC_Cycle_4_Pan18650PF,scale_0.5,3.496283275716419
A2-3,42,10 °C,04-05-17_22.50 10degC_Cycle_4_Pan18650PF,scale_1.5,2.457034686228478
A2-3,42,10 °C,04-05-17_22.50 10degC_Cycle_4_Pan18650PF,gate_nu,3.4163320763961305
A2-3,42,10 °C,04-05-17_22.50 10degC_Cycle_4_Pan18650PF,gate_P,4.261149166808815
A2-3,42,10 °C,04-05-17_22.50 10degC_Cycle_4_Pan18650PF,clip_2,3.2089067194863112
A2-3,42,10 °C,04-05-17_22.50 10degC_Cycle_4_Pan18650PF,clip_5,2.8430436207942247
A2-3,101,10 °C,04-05-17_22.50 10degC_Cycle_4_Pan18650PF,base,2.6401520051300493
A2-3,101,10 °C,04-05-17_22.50 10degC_Cycle_4_Pan18650PF,no_corr,4.300298512121264
A2-3,101,10 °C,04-05-17_22.50 10degC_Cycle_4_Pan18650PF,scale_0.5,3.383976054824309
A2-3,101,10 °C,04-05-17_22.50 10degC_Cycle_4_Pan18650PF,scale_1.5,2.2471967708429426
A2-3,101,10 °C,04-05-17_22.50 10degC_Cycle_4_Pan18650PF,gate_nu,3.299239759690776
A2-3,101,10 °C,04-05-17_22.50 10degC_Cycle_4_Pan18650PF,gate_P,4.255932619976397
A2-3,101,10 °C,04-05-17_22.50 10degC_Cycle_4_Pan18650PF,clip_2,3.1216773445447905
A2-3,101,10 °C,04-05-17_22.50 10degC_Cycle_4_Pan18650PF,clip_5,2.648395032175897
A2-3,202,10 °C,04-05-17_22.50 10degC_Cycle_4_Pan18650PF,base,2.343768831210699
A2-3,202,10 °C,04-05-17_22.50 10degC_Cycle_4_Pan18650PF,no_corr,4.300298512121264
A2-3,202,10 °C,04-05-17_22.50 10degC_Cycle_4_Pan18650PF,scale_0.5,3.236060195328751
A2-3,202,10 °C,04-05-17_22.50 10degC_Cycle_4_Pan18650PF,scale_1.5,1.8857538371214253
A2-3,202,10 °C,04-05-17_22.50 10degC_Cycle_4_Pan18650PF,gate_nu,3.146388458669444
A2-3,202,10 °C,04-05-17_22.50 10degC_Cycle_4_Pan18650PF,gate_P,4.250663370636656
A2-3,202,10 °C,04-05-17_22.50 10degC_Cycle_4_Pan18650PF,clip_2,2.9183935357920925
A2-3,202,10 °C,04-05-17_22.50 10degC_Cycle_4_Pan18650PF,clip_5,2.3560212488296335
A2-3,303,10 °C,04-05-17_22.50 10degC_Cycle_4_Pan18650PF,base,2.8089646971239506
A2-3,303,10 °C,04-05-17_22.50 10degC_Cycle_4_Pan18650PF,no_corr,4.300298512121264
A2-3,303,10 °C,04-05-17_22.50 10degC_Cycle_4_Pan18650PF,scale_0.5,3.46873591452793
A2-3,303,10 °C,04-05-17_22.50 10degC_Cycle_4_Pan18650PF,scale_1.5,2.4631339331627924
A2-3,303,10 °C,04-05-17_22.50 10degC_Cycle_4_Pan18650PF,gate_nu,3.3995272445374507
A2-3,303,10 °C,04-05-17_22.50 10degC_Cycle_4_Pan18650PF,gate_P,4.259350261541898
A2-3,303,10 °C,04-05-17_22.50 10degC_Cycle_4_Pan18650PF,clip_2,3.228144489379147
A2-3,303,10 °C,04-05-17_22.50 10degC_Cycle_4_Pan18650PF,clip_5,2.8169413601477555
A2-3,404,10 °C,04-05-17_22.50 10degC_Cycle_4_Pan18650PF,base,2.8221604997874308
A2-3,404,10 °C,04-05-17_22.50 10degC_Cycle_4_Pan18650PF,no_corr,4.300298512121264
A2-3,404,10 °C,04-05-17_22.50 10degC_Cycle_4_Pan18650PF,scale_0.5,3.500817156167008
A2-3,404,10 °C,04-05-17_22.50 10degC_Cycle_4_Pan18650PF,scale_1.5,2.370479837952793
A2-3,404,10 °C,04-05-17_22.50 10degC_Cycle_4_Pan18650PF,gate_nu,3.4172279707559703
A2-3,404,10 °C,04-05-17_22.50 10degC_Cycle_4_Pan18650PF,gate_P,4.2620000469107415
A2-3,404,10 °C,04-05-17_22.50 10degC_Cycle_4_Pan18650PF,clip_2,3.1690691949341394
A2-3,404,10 °C,04-05-17_22.50 10degC_Cycle_4_Pan18650PF,clip_5,2.823689963661787
A2-3,505,10 °C,04-05-17_22.50 10degC_Cycle_4_Pan18650PF,base,2.689621552312666
A2-3,505,10 °C,04-05-17_22.50 10degC_Cycle_4_Pan18650PF,no_corr,4.300298512121264
A2-3,505,10 °C,04-05-17_22.50 10degC_Cycle_4_Pan18650PF,scale_0.5,3.393536471119296
A2-3,505,10 °C,04-05-17_22.50 10degC_Cycle_4_Pan18650PF,scale_1.5,2.3762344651682277
A2-3,505,10 °C,04-05-17_22.50 10degC_Cycle_4_Pan18650PF,gate_nu,3.31087731818694
A2-3,505,10 °C,04-05-17_22.50 10degC_Cycle_4_Pan18650PF,gate_P,4.255649371339255
A2-3,505,10 °C,04-05-17_22.50 10degC_Cycle_4_Pan18650PF,clip_2,3.188202402450971
A2-3,505,10 °C,04-05-17_22.50 10degC_Cycle_4_Pan18650PF,clip_5,2.699903830195914
A2-3,606,10 °C,04-05-17_22.50 10degC_Cycle_4_Pan18650PF,base,2.6936082291902568
A2-3,606,10 °C,04-05-17_22.50 10degC_Cycle_4_Pan18650PF,no_corr,4.300298512121264
A2-3,606,10 °C,04-05-17_22.50 10degC_Cycle_4_Pan18650PF,scale_0.5,3.4296776199331895
A2-3,606,10 °C,04-05-17_22.50 10degC_Cycle_4_Pan18650PF,scale_1.5,2.229591317609842
A2-3,606,10 °C,04-05-17_22.50 10degC_Cycle_4_Pan18650PF,gate_nu,3.3486976294858937
A2-3,606,10 °C,04-05-17_22.50 10degC_Cycle_4_Pan18650PF,gate_P,4.258886195768536
A2-3,606,10 °C,04-05-17_22.50 10degC_Cycle_4_Pan18650PF,clip_2,3.0982919905793795
A2-3,606,10 °C,04-05-17_22.50 10degC_Cycle_4_Pan18650PF,clip_5,2.6964611416588995
A2-3,707,10 °C,04-05-17_22.50 10degC_Cycle_4_Pan18650PF,base,2.6671106999942933
A2-3,707,10 °C,04-05-17_22.50 10degC_Cycle_4_Pan18650PF,no_corr,4.300298512121264
A2-3,707,10 °C,04-05-17_22.50 10degC_Cycle_4_Pan18650PF,scale_0.5,3.389274451998029
A2-3,707,10 °C,04-05-17_22.50 10degC_Cycle_4_Pan18650PF,scale_1.5,2.317641434346339
A2-3,707,10 °C,04-05-17_22.50 10degC_Cycle_4_Pan18650PF,gate_nu,3.296174851264181
A2-3,707,10 °C,04-05-17_22.50 10degC_Cycle_4_Pan18650PF,gate_P,4.255861675577507
A2-3,707,10 °C,04-05-17_22.50 10degC_Cycle_4_Pan18650PF,clip_2,3.163684807315018
A2-3,707,10 °C,04-05-17_22.50 10degC_Cycle_4_Pan18650PF,clip_5,2.672929091764189
A2-3,7,0 °C,05-30-17_12.56 0degC_Cycle_1_Pan18650PF,base,9.709956567633267
A2-3,7,0 °C,05-30-17_12.56 0degC_Cycle_1_Pan18650PF,no_corr,11.811186252394434
A2-3,7,0 °C,05-30-17_12.56 0degC_Cycle_1_Pan18650PF,scale_0.5,10.742582362445729
A2-3,7,0 °C,05-30-17_12.56 0degC_Cycle_1_Pan18650PF,scale_1.5,8.726090928432468
A2-3,7,0 °C,05-30-17_12.56 0degC_Cycle_1_Pan18650PF,gate_nu,11.224982638224393
A2-3,7,0 °C,05-30-17_12.56 0degC_Cycle_1_Pan18650PF,gate_P,11.781875044785489
A2-3,7,0 °C,05-30-17_12.56 0degC_Cycle_1_Pan18650PF,clip_2,10.419629523960058
A2-3,7,0 °C,05-30-17_12.56 0degC_Cycle_1_Pan18650PF,clip_5,9.736503948380227
A2-3,13,0 °C,05-30-17_12.56 0degC_Cycle_1_Pan18650PF,base,9.659294217065202
A2-3,13,0 °C,05-30-17_12.56 0degC_Cycle_1_Pan18650PF,no_corr,11.811186252394434
A2-3,13,0 °C,05-30-17_12.56 0degC_Cycle_1_Pan18650PF,scale_0.5,10.650241647599689
A2-3,13,0 °C,05-30-17_12.56 0degC_Cycle_1_Pan18650PF,scale_1.5,8.895339990120812
A2-3,13,0 °C,05-30-17_12.56 0degC_Cycle_1_Pan18650PF,gate_nu,11.3202475735656
A2-3,13,0 °C,05-30-17_12.56 0degC_Cycle_1_Pan18650PF,gate_P,11.791099857912632
A2-3,13,0 °C,05-30-17_12.56 0degC_Cycle_1_Pan18650PF,clip_2,10.867358653245857
A2-3,13,0 °C,05-30-17_12.56 0degC_Cycle_1_Pan18650PF,clip_5,10.045320991605113
A2-3,42,0 °C,05-30-17_12.56 0degC_Cycle_1_Pan18650PF,base,9.452716292468372
A2-3,42,0 °C,05-30-17_12.56 0degC_Cycle_1_Pan18650PF,no_corr,11.811186252394434
A2-3,42,0 °C,05-30-17_12.56 0degC_Cycle_1_Pan18650PF,scale_0.5,10.548521434006503
A2-3,42,0 °C,05-30-17_12.56 0degC_Cycle_1_Pan18650PF,scale_1.5,8.587883516913047
A2-3,42,0 °C,05-30-17_12.56 0degC_Cycle_1_Pan18650PF,gate_nu,11.255488053223708
A2-3,42,0 °C,05-30-17_12.56 0degC_Cycle_1_Pan18650PF,gate_P,11.787736618664217
A2-3,42,0 °C,05-30-17_12.56 0degC_Cycle_1_Pan18650PF,clip_2,10.7455746082474
A2-3,42,0 °C,05-30-17_12.56 0degC_Cycle_1_Pan18650PF,clip_5,9.888596597405806
A2-3,101,0 °C,05-30-17_12.56 0degC_Cycle_1_Pan18650PF,base,9.334912869013257
A2-3,101,0 °C,05-30-17_12.56 0degC_Cycle_1_Pan18650PF,no_corr,11.811186252394434
A2-3,101,0 °C,05-30-17_12.56 0degC_Cycle_1_Pan18650PF,scale_0.5,10.508089021934257
A2-3,101,0 °C,05-30-17_12.56 0degC_Cycle_1_Pan18650PF,scale_1.5,8.346622719643179
A2-3,101,0 °C,05-30-17_12.56 0degC_Cycle_1_Pan18650PF,gate_nu,11.186982220143557
A2-3,101,0 °C,05-30-17_12.56 0degC_Cycle_1_Pan18650PF,gate_P,11.78048208800161
A2-3,101,0 °C,05-30-17_12.56 0degC_Cycle_1_Pan18650PF,clip_2,10.661955486849125
A2-3,101,0 °C,05-30-17_12.56 0degC_Cycle_1_Pan18650PF,clip_5,9.660451043399288
A2-3,202,0 °C,05-30-17_12.56 0degC_Cycle_1_Pan18650PF,base,8.389460618253848
A2-3,202,0 °C,05-30-17_12.56 0degC_Cycle_1_Pan18650PF,no_corr,11.811186252394434
A2-3,202,0 °C,05-30-17_12.56 0degC_Cycle_1_Pan18650PF,scale_0.5,10.017773894564758
A2-3,202,0 °C,05-30-17_12.56 0degC_Cycle_1_Pan18650PF,scale_1.5,7.041724765566653
A2-3,202,0 °C,05-30-17_12.56 0degC_Cycle_1_Pan18650PF,gate_nu,10.901071312938997
A2-3,202,0 °C,05-30-17_12.56 0degC_Cycle_1_Pan18650PF,gate_P,11.76781123057049
A2-3,202,0 °C,05-30-17_12.56 0degC_Cycle_1_Pan18650PF,clip_2,10.260074533029774
A2-3,202,0 °C,05-30-17_12.56 0degC_Cycle_1_Pan18650PF,clip_5,9.092991180370067
A2-3,303,0 °C,05-30-17_12.56 0degC_Cycle_1_Pan18650PF,base,9.351465428447014
A2-3,303,0 °C,05-30-17_12.56 0degC_Cycle_1_Pan18650PF,no_corr,11.811186252394434
A2-3,303,0 °C,05-30-17_12.56 0degC_Cycle_1_Pan18650PF,scale_0.5,10.49321517862641
A2-3,303,0 °C,05-30-17_12.56 0degC_Cycle_1_Pan18650PF,scale_1.5,8.457608605178242
A2-3,303,0 °C,05-30-17_12.56 0degC_Cycle_1_Pan18650PF,gate_nu,11.238503387911475
A2-3,303,0 °C,05-30-17_12.56 0degC_Cycle_1_Pan18650PF,gate_P,11.785435806946738
A2-3,303,0 °C,05-30-17_12.56 0degC_Cycle_1_Pan18650PF,clip_2,10.743684636452375
A2-3,303,0 °C,05-30-17_12.56 0degC_Cycle_1_Pan18650PF,clip_5,9.8214515785472
A2-3,404,0 °C,05-30-17_12.56 0degC_Cycle_1_Pan18650PF,base,9.349814141417788
A2-3,404,0 °C,05-30-17_12.56 0degC_Cycle_1_Pan18650PF,no_corr,11.811186252394434
A2-3,404,0 °C,05-30-17_12.56 0degC_Cycle_1_Pan18650PF,scale_0.5,10.501135245236068
A2-3,404,0 °C,05-30-17_12.56 0degC_Cycle_1_Pan18650PF,scale_1.5,8.422569074791591
A2-3,404,0 °C,05-30-17_12.56 0degC_Cycle_1_Pan18650PF,gate_nu,11.220113405471848
A2-3,404,0 °C,05-30-17_12.56 0degC_Cycle_1_Pan18650PF,gate_P,11.786133116218993
A2-3,404,0 °C,05-30-17_12.56 0degC_Cycle_1_Pan18650PF,clip_2,10.63340870114473
A2-3,404,0 °C,05-30-17_12.56 0degC_Cycle_1_Pan18650PF,clip_5,9.793268184997983
A2-3,505,0 °C,05-30-17_12.56 0degC_Cycle_1_Pan18650PF,base,9.103590301143946
A2-3,505,0 °C,05-30-17_12.56 0degC_Cycle_1_Pan18650PF,no_corr,11.811186252394434
A2-3,505,0 °C,05-30-17_12.56 0degC_Cycle_1_Pan18650PF,scale_0.5,10.349829427491827
A2-3,505,0 °C,05-30-17_12.56 0degC_Cycle_1_Pan18650PF,scale_1.5,8.17149204463516
A2-3,505,0 °C,05-30-17_12.56 0degC_Cycle_1_Pan18650PF,gate_nu,11.147793636512871
A2-3,505,0 °C,05-30-17_12.56 0degC_Cycle_1_Pan18650PF,gate_P,11.781042290317721
A2-3,505,0 °C,05-30-17_12.56 0degC_Cycle_1_Pan18650PF,clip_2,10.746576816512611
A2-3,505,0 °C,05-30-17_12.56 0degC_Cycle_1_Pan18650PF,clip_5,9.70110765989611
A2-3,606,0 °C,05-30-17_12.56 0degC_Cycle_1_Pan18650PF,base,9.457088649760559
A2-3,606,0 °C,05-30-17_12.56 0degC_Cycle_1_Pan18650PF,no_corr,11.811186252394434
A2-3,606,0 °C,05-30-17_12.56 0degC_Cycle_1_Pan18650PF,scale_0.5,10.58453603630708
A2-3,606,0 °C,05-30-17_12.56 0degC_Cycle_1_Pan18650PF,scale_1.5,8.468558823819878
A2-3,606,0 °C,05-30-17_12.56 0degC_Cycle_1_Pan18650PF,gate_nu,11.21484237675406
A2-3,606,0 °C,05-30-17_12.56 0degC_Cycle_1_Pan18650PF,gate_P,11.782705169646844
A2-3,606,0 °C,05-30-17_12.56 0degC_Cycle_1_Pan18650PF,clip_2,10.566172519546646
A2-3,606,0 °C,05-30-17_12.56 0degC_Cycle_1_Pan18650PF,clip_5,9.693743181459567
A2-3,707,0 °C,05-30-17_12.56 0degC_Cycle_1_Pan18650PF,base,9.144246382406847
A2-3,707,0 °C,05-30-17_12.56 0degC_Cycle_1_Pan18650PF,no_corr,11.811186252394434
A2-3,707,0 °C,05-30-17_12.56 0degC_Cycle_1_Pan18650PF,scale_0.5,10.385472129672948
A2-3,707,0 °C,05-30-17_12.56 0degC_Cycle_1_Pan18650PF,scale_1.5,8.172010295388317
A2-3,707,0 °C,05-30-17_12.56 0degC_Cycle_1_Pan18650PF,gate_nu,11.136307634614443
A2-3,707,0 °C,05-30-17_12.56 0degC_Cycle_1_Pan18650PF,gate_P,11.780119910031441
A2-3,707,0 °C,05-30-17_12.56 0degC_Cycle_1_Pan18650PF,clip_2,10.716925417400033
A2-3,707,0 °C,05-30-17_12.56 0degC_Cycle_1_Pan18650PF,clip_5,9.64959504326645
A2-3,7,0 °C,05-30-17_20.16 0degC_Cycle_2_Pan18650PF,base,9.872403400307448
A2-3,7,0 °C,05-30-17_20.16 0degC_Cycle_2_Pan18650PF,no_corr,11.913694825287187
A2-3,7,0 °C,05-30-17_20.16 0degC_Cycle_2_Pan18650PF,scale_0.5,10.874314771861318
A2-3,7,0 °C,05-30-17_20.16 0degC_Cycle_2_Pan18650PF,scale_1.5,8.920594475392123
A2-3,7,0 °C,05-30-17_20.16 0degC_Cycle_2_Pan18650PF,gate_nu,11.20142839850679
A2-3,7,0 °C,05-30-17_20.16 0degC_Cycle_2_Pan18650PF,gate_P,11.878893968597202
A2-3,7,0 °C,05-30-17_20.16 0degC_Cycle_2_Pan18650PF,clip_2,10.514522786701733
A2-3,7,0 °C,05-30-17_20.16 0degC_Cycle_2_Pan18650PF,clip_5,9.904285402766535
A2-3,13,0 °C,05-30-17_20.16 0degC_Cycle_2_Pan18650PF,base,9.905699527136958
A2-3,13,0 °C,05-30-17_20.16 0degC_Cycle_2_Pan18650PF,no_corr,11.913694825287187
A2-3,13,0 °C,05-30-17_20.16 0degC_Cycle_2_Pan18650PF,scale_0.5,10.830889987571247
A2-3,13,0 °C,05-30-17_20.16 0degC_Cycle_2_Pan18650PF,scale_1.5,9.185871761264927
A2-3,13,0 °C,05-30-17_20.16 0degC_Cycle_2_Pan18650PF,gate_nu,11.303452646546226
A2-3,13,0 °C,05-30-17_20.16 0degC_Cycle_2_Pan18650PF,gate_P,11.888793638472155
A2-3,13,0 °C,05-30-17_20.16 0degC_Cycle_2_Pan18650PF,clip_2,10.93863060872948
A2-3,13,0 °C,05-30-17_20.16 0degC_Cycle_2_Pan18650PF,clip_5,10.273985744673944
A2-3,42,0 °C,05-30-17_20.16 0degC_Cycle_2_Pan18650PF,base,9.715495303669412
A2-3,42,0 °C,05-30-17_20.16 0degC_Cycle_2_Pan18650PF,no_corr,11.913694825287187
A2-3,42,0 °C,05-30-17_20.16 0degC_Cycle_2_Pan18650PF,scale_0.5,10.73854664223084
A2-3,42,0 °C,05-30-17_20.16 0degC_Cycle_2_Pan18650PF,scale_1.5,8.897163558888456
A2-3,42,0 °C,05-30-17_20.16 0degC_Cycle_2_Pan18650PF,gate_nu,11.2278242487127
A2-3,42,0 °C,05-30-17_20.16 0degC_Cycle_2_Pan18650PF,gate_P,11.884275670207513
A2-3,42,0 °C,05-30-17_20.16 0degC_Cycle_2_Pan18650PF,clip_2,10.797524862509482
A2-3,42,0 °C,05-30-17_20.16 0degC_Cycle_2_Pan18650PF,clip_5,10.092342656884224
A2-3,101,0 °C,05-30-17_20.16 0degC_Cycle_2_Pan18650PF,base,9.508196750593816
A2-3,101,0 °C,05-30-17_20.16 0degC_Cycle_2_Pan18650PF,no_corr,11.913694825287187
A2-3,101,0 °C,05-30-17_20.16 0degC_Cycle_2_Pan18650PF,scale_0.5,10.644103953575323
A2-3,101,0 °C,05-30-17_20.16 0degC_Cycle_2_Pan18650PF,scale_1.5,8.55936293794873
A2-3,101,0 °C,05-30-17_20.16 0degC_Cycle_2_Pan18650PF,gate_nu,11.132086582785561
A2-3,101,0 °C,05-30-17_20.16 0degC_Cycle_2_Pan18650PF,gate_P,11.876859481229134
A2-3,101,0 °C,05-30-17_20.16 0degC_Cycle_2_Pan18650PF,clip_2,10.70997347824222
A2-3,101,0 °C,05-30-17_20.16 0degC_Cycle_2_Pan18650PF,clip_5,9.845284937231135
A2-3,202,0 °C,05-30-17_20.16 0degC_Cycle_2_Pan18650PF,base,8.767383726114991
A2-3,202,0 °C,05-30-17_20.16 0degC_Cycle_2_Pan18650PF,no_corr,11.913694825287187
A2-3,202,0 °C,05-30-17_20.16 0degC_Cycle_2_Pan18650PF,scale_0.5,10.262092596559802
A2-3,202,0 °C,05-30-17_20.16 0degC_Cycle_2_Pan18650PF,scale_1.5,7.5236655444184475
A2-3,202,0 °C,05-30-17_20.16 0degC_Cycle_2_Pan18650PF,gate_nu,10.877366741769341
A2-3,202,0 °C,05-30-17_20.16 0degC_Cycle_2_Pan18650PF,gate_P,11.864379820208109
A2-3,202,0 °C,05-30-17_20.16 0degC_Cycle_2_Pan18650PF,clip_2,10.344051730333506
A2-3,202,0 °C,05-30-17_20.16 0degC_Cycle_2_Pan18650PF,clip_5,9.352441528085889
A2-3,303,0 °C,05-30-17_20.16 0degC_Cycle_2_Pan18650PF,base,9.65547556648254
A2-3,303,0 °C,05-30-17_20.16 0degC_Cycle_2_Pan18650PF,no_corr,11.913694825287187
A2-3,303,0 °C,05-30-17_20.16 0degC_Cycle_2_Pan18650PF,scale_0.5,10.703180047792834
A2-3,303,0 °C,05-30-17_20.16 0degC_Cycle_2_Pan18650PF,scale_1.5,8.828734915981235
A2-3,303,0 °C,05-30-17_20.16 0degC_Cycle_2_Pan18650PF,gate_nu,11.231495729836945
A2-3,303,0 °C,05-30-17_20.16 0degC_Cycle_2_Pan18650PF,gate_P,11.882650577312203
A2-3,303,0 °C,05-30-17_20.16 0degC_Cycle_2_Pan18650PF,clip_2,10.837768156715715
A2-3,303,0 °C,05-30-17_20.16 0degC_Cycle_2_Pan18650PF,clip_5,10.063214000417728
A2-3,404,0 °C,05-30-17_20.16 0degC_Cycle_2_Pan18650PF,base,9.61862937430841
A2-3,404,0 °C,05-30-17_20.16 0degC_Cycle_2_Pan18650PF,no_corr,11.913694825287187
A2-3,404,0 °C,05-30-17_20.16 0degC_Cycle_2_Pan18650PF,scale_0.5,10.69061042092497
A2-3,404,0 °C,05-30-17_20.16 0degC_Cycle_2_Pan18650PF,scale_1.5,8.753442983145968
A2-3,404,0 °C,05-30-17_20.16 0degC_Cycle_2_Pan18650PF,gate_nu,11.204622827192633
A2-3,404,0 °C,05-30-17_20.16 0degC_Cycle_2_Pan18650PF,gate_P,11.883381790839277
A2-3,404,0 °C,05-30-17_20.16 0degC_Cycle_2_Pan18650PF,clip_2,10.728527198816202
A2-3,404,0 °C,05-30-17_20.16 0degC_Cycle_2_Pan18650PF,clip_5,10.035163878561523
A2-3,505,0 °C,05-30-17_20.16 0degC_Cycle_2_Pan18650PF,base,9.384630156483967
A2-3,505,0 °C,05-30-17_20.16 0degC_Cycle_2_Pan18650PF,no_corr,11.913694825287187
A2-3,505,0 °C,05-30-17_20.16 0degC_Cycle_2_Pan18650PF,scale_0.5,10.551369363563836
A2-3,505,0 °C,05-30-17_20.16 0degC_Cycle_2_Pan18650PF,scale_1.5,8.49445628034205
A2-3,505,0 °C,05-30-17_20.16 0degC_Cycle_2_Pan18650PF,gate_nu,11.107819098953676
A2-3,505,0 °C,05-30-17_20.16 0degC_Cycle_2_Pan18650PF,gate_P,11.87698621174103
A2-3,505,0 °C,05-30-17_20.16 0degC_Cycle_2_Pan18650PF,clip_2,10.795201781825753
A2-3,505,0 °C,05-30-17_20.16 0degC_Cycle_2_Pan18650PF,clip_5,9.90319481299231
A2-3,606,0 °C,05-30-17_20.16 0degC_Cycle_2_Pan18650PF,base,9.627484823911976
A2-3,606,0 °C,05-30-17_20.16 0degC_Cycle_2_Pan18650PF,no_corr,11.913694825287187
A2-3,606,0 °C,05-30-17_20.16 0degC_Cycle_2_Pan18650PF,scale_0.5,10.717039221297888
A2-3,606,0 °C,05-30-17_20.16 0degC_Cycle_2_Pan18650PF,scale_1.5,8.685431909951946
A2-3,606,0 °C,05-30-17_20.16 0degC_Cycle_2_Pan18650PF,gate_nu,11.180862557986115
A2-3,606,0 °C,05-30-17_20.16 0degC_Cycle_2_Pan18650PF,gate_P,11.879235901395502
A2-3,606,0 °C,05-30-17_20.16 0degC_Cycle_2_Pan18650PF,clip_2,10.64710691680849
A2-3,606,0 °C,05-30-17_20.16 0degC_Cycle_2_Pan18650PF,clip_5,9.887431233159951
A2-3,707,0 °C,05-30-17_20.16 0degC_Cycle_2_Pan18650PF,base,9.431881860174858
A2-3,707,0 °C,05-30-17_20.16 0degC_Cycle_2_Pan18650PF,no_corr,11.913694825287187
A2-3,707,0 °C,05-30-17_20.16 0degC_Cycle_2_Pan18650PF,scale_0.5,10.590785968191291
A2-3,707,0 °C,05-30-17_20.16 0degC_Cycle_2_Pan18650PF,scale_1.5,8.504297052824574
A2-3,707,0 °C,05-30-17_20.16 0degC_Cycle_2_Pan18650PF,gate_nu,11.096015862151164
A2-3,707,0 °C,05-30-17_20.16 0degC_Cycle_2_Pan18650PF,gate_P,11.877025504293167
A2-3,707,0 °C,05-30-17_20.16 0degC_Cycle_2_Pan18650PF,clip_2,10.759804582070732
A2-3,707,0 °C,05-30-17_20.16 0degC_Cycle_2_Pan18650PF,clip_5,9.862675961707994
A2-3,7,0 °C,06-01-17_10.36 0degC_LA92_Pan18650PF,base,5.647425483824318
A2-3,7,0 °C,06-01-17_10.36 0degC_LA92_Pan18650PF,no_corr,6.678983979072213
A2-3,7,0 °C,06-01-17_10.36 0degC_LA92_Pan18650PF,scale_0.5,6.153718268396372
A2-3,7,0 °C,06-01-17_10.36 0degC_LA92_Pan18650PF,scale_1.5,5.165687292285643
A2-3,7,0 °C,06-01-17_10.36 0degC_LA92_Pan18650PF,gate_nu,6.137083977247091
A2-3,7,0 °C,06-01-17_10.36 0degC_LA92_Pan18650PF,gate_P,6.645267949545077
A2-3,7,0 °C,06-01-17_10.36 0degC_LA92_Pan18650PF,clip_2,5.773398063985925
A2-3,7,0 °C,06-01-17_10.36 0degC_LA92_Pan18650PF,clip_5,5.647425483824318
A2-3,13,0 °C,06-01-17_10.36 0degC_LA92_Pan18650PF,base,6.132721575105296
A2-3,13,0 °C,06-01-17_10.36 0degC_LA92_Pan18650PF,no_corr,6.678983979072213
A2-3,13,0 °C,06-01-17_10.36 0degC_LA92_Pan18650PF,scale_0.5,6.3648250387907135
A2-3,13,0 °C,06-01-17_10.36 0degC_LA92_Pan18650PF,scale_1.5,5.992216236070225
A2-3,13,0 °C,06-01-17_10.36 0degC_LA92_Pan18650PF,gate_nu,6.3908632935777225
A2-3,13,0 °C,06-01-17_10.36 0degC_LA92_Pan18650PF,gate_P,6.654963999232915
A2-3,13,0 °C,06-01-17_10.36 0degC_LA92_Pan18650PF,clip_2,6.189166753693541
A2-3,13,0 °C,06-01-17_10.36 0degC_LA92_Pan18650PF,clip_5,6.132721575105296
A2-3,42,0 °C,06-01-17_10.36 0degC_LA92_Pan18650PF,base,6.064753852617804
A2-3,42,0 °C,06-01-17_10.36 0degC_LA92_Pan18650PF,no_corr,6.678983979072213
A2-3,42,0 °C,06-01-17_10.36 0degC_LA92_Pan18650PF,scale_0.5,6.316586313414901
A2-3,42,0 °C,06-01-17_10.36 0degC_LA92_Pan18650PF,scale_1.5,5.937571632515941
A2-3,42,0 °C,06-01-17_10.36 0degC_LA92_Pan18650PF,gate_nu,6.374046280320182
A2-3,42,0 °C,06-01-17_10.36 0degC_LA92_Pan18650PF,gate_P,6.652561546405923
A2-3,42,0 °C,06-01-17_10.36 0degC_LA92_Pan18650PF,clip_2,6.104410479437838
A2-3,42,0 °C,06-01-17_10.36 0degC_LA92_Pan18650PF,clip_5,6.064753852617804
A2-3,101,0 °C,06-01-17_10.36 0degC_LA92_Pan18650PF,base,5.789485780021178
A2-3,101,0 °C,06-01-17_10.36 0degC_LA92_Pan18650PF,no_corr,6.678983979072213
A2-3,101,0 °C,06-01-17_10.36 0degC_LA92_Pan18650PF,scale_0.5,6.212522756667562
A2-3,101,0 °C,06-01-17_10.36 0degC_LA92_Pan18650PF,scale_1.5,5.420050442041124
A2-3,101,0 °C,06-01-17_10.36 0degC_LA92_Pan18650PF,gate_nu,6.219156282181679
A2-3,101,0 °C,06-01-17_10.36 0degC_LA92_Pan18650PF,gate_P,6.6467155094487484
A2-3,101,0 °C,06-01-17_10.36 0degC_LA92_Pan18650PF,clip_2,5.951387693610337
A2-3,101,0 °C,06-01-17_10.36 0degC_LA92_Pan18650PF,clip_5,5.789485780021178
A2-3,202,0 °C,06-01-17_10.36 0degC_LA92_Pan18650PF,base,5.410726559548304
A2-3,202,0 °C,06-01-17_10.36 0degC_LA92_Pan18650PF,no_corr,6.678983979072213
A2-3,202,0 °C,06-01-17_10.36 0degC_LA92_Pan18650PF,scale_0.5,6.025163304209918
A2-3,202,0 °C,06-01-17_10.36 0degC_LA92_Pan18650PF,scale_1.5,4.850663269878545
A2-3,202,0 °C,06-01-17_10.36 0degC_LA92_Pan18650PF,gate_nu,6.051409187947959
A2-3,202,0 °C,06-01-17_10.36 0degC_LA92_Pan18650PF,gate_P,6.638442287657737
A2-3,202,0 °C,06-01-17_10.36 0degC_LA92_Pan18650PF,clip_2,5.646641382475601
A2-3,202,0 °C,06-01-17_10.36 0degC_LA92_Pan18650PF,clip_5,5.410734729739888
A2-3,303,0 °C,06-01-17_10.36 0degC_LA92_Pan18650PF,base,5.894604458219151
A2-3,303,0 °C,06-01-17_10.36 0degC_LA92_Pan18650PF,no_corr,6.678983979072213
A2-3,303,0 °C,06-01-17_10.36 0degC_LA92_Pan18650PF,scale_0.5,6.273453237782077
A2-3,303,0 °C,06-01-17_10.36 0degC_LA92_Pan18650PF,scale_1.5,5.547906414536839
A2-3,303,0 °C,06-01-17_10.36 0degC_LA92_Pan18650PF,gate_nu,6.2925839931258505
A2-3,303,0 °C,06-01-17_10.36 0degC_LA92_Pan18650PF,gate_P,6.650847732291483
A2-3,303,0 °C,06-01-17_10.36 0degC_LA92_Pan18650PF,clip_2,5.997013962575308
A2-3,303,0 °C,06-01-17_10.36 0degC_LA92_Pan18650PF,clip_5,5.894604458219151
A2-3,404,0 °C,06-01-17_10.36 0degC_LA92_Pan18650PF,base,5.876504702597027
A2-3,404,0 °C,06-01-17_10.36 0degC_LA92_Pan18650PF,no_corr,6.678983979072213
A2-3,404,0 °C,06-01-17_10.36 0degC_LA92_Pan18650PF,scale_0.5,6.267619390652721
A2-3,404,0 °C,06-01-17_10.36 0degC_LA92_Pan18650PF,scale_1.5,5.5099538169568
A2-3,404,0 °C,06-01-17_10.36 0degC_LA92_Pan18650PF,gate_nu,6.266362055026868
A2-3,404,0 °C,06-01-17_10.36 0degC_LA92_Pan18650PF,gate_P,6.651065767428528
A2-3,404,0 °C,06-01-17_10.36 0degC_LA92_Pan18650PF,clip_2,5.932616221946131
A2-3,404,0 °C,06-01-17_10.36 0degC_LA92_Pan18650PF,clip_5,5.876504702597027
A2-3,505,0 °C,06-01-17_10.36 0degC_LA92_Pan18650PF,base,5.7808604556777485
A2-3,505,0 °C,06-01-17_10.36 0degC_LA92_Pan18650PF,no_corr,6.678983979072213
A2-3,505,0 °C,06-01-17_10.36 0degC_LA92_Pan18650PF,scale_0.5,6.210426294535665
A2-3,505,0 °C,06-01-17_10.36 0degC_LA92_Pan18650PF,scale_1.5,5.399600497816516
A2-3,505,0 °C,06-01-17_10.36 0degC_LA92_Pan18650PF,gate_nu,6.203973212392859
A2-3,505,0 °C,06-01-17_10.36 0degC_LA92_Pan18650PF,gate_P,6.646140418416749
A2-3,505,0 °C,06-01-17_10.36 0degC_LA92_Pan18650PF,clip_2,5.974784255933647
A2-3,505,0 °C,06-01-17_10.36 0degC_LA92_Pan18650PF,clip_5,5.7808604556777485
A2-3,606,0 °C,06-01-17_10.36 0degC_LA92_Pan18650PF,base,5.833269817482316
A2-3,606,0 °C,06-01-17_10.36 0degC_LA92_Pan18650PF,no_corr,6.678983979072213
A2-3,606,0 °C,06-01-17_10.36 0degC_LA92_Pan18650PF,scale_0.5,6.245116354943086
A2-3,606,0 °C,06-01-17_10.36 0degC_LA92_Pan18650PF,scale_1.5,5.4484403647978805
A2-3,606,0 °C,06-01-17_10.36 0degC_LA92_Pan18650PF,gate_nu,6.245020742093976
A2-3,606,0 °C,06-01-17_10.36 0degC_LA92_Pan18650PF,gate_P,6.650415149876374
A2-3,606,0 °C,06-01-17_10.36 0degC_LA92_Pan18650PF,clip_2,5.885373731936955
A2-3,606,0 °C,06-01-17_10.36 0degC_LA92_Pan18650PF,clip_5,5.833269817482316
A2-3,707,0 °C,06-01-17_10.36 0degC_LA92_Pan18650PF,base,5.813045603617075
A2-3,707,0 °C,06-01-17_10.36 0degC_LA92_Pan18650PF,no_corr,6.678983979072213
A2-3,707,0 °C,06-01-17_10.36 0degC_LA92_Pan18650PF,scale_0.5,6.20213369729897
A2-3,707,0 °C,06-01-17_10.36 0degC_LA92_Pan18650PF,scale_1.5,5.530274616130231
A2-3,707,0 °C,06-01-17_10.36 0degC_LA92_Pan18650PF,gate_nu,6.228137816746886
A2-3,707,0 °C,06-01-17_10.36 0degC_LA92_Pan18650PF,gate_P,6.64532995961353
A2-3,707,0 °C,06-01-17_10.36 0degC_LA92_Pan18650PF,clip_2,6.009555557878222
A2-3,707,0 °C,06-01-17_10.36 0degC_LA92_Pan18650PF,clip_5,5.813045603617075
A2-3,7,0 °C,06-01-17_10.36 0degC_NN_Pan18650PF,base,4.755419224136823
A2-3,7,0 °C,06-01-17_10.36 0degC_NN_Pan18650PF,no_corr,5.804746694791415
A2-3,7,0 °C,06-01-17_10.36 0degC_NN_Pan18650PF,scale_0.5,5.270006265502022
A2-3,7,0 °C,06-01-17_10.36 0degC_NN_Pan18650PF,scale_1.5,4.268280925861574
A2-3,7,0 °C,06-01-17_10.36 0degC_NN_Pan18650PF,gate_nu,5.260830107951291
A2-3,7,0 °C,06-01-17_10.36 0degC_NN_Pan18650PF,gate_P,5.7748836000269534
A2-3,7,0 °C,06-01-17_10.36 0degC_NN_Pan18650PF,clip_2,4.907871899561225
A2-3,7,0 °C,06-01-17_10.36 0degC_NN_Pan18650PF,clip_5,4.755419224136823
A2-3,13,0 °C,06-01-17_10.36 0degC_NN_Pan18650PF,base,5.062527546411405
A2-3,13,0 °C,06-01-17_10.36 0degC_NN_Pan18650PF,no_corr,5.804746694791415
A2-3,13,0 °C,06-01-17_10.36 0degC_NN_Pan18650PF,scale_0.5,5.382455489282601
A2-3,13,0 °C,06-01-17_10.36 0degC_NN_Pan18650PF,scale_1.5,4.86519869919577
A2-3,13,0 °C,06-01-17_10.36 0degC_NN_Pan18650PF,gate_nu,5.437943965290872
A2-3,13,0 °C,06-01-17_10.36 0degC_NN_Pan18650PF,gate_P,5.778709644035882
A2-3,13,0 °C,06-01-17_10.36 0degC_NN_Pan18650PF,clip_2,5.198632323844958
A2-3,13,0 °C,06-01-17_10.36 0degC_NN_Pan18650PF,clip_5,5.062527546411405
A2-3,42,0 °C,06-01-17_10.36 0degC_NN_Pan18650PF,base,5.048416636216792
A2-3,42,0 °C,06-01-17_10.36 0degC_NN_Pan18650PF,no_corr,5.804746694791415
A2-3,42,0 °C,06-01-17_10.36 0degC_NN_Pan18650PF,scale_0.5,5.353224225740815
A2-3,42,0 °C,06-01-17_10.36 0degC_NN_Pan18650PF,scale_1.5,4.91768105455973
A2-3,42,0 °C,06-01-17_10.36 0degC_NN_Pan18650PF,gate_nu,5.448092317906524
A2-3,42,0 °C,06-01-17_10.36 0degC_NN_Pan18650PF,gate_P,5.777062611018402
A2-3,42,0 °C,06-01-17_10.36 0degC_NN_Pan18650PF,clip_2,5.177688828111578
A2-3,42,0 °C,06-01-17_10.36 0degC_NN_Pan18650PF,clip_5,5.048558971797311
A2-3,101,0 °C,06-01-17_10.36 0degC_NN_Pan18650PF,base,4.718200863657254
A2-3,101,0 °C,06-01-17_10.36 0degC_NN_Pan18650PF,no_corr,5.804746694791415
A2-3,101,0 °C,06-01-17_10.36 0degC_NN_Pan18650PF,scale_0.5,5.234021917689957
A2-3,101,0 °C,06-01-17_10.36 0degC_NN_Pan18650PF,scale_1.5,4.277193714635934
A2-3,101,0 °C,06-01-17_10.36 0degC_NN_Pan18650PF,gate_nu,5.268223324509215
A2-3,101,0 °C,06-01-17_10.36 0degC_NN_Pan18650PF,gate_P,5.771199134391699
A2-3,101,0 °C,06-01-17_10.36 0degC_NN_Pan18650PF,clip_2,5.006216426474695
A2-3,101,0 °C,06-01-17_10.36 0degC_NN_Pan18650PF,clip_5,4.719949365075128
A2-3,202,0 °C,06-01-17_10.36 0degC_NN_Pan18650PF,base,4.353980917561354
A2-3,202,0 °C,06-01-17_10.36 0degC_NN_Pan18650PF,no_corr,5.804746694791415
A2-3,202,0 °C,06-01-17_10.36 0degC_NN_Pan18650PF,scale_0.5,5.050962442839171
A2-3,202,0 °C,06-01-17_10.36 0degC_NN_Pan18650PF,scale_1.5,3.7456466587024346
A2-3,202,0 °C,06-01-17_10.36 0degC_NN_Pan18650PF,gate_nu,5.107613594586838
A2-3,202,0 °C,06-01-17_10.36 0degC_NN_Pan18650PF,gate_P,5.763602667034052
A2-3,202,0 °C,06-01-17_10.36 0degC_NN_Pan18650PF,clip_2,4.755940898287859
A2-3,202,0 °C,06-01-17_10.36 0degC_NN_Pan18650PF,clip_5,4.374285840277357
A2-3,303,0 °C,06-01-17_10.36 0degC_NN_Pan18650PF,base,4.834363635012938
A2-3,303,0 °C,06-01-17_10.36 0degC_NN_Pan18650PF,no_corr,5.804746694791415
A2-3,303,0 °C,06-01-17_10.36 0degC_NN_Pan18650PF,scale_0.5,5.301361443218455
A2-3,303,0 °C,06-01-17_10.36 0degC_NN_Pan18650PF,scale_1.5,4.415314258488913
A2-3,303,0 °C,06-01-17_10.36 0degC_NN_Pan18650PF,gate_nu,5.344534607134526
A2-3,303,0 °C,06-01-17_10.36 0degC_NN_Pan18650PF,gate_P,5.774903614078536
A2-3,303,0 °C,06-01-17_10.36 0degC_NN_Pan18650PF,clip_2,5.0484287945418025
A2-3,303,0 °C,06-01-17_10.36 0degC_NN_Pan18650PF,clip_5,4.839079996973719
A2-3,404,0 °C,06-01-17_10.36 0degC_NN_Pan18650PF,base,4.860801970472018
A2-3,404,0 °C,06-01-17_10.36 0degC_NN_Pan18650PF,no_corr,5.804746694791415
A2-3,404,0 °C,06-01-17_10.36 0degC_NN_Pan18650PF,scale_0.5,5.320739447694027
A2-3,404,0 °C,06-01-17_10.36 0degC_NN_Pan18650PF,scale_1.5,4.432433503230471
A2-3,404,0 °C,06-01-17_10.36 0degC_NN_Pan18650PF,gate_nu,5.3386554465869995
A2-3,404,0 °C,06-01-17_10.36 0degC_NN_Pan18650PF,gate_P,5.776585857405474
A2-3,404,0 °C,06-01-17_10.36 0degC_NN_Pan18650PF,clip_2,5.002484770325773
A2-3,404,0 °C,06-01-17_10.36 0degC_NN_Pan18650PF,clip_5,4.860801970472018
A2-3,505,0 °C,06-01-17_10.36 0degC_NN_Pan18650PF,base,4.654599520929123
A2-3,505,0 °C,06-01-17_10.36 0degC_NN_Pan18650PF,no_corr,5.804746694791415
A2-3,505,0 °C,06-01-17_10.36 0degC_NN_Pan18650PF,scale_0.5,5.202731974750062
A2-3,505,0 °C,06-01-17_10.36 0degC_NN_Pan18650PF,scale_1.5,4.181592315763712
A2-3,505,0 °C,06-01-17_10.36 0degC_NN_Pan18650PF,gate_nu,5.2375523993186555
A2-3,505,0 °C,06-01-17_10.36 0degC_NN_Pan18650PF,gate_P,5.768764045054906
A2-3,505,0 °C,06-01-17_10.36 0degC_NN_Pan18650PF,clip_2,5.021890695706717
A2-3,505,0 °C,06-01-17_10.36 0degC_NN_Pan18650PF,clip_5,4.666226177169257
A2-3,606,0 °C,06-01-17_10.36 0degC_NN_Pan18650PF,base,4.772469767777095
A2-3,606,0 °C,06-01-17_10.36 0degC_NN_Pan18650PF,no_corr,5.804746694791415
A2-3,606,0 °C,06-01-17_10.36 0degC_NN_Pan18650PF,scale_0.5,5.272611778556775
A2-3,606,0 °C,06-01-17_10.36 0degC_NN_Pan18650PF,scale_1.5,4.315458535145509
A2-3,606,0 °C,06-01-17_10.36 0degC_NN_Pan18650PF,gate_nu,5.3057476340754866
A2-3,606,0 °C,06-01-17_10.36 0degC_NN_Pan18650PF,gate_P,5.774257075967482
A2-3,606,0 °C,06-01-17_10.36 0degC_NN_Pan18650PF,clip_2,4.956842901491593
A2-3,606,0 °C,06-01-17_10.36 0degC_NN_Pan18650PF,clip_5,4.775447551001975
A2-3,707,0 °C,06-01-17_10.36 0degC_NN_Pan18650PF,base,4.752509159522061
A2-3,707,0 °C,06-01-17_10.36 0degC_NN_Pan18650PF,no_corr,5.804746694791415
A2-3,707,0 °C,06-01-17_10.36 0degC_NN_Pan18650PF,scale_0.5,5.224455650595733
A2-3,707,0 °C,06-01-17_10.36 0degC_NN_Pan18650PF,scale_1.5,4.42372056001138
A2-3,707,0 °C,06-01-17_10.36 0degC_NN_Pan18650PF,gate_nu,5.280061449990876
A2-3,707,0 °C,06-01-17_10.36 0degC_NN_Pan18650PF,gate_P,5.770396969788931
A2-3,707,0 °C,06-01-17_10.36 0degC_NN_Pan18650PF,clip_2,5.062282214247117
A2-3,707,0 °C,06-01-17_10.36 0degC_NN_Pan18650PF,clip_5,4.752510395379366
A2-3,7,0 °C,06-01-17_15.36 0degC_Cycle_3_Pan18650PF,base,9.711879416228594
A2-3,7,0 °C,06-01-17_15.36 0degC_Cycle_3_Pan18650PF,no_corr,11.015235383139816
A2-3,7,0 °C,06-01-17_15.36 0degC_Cycle_3_Pan18650PF,scale_0.5,10.351366289242902
A2-3,7,0 °C,06-01-17_15.36 0degC_Cycle_3_Pan18650PF,scale_1.5,9.101915389265919
A2-3,7,0 °C,06-01-17_15.36 0degC_Cycle_3_Pan18650PF,gate_nu,10.40520274137994
A2-3,7,0 °C,06-01-17_15.36 0degC_Cycle_3_Pan18650PF,gate_P,10.978210990795493
A2-3,7,0 °C,06-01-17_15.36 0degC_Cycle_3_Pan18650PF,clip_2,9.846262079290154
A2-3,7,0 °C,06-01-17_15.36 0degC_Cycle_3_Pan18650PF,clip_5,9.711879416228594
A2-3,13,0 °C,06-01-17_15.36 0degC_Cycle_3_Pan18650PF,base,10.428151444253954
A2-3,13,0 °C,06-01-17_15.36 0degC_Cycle_3_Pan18650PF,no_corr,11.015235383139816
A2-3,13,0 °C,06-01-17_15.36 0degC_Cycle_3_Pan18650PF,scale_0.5,10.693878741291718
A2-3,13,0 °C,06-01-17_15.36 0degC_Cycle_3_Pan18650PF,scale_1.5,10.222392605791926
A2-3,13,0 °C,06-01-17_15.36 0degC_Cycle_3_Pan18650PF,gate_nu,10.722477600315656
A2-3,13,0 °C,06-01-17_15.36 0degC_Cycle_3_Pan18650PF,gate_P,10.997776280974168
A2-3,13,0 °C,06-01-17_15.36 0degC_Cycle_3_Pan18650PF,clip_2,10.581555717468204
A2-3,13,0 °C,06-01-17_15.36 0degC_Cycle_3_Pan18650PF,clip_5,10.429160721810632
A2-3,42,0 °C,06-01-17_15.36 0degC_Cycle_3_Pan18650PF,base,10.120371931294802
A2-3,42,0 °C,06-01-17_15.36 0degC_Cycle_3_Pan18650PF,no_corr,11.015235383139816
A2-3,42,0 °C,06-01-17_15.36 0degC_Cycle_3_Pan18650PF,scale_0.5,10.539215098893829
A2-3,42,0 °C,06-01-17_15.36 0degC_Cycle_3_Pan18650PF,scale_1.5,9.76606522123341
A2-3,42,0 °C,06-01-17_15.36 0degC_Cycle_3_Pan18650PF,gate_nu,10.58355059432615
A2-3,42,0 °C,06-01-17_15.36 0degC_Cycle_3_Pan18650PF,gate_P,10.988862389062609
A2-3,42,0 °C,06-01-17_15.36 0degC_Cycle_3_Pan18650PF,clip_2,10.318748653147916
A2-3,42,0 °C,06-01-17_15.36 0degC_Cycle_3_Pan18650PF,clip_5,10.124194973146
A2-3,101,0 °C,06-01-17_15.36 0degC_Cycle_3_Pan18650PF,base,9.854505061228924
A2-3,101,0 °C,06-01-17_15.36 0degC_Cycle_3_Pan18650PF,no_corr,11.015235383139816
A2-3,101,0 °C,06-01-17_15.36 0degC_Cycle_3_Pan18650PF,scale_0.5,10.39881195172694
A2-3,101,0 °C,06-01-17_15.36 0degC_Cycle_3_Pan18650PF,scale_1.5,9.394857663697218
A2-3,101,0 °C,06-01-17_15.36 0degC_Cycle_3_Pan18650PF,gate_nu,10.470422097601123
A2-3,101,0 °C,06-01-17_15.36 0degC_Cycle_3_Pan18650PF,gate_P,10.98032982678378
A2-3,101,0 °C,06-01-17_15.36 0degC_Cycle_3_Pan18650PF,clip_2,10.18510125910861
A2-3,101,0 °C,06-01-17_15.36 0degC_Cycle_3_Pan18650PF,clip_5,9.864832480615227
A2-3,202,0 °C,06-01-17_15.36 0degC_Cycle_3_Pan18650PF,base,9.05247989402703
A2-3,202,0 °C,06-01-17_15.36 0degC_Cycle_3_Pan18650PF,no_corr,11.015235383139816
A2-3,202,0 °C,06-01-17_15.36 0degC_Cycle_3_Pan18650PF,scale_0.5,9.998080978140521
A2-3,202,0 °C,06-01-17_15.36 0degC_Cycle_3_Pan18650PF,scale_1.5,8.203213850621344
A2-3,202,0 °C,06-01-17_15.36 0degC_Cycle_3_Pan18650PF,gate_nu,10.122975780001212
A2-3,202,0 °C,06-01-17_15.36 0degC_Cycle_3_Pan18650PF,gate_P,10.95703799862777
A2-3,202,0 °C,06-01-17_15.36 0degC_Cycle_3_Pan18650PF,clip_2,9.536016700423124
A2-3,202,0 °C,06-01-17_15.36 0degC_Cycle_3_Pan18650PF,clip_5,9.091026567137668
A2-3,303,0 °C,06-01-17_15.36 0degC_Cycle_3_Pan18650PF,base,10.154469685045939
A2-3,303,0 °C,06-01-17_15.36 0degC_Cycle_3_Pan18650PF,no_corr,11.015235383139816
A2-3,303,0 °C,06-01-17_15.36 0degC_Cycle_3_Pan18650PF,scale_0.5,10.544114450876549
A2-3,303,0 °C,06-01-17_15.36 0degC_Cycle_3_Pan18650PF,scale_1.5,9.8559690369782
A2-3,303,0 °C,06-01-17_15.36 0degC_Cycle_3_Pan18650PF,gate_nu,10.624955693686777
A2-3,303,0 °C,06-01-17_15.36 0degC_Cycle_3_Pan18650PF,gate_P,10.988335692535232
A2-3,303,0 °C,06-01-17_15.36 0degC_Cycle_3_Pan18650PF,clip_2,10.43942595102156
A2-3,303,0 °C,06-01-17_15.36 0degC_Cycle_3_Pan18650PF,clip_5,10.173418974158276
A2-3,404,0 °C,06-01-17_15.36 0degC_Cycle_3_Pan18650PF,base,9.932700867931233
A2-3,404,0 °C,06-01-17_15.36 0degC_Cycle_3_Pan18650PF,no_corr,11.015235383139816
A2-3,404,0 °C,06-01-17_15.36 0degC_Cycle_3_Pan18650PF,scale_0.5,10.451096895824616
A2-3,404,0 °C,06-01-17_15.36 0degC_Cycle_3_Pan18650PF,scale_1.5,9.467564159940972
A2-3,404,0 °C,06-01-17_15.36 0degC_Cycle_3_Pan18650PF,gate_nu,10.513885745631896
A2-3,404,0 °C,06-01-17_15.36 0degC_Cycle_3_Pan18650PF,gate_P,10.98400310926808
A2-3,404,0 °C,06-01-17_15.36 0degC_Cycle_3_Pan18650PF,clip_2,10.112753040727705
A2-3,404,0 °C,06-01-17_15.36 0degC_Cycle_3_Pan18650PF,clip_5,9.936912188785026
A2-3,505,0 °C,06-01-17_15.36 0degC_Cycle_3_Pan18650PF,base,10.115092423910758
A2-3,505,0 °C,06-01-17_15.36 0degC_Cycle_3_Pan18650PF,no_corr,11.015235383139816
A2-3,505,0 °C,06-01-17_15.36 0degC_Cycle_3_Pan18650PF,scale_0.5,10.522164533098643
A2-3,505,0 °C,06-01-17_15.36 0degC_Cycle_3_Pan18650PF,scale_1.5,9.804736375876628
A2-3,505,0 °C,06-01-17_15.36 0degC_Cycle_3_Pan18650PF,gate_nu,10.58222345009904
A2-3,505,0 °C,06-01-17_15.36 0degC_Cycle_3_Pan18650PF,gate_P,10.987512077730516
A2-3,505,0 °C,06-01-17_15.36 0degC_Cycle_3_Pan18650PF,clip_2,10.429458473267607
A2-3,505,0 °C,06-01-17_15.36 0degC_Cycle_3_Pan18650PF,clip_5,10.122886695148503
A2-3,606,0 °C,06-01-17_15.36 0degC_Cycle_3_Pan18650PF,base,9.741819381765351
A2-3,606,0 °C,06-01-17_15.36 0degC_Cycle_3_Pan18650PF,no_corr,11.015235383139816
A2-3,606,0 °C,06-01-17_15.36 0degC_Cycle_3_Pan18650PF,scale_0.5,10.351288277602062
A2-3,606,0 °C,06-01-17_15.36 0degC_Cycle_3_Pan18650PF,scale_1.5,9.197664819105533
A2-3,606,0 °C,06-01-17_15.36 0degC_Cycle_3_Pan18650PF,gate_nu,10.430462214580855
A2-3,606,0 °C,06-01-17_15.36 0degC_Cycle_3_Pan18650PF,gate_P,10.977791375787485
A2-3,606,0 °C,06-01-17_15.36 0degC_Cycle_3_Pan18650PF,clip_2,10.002310761426498
A2-3,606,0 °C,06-01-17_15.36 0degC_Cycle_3_Pan18650PF,clip_5,9.750440608034149
A2-3,707,0 °C,06-01-17_15.36 0degC_Cycle_3_Pan18650PF,base,9.939564846987842
A2-3,707,0 °C,06-01-17_15.36 0degC_Cycle_3_Pan18650PF,no_corr,11.015235383139816
A2-3,707,0 °C,06-01-17_15.36 0degC_Cycle_3_Pan18650PF,scale_0.5,10.441539792795208
A2-3,707,0 °C,06-01-17_15.36 0degC_Cycle_3_Pan18650PF,scale_1.5,9.52066167579207
A2-3,707,0 °C,06-01-17_15.36 0degC_Cycle_3_Pan18650PF,gate_nu,10.493138965963837
A2-3,707,0 °C,06-01-17_15.36 0degC_Cycle_3_Pan18650PF,gate_P,10.983123308243556
A2-3,707,0 °C,06-01-17_15.36 0degC_Cycle_3_Pan18650PF,clip_2,10.263756260868599
A2-3,707,0 °C,06-01-17_15.36 0degC_Cycle_3_Pan18650PF,clip_5,9.942782170372356
A2-3,7,0 °C,06-01-17_22.03 0degC_Cycle_4_Pan18650PF,base,8.035825962799983
A2-3,7,0 °C,06-01-17_22.03 0degC_Cycle_4_Pan18650PF,no_corr,9.510480001008036
A2-3,7,0 °C,06-01-17_22.03 0degC_Cycle_4_Pan18650PF,scale_0.5,8.763996142642462
A2-3,7,0 °C,06-01-17_22.03 0degC_Cycle_4_Pan18650PF,scale_1.5,7.331428333649424
A2-3,7,0 °C,06-01-17_22.03 0degC_Cycle_4_Pan18650PF,gate_nu,8.696259476274806
A2-3,7,0 °C,06-01-17_22.03 0degC_Cycle_4_Pan18650PF,gate_P,9.463758325951158
A2-3,7,0 °C,06-01-17_22.03 0degC_Cycle_4_Pan18650PF,clip_2,8.217359666566686
A2-3,7,0 °C,06-01-17_22.03 0degC_Cycle_4_Pan18650PF,clip_5,8.035825962799983
A2-3,13,0 °C,06-01-17_22.03 0degC_Cycle_4_Pan18650PF,base,8.490623276665167
A2-3,13,0 °C,06-01-17_22.03 0degC_Cycle_4_Pan18650PF,no_corr,9.510480001008036
A2-3,13,0 °C,06-01-17_22.03 0degC_Cycle_4_Pan18650PF,scale_0.5,8.979018922002108
A2-3,13,0 °C,06-01-17_22.03 0degC_Cycle_4_Pan18650PF,scale_1.5,8.053132203409064
A2-3,13,0 °C,06-01-17_22.03 0degC_Cycle_4_Pan18650PF,gate_nu,8.955135345345887
A2-3,13,0 °C,06-01-17_22.03 0degC_Cycle_4_Pan18650PF,gate_P,9.472482564829345
A2-3,13,0 °C,06-01-17_22.03 0degC_Cycle_4_Pan18650PF,clip_2,8.614751621077092
A2-3,13,0 °C,06-01-17_22.03 0degC_Cycle_4_Pan18650PF,clip_5,8.490623276665167
A2-3,42,0 °C,06-01-17_22.03 0degC_Cycle_4_Pan18650PF,base,8.356899275676994
A2-3,42,0 °C,06-01-17_22.03 0degC_Cycle_4_Pan18650PF,no_corr,9.510480001008036
A2-3,42,0 °C,06-01-17_22.03 0degC_Cycle_4_Pan18650PF,scale_0.5,8.912480089692405
A2-3,42,0 °C,06-01-17_22.03 0degC_Cycle_4_Pan18650PF,scale_1.5,7.852746162151477
A2-3,42,0 °C,06-01-17_22.03 0degC_Cycle_4_Pan18650PF,gate_nu,8.887232664880596
A2-3,42,0 °C,06-01-17_22.03 0degC_Cycle_4_Pan18650PF,gate_P,9.469404408772286
A2-3,42,0 °C,06-01-17_22.03 0degC_Cycle_4_Pan18650PF,clip_2,8.494750907590651
A2-3,42,0 °C,06-01-17_22.03 0degC_Cycle_4_Pan18650PF,clip_5,8.356899275676994
A2-3,101,0 °C,06-01-17_22.03 0degC_Cycle_4_Pan18650PF,base,7.997498907378549
A2-3,101,0 °C,06-01-17_22.03 0degC_Cycle_4_Pan18650PF,no_corr,9.510480001008036
A2-3,101,0 °C,06-01-17_22.03 0degC_Cycle_4_Pan18650PF,scale_0.5,8.730544812222275
A2-3,101,0 °C,06-01-17_22.03 0degC_Cycle_4_Pan18650PF,scale_1.5,7.325432278575126
A2-3,101,0 °C,06-01-17_22.03 0degC_Cycle_4_Pan18650PF,gate_nu,8.70470299860783
A2-3,101,0 °C,06-01-17_22.03 0degC_Cycle_4_Pan18650PF,gate_P,9.4583694675127
A2-3,101,0 °C,06-01-17_22.03 0degC_Cycle_4_Pan18650PF,clip_2,8.370079392426666
A2-3,101,0 °C,06-01-17_22.03 0degC_Cycle_4_Pan18650PF,clip_5,8.001158092841905
A2-3,202,0 °C,06-01-17_22.03 0degC_Cycle_4_Pan18650PF,base,7.551399457417958
A2-3,202,0 °C,06-01-17_22.03 0degC_Cycle_4_Pan18650PF,no_corr,9.510480001008036
A2-3,202,0 °C,06-01-17_22.03 0degC_Cycle_4_Pan18650PF,scale_0.5,8.516002692760884
A2-3,202,0 °C,06-01-17_22.03 0degC_Cycle_4_Pan18650PF,scale_1.5,6.6297228869000255
A2-3,202,0 °C,06-01-17_22.03 0degC_Cycle_4_Pan18650PF,gate_nu,8.476927007099913
A2-3,202,0 °C,06-01-17_22.03 0degC_Cycle_4_Pan18650PF,gate_P,9.449712184234565
A2-3,202,0 °C,06-01-17_22.03 0degC_Cycle_4_Pan18650PF,clip_2,8.021255358711091
A2-3,202,0 °C,06-01-17_22.03 0degC_Cycle_4_Pan18650PF,clip_5,7.572221826655548
A2-3,303,0 °C,06-01-17_22.03 0degC_Cycle_4_Pan18650PF,base,8.26869046977067
A2-3,303,0 °C,06-01-17_22.03 0degC_Cycle_4_Pan18650PF,no_corr,9.510480001008036
A2-3,303,0 °C,06-01-17_22.03 0degC_Cycle_4_Pan18650PF,scale_0.5,8.87114590415051
A2-3,303,0 °C,06-01-17_22.03 0degC_Cycle_4_Pan18650PF,scale_1.5,7.711761613112945
A2-3,303,0 °C,06-01-17_22.03 0degC_Cycle_4_Pan18650PF,gate_nu,8.870557863534756
A2-3,303,0 °C,06-01-17_22.03 0degC_Cycle_4_Pan18650PF,gate_P,9.467500935991131
A2-3,303,0 °C,06-01-17_22.03 0degC_Cycle_4_Pan18650PF,clip_2,8.452065393814348
A2-3,303,0 °C,06-01-17_22.03 0degC_Cycle_4_Pan18650PF,clip_5,8.275343655916314
A2-3,404,0 °C,06-01-17_22.03 0degC_Cycle_4_Pan18650PF,base,8.292374270075054
A2-3,404,0 °C,06-01-17_22.03 0degC_Cycle_4_Pan18650PF,no_corr,9.510480001008036
A2-3,404,0 °C,06-01-17_22.03 0degC_Cycle_4_Pan18650PF,scale_0.5,8.886351732046963
A2-3,404,0 °C,06-01-17_22.03 0degC_Cycle_4_Pan18650PF,scale_1.5,7.735496211192538
A2-3,404,0 °C,06-01-17_22.03 0degC_Cycle_4_Pan18650PF,gate_nu,8.86246986089369
A2-3,404,0 °C,06-01-17_22.03 0degC_Cycle_4_Pan18650PF,gate_P,9.469071025307292
A2-3,404,0 °C,06-01-17_22.03 0degC_Cycle_4_Pan18650PF,clip_2,8.411296292824002
A2-3,404,0 °C,06-01-17_22.03 0degC_Cycle_4_Pan18650PF,clip_5,8.293043420539975
A2-3,505,0 °C,06-01-17_22.03 0degC_Cycle_4_Pan18650PF,base,7.956193341029893
A2-3,505,0 °C,06-01-17_22.03 0degC_Cycle_4_Pan18650PF,no_corr,9.510480001008036
A2-3,505,0 °C,06-01-17_22.03 0degC_Cycle_4_Pan18650PF,scale_0.5,8.706619640852152
A2-3,505,0 °C,06-01-17_22.03 0degC_Cycle_4_Pan18650PF,scale_1.5,7.275753610228712
A2-3,505,0 °C,06-01-17_22.03 0degC_Cycle_4_Pan18650PF,gate_nu,8.679509380317485
A2-3,505,0 °C,06-01-17_22.03 0degC_Cycle_4_Pan18650PF,gate_P,9.455965244761158
A2-3,505,0 °C,06-01-17_22.03 0degC_Cycle_4_Pan18650PF,clip_2,8.39451184023732
A2-3,505,0 °C,06-01-17_22.03 0degC_Cycle_4_Pan18650PF,clip_5,7.968067005359123
A2-3,606,0 °C,06-01-17_22.03 0degC_Cycle_4_Pan18650PF,base,8.175371080995545
A2-3,606,0 °C,06-01-17_22.03 0degC_Cycle_4_Pan18650PF,no_corr,9.510480001008036
A2-3,606,0 °C,06-01-17_22.03 0degC_Cycle_4_Pan18650PF,scale_0.5,8.827184794010833
A2-3,606,0 °C,06-01-17_22.03 0degC_Cycle_4_Pan18650PF,scale_1.5,7.563182702202571
A2-3,606,0 °C,06-01-17_22.03 0degC_Cycle_4_Pan18650PF,gate_nu,8.81050914026002
A2-3,606,0 °C,06-01-17_22.03 0degC_Cycle_4_Pan18650PF,gate_P,9.466242847632305
A2-3,606,0 °C,06-01-17_22.03 0degC_Cycle_4_Pan18650PF,clip_2,8.331433247156651
A2-3,606,0 °C,06-01-17_22.03 0degC_Cycle_4_Pan18650PF,clip_5,8.177456837752494
A2-3,707,0 °C,06-01-17_22.03 0degC_Cycle_4_Pan18650PF,base,7.949674370789873
A2-3,707,0 °C,06-01-17_22.03 0degC_Cycle_4_Pan18650PF,no_corr,9.510480001008036
A2-3,707,0 °C,06-01-17_22.03 0degC_Cycle_4_Pan18650PF,scale_0.5,8.702825327788384
A2-3,707,0 °C,06-01-17_22.03 0degC_Cycle_4_Pan18650PF,scale_1.5,7.267990891271827
A2-3,707,0 °C,06-01-17_22.03 0degC_Cycle_4_Pan18650PF,gate_nu,8.659554559201624
A2-3,707,0 °C,06-01-17_22.03 0degC_Cycle_4_Pan18650PF,gate_P,9.456216510858093
A2-3,707,0 °C,06-01-17_22.03 0degC_Cycle_4_Pan18650PF,clip_2,8.385861332753246
A2-3,707,0 °C,06-01-17_22.03 0degC_Cycle_4_Pan18650PF,clip_5,7.949674370789873
A2-3,7,0 °C,06-02-17_04.58 0degC_US06_Pan18650PF,base,10.837941914325286
A2-3,7,0 °C,06-02-17_04.58 0degC_US06_Pan18650PF,no_corr,12.48993154443801
A2-3,7,0 °C,06-02-17_04.58 0degC_US06_Pan18650PF,scale_0.5,11.650863645334335
A2-3,7,0 °C,06-02-17_04.58 0degC_US06_Pan18650PF,scale_1.5,10.057508330541758
A2-3,7,0 °C,06-02-17_04.58 0degC_US06_Pan18650PF,gate_nu,11.908892656094569
A2-3,7,0 °C,06-02-17_04.58 0degC_US06_Pan18650PF,gate_P,12.44949850088642
A2-3,7,0 °C,06-02-17_04.58 0degC_US06_Pan18650PF,clip_2,11.14220375568932
A2-3,7,0 °C,06-02-17_04.58 0degC_US06_Pan18650PF,clip_5,10.837941914325286
A2-3,13,0 °C,06-02-17_04.58 0degC_US06_Pan18650PF,base,11.262982643340512
A2-3,13,0 °C,06-02-17_04.58 0degC_US06_Pan18650PF,no_corr,12.48993154443801
A2-3,13,0 °C,06-02-17_04.58 0degC_US06_Pan18650PF,scale_0.5,11.842525994047671
A2-3,13,0 °C,06-02-17_04.58 0degC_US06_Pan18650PF,scale_1.5,10.762270127358715
A2-3,13,0 °C,06-02-17_04.58 0degC_US06_Pan18650PF,gate_nu,12.061990082817788
A2-3,13,0 °C,06-02-17_04.58 0degC_US06_Pan18650PF,gate_P,12.460187756641469
A2-3,13,0 °C,06-02-17_04.58 0degC_US06_Pan18650PF,clip_2,11.620595926479043
A2-3,13,0 °C,06-02-17_04.58 0degC_US06_Pan18650PF,clip_5,11.276660465111256
A2-3,42,0 °C,06-02-17_04.58 0degC_US06_Pan18650PF,base,11.033985365014413
A2-3,42,0 °C,06-02-17_04.58 0degC_US06_Pan18650PF,no_corr,12.48993154443801
A2-3,42,0 °C,06-02-17_04.58 0degC_US06_Pan18650PF,scale_0.5,11.732422041368968
A2-3,42,0 °C,06-02-17_04.58 0degC_US06_Pan18650PF,scale_1.5,10.40652239085996
A2-3,42,0 °C,06-02-17_04.58 0degC_US06_Pan18650PF,gate_nu,11.99182821261152
A2-3,42,0 °C,06-02-17_04.58 0degC_US06_Pan18650PF,gate_P,12.454115469632505
A2-3,42,0 °C,06-02-17_04.58 0degC_US06_Pan18650PF,clip_2,11.421305415701628
A2-3,42,0 °C,06-02-17_04.58 0degC_US06_Pan18650PF,clip_5,11.049932677141049
A2-3,101,0 °C,06-02-17_04.58 0degC_US06_Pan18650PF,base,10.714800915201408
A2-3,101,0 °C,06-02-17_04.58 0degC_US06_Pan18650PF,no_corr,12.48993154443801
A2-3,101,0 °C,06-02-17_04.58 0degC_US06_Pan18650PF,scale_0.5,11.5670538537625
A2-3,101,0 °C,06-02-17_04.58 0degC_US06_Pan18650PF,scale_1.5,9.951334655112968
A2-3,101,0 °C,06-02-17_04.58 0degC_US06_Pan18650PF,gate_nu,11.88547257950408
A2-3,101,0 °C,06-02-17_04.58 0degC_US06_Pan18650PF,gate_P,12.445418864473163
A2-3,101,0 °C,06-02-17_04.58 0degC_US06_Pan18650PF,clip_2,11.304222328275882
A2-3,101,0 °C,06-02-17_04.58 0degC_US06_Pan18650PF,clip_5,10.733991424241829
A2-3,202,0 °C,06-02-17_04.58 0degC_US06_Pan18650PF,base,9.97918156580798
A2-3,202,0 °C,06-02-17_04.58 0degC_US06_Pan18650PF,no_corr,12.48993154443801
A2-3,202,0 °C,06-02-17_04.58 0degC_US06_Pan18650PF,scale_0.5,11.19492472716124
A2-3,202,0 °C,06-02-17_04.58 0degC_US06_Pan18650PF,scale_1.5,8.875334650808893
A2-3,202,0 °C,06-02-17_04.58 0degC_US06_Pan18650PF,gate_nu,11.631501430981015
A2-3,202,0 °C,06-02-17_04.58 0degC_US06_Pan18650PF,gate_P,12.426223572598042
A2-3,202,0 °C,06-02-17_04.58 0degC_US06_Pan18650PF,clip_2,10.855588466111854
A2-3,202,0 °C,06-02-17_04.58 0degC_US06_Pan18650PF,clip_5,10.069230885920241
A2-3,303,0 °C,06-02-17_04.58 0degC_US06_Pan18650PF,base,10.7369122112026
A2-3,303,0 °C,06-02-17_04.58 0degC_US06_Pan18650PF,no_corr,12.48993154443801
A2-3,303,0 °C,06-02-17_04.58 0degC_US06_Pan18650PF,scale_0.5,11.570519066807634
A2-3,303,0 °C,06-02-17_04.58 0degC_US06_Pan18650PF,scale_1.5,10.010569766815207
A2-3,303,0 °C,06-02-17_04.58 0degC_US06_Pan18650PF,gate_nu,11.893019918463283
A2-3,303,0 °C,06-02-17_04.58 0degC_US06_Pan18650PF,gate_P,12.445595954246272
A2-3,303,0 °C,06-02-17_04.58 0degC_US06_Pan18650PF,clip_2,11.349793045597323
A2-3,303,0 °C,06-02-17_04.58 0degC_US06_Pan18650PF,clip_5,10.781367917264738
A2-3,404,0 °C,06-02-17_04.58 0degC_US06_Pan18650PF,base,10.894691927860661
A2-3,404,0 °C,06-02-17_04.58 0degC_US06_Pan18650PF,no_corr,12.48993154443801
A2-3,404,0 °C,06-02-17_04.58 0degC_US06_Pan18650PF,scale_0.5,11.668454918259787
A2-3,404,0 °C,06-02-17_04.58 0degC_US06_Pan18650PF,scale_1.5,10.179528772107492
A2-3,404,0 °C,06-02-17_04.58 0degC_US06_Pan18650PF,gate_nu,11.949217518365023
A2-3,404,0 °C,06-02-17_04.58 0degC_US06_Pan18650PF,gate_P,12.450834360082329
A2-3,404,0 °C,06-02-17_04.58 0degC_US06_Pan18650PF,clip_2,11.27106982656873
A2-3,404,0 °C,06-02-17_04.58 0degC_US06_Pan18650PF,clip_5,10.907690352822426
A2-3,505,0 °C,06-02-17_04.58 0degC_US06_Pan18650PF,base,10.861816506329495
A2-3,505,0 °C,06-02-17_04.58 0degC_US06_Pan18650PF,no_corr,12.48993154443801
A2-3,505,0 °C,06-02-17_04.58 0degC_US06_Pan18650PF,scale_0.5,11.632142756193373
A2-3,505,0 °C,06-02-17_04.58 0degC_US06_Pan18650PF,scale_1.5,10.19879052305221
A2-3,505,0 °C,06-02-17_04.58 0degC_US06_Pan18650PF,gate_nu,11.914704087095906
A2-3,505,0 °C,06-02-17_04.58 0degC_US06_Pan18650PF,gate_P,12.44916198235509
A2-3,505,0 °C,06-02-17_04.58 0degC_US06_Pan18650PF,clip_2,11.470207935515294
A2-3,505,0 °C,06-02-17_04.58 0degC_US06_Pan18650PF,clip_5,10.889817119775586
A2-3,606,0 °C,06-02-17_04.58 0degC_US06_Pan18650PF,base,10.66558001155538
A2-3,606,0 °C,06-02-17_04.58 0degC_US06_Pan18650PF,no_corr,12.48993154443801
A2-3,606,0 °C,06-02-17_04.58 0degC_US06_Pan18650PF,scale_0.5,11.553851812407753
A2-3,606,0 °C,06-02-17_04.58 0degC_US06_Pan18650PF,scale_1.5,9.838074291591926
A2-3,606,0 °C,06-02-17_04.58 0degC_US06_Pan18650PF,gate_nu,11.866304368548207
A2-3,606,0 °C,06-02-17_04.58 0degC_US06_Pan18650PF,gate_P,12.444256811175554
A2-3,606,0 °C,06-02-17_04.58 0degC_US06_Pan18650PF,clip_2,11.151326659361045
A2-3,606,0 °C,06-02-17_04.58 0degC_US06_Pan18650PF,clip_5,10.679149770269964
A2-3,707,0 °C,06-02-17_04.58 0degC_US06_Pan18650PF,base,10.847492855539828
A2-3,707,0 °C,06-02-17_04.58 0degC_US06_Pan18650PF,no_corr,12.48993154443801
A2-3,707,0 °C,06-02-17_04.58 0degC_US06_Pan18650PF,scale_0.5,11.628026693037873
A2-3,707,0 °C,06-02-17_04.58 0degC_US06_Pan18650PF,scale_1.5,10.167088048846564
A2-3,707,0 °C,06-02-17_04.58 0degC_US06_Pan18650PF,gate_nu,11.912055397871935
A2-3,707,0 °C,06-02-17_04.58 0degC_US06_Pan18650PF,gate_P,12.449002135952316
A2-3,707,0 °C,06-02-17_04.58 0degC_US06_Pan18650PF,clip_2,11.442738331321511
A2-3,707,0 °C,06-02-17_04.58 0degC_US06_Pan18650PF,clip_5,10.866127839428584
A2-3,7,0 °C,06-02-17_10.43 0degC_HWFET_Pan18650PF,base,11.335949025329862
A2-3,7,0 °C,06-02-17_10.43 0degC_HWFET_Pan18650PF,no_corr,13.137585436477575
A2-3,7,0 °C,06-02-17_10.43 0degC_HWFET_Pan18650PF,scale_0.5,12.231296856312529
A2-3,7,0 °C,06-02-17_10.43 0degC_HWFET_Pan18650PF,scale_1.5,10.454353337717981
A2-3,7,0 °C,06-02-17_10.43 0degC_HWFET_Pan18650PF,gate_nu,12.158662440207474
A2-3,7,0 °C,06-02-17_10.43 0degC_HWFET_Pan18650PF,gate_P,13.08282300620948
A2-3,7,0 °C,06-02-17_10.43 0degC_HWFET_Pan18650PF,clip_2,11.617412952531755
A2-3,7,0 °C,06-02-17_10.43 0degC_HWFET_Pan18650PF,clip_5,11.335949025329862
A2-3,13,0 °C,06-02-17_10.43 0degC_HWFET_Pan18650PF,base,11.733008673436771
A2-3,13,0 °C,06-02-17_10.43 0degC_HWFET_Pan18650PF,no_corr,13.137585436477575
A2-3,13,0 °C,06-02-17_10.43 0degC_HWFET_Pan18650PF,scale_0.5,12.413099524557222
A2-3,13,0 °C,06-02-17_10.43 0degC_HWFET_Pan18650PF,scale_1.5,11.105472040153812
A2-3,13,0 °C,06-02-17_10.43 0degC_HWFET_Pan18650PF,gate_nu,12.380051197680174
A2-3,13,0 °C,06-02-17_10.43 0degC_HWFET_Pan18650PF,gate_P,13.090992467886702
A2-3,13,0 °C,06-02-17_10.43 0degC_HWFET_Pan18650PF,clip_2,12.116079176897674
A2-3,13,0 °C,06-02-17_10.43 0degC_HWFET_Pan18650PF,clip_5,11.735003090960248
A2-3,42,0 °C,06-02-17_10.43 0degC_HWFET_Pan18650PF,base,11.431038548896854
A2-3,42,0 °C,06-02-17_10.43 0degC_HWFET_Pan18650PF,no_corr,13.137585436477575
A2-3,42,0 °C,06-02-17_10.43 0degC_HWFET_Pan18650PF,scale_0.5,12.26379415256558
A2-3,42,0 °C,06-02-17_10.43 0degC_HWFET_Pan18650PF,scale_1.5,10.648950041341191
A2-3,42,0 °C,06-02-17_10.43 0degC_HWFET_Pan18650PF,gate_nu,12.217429328746343
A2-3,42,0 °C,06-02-17_10.43 0degC_HWFET_Pan18650PF,gate_P,13.082811118340004
A2-3,42,0 °C,06-02-17_10.43 0degC_HWFET_Pan18650PF,clip_2,11.90067385903913
A2-3,42,0 °C,06-02-17_10.43 0degC_HWFET_Pan18650PF,clip_5,11.440244696182223
A2-3,101,0 °C,06-02-17_10.43 0degC_HWFET_Pan18650PF,base,11.0563590131133
A2-3,101,0 °C,06-02-17_10.43 0degC_HWFET_Pan18650PF,no_corr,13.137585436477575
A2-3,101,0 °C,06-02-17_10.43 0degC_HWFET_Pan18650PF,scale_0.5,12.068068086714291
A2-3,101,0 °C,06-02-17_10.43 0degC_HWFET_Pan18650PF,scale_1.5,10.119810920189195
A2-3,101,0 °C,06-02-17_10.43 0degC_HWFET_Pan18650PF,gate_nu,12.012771540364714
A2-3,101,0 °C,06-02-17_10.43 0degC_HWFET_Pan18650PF,gate_P,13.07028638894299
A2-3,101,0 °C,06-02-17_10.43 0degC_HWFET_Pan18650PF,clip_2,11.82468234962916
A2-3,101,0 °C,06-02-17_10.43 0degC_HWFET_Pan18650PF,clip_5,11.081275783827632
A2-3,202,0 °C,06-02-17_10.43 0degC_HWFET_Pan18650PF,base,10.38466613871773
A2-3,202,0 °C,06-02-17_10.43 0degC_HWFET_Pan18650PF,no_corr,13.137585436477575
A2-3,202,0 °C,06-02-17_10.43 0degC_HWFET_Pan18650PF,scale_0.5,11.742192700590657
A2-3,202,0 °C,06-02-17_10.43 0degC_HWFET_Pan18650PF,scale_1.5,9.082001720063316
A2-3,202,0 °C,06-02-17_10.43 0degC_HWFET_Pan18650PF,gate_nu,11.665762598825756
A2-3,202,0 °C,06-02-17_10.43 0degC_HWFET_Pan18650PF,gate_P,13.052030830571907
A2-3,202,0 °C,06-02-17_10.43 0degC_HWFET_Pan18650PF,clip_2,11.380501000114522
A2-3,202,0 °C,06-02-17_10.43 0degC_HWFET_Pan18650PF,clip_5,10.46424146425808
A2-3,303,0 °C,06-02-17_10.43 0degC_HWFET_Pan18650PF,base,11.428223725360722
A2-3,303,0 °C,06-02-17_10.43 0degC_HWFET_Pan18650PF,no_corr,13.137585436477575
A2-3,303,0 °C,06-02-17_10.43 0degC_HWFET_Pan18650PF,scale_0.5,12.254409378994026
A2-3,303,0 °C,06-02-17_10.43 0degC_HWFET_Pan18650PF,scale_1.5,10.672272295160967
A2-3,303,0 °C,06-02-17_10.43 0degC_HWFET_Pan18650PF,gate_nu,12.227164219912579
A2-3,303,0 °C,06-02-17_10.43 0degC_HWFET_Pan18650PF,gate_P,13.08071939821387
A2-3,303,0 °C,06-02-17_10.43 0degC_HWFET_Pan18650PF,clip_2,11.98977448584651
A2-3,303,0 °C,06-02-17_10.43 0degC_HWFET_Pan18650PF,clip_5,11.460897733567467
A2-3,404,0 °C,06-02-17_10.43 0degC_HWFET_Pan18650PF,base,11.535677463255723
A2-3,404,0 °C,06-02-17_10.43 0degC_HWFET_Pan18650PF,no_corr,13.137585436477575
A2-3,404,0 °C,06-02-17_10.43 0degC_HWFET_Pan18650PF,scale_0.5,12.321712165780829
A2-3,404,0 °C,06-02-17_10.43 0degC_HWFET_Pan18650PF,scale_1.5,10.786006795096242
A2-3,404,0 °C,06-02-17_10.43 0degC_HWFET_Pan18650PF,gate_nu,12.282140764816667
A2-3,404,0 °C,06-02-17_10.43 0degC_HWFET_Pan18650PF,gate_P,13.086707613685194
A2-3,404,0 °C,06-02-17_10.43 0degC_HWFET_Pan18650PF,clip_2,11.882987693405514
A2-3,404,0 °C,06-02-17_10.43 0degC_HWFET_Pan18650PF,clip_5,11.541969806758894
A2-3,505,0 °C,06-02-17_10.43 0degC_HWFET_Pan18650PF,base,11.162453091909997
A2-3,505,0 °C,06-02-17_10.43 0degC_HWFET_Pan18650PF,no_corr,13.137585436477575
A2-3,505,0 °C,06-02-17_10.43 0degC_HWFET_Pan18650PF,scale_0.5,12.111217234690065
A2-3,505,0 °C,06-02-17_10.43 0degC_HWFET_Pan18650PF,scale_1.5,10.312733845435115
A2-3,505,0 °C,06-02-17_10.43 0degC_HWFET_Pan18650PF,gate_nu,12.069086925917896
A2-3,505,0 °C,06-02-17_10.43 0degC_HWFET_Pan18650PF,gate_P,13.07127246760469
A2-3,505,0 °C,06-02-17_10.43 0degC_HWFET_Pan18650PF,clip_2,11.981820543917596
A2-3,505,0 °C,06-02-17_10.43 0degC_HWFET_Pan18650PF,clip_5,11.23028580927882
A2-3,606,0 °C,06-02-17_10.43 0degC_HWFET_Pan18650PF,base,11.19737498027252
A2-3,606,0 °C,06-02-17_10.43 0degC_HWFET_Pan18650PF,no_corr,13.137585436477575
A2-3,606,0 °C,06-02-17_10.43 0degC_HWFET_Pan18650PF,scale_0.5,12.151728449517135
A2-3,606,0 °C,06-02-17_10.43 0degC_HWFET_Pan18650PF,scale_1.5,10.28329993388252
A2-3,606,0 °C,06-02-17_10.43 0degC_HWFET_Pan18650PF,gate_nu,12.096733193501965
A2-3,606,0 °C,06-02-17_10.43 0degC_HWFET_Pan18650PF,gate_P,13.076723288565216
A2-3,606,0 °C,06-02-17_10.43 0degC_HWFET_Pan18650PF,clip_2,11.701239276429453
A2-3,606,0 °C,06-02-17_10.43 0degC_HWFET_Pan18650PF,clip_5,11.20546255097444
A2-3,707,0 °C,06-02-17_10.43 0degC_HWFET_Pan18650PF,base,11.023280711571196
A2-3,707,0 °C,06-02-17_10.43 0degC_HWFET_Pan18650PF,no_corr,13.137585436477575
A2-3,707,0 °C,06-02-17_10.43 0degC_HWFET_Pan18650PF,scale_0.5,12.052288022480345
A2-3,707,0 °C,06-02-17_10.43 0degC_HWFET_Pan18650PF,scale_1.5,10.067838113345113
A2-3,707,0 °C,06-02-17_10.43 0degC_HWFET_Pan18650PF,gate_nu,11.986502591324102
A2-3,707,0 °C,06-02-17_10.43 0degC_HWFET_Pan18650PF,gate_P,13.069482771143859
A2-3,707,0 °C,06-02-17_10.43 0degC_HWFET_Pan18650PF,clip_2,11.818505330377961
A2-3,707,0 °C,06-02-17_10.43 0degC_HWFET_Pan18650PF,clip_5,11.044561164858754
A2-3,7,0 °C,06-02-17_17.14 0degC_UDDS_Pan18650PF,base,7.779474115753339
A2-3,7,0 °C,06-02-17_17.14 0degC_UDDS_Pan18650PF,no_corr,9.003676459264872
A2-3,7,0 °C,06-02-17_17.14 0degC_UDDS_Pan18650PF,scale_0.5,8.382279353546137
A2-3,7,0 °C,06-02-17_17.14 0degC_UDDS_Pan18650PF,scale_1.5,7.199932003186721
A2-3,7,0 °C,06-02-17_17.14 0degC_UDDS_Pan18650PF,gate_nu,8.314584491693942
A2-3,7,0 °C,06-02-17_17.14 0degC_UDDS_Pan18650PF,gate_P,8.959654151254876
A2-3,7,0 °C,06-02-17_17.14 0degC_UDDS_Pan18650PF,clip_2,7.883766965590881
A2-3,7,0 °C,06-02-17_17.14 0degC_UDDS_Pan18650PF,clip_5,7.779474115753339
A2-3,13,0 °C,06-02-17_17.14 0degC_UDDS_Pan18650PF,base,8.410028963614137
A2-3,13,0 °C,06-02-17_17.14 0degC_UDDS_Pan18650PF,no_corr,9.003676459264872
A2-3,13,0 °C,06-02-17_17.14 0degC_UDDS_Pan18650PF,scale_0.5,8.684523898062837
A2-3,13,0 °C,06-02-17_17.14 0degC_UDDS_Pan18650PF,scale_1.5,8.184686022770535
A2-3,13,0 °C,06-02-17_17.14 0degC_UDDS_Pan18650PF,gate_nu,8.658146220413359
A2-3,13,0 °C,06-02-17_17.14 0degC_UDDS_Pan18650PF,gate_P,8.973887454610564
A2-3,13,0 °C,06-02-17_17.14 0degC_UDDS_Pan18650PF,clip_2,8.470905118955967
A2-3,13,0 °C,06-02-17_17.14 0degC_UDDS_Pan18650PF,clip_5,8.410028963614137
A2-3,42,0 °C,06-02-17_17.14 0degC_UDDS_Pan18650PF,base,8.246368160557816
A2-3,42,0 °C,06-02-17_17.14 0degC_UDDS_Pan18650PF,no_corr,9.003676459264872
A2-3,42,0 °C,06-02-17_17.14 0degC_UDDS_Pan18650PF,scale_0.5,8.60403069945271
A2-3,42,0 °C,06-02-17_17.14 0degC_UDDS_Pan18650PF,scale_1.5,7.936366956554954
A2-3,42,0 °C,06-02-17_17.14 0degC_UDDS_Pan18650PF,gate_nu,8.570445459078785
A2-3,42,0 °C,06-02-17_17.14 0degC_UDDS_Pan18650PF,gate_P,8.969759477733854
A2-3,42,0 °C,06-02-17_17.14 0degC_UDDS_Pan18650PF,clip_2,8.309612322394711
A2-3,42,0 °C,06-02-17_17.14 0degC_UDDS_Pan18650PF,clip_5,8.246368160557816
A2-3,101,0 °C,06-02-17_17.14 0degC_UDDS_Pan18650PF,base,7.951557023993173
A2-3,101,0 °C,06-02-17_17.14 0degC_UDDS_Pan18650PF,no_corr,9.003676459264872
A2-3,101,0 °C,06-02-17_17.14 0degC_UDDS_Pan18650PF,scale_0.5,8.454295910432643
A2-3,101,0 °C,06-02-17_17.14 0degC_UDDS_Pan18650PF,scale_1.5,7.504839045970795
A2-3,101,0 °C,06-02-17_17.14 0degC_UDDS_Pan18650PF,gate_nu,8.414343075304204
A2-3,101,0 °C,06-02-17_17.14 0degC_UDDS_Pan18650PF,gate_P,8.959811058252486
A2-3,101,0 °C,06-02-17_17.14 0degC_UDDS_Pan18650PF,clip_2,8.16728504523799
A2-3,101,0 °C,06-02-17_17.14 0degC_UDDS_Pan18650PF,clip_5,7.952024923158202
A2-3,202,0 °C,06-02-17_17.14 0degC_UDDS_Pan18650PF,base,7.4209101686941334
A2-3,202,0 °C,06-02-17_17.14 0degC_UDDS_Pan18650PF,no_corr,9.003676459264872
A2-3,202,0 °C,06-02-17_17.14 0degC_UDDS_Pan18650PF,scale_0.5,8.201038136233917
A2-3,202,0 °C,06-02-17_17.14 0degC_UDDS_Pan18650PF,scale_1.5,6.671194305963701
A2-3,202,0 °C,06-02-17_17.14 0degC_UDDS_Pan18650PF,gate_nu,8.134060327796748
A2-3,202,0 °C,06-02-17_17.14 0degC_UDDS_Pan18650PF,gate_P,8.948718193151405
A2-3,202,0 °C,06-02-17_17.14 0degC_UDDS_Pan18650PF,clip_2,7.660967634228082
A2-3,202,0 °C,06-02-17_17.14 0degC_UDDS_Pan18650PF,clip_5,7.42356534702036
A2-3,303,0 °C,06-02-17_17.14 0degC_UDDS_Pan18650PF,base,8.293850494490883
A2-3,303,0 °C,06-02-17_17.14 0degC_UDDS_Pan18650PF,no_corr,9.003676459264872
A2-3,303,0 °C,06-02-17_17.14 0degC_UDDS_Pan18650PF,scale_0.5,8.632199036738891
A2-3,303,0 °C,06-02-17_17.14 0degC_UDDS_Pan18650PF,scale_1.5,7.992839120817934
A2-3,303,0 °C,06-02-17_17.14 0degC_UDDS_Pan18650PF,gate_nu,8.616580806122789
A2-3,303,0 °C,06-02-17_17.14 0degC_UDDS_Pan18650PF,gate_P,8.972410682839374
A2-3,303,0 °C,06-02-17_17.14 0degC_UDDS_Pan18650PF,clip_2,8.360246100781787
A2-3,303,0 °C,06-02-17_17.14 0degC_UDDS_Pan18650PF,clip_5,8.29417634451973
A2-3,404,0 °C,06-02-17_17.14 0degC_UDDS_Pan18650PF,base,8.114592450538774
A2-3,404,0 °C,06-02-17_17.14 0degC_UDDS_Pan18650PF,no_corr,9.003676459264872
A2-3,404,0 °C,06-02-17_17.14 0degC_UDDS_Pan18650PF,scale_0.5,8.54521659408275
A2-3,404,0 °C,06-02-17_17.14 0degC_UDDS_Pan18650PF,scale_1.5,7.716465626546259
A2-3,404,0 °C,06-02-17_17.14 0degC_UDDS_Pan18650PF,gate_nu,8.507825428275199
A2-3,404,0 °C,06-02-17_17.14 0degC_UDDS_Pan18650PF,gate_P,8.967839633462797
A2-3,404,0 °C,06-02-17_17.14 0degC_UDDS_Pan18650PF,clip_2,8.15907548066539
A2-3,404,0 °C,06-02-17_17.14 0degC_UDDS_Pan18650PF,clip_5,8.114592450538774
A2-3,505,0 °C,06-02-17_17.14 0degC_UDDS_Pan18650PF,base,8.02499827514739
A2-3,505,0 °C,06-02-17_17.14 0degC_UDDS_Pan18650PF,no_corr,9.003676459264872
A2-3,505,0 °C,06-02-17_17.14 0degC_UDDS_Pan18650PF,scale_0.5,8.488431110326133
A2-3,505,0 °C,06-02-17_17.14 0degC_UDDS_Pan18650PF,scale_1.5,7.622833699624019
A2-3,505,0 °C,06-02-17_17.14 0degC_UDDS_Pan18650PF,gate_nu,8.451101880535932
A2-3,505,0 °C,06-02-17_17.14 0degC_UDDS_Pan18650PF,gate_P,8.961087497807894
A2-3,505,0 °C,06-02-17_17.14 0degC_UDDS_Pan18650PF,clip_2,8.270810745969879
A2-3,505,0 °C,06-02-17_17.14 0degC_UDDS_Pan18650PF,clip_5,8.025933250693816
A2-3,606,0 °C,06-02-17_17.14 0degC_UDDS_Pan18650PF,base,8.054599067141865
A2-3,606,0 °C,06-02-17_17.14 0degC_UDDS_Pan18650PF,no_corr,9.003676459264872
A2-3,606,0 °C,06-02-17_17.14 0degC_UDDS_Pan18650PF,scale_0.5,8.515035809077103
A2-3,606,0 °C,06-02-17_17.14 0degC_UDDS_Pan18650PF,scale_1.5,7.62747557787711
A2-3,606,0 °C,06-02-17_17.14 0degC_UDDS_Pan18650PF,gate_nu,8.475915611889894
A2-3,606,0 °C,06-02-17_17.14 0degC_UDDS_Pan18650PF,gate_P,8.966225653560667
A2-3,606,0 °C,06-02-17_17.14 0degC_UDDS_Pan18650PF,clip_2,8.112340383792116
A2-3,606,0 °C,06-02-17_17.14 0degC_UDDS_Pan18650PF,clip_5,8.054674105257428
A2-3,707,0 °C,06-02-17_17.14 0degC_UDDS_Pan18650PF,base,7.92604988136064
A2-3,707,0 °C,06-02-17_17.14 0degC_UDDS_Pan18650PF,no_corr,9.003676459264872
A2-3,707,0 °C,06-02-17_17.14 0degC_UDDS_Pan18650PF,scale_0.5,8.43622796250562
A2-3,707,0 °C,06-02-17_17.14 0degC_UDDS_Pan18650PF,scale_1.5,7.484862271668837
A2-3,707,0 °C,06-02-17_17.14 0degC_UDDS_Pan18650PF,gate_nu,8.389508893998023
A2-3,707,0 °C,06-02-17_17.14 0degC_UDDS_Pan18650PF,gate_P,8.95768589900977
A2-3,707,0 °C,06-02-17_17.14 0degC_UDDS_Pan18650PF,clip_2,8.196164174883934
A2-3,707,0 °C,06-02-17_17.14 0degC_UDDS_Pan18650PF,clip_5,7.92604988136064
A2-3,7,−10 °C,06-07-17_08.39 n10degC_HWFET_Pan18650PF,base,6.533112297079965
A2-3,7,−10 °C,06-07-17_08.39 n10degC_HWFET_Pan18650PF,no_corr,7.362036423166144
A2-3,7,−10 °C,06-07-17_08.39 n10degC_HWFET_Pan18650PF,scale_0.5,6.940218230066759
A2-3,7,−10 °C,06-07-17_08.39 n10degC_HWFET_Pan18650PF,scale_1.5,6.143644023065858
A2-3,7,−10 °C,06-07-17_08.39 n10degC_HWFET_Pan18650PF,gate_nu,7.002625325441893
A2-3,7,−10 °C,06-07-17_08.39 n10degC_HWFET_Pan18650PF,gate_P,7.335338782802176
A2-3,7,−10 °C,06-07-17_08.39 n10degC_HWFET_Pan18650PF,clip_2,6.604494873275868
A2-3,7,−10 °C,06-07-17_08.39 n10degC_HWFET_Pan18650PF,clip_5,6.533112297079965
A2-3,13,−10 °C,06-07-17_08.39 n10degC_HWFET_Pan18650PF,base,6.921971968369861
A2-3,13,−10 °C,06-07-17_08.39 n10degC_HWFET_Pan18650PF,no_corr,7.362036423166144
A2-3,13,−10 °C,06-07-17_08.39 n10degC_HWFET_Pan18650PF,scale_0.5,7.093188051143183
A2-3,13,−10 °C,06-07-17_08.39 n10degC_HWFET_Pan18650PF,scale_1.5,6.855706957595287
A2-3,13,−10 °C,06-07-17_08.39 n10degC_HWFET_Pan18650PF,gate_nu,7.187321623822251
A2-3,13,−10 °C,06-07-17_08.39 n10degC_HWFET_Pan18650PF,gate_P,7.341494608093253
A2-3,13,−10 °C,06-07-17_08.39 n10degC_HWFET_Pan18650PF,clip_2,6.9881366137292655
A2-3,13,−10 °C,06-07-17_08.39 n10degC_HWFET_Pan18650PF,clip_5,6.921971968369861
A2-3,42,−10 °C,06-07-17_08.39 n10degC_HWFET_Pan18650PF,base,6.74303115038001
A2-3,42,−10 °C,06-07-17_08.39 n10degC_HWFET_Pan18650PF,no_corr,7.362036423166144
A2-3,42,−10 °C,06-07-17_08.39 n10degC_HWFET_Pan18650PF,scale_0.5,6.984522120332274
A2-3,42,−10 °C,06-07-17_08.39 n10degC_HWFET_Pan18650PF,scale_1.5,6.652393539633174
A2-3,42,−10 °C,06-07-17_08.39 n10degC_HWFET_Pan18650PF,gate_nu,7.145596730687137
A2-3,42,−10 °C,06-07-17_08.39 n10degC_HWFET_Pan18650PF,gate_P,7.335272917262679
A2-3,42,−10 °C,06-07-17_08.39 n10degC_HWFET_Pan18650PF,clip_2,6.817433859661361
A2-3,42,−10 °C,06-07-17_08.39 n10degC_HWFET_Pan18650PF,clip_5,6.74303115038001
A2-3,101,−10 °C,06-07-17_08.39 n10degC_HWFET_Pan18650PF,base,6.392185288391731
A2-3,101,−10 °C,06-07-17_08.39 n10degC_HWFET_Pan18650PF,no_corr,7.362036423166144
A2-3,101,−10 °C,06-07-17_08.39 n10degC_HWFET_Pan18650PF,scale_0.5,6.856536016055967
A2-3,101,−10 °C,06-07-17_08.39 n10degC_HWFET_Pan18650PF,scale_1.5,5.978580113256832
A2-3,101,−10 °C,06-07-17_08.39 n10degC_HWFET_Pan18650PF,gate_nu,6.95828480951371
A2-3,101,−10 °C,06-07-17_08.39 n10degC_HWFET_Pan18650PF,gate_P,7.328429740054736
A2-3,101,−10 °C,06-07-17_08.39 n10degC_HWFET_Pan18650PF,clip_2,6.647138793715257
A2-3,101,−10 °C,06-07-17_08.39 n10degC_HWFET_Pan18650PF,clip_5,6.392185819905076
A2-3,202,−10 °C,06-07-17_08.39 n10degC_HWFET_Pan18650PF,base,5.85802546612955
A2-3,202,−10 °C,06-07-17_08.39 n10degC_HWFET_Pan18650PF,no_corr,7.362036423166144
A2-3,202,−10 °C,06-07-17_08.39 n10degC_HWFET_Pan18650PF,scale_0.5,6.590001013645072
A2-3,202,−10 °C,06-07-17_08.39 n10degC_HWFET_Pan18650PF,scale_1.5,5.1831098112644645
A2-3,202,−10 °C,06-07-17_08.39 n10degC_HWFET_Pan18650PF,gate_nu,6.765822882885519
A2-3,202,−10 °C,06-07-17_08.39 n10degC_HWFET_Pan18650PF,gate_P,7.315177251274061
A2-3,202,−10 °C,06-07-17_08.39 n10degC_HWFET_Pan18650PF,clip_2,6.335234895151242
A2-3,202,−10 °C,06-07-17_08.39 n10degC_HWFET_Pan18650PF,clip_5,5.867403667942856
A2-3,303,−10 °C,06-07-17_08.39 n10degC_HWFET_Pan18650PF,base,6.49232568406659
A2-3,303,−10 °C,06-07-17_08.39 n10degC_HWFET_Pan18650PF,no_corr,7.362036423166144
A2-3,303,−10 °C,06-07-17_08.39 n10degC_HWFET_Pan18650PF,scale_0.5,6.916466609196827
A2-3,303,−10 °C,06-07-17_08.39 n10degC_HWFET_Pan18650PF,scale_1.5,6.094089561276483
A2-3,303,−10 °C,06-07-17_08.39 n10degC_HWFET_Pan18650PF,gate_nu,7.01097043926057
A2-3,303,−10 °C,06-07-17_08.39 n10degC_HWFET_Pan18650PF,gate_P,7.33280231383878
A2-3,303,−10 °C,06-07-17_08.39 n10degC_HWFET_Pan18650PF,clip_2,6.685283823985039
A2-3,303,−10 °C,06-07-17_08.39 n10degC_HWFET_Pan18650PF,clip_5,6.4926393948915635
A2-3,404,−10 °C,06-07-17_08.39 n10degC_HWFET_Pan18650PF,base,6.64173654348305
A2-3,404,−10 °C,06-07-17_08.39 n10degC_HWFET_Pan18650PF,no_corr,7.362036423166144
A2-3,404,−10 °C,06-07-17_08.39 n10degC_HWFET_Pan18650PF,scale_0.5,6.993962569624566
A2-3,404,−10 °C,06-07-17_08.39 n10degC_HWFET_Pan18650PF,scale_1.5,6.3080136302786345
A2-3,404,−10 °C,06-07-17_08.39 n10degC_HWFET_Pan18650PF,gate_nu,7.057722368650845
A2-3,404,−10 °C,06-07-17_08.39 n10degC_HWFET_Pan18650PF,gate_P,7.3375367043406
A2-3,404,−10 °C,06-07-17_08.39 n10degC_HWFET_Pan18650PF,clip_2,6.710529031150377
A2-3,404,−10 °C,06-07-17_08.39 n10degC_HWFET_Pan18650PF,clip_5,6.64173654348305
A2-3,505,−10 °C,06-07-17_08.39 n10degC_HWFET_Pan18650PF,base,6.32625340520584
A2-3,505,−10 °C,06-07-17_08.39 n10degC_HWFET_Pan18650PF,no_corr,7.362036423166144
A2-3,505,−10 °C,06-07-17_08.39 n10degC_HWFET_Pan18650PF,scale_0.5,6.825374534548196
A2-3,505,−10 °C,06-07-17_08.39 n10degC_HWFET_Pan18650PF,scale_1.5,5.8742500897912935
A2-3,505,−10 °C,06-07-17_08.39 n10degC_HWFET_Pan18650PF,gate_nu,6.922376455651151
A2-3,505,−10 °C,06-07-17_08.39 n10degC_HWFET_Pan18650PF,gate_P,7.325852440340925
A2-3,505,−10 °C,06-07-17_08.39 n10degC_HWFET_Pan18650PF,clip_2,6.676527600952764
A2-3,505,−10 °C,06-07-17_08.39 n10degC_HWFET_Pan18650PF,clip_5,6.3328188368956
A2-3,606,−10 °C,06-07-17_08.39 n10degC_HWFET_Pan18650PF,base,6.426282299994879
A2-3,606,−10 °C,06-07-17_08.39 n10degC_HWFET_Pan18650PF,no_corr,7.362036423166144
A2-3,606,−10 °C,06-07-17_08.39 n10degC_HWFET_Pan18650PF,scale_0.5,6.883451761583305
A2-3,606,−10 °C,06-07-17_08.39 n10degC_HWFET_Pan18650PF,scale_1.5,5.995428960370336
A2-3,606,−10 °C,06-07-17_08.39 n10degC_HWFET_Pan18650PF,gate_nu,6.975074335684797
A2-3,606,−10 °C,06-07-17_08.39 n10degC_HWFET_Pan18650PF,gate_P,7.331441457594434
A2-3,606,−10 °C,06-07-17_08.39 n10degC_HWFET_Pan18650PF,clip_2,6.583796325337925
A2-3,606,−10 °C,06-07-17_08.39 n10degC_HWFET_Pan18650PF,clip_5,6.426282299994879
A2-3,707,−10 °C,06-07-17_08.39 n10degC_HWFET_Pan18650PF,base,6.4561392773854145
A2-3,707,−10 °C,06-07-17_08.39 n10degC_HWFET_Pan18650PF,no_corr,7.362036423166144
A2-3,707,−10 °C,06-07-17_08.39 n10degC_HWFET_Pan18650PF,scale_0.5,6.861047361102517
A2-3,707,−10 °C,06-07-17_08.39 n10degC_HWFET_Pan18650PF,scale_1.5,6.166268783381618
A2-3,707,−10 °C,06-07-17_08.39 n10degC_HWFET_Pan18650PF,gate_nu,6.993621226441358
A2-3,707,−10 °C,06-07-17_08.39 n10degC_HWFET_Pan18650PF,gate_P,7.3278855981883035
A2-3,707,−10 °C,06-07-17_08.39 n10degC_HWFET_Pan18650PF,clip_2,6.728434726817183
A2-3,707,−10 °C,06-07-17_08.39 n10degC_HWFET_Pan18650PF,clip_5,6.4561392773854145
A2-3,7,−10 °C,06-07-17_08.39 n10degC_LA92_Pan18650PF,base,7.081614464138554
A2-3,7,−10 °C,06-07-17_08.39 n10degC_LA92_Pan18650PF,no_corr,7.855874573010308
A2-3,7,−10 °C,06-07-17_08.39 n10degC_LA92_Pan18650PF,scale_0.5,7.4618245278573525
A2-3,7,−10 °C,06-07-17_08.39 n10degC_LA92_Pan18650PF,scale_1.5,6.717594787993611
A2-3,7,−10 °C,06-07-17_08.39 n10degC_LA92_Pan18650PF,gate_nu,7.537213839494693
A2-3,7,−10 °C,06-07-17_08.39 n10degC_LA92_Pan18650PF,gate_P,7.827842992672591
A2-3,7,−10 °C,06-07-17_08.39 n10degC_LA92_Pan18650PF,clip_2,7.122630468246129
A2-3,7,−10 °C,06-07-17_08.39 n10degC_LA92_Pan18650PF,clip_5,7.081614464138554
A2-3,13,−10 °C,06-07-17_08.39 n10degC_LA92_Pan18650PF,base,7.680135882382715
A2-3,13,−10 °C,06-07-17_08.39 n10degC_LA92_Pan18650PF,no_corr,7.855874573010308
A2-3,13,−10 °C,06-07-17_08.39 n10degC_LA92_Pan18650PF,scale_0.5,7.726795314134409
A2-3,13,−10 °C,06-07-17_08.39 n10degC_LA92_Pan18650PF,scale_1.5,7.717391355639842
A2-3,13,−10 °C,06-07-17_08.39 n10degC_LA92_Pan18650PF,gate_nu,7.800469450833595
A2-3,13,−10 °C,06-07-17_08.39 n10degC_LA92_Pan18650PF,gate_P,7.842281274517164
A2-3,13,−10 °C,06-07-17_08.39 n10degC_LA92_Pan18650PF,clip_2,7.6951805712439825
A2-3,13,−10 °C,06-07-17_08.39 n10degC_LA92_Pan18650PF,clip_5,7.680135882382715
A2-3,42,−10 °C,06-07-17_08.39 n10degC_LA92_Pan18650PF,base,7.5043713986877805
A2-3,42,−10 °C,06-07-17_08.39 n10degC_LA92_Pan18650PF,no_corr,7.855874573010308
A2-3,42,−10 °C,06-07-17_08.39 n10degC_LA92_Pan18650PF,scale_0.5,7.626259400476539
A2-3,42,−10 °C,06-07-17_08.39 n10degC_LA92_Pan18650PF,scale_1.5,7.495467847255428
A2-3,42,−10 °C,06-07-17_08.39 n10degC_LA92_Pan18650PF,gate_nu,7.7630578462131705
A2-3,42,−10 °C,06-07-17_08.39 n10degC_LA92_Pan18650PF,gate_P,7.8361845033398625
A2-3,42,−10 °C,06-07-17_08.39 n10degC_LA92_Pan18650PF,clip_2,7.492675367455833
A2-3,42,−10 °C,06-07-17_08.39 n10degC_LA92_Pan18650PF,clip_5,7.5043713986877805
A2-3,101,−10 °C,06-07-17_08.39 n10degC_LA92_Pan18650PF,base,7.1893524046980115
A2-3,101,−10 °C,06-07-17_08.39 n10degC_LA92_Pan18650PF,no_corr,7.855874573010308
A2-3,101,−10 °C,06-07-17_08.39 n10degC_LA92_Pan18650PF,scale_0.5,7.504638640385541
A2-3,101,−10 °C,06-07-17_08.39 n10degC_LA92_Pan18650PF,scale_1.5,6.914934992378267
A2-3,101,−10 °C,06-07-17_08.39 n10degC_LA92_Pan18650PF,gate_nu,7.612077456690353
A2-3,101,−10 °C,06-07-17_08.39 n10degC_LA92_Pan18650PF,gate_P,7.828631594961623
A2-3,101,−10 °C,06-07-17_08.39 n10degC_LA92_Pan18650PF,clip_2,7.302199839471221
A2-3,101,−10 °C,06-07-17_08.39 n10degC_LA92_Pan18650PF,clip_5,7.192323406650656
A2-3,202,−10 °C,06-07-17_08.39 n10degC_LA92_Pan18650PF,base,6.656300570567646
A2-3,202,−10 °C,06-07-17_08.39 n10degC_LA92_Pan18650PF,no_corr,7.855874573010308
A2-3,202,−10 °C,06-07-17_08.39 n10degC_LA92_Pan18650PF,scale_0.5,7.2378977257448
A2-3,202,−10 °C,06-07-17_08.39 n10degC_LA92_Pan18650PF,scale_1.5,6.121461156106654
A2-3,202,−10 °C,06-07-17_08.39 n10degC_LA92_Pan18650PF,gate_nu,7.412059099082587
A2-3,202,−10 °C,06-07-17_08.39 n10degC_LA92_Pan18650PF,gate_P,7.8134766472841095
A2-3,202,−10 °C,06-07-17_08.39 n10degC_LA92_Pan18650PF,clip_2,6.87458742865908
A2-3,202,−10 °C,06-07-17_08.39 n10degC_LA92_Pan18650PF,clip_5,6.676060230072877
A2-3,303,−10 °C,06-07-17_08.39 n10degC_LA92_Pan18650PF,base,7.299830468184248
A2-3,303,−10 °C,06-07-17_08.39 n10degC_LA92_Pan18650PF,no_corr,7.855874573010308
A2-3,303,−10 °C,06-07-17_08.39 n10degC_LA92_Pan18650PF,scale_0.5,7.5674320068946335
A2-3,303,−10 °C,06-07-17_08.39 n10degC_LA92_Pan18650PF,scale_1.5,7.055441756197039
A2-3,303,−10 °C,06-07-17_08.39 n10degC_LA92_Pan18650PF,gate_nu,7.676947053301349
A2-3,303,−10 °C,06-07-17_08.39 n10degC_LA92_Pan18650PF,gate_P,7.833606845622364
A2-3,303,−10 °C,06-07-17_08.39 n10degC_LA92_Pan18650PF,clip_2,7.387585355340913
A2-3,303,−10 °C,06-07-17_08.39 n10degC_LA92_Pan18650PF,clip_5,7.306913497753027
A2-3,404,−10 °C,06-07-17_08.39 n10degC_LA92_Pan18650PF,base,7.27725762595258
A2-3,404,−10 °C,06-07-17_08.39 n10degC_LA92_Pan18650PF,no_corr,7.855874573010308
A2-3,404,−10 °C,06-07-17_08.39 n10degC_LA92_Pan18650PF,scale_0.5,7.5590132252456215
A2-3,404,−10 °C,06-07-17_08.39 n10degC_LA92_Pan18650PF,scale_1.5,7.012428835199232
A2-3,404,−10 °C,06-07-17_08.39 n10degC_LA92_Pan18650PF,gate_nu,7.636016816067892
A2-3,404,−10 °C,06-07-17_08.39 n10degC_LA92_Pan18650PF,gate_P,7.833343878507208
A2-3,404,−10 °C,06-07-17_08.39 n10degC_LA92_Pan18650PF,clip_2,7.30026392733391
A2-3,404,−10 °C,06-07-17_08.39 n10degC_LA92_Pan18650PF,clip_5,7.27725762595258
A2-3,505,−10 °C,06-07-17_08.39 n10degC_LA92_Pan18650PF,base,7.191566808415163
A2-3,505,−10 °C,06-07-17_08.39 n10degC_LA92_Pan18650PF,no_corr,7.855874573010308
A2-3,505,−10 °C,06-07-17_08.39 n10degC_LA92_Pan18650PF,scale_0.5,7.507577857481541
A2-3,505,−10 °C,06-07-17_08.39 n10degC_LA92_Pan18650PF,scale_1.5,6.9122708930574195
A2-3,505,−10 °C,06-07-17_08.39 n10degC_LA92_Pan18650PF,gate_nu,7.608228942233127
A2-3,505,−10 °C,06-07-17_08.39 n10degC_LA92_Pan18650PF,gate_P,7.828313881173979
A2-3,505,−10 °C,06-07-17_08.39 n10degC_LA92_Pan18650PF,clip_2,7.345816105747758
A2-3,505,−10 °C,06-07-17_08.39 n10degC_LA92_Pan18650PF,clip_5,7.201158010726182
A2-3,606,−10 °C,06-07-17_08.39 n10degC_LA92_Pan18650PF,base,7.148363330126036
A2-3,606,−10 °C,06-07-17_08.39 n10degC_LA92_Pan18650PF,no_corr,7.855874573010308
A2-3,606,−10 °C,06-07-17_08.39 n10degC_LA92_Pan18650PF,scale_0.5,7.492209205974245
A2-3,606,−10 °C,06-07-17_08.39 n10degC_LA92_Pan18650PF,scale_1.5,6.827332120045843
A2-3,606,−10 °C,06-07-17_08.39 n10degC_LA92_Pan18650PF,gate_nu,7.598885735008547
A2-3,606,−10 °C,06-07-17_08.39 n10degC_LA92_Pan18650PF,gate_P,7.829076642920157
A2-3,606,−10 °C,06-07-17_08.39 n10degC_LA92_Pan18650PF,clip_2,7.21505147565366
A2-3,606,−10 °C,06-07-17_08.39 n10degC_LA92_Pan18650PF,clip_5,7.149743827532987
A2-3,707,−10 °C,06-07-17_08.39 n10degC_LA92_Pan18650PF,base,7.346371325570724
A2-3,707,−10 °C,06-07-17_08.39 n10degC_LA92_Pan18650PF,no_corr,7.855874573010308
A2-3,707,−10 °C,06-07-17_08.39 n10degC_LA92_Pan18650PF,scale_0.5,7.559547946091238
A2-3,707,−10 °C,06-07-17_08.39 n10degC_LA92_Pan18650PF,scale_1.5,7.22370990480431
A2-3,707,−10 °C,06-07-17_08.39 n10degC_LA92_Pan18650PF,gate_nu,7.663735211771542
A2-3,707,−10 °C,06-07-17_08.39 n10degC_LA92_Pan18650PF,gate_P,7.830937625954074
A2-3,707,−10 °C,06-07-17_08.39 n10degC_LA92_Pan18650PF,clip_2,7.452948515005856
A2-3,707,−10 °C,06-07-17_08.39 n10degC_LA92_Pan18650PF,clip_5,7.346371325570724
A2-3,7,−10 °C,06-07-17_08.39 n10degC_UDDS_Pan18650PF,base,8.520352286376692
A2-3,7,−10 °C,06-07-17_08.39 n10degC_UDDS_Pan18650PF,no_corr,9.30015758791419
A2-3,7,−10 °C,06-07-17_08.39 n10degC_UDDS_Pan18650PF,scale_0.5,8.904468078817944
A2-3,7,−10 °C,06-07-17_08.39 n10degC_UDDS_Pan18650PF,scale_1.5,8.149446919798573
A2-3,7,−10 °C,06-07-17_08.39 n10degC_UDDS_Pan18650PF,gate_nu,8.955456317617177
A2-3,7,−10 °C,06-07-17_08.39 n10degC_UDDS_Pan18650PF,gate_P,9.267530349807522
A2-3,7,−10 °C,06-07-17_08.39 n10degC_UDDS_Pan18650PF,clip_2,8.544868040631705
A2-3,7,−10 °C,06-07-17_08.39 n10degC_UDDS_Pan18650PF,clip_5,8.520352286376692
A2-3,13,−10 °C,06-07-17_08.39 n10degC_UDDS_Pan18650PF,base,9.268042074015392
A2-3,13,−10 °C,06-07-17_08.39 n10degC_UDDS_Pan18650PF,no_corr,9.30015758791419
A2-3,13,−10 °C,06-07-17_08.39 n10degC_UDDS_Pan18650PF,scale_0.5,9.25362851466405
A2-3,13,−10 °C,06-07-17_08.39 n10degC_UDDS_Pan18650PF,scale_1.5,9.34311622280263
A2-3,13,−10 °C,06-07-17_08.39 n10degC_UDDS_Pan18650PF,gate_nu,9.30537317858828
A2-3,13,−10 °C,06-07-17_08.39 n10degC_UDDS_Pan18650PF,gate_P,9.290536501321698
A2-3,13,−10 °C,06-07-17_08.39 n10degC_UDDS_Pan18650PF,clip_2,9.272796597054228
A2-3,13,−10 °C,06-07-17_08.39 n10degC_UDDS_Pan18650PF,clip_5,9.268042074015392
A2-3,42,−10 °C,06-07-17_08.39 n10degC_UDDS_Pan18650PF,base,9.016148968172663
A2-3,42,−10 °C,06-07-17_08.39 n10degC_UDDS_Pan18650PF,no_corr,9.30015758791419
A2-3,42,−10 °C,06-07-17_08.39 n10degC_UDDS_Pan18650PF,scale_0.5,9.119047543196016
A2-3,42,−10 °C,06-07-17_08.39 n10degC_UDDS_Pan18650PF,scale_1.5,8.994146625490165
A2-3,42,−10 °C,06-07-17_08.39 n10degC_UDDS_Pan18650PF,gate_nu,9.212801625944737
A2-3,42,−10 °C,06-07-17_08.39 n10degC_UDDS_Pan18650PF,gate_P,9.280690225326005
A2-3,42,−10 °C,06-07-17_08.39 n10degC_UDDS_Pan18650PF,clip_2,9.005034116509606
A2-3,42,−10 °C,06-07-17_08.39 n10degC_UDDS_Pan18650PF,clip_5,9.016148968172663
A2-3,101,−10 °C,06-07-17_08.39 n10degC_UDDS_Pan18650PF,base,8.723514752797195
A2-3,101,−10 °C,06-07-17_08.39 n10degC_UDDS_Pan18650PF,no_corr,9.30015758791419
A2-3,101,−10 °C,06-07-17_08.39 n10degC_UDDS_Pan18650PF,scale_0.5,8.99696180365683
A2-3,101,−10 °C,06-07-17_08.39 n10degC_UDDS_Pan18650PF,scale_1.5,8.4826938540158
A2-3,101,−10 °C,06-07-17_08.39 n10degC_UDDS_Pan18650PF,gate_nu,9.07079700944247
A2-3,101,−10 °C,06-07-17_08.39 n10degC_UDDS_Pan18650PF,gate_P,9.272089289481956
A2-3,101,−10 °C,06-07-17_08.39 n10degC_UDDS_Pan18650PF,clip_2,8.809324483979035
A2-3,101,−10 °C,06-07-17_08.39 n10degC_UDDS_Pan18650PF,clip_5,8.723514752797195
A2-3,202,−10 °C,06-07-17_08.39 n10degC_UDDS_Pan18650PF,base,8.14398674410332
A2-3,202,−10 °C,06-07-17_08.39 n10degC_UDDS_Pan18650PF,no_corr,9.30015758791419
A2-3,202,−10 °C,06-07-17_08.39 n10degC_UDDS_Pan18650PF,scale_0.5,8.709928383754423
A2-3,202,−10 °C,06-07-17_08.39 n10degC_UDDS_Pan18650PF,scale_1.5,7.607754863860643
A2-3,202,−10 °C,06-07-17_08.39 n10degC_UDDS_Pan18650PF,gate_nu,8.804408531913314
A2-3,202,−10 °C,06-07-17_08.39 n10degC_UDDS_Pan18650PF,gate_P,9.253039926935802
A2-3,202,−10 °C,06-07-17_08.39 n10degC_UDDS_Pan18650PF,clip_2,8.27800779713114
A2-3,202,−10 °C,06-07-17_08.39 n10degC_UDDS_Pan18650PF,clip_5,8.144605753439567
A2-3,303,−10 °C,06-07-17_08.39 n10degC_UDDS_Pan18650PF,base,8.961212401623055
A2-3,303,−10 °C,06-07-17_08.39 n10degC_UDDS_Pan18650PF,no_corr,9.30015758791419
A2-3,303,−10 °C,06-07-17_08.39 n10degC_UDDS_Pan18650PF,scale_0.5,9.123332069720938
A2-3,303,−10 °C,06-07-17_08.39 n10degC_UDDS_Pan18650PF,scale_1.5,8.814610038007581
A2-3,303,−10 °C,06-07-17_08.39 n10degC_UDDS_Pan18650PF,gate_nu,9.183898286891646
A2-3,303,−10 °C,06-07-17_08.39 n10degC_UDDS_Pan18650PF,gate_P,9.283045006656625
A2-3,303,−10 °C,06-07-17_08.39 n10degC_UDDS_Pan18650PF,clip_2,8.984940117284456
A2-3,303,−10 °C,06-07-17_08.39 n10degC_UDDS_Pan18650PF,clip_5,8.961212401623055
A2-3,404,−10 °C,06-07-17_08.39 n10degC_UDDS_Pan18650PF,base,8.806579355380515
A2-3,404,−10 °C,06-07-17_08.39 n10degC_UDDS_Pan18650PF,no_corr,9.30015758791419
A2-3,404,−10 °C,06-07-17_08.39 n10degC_UDDS_Pan18650PF,scale_0.5,9.046402248572644
A2-3,404,−10 °C,06-07-17_08.39 n10degC_UDDS_Pan18650PF,scale_1.5,8.581857028316728
A2-3,404,−10 °C,06-07-17_08.39 n10degC_UDDS_Pan18650PF,gate_nu,9.094971123106177
A2-3,404,−10 °C,06-07-17_08.39 n10degC_UDDS_Pan18650PF,gate_P,9.277113092331128
A2-3,404,−10 °C,06-07-17_08.39 n10degC_UDDS_Pan18650PF,clip_2,8.811880560873208
A2-3,404,−10 °C,06-07-17_08.39 n10degC_UDDS_Pan18650PF,clip_5,8.806579355380515
A2-3,505,−10 °C,06-07-17_08.39 n10degC_UDDS_Pan18650PF,base,8.824480820135701
A2-3,505,−10 °C,06-07-17_08.39 n10degC_UDDS_Pan18650PF,no_corr,9.30015758791419
A2-3,505,−10 °C,06-07-17_08.39 n10degC_UDDS_Pan18650PF,scale_0.5,9.049799187153384
A2-3,505,−10 °C,06-07-17_08.39 n10degC_UDDS_Pan18650PF,scale_1.5,8.626164872124132
A2-3,505,−10 °C,06-07-17_08.39 n10degC_UDDS_Pan18650PF,gate_nu,9.11110280399644
A2-3,505,−10 °C,06-07-17_08.39 n10degC_UDDS_Pan18650PF,gate_P,9.27601871012718
A2-3,505,−10 °C,06-07-17_08.39 n10degC_UDDS_Pan18650PF,clip_2,8.910607906296871
A2-3,505,−10 °C,06-07-17_08.39 n10degC_UDDS_Pan18650PF,clip_5,8.824692336403444
A2-3,606,−10 °C,06-07-17_08.39 n10degC_UDDS_Pan18650PF,base,8.717668577974148
A2-3,606,−10 °C,06-07-17_08.39 n10degC_UDDS_Pan18650PF,no_corr,9.30015758791419
A2-3,606,−10 °C,06-07-17_08.39 n10degC_UDDS_Pan18650PF,scale_0.5,9.000730352873893
A2-3,606,−10 °C,06-07-17_08.39 n10degC_UDDS_Pan18650PF,scale_1.5,8.452616566024224
A2-3,606,−10 °C,06-07-17_08.39 n10degC_UDDS_Pan18650PF,gate_nu,9.060334554426628
A2-3,606,−10 °C,06-07-17_08.39 n10degC_UDDS_Pan18650PF,gate_P,9.273808023895675
A2-3,606,−10 °C,06-07-17_08.39 n10degC_UDDS_Pan18650PF,clip_2,8.737690228513
A2-3,606,−10 °C,06-07-17_08.39 n10degC_UDDS_Pan18650PF,clip_5,8.717668577974148
A2-3,707,−10 °C,06-07-17_08.39 n10degC_UDDS_Pan18650PF,base,8.880804110211669
A2-3,707,−10 °C,06-07-17_08.39 n10degC_UDDS_Pan18650PF,no_corr,9.30015758791419
A2-3,707,−10 °C,06-07-17_08.39 n10degC_UDDS_Pan18650PF,scale_0.5,9.05821673178782
A2-3,707,−10 °C,06-07-17_08.39 n10degC_UDDS_Pan18650PF,scale_1.5,8.771835895438686
A2-3,707,−10 °C,06-07-17_08.39 n10degC_UDDS_Pan18650PF,gate_nu,9.13083915072685
A2-3,707,−10 °C,06-07-17_08.39 n10degC_UDDS_Pan18650PF,gate_P,9.275103656986984
A2-3,707,−10 °C,06-07-17_08.39 n10degC_UDDS_Pan18650PF,clip_2,8.965493317481283
A2-3,707,−10 °C,06-07-17_08.39 n10degC_UDDS_Pan18650PF,clip_5,8.880804110211669
A2-3,7,−10 °C,06-07-17_08.39 n10degC_US06_Pan18650PF,base,4.164861086559385
A2-3,7,−10 °C,06-07-17_08.39 n10degC_US06_Pan18650PF,no_corr,4.97815248819668
A2-3,7,−10 °C,06-07-17_08.39 n10degC_US06_Pan18650PF,scale_0.5,4.559915506861775
A2-3,7,−10 °C,06-07-17_08.39 n10degC_US06_Pan18650PF,scale_1.5,3.800225981747426
A2-3,7,−10 °C,06-07-17_08.39 n10degC_US06_Pan18650PF,gate_nu,4.637027976475144
A2-3,7,−10 °C,06-07-17_08.39 n10degC_US06_Pan18650PF,gate_P,4.959317386376007
A2-3,7,−10 °C,06-07-17_08.39 n10degC_US06_Pan18650PF,clip_2,4.27535179598408
A2-3,7,−10 °C,06-07-17_08.39 n10degC_US06_Pan18650PF,clip_5,4.164861086559385
A2-3,13,−10 °C,06-07-17_08.39 n10degC_US06_Pan18650PF,base,4.540684177741339
A2-3,13,−10 °C,06-07-17_08.39 n10degC_US06_Pan18650PF,no_corr,4.97815248819668
A2-3,13,−10 °C,06-07-17_08.39 n10degC_US06_Pan18650PF,scale_0.5,4.6802706885536125
A2-3,13,−10 °C,06-07-17_08.39 n10degC_US06_Pan18650PF,scale_1.5,4.573908549880113
A2-3,13,−10 °C,06-07-17_08.39 n10degC_US06_Pan18650PF,gate_nu,4.822126316411389
A2-3,13,−10 °C,06-07-17_08.39 n10degC_US06_Pan18650PF,gate_P,4.962580184975668
A2-3,13,−10 °C,06-07-17_08.39 n10degC_US06_Pan18650PF,clip_2,4.632194919771005
A2-3,13,−10 °C,06-07-17_08.39 n10degC_US06_Pan18650PF,clip_5,4.540684177741339
A2-3,42,−10 °C,06-07-17_08.39 n10degC_US06_Pan18650PF,base,4.560537488861353
A2-3,42,−10 °C,06-07-17_08.39 n10degC_US06_Pan18650PF,no_corr,4.97815248819668
A2-3,42,−10 °C,06-07-17_08.39 n10degC_US06_Pan18650PF,scale_0.5,4.654890038308053
A2-3,42,−10 °C,06-07-17_08.39 n10degC_US06_Pan18650PF,scale_1.5,4.708875126478221
A2-3,42,−10 °C,06-07-17_08.39 n10degC_US06_Pan18650PF,gate_nu,4.886918088377293
A2-3,42,−10 °C,06-07-17_08.39 n10degC_US06_Pan18650PF,gate_P,4.9609898965525
A2-3,42,−10 °C,06-07-17_08.39 n10degC_US06_Pan18650PF,clip_2,4.578379500222721
A2-3,42,−10 °C,06-07-17_08.39 n10degC_US06_Pan18650PF,clip_5,4.560537488861353
A2-3,101,−10 °C,06-07-17_08.39 n10degC_US06_Pan18650PF,base,4.121724388257877
A2-3,101,−10 °C,06-07-17_08.39 n10degC_US06_Pan18650PF,no_corr,4.97815248819668
A2-3,101,−10 °C,06-07-17_08.39 n10degC_US06_Pan18650PF,scale_0.5,4.520414172938217
A2-3,101,−10 °C,06-07-17_08.39 n10degC_US06_Pan18650PF,scale_1.5,3.8007111314193613
A2-3,101,−10 °C,06-07-17_08.39 n10degC_US06_Pan18650PF,gate_nu,4.639659483065891
A2-3,101,−10 °C,06-07-17_08.39 n10degC_US06_Pan18650PF,gate_P,4.956646338581971
A2-3,101,−10 °C,06-07-17_08.39 n10degC_US06_Pan18650PF,clip_2,4.347829066083505
A2-3,101,−10 °C,06-07-17_08.39 n10degC_US06_Pan18650PF,clip_5,4.125092492727288
A2-3,202,−10 °C,06-07-17_08.39 n10degC_US06_Pan18650PF,base,3.6941818966103925
A2-3,202,−10 °C,06-07-17_08.39 n10degC_US06_Pan18650PF,no_corr,4.97815248819668
A2-3,202,−10 °C,06-07-17_08.39 n10degC_US06_Pan18650PF,scale_0.5,4.30059080743012
A2-3,202,−10 °C,06-07-17_08.39 n10degC_US06_Pan18650PF,scale_1.5,3.199640287869068
A2-3,202,−10 °C,06-07-17_08.39 n10degC_US06_Pan18650PF,gate_nu,4.525164578552574
A2-3,202,−10 °C,06-07-17_08.39 n10degC_US06_Pan18650PF,gate_P,4.948374359188278
A2-3,202,−10 °C,06-07-17_08.39 n10degC_US06_Pan18650PF,clip_2,4.109266149222508
A2-3,202,−10 °C,06-07-17_08.39 n10degC_US06_Pan18650PF,clip_5,3.7373126071579867
A2-3,303,−10 °C,06-07-17_08.39 n10degC_US06_Pan18650PF,base,4.041362155141107
A2-3,303,−10 °C,06-07-17_08.39 n10degC_US06_Pan18650PF,no_corr,4.97815248819668
A2-3,303,−10 °C,06-07-17_08.39 n10degC_US06_Pan18650PF,scale_0.5,4.49468850912587
A2-3,303,−10 °C,06-07-17_08.39 n10degC_US06_Pan18650PF,scale_1.5,3.629483716237128
A2-3,303,−10 °C,06-07-17_08.39 n10degC_US06_Pan18650PF,gate_nu,4.635387950707297
A2-3,303,−10 °C,06-07-17_08.39 n10degC_US06_Pan18650PF,gate_P,4.955867396873575
A2-3,303,−10 °C,06-07-17_08.39 n10degC_US06_Pan18650PF,clip_2,4.285842557210299
A2-3,303,−10 °C,06-07-17_08.39 n10degC_US06_Pan18650PF,clip_5,4.061093542832347
A2-3,404,−10 °C,06-07-17_08.39 n10degC_US06_Pan18650PF,base,4.200708621717618
A2-3,404,−10 °C,06-07-17_08.39 n10degC_US06_Pan18650PF,no_corr,4.97815248819668
A2-3,404,−10 °C,06-07-17_08.39 n10degC_US06_Pan18650PF,scale_0.5,4.578665159013802
A2-3,404,−10 °C,06-07-17_08.39 n10degC_US06_Pan18650PF,scale_1.5,3.850628139007921
A2-3,404,−10 °C,06-07-17_08.39 n10degC_US06_Pan18650PF,gate_nu,4.6771833367682705
A2-3,404,−10 °C,06-07-17_08.39 n10degC_US06_Pan18650PF,gate_P,4.959646097141939
A2-3,404,−10 °C,06-07-17_08.39 n10degC_US06_Pan18650PF,clip_2,4.320559111308953
A2-3,404,−10 °C,06-07-17_08.39 n10degC_US06_Pan18650PF,clip_5,4.200863376937241
A2-3,505,−10 °C,06-07-17_08.39 n10degC_US06_Pan18650PF,base,3.9904924201109266
A2-3,505,−10 °C,06-07-17_08.39 n10degC_US06_Pan18650PF,no_corr,4.97815248819668
A2-3,505,−10 °C,06-07-17_08.39 n10degC_US06_Pan18650PF,scale_0.5,4.459588454728861
A2-3,505,−10 °C,06-07-17_08.39 n10degC_US06_Pan18650PF,scale_1.5,3.5903069363105162
A2-3,505,−10 °C,06-07-17_08.39 n10degC_US06_Pan18650PF,gate_nu,4.587699806764397
A2-3,505,−10 °C,06-07-17_08.39 n10degC_US06_Pan18650PF,gate_P,4.953552796266665
A2-3,505,−10 °C,06-07-17_08.39 n10degC_US06_Pan18650PF,clip_2,4.329755836957498
A2-3,505,−10 °C,06-07-17_08.39 n10degC_US06_Pan18650PF,clip_5,4.025442405609317
A2-3,606,−10 °C,06-07-17_08.39 n10degC_US06_Pan18650PF,base,4.060406383061283
A2-3,606,−10 °C,06-07-17_08.39 n10degC_US06_Pan18650PF,no_corr,4.97815248819668
A2-3,606,−10 °C,06-07-17_08.39 n10degC_US06_Pan18650PF,scale_0.5,4.505650292885953
A2-3,606,−10 °C,06-07-17_08.39 n10degC_US06_Pan18650PF,scale_1.5,3.652403109782362
A2-3,606,−10 °C,06-07-17_08.39 n10degC_US06_Pan18650PF,gate_nu,4.636908768686369
A2-3,606,−10 °C,06-07-17_08.39 n10degC_US06_Pan18650PF,gate_P,4.9570199174156535
A2-3,606,−10 °C,06-07-17_08.39 n10degC_US06_Pan18650PF,clip_2,4.235739700247932
A2-3,606,−10 °C,06-07-17_08.39 n10degC_US06_Pan18650PF,clip_5,4.06295068430711
A2-3,707,−10 °C,06-07-17_08.39 n10degC_US06_Pan18650PF,base,4.3508670078356175
A2-3,707,−10 °C,06-07-17_08.39 n10degC_US06_Pan18650PF,no_corr,4.97815248819668
A2-3,707,−10 °C,06-07-17_08.39 n10degC_US06_Pan18650PF,scale_0.5,4.5892327686024785
A2-3,707,−10 °C,06-07-17_08.39 n10degC_US06_Pan18650PF,scale_1.5,4.288235197396015
A2-3,707,−10 °C,06-07-17_08.39 n10degC_US06_Pan18650PF,gate_nu,4.741153366190396
A2-3,707,−10 °C,06-07-17_08.39 n10degC_US06_Pan18650PF,gate_P,4.958737814977448
A2-3,707,−10 °C,06-07-17_08.39 n10degC_US06_Pan18650PF,clip_2,4.53494740498561
A2-3,707,−10 °C,06-07-17_08.39 n10degC_US06_Pan18650PF,clip_5,4.3508670078356175
A2-3,7,−10 °C,06-10-17_11.25 n10degC_Cycle_1_Pan18650PF,base,11.45385717197361
A2-3,7,−10 °C,06-10-17_11.25 n10degC_Cycle_1_Pan18650PF,no_corr,12.588456237161452
A2-3,7,−10 °C,06-10-17_11.25 n10degC_Cycle_1_Pan18650PF,scale_0.5,12.017193135011082
A2-3,7,−10 °C,06-10-17_11.25 n10degC_Cycle_1_Pan18650PF,scale_1.5,10.899677532831202
A2-3,7,−10 °C,06-10-17_11.25 n10degC_Cycle_1_Pan18650PF,gate_nu,12.081438563841878
A2-3,7,−10 °C,06-10-17_11.25 n10degC_Cycle_1_Pan18650PF,gate_P,12.546731318554498
A2-3,7,−10 °C,06-10-17_11.25 n10degC_Cycle_1_Pan18650PF,clip_2,11.52232375232278
A2-3,7,−10 °C,06-10-17_11.25 n10degC_Cycle_1_Pan18650PF,clip_5,11.45385717197361
A2-3,13,−10 °C,06-10-17_11.25 n10degC_Cycle_1_Pan18650PF,base,12.228528582794583
A2-3,13,−10 °C,06-10-17_11.25 n10degC_Cycle_1_Pan18650PF,no_corr,12.588456237161452
A2-3,13,−10 °C,06-10-17_11.25 n10degC_Cycle_1_Pan18650PF,scale_0.5,12.390690439794797
A2-3,13,−10 °C,06-10-17_11.25 n10degC_Cycle_1_Pan18650PF,scale_1.5,12.103401821661423
A2-3,13,−10 °C,06-10-17_11.25 n10degC_Cycle_1_Pan18650PF,gate_nu,12.419781335906011
A2-3,13,−10 °C,06-10-17_11.25 n10degC_Cycle_1_Pan18650PF,gate_P,12.569681659258041
A2-3,13,−10 °C,06-10-17_11.25 n10degC_Cycle_1_Pan18650PF,clip_2,12.295587991259389
A2-3,13,−10 °C,06-10-17_11.25 n10degC_Cycle_1_Pan18650PF,clip_5,12.228528582794583
A2-3,42,−10 °C,06-10-17_11.25 n10degC_Cycle_1_Pan18650PF,base,11.928183112356413
A2-3,42,−10 °C,06-10-17_11.25 n10degC_Cycle_1_Pan18650PF,no_corr,12.588456237161452
A2-3,42,−10 °C,06-10-17_11.25 n10degC_Cycle_1_Pan18650PF,scale_0.5,12.242826093038396
A2-3,42,−10 °C,06-10-17_11.25 n10degC_Cycle_1_Pan18650PF,scale_1.5,11.647038907202768
A2-3,42,−10 °C,06-10-17_11.25 n10degC_Cycle_1_Pan18650PF,gate_nu,12.28996363757745
A2-3,42,−10 °C,06-10-17_11.25 n10degC_Cycle_1_Pan18650PF,gate_P,12.56016019545654
A2-3,42,−10 °C,06-10-17_11.25 n10degC_Cycle_1_Pan18650PF,clip_2,12.046346030194568
A2-3,42,−10 °C,06-10-17_11.25 n10degC_Cycle_1_Pan18650PF,clip_5,11.928183112356413
A2-3,101,−10 °C,06-10-17_11.25 n10degC_Cycle_1_Pan18650PF,base,11.511004737694279
A2-3,101,−10 °C,06-10-17_11.25 n10degC_Cycle_1_Pan18650PF,no_corr,12.588456237161452
A2-3,101,−10 °C,06-10-17_11.25 n10degC_Cycle_1_Pan18650PF,scale_0.5,12.031787142400105
A2-3,101,−10 °C,06-10-17_11.25 n10degC_Cycle_1_Pan18650PF,scale_1.5,11.031192822878852
A2-3,101,−10 °C,06-10-17_11.25 n10degC_Cycle_1_Pan18650PF,gate_nu,12.123839212043986
A2-3,101,−10 °C,06-10-17_11.25 n10degC_Cycle_1_Pan18650PF,gate_P,12.545158668493546
A2-3,101,−10 °C,06-10-17_11.25 n10degC_Cycle_1_Pan18650PF,clip_2,11.818170498011911
A2-3,101,−10 °C,06-10-17_11.25 n10degC_Cycle_1_Pan18650PF,clip_5,11.511004737694279
A2-3,202,−10 °C,06-10-17_11.25 n10degC_Cycle_1_Pan18650PF,base,10.58298458424071
A2-3,202,−10 °C,06-10-17_11.25 n10degC_Cycle_1_Pan18650PF,no_corr,12.588456237161452
A2-3,202,−10 °C,06-10-17_11.25 n10degC_Cycle_1_Pan18650PF,scale_0.5,11.575688544845978
A2-3,202,−10 °C,06-10-17_11.25 n10degC_Cycle_1_Pan18650PF,scale_1.5,9.616559815165834
A2-3,202,−10 °C,06-10-17_11.25 n10degC_Cycle_1_Pan18650PF,gate_nu,11.744930771232953
A2-3,202,−10 °C,06-10-17_11.25 n10degC_Cycle_1_Pan18650PF,gate_P,12.516037335870655
A2-3,202,−10 °C,06-10-17_11.25 n10degC_Cycle_1_Pan18650PF,clip_2,11.111557747546076
A2-3,202,−10 °C,06-10-17_11.25 n10degC_Cycle_1_Pan18650PF,clip_5,10.594201763728778
A2-3,303,−10 °C,06-10-17_11.25 n10degC_Cycle_1_Pan18650PF,base,11.768944806000778
A2-3,303,−10 °C,06-10-17_11.25 n10degC_Cycle_1_Pan18650PF,no_corr,12.588456237161452
A2-3,303,−10 °C,06-10-17_11.25 n10degC_Cycle_1_Pan18650PF,scale_0.5,12.163463966344922
A2-3,303,−10 °C,06-10-17_11.25 n10degC_Cycle_1_Pan18650PF,scale_1.5,11.408060702357334
A2-3,303,−10 °C,06-10-17_11.25 n10degC_Cycle_1_Pan18650PF,gate_nu,12.26587820915144
A2-3,303,−10 °C,06-10-17_11.25 n10degC_Cycle_1_Pan18650PF,gate_P,12.55520766410647
A2-3,303,−10 °C,06-10-17_11.25 n10degC_Cycle_1_Pan18650PF,clip_2,11.967951879515493
A2-3,303,−10 °C,06-10-17_11.25 n10degC_Cycle_1_Pan18650PF,clip_5,11.768944806000778
A2-3,404,−10 °C,06-10-17_11.25 n10degC_Cycle_1_Pan18650PF,base,11.723259806516701
A2-3,404,−10 °C,06-10-17_11.25 n10degC_Cycle_1_Pan18650PF,no_corr,12.588456237161452
A2-3,404,−10 °C,06-10-17_11.25 n10degC_Cycle_1_Pan18650PF,scale_0.5,12.14665965681811
A2-3,404,−10 °C,06-10-17_11.25 n10degC_Cycle_1_Pan18650PF,scale_1.5,11.320321085249459
A2-3,404,−10 °C,06-10-17_11.25 n10degC_Cycle_1_Pan18650PF,gate_nu,12.217417776104918
A2-3,404,−10 °C,06-10-17_11.25 n10degC_Cycle_1_Pan18650PF,gate_P,12.554694622832248
A2-3,404,−10 °C,06-10-17_11.25 n10degC_Cycle_1_Pan18650PF,clip_2,11.79007110789004
A2-3,404,−10 °C,06-10-17_11.25 n10degC_Cycle_1_Pan18650PF,clip_5,11.723259806516701
A2-3,505,−10 °C,06-10-17_11.25 n10degC_Cycle_1_Pan18650PF,base,11.546632734186762
A2-3,505,−10 °C,06-10-17_11.25 n10degC_Cycle_1_Pan18650PF,no_corr,12.588456237161452
A2-3,505,−10 °C,06-10-17_11.25 n10degC_Cycle_1_Pan18650PF,scale_0.5,12.044938571016347
A2-3,505,−10 °C,06-10-17_11.25 n10degC_Cycle_1_Pan18650PF,scale_1.5,11.099629606876011
A2-3,505,−10 °C,06-10-17_11.25 n10degC_Cycle_1_Pan18650PF,gate_nu,12.144070561500275
A2-3,505,−10 °C,06-10-17_11.25 n10degC_Cycle_1_Pan18650PF,gate_P,12.545371246075984
A2-3,505,−10 °C,06-10-17_11.25 n10degC_Cycle_1_Pan18650PF,clip_2,11.920391210339133
A2-3,505,−10 °C,06-10-17_11.25 n10degC_Cycle_1_Pan18650PF,clip_5,11.550908792600804
A2-3,606,−10 °C,06-10-17_11.25 n10degC_Cycle_1_Pan18650PF,base,11.481321265564219
A2-3,606,−10 °C,06-10-17_11.25 n10degC_Cycle_1_Pan18650PF,no_corr,12.588456237161452
A2-3,606,−10 °C,06-10-17_11.25 n10degC_Cycle_1_Pan18650PF,scale_0.5,12.025067400917704
A2-3,606,−10 °C,06-10-17_11.25 n10degC_Cycle_1_Pan18650PF,scale_1.5,10.96014171822541
A2-3,606,−10 °C,06-10-17_11.25 n10degC_Cycle_1_Pan18650PF,gate_nu,12.127202389356354
A2-3,606,−10 °C,06-10-17_11.25 n10degC_Cycle_1_Pan18650PF,gate_P,12.546502466866034
A2-3,606,−10 °C,06-10-17_11.25 n10degC_Cycle_1_Pan18650PF,clip_2,11.654368754714081
A2-3,606,−10 °C,06-10-17_11.25 n10degC_Cycle_1_Pan18650PF,clip_5,11.481321265564219
A2-3,707,−10 °C,06-10-17_11.25 n10degC_Cycle_1_Pan18650PF,base,11.615838025616972
A2-3,707,−10 °C,06-10-17_11.25 n10degC_Cycle_1_Pan18650PF,no_corr,12.588456237161452
A2-3,707,−10 °C,06-10-17_11.25 n10degC_Cycle_1_Pan18650PF,scale_0.5,12.078788444886511
A2-3,707,−10 °C,06-10-17_11.25 n10degC_Cycle_1_Pan18650PF,scale_1.5,11.20539685062174
A2-3,707,−10 °C,06-10-17_11.25 n10degC_Cycle_1_Pan18650PF,gate_nu,12.145592990233599
A2-3,707,−10 °C,06-10-17_11.25 n10degC_Cycle_1_Pan18650PF,gate_P,12.547410436969695
A2-3,707,−10 °C,06-10-17_11.25 n10degC_Cycle_1_Pan18650PF,clip_2,11.943684338370495
A2-3,707,−10 °C,06-10-17_11.25 n10degC_Cycle_1_Pan18650PF,clip_5,11.615838025616972
A2-3,7,−10 °C,06-10-17_18.35 n10degC_Cycle_2_Pan18650PF,base,16.844566464599435
A2-3,7,−10 °C,06-10-17_18.35 n10degC_Cycle_2_Pan18650PF,no_corr,18.147890363729047
A2-3,7,−10 °C,06-10-17_18.35 n10degC_Cycle_2_Pan18650PF,scale_0.5,17.493615130151476
A2-3,7,−10 °C,06-10-17_18.35 n10degC_Cycle_2_Pan18650PF,scale_1.5,16.20137253037064
A2-3,7,−10 °C,06-10-17_18.35 n10degC_Cycle_2_Pan18650PF,gate_nu,17.619723677360202
A2-3,7,−10 °C,06-10-17_18.35 n10degC_Cycle_2_Pan18650PF,gate_P,18.08732030242862
A2-3,7,−10 °C,06-10-17_18.35 n10degC_Cycle_2_Pan18650PF,clip_2,16.918925911100203
A2-3,7,−10 °C,06-10-17_18.35 n10degC_Cycle_2_Pan18650PF,clip_5,16.844566464599435
A2-3,13,−10 °C,06-10-17_18.35 n10degC_Cycle_2_Pan18650PF,base,17.664528202741046
A2-3,13,−10 °C,06-10-17_18.35 n10degC_Cycle_2_Pan18650PF,no_corr,18.147890363729047
A2-3,13,−10 °C,06-10-17_18.35 n10degC_Cycle_2_Pan18650PF,scale_0.5,17.896805294850438
A2-3,13,−10 °C,06-10-17_18.35 n10degC_Cycle_2_Pan18650PF,scale_1.5,17.451810085109997
A2-3,13,−10 °C,06-10-17_18.35 n10degC_Cycle_2_Pan18650PF,gate_nu,17.921363890747706
A2-3,13,−10 °C,06-10-17_18.35 n10degC_Cycle_2_Pan18650PF,gate_P,18.127778384913764
A2-3,13,−10 °C,06-10-17_18.35 n10degC_Cycle_2_Pan18650PF,clip_2,17.712427952955135
A2-3,13,−10 °C,06-10-17_18.35 n10degC_Cycle_2_Pan18650PF,clip_5,17.664528202741046
A2-3,42,−10 °C,06-10-17_18.35 n10degC_Cycle_2_Pan18650PF,base,17.327026737062596
A2-3,42,−10 °C,06-10-17_18.35 n10degC_Cycle_2_Pan18650PF,no_corr,18.147890363729047
A2-3,42,−10 °C,06-10-17_18.35 n10degC_Cycle_2_Pan18650PF,scale_0.5,17.72914399328515
A2-3,42,−10 °C,06-10-17_18.35 n10degC_Cycle_2_Pan18650PF,scale_1.5,16.942722657945712
A2-3,42,−10 °C,06-10-17_18.35 n10degC_Cycle_2_Pan18650PF,gate_nu,17.794604713076446
A2-3,42,−10 °C,06-10-17_18.35 n10degC_Cycle_2_Pan18650PF,gate_P,18.1120069511216
A2-3,42,−10 °C,06-10-17_18.35 n10degC_Cycle_2_Pan18650PF,clip_2,17.397435380926538
A2-3,42,−10 °C,06-10-17_18.35 n10degC_Cycle_2_Pan18650PF,clip_5,17.327026737062596
A2-3,101,−10 °C,06-10-17_18.35 n10degC_Cycle_2_Pan18650PF,base,16.94343773369883
A2-3,101,−10 °C,06-10-17_18.35 n10degC_Cycle_2_Pan18650PF,no_corr,18.147890363729047
A2-3,101,−10 °C,06-10-17_18.35 n10degC_Cycle_2_Pan18650PF,scale_0.5,17.534834064665027
A2-3,101,−10 °C,06-10-17_18.35 n10degC_Cycle_2_Pan18650PF,scale_1.5,16.376048190102853
A2-3,101,−10 °C,06-10-17_18.35 n10degC_Cycle_2_Pan18650PF,gate_nu,17.65121081893649
A2-3,101,−10 °C,06-10-17_18.35 n10degC_Cycle_2_Pan18650PF,gate_P,18.09334834764834
A2-3,101,−10 °C,06-10-17_18.35 n10degC_Cycle_2_Pan18650PF,clip_2,17.18188275577583
A2-3,101,−10 °C,06-10-17_18.35 n10degC_Cycle_2_Pan18650PF,clip_5,16.943449430977143
A2-3,202,−10 °C,06-10-17_18.35 n10degC_Cycle_2_Pan18650PF,base,16.109504570339496
A2-3,202,−10 °C,06-10-17_18.35 n10degC_Cycle_2_Pan18650PF,no_corr,18.147890363729047
A2-3,202,−10 °C,06-10-17_18.35 n10degC_Cycle_2_Pan18650PF,scale_0.5,17.12133405506537
A2-3,202,−10 °C,06-10-17_18.35 n10degC_Cycle_2_Pan18650PF,scale_1.5,15.11535966343714
A2-3,202,−10 °C,06-10-17_18.35 n10degC_Cycle_2_Pan18650PF,gate_nu,17.365316091243315
A2-3,202,−10 °C,06-10-17_18.35 n10degC_Cycle_2_Pan18650PF,gate_P,18.05186564619004
A2-3,202,−10 °C,06-10-17_18.35 n10degC_Cycle_2_Pan18650PF,clip_2,16.54768440682942
A2-3,202,−10 °C,06-10-17_18.35 n10degC_Cycle_2_Pan18650PF,clip_5,16.12085590594374
A2-3,303,−10 °C,06-10-17_18.35 n10degC_Cycle_2_Pan18650PF,base,17.28614013253133
A2-3,303,−10 °C,06-10-17_18.35 n10degC_Cycle_2_Pan18650PF,no_corr,18.147890363729047
A2-3,303,−10 °C,06-10-17_18.35 n10degC_Cycle_2_Pan18650PF,scale_0.5,17.707730248662237
A2-3,303,−10 °C,06-10-17_18.35 n10degC_Cycle_2_Pan18650PF,scale_1.5,16.884511099105815
A2-3,303,−10 °C,06-10-17_18.35 n10degC_Cycle_2_Pan18650PF,gate_nu,17.82003606200672
A2-3,303,−10 °C,06-10-17_18.35 n10degC_Cycle_2_Pan18650PF,gate_P,18.108574429940997
A2-3,303,−10 °C,06-10-17_18.35 n10degC_Cycle_2_Pan18650PF,clip_2,17.44128614915432
A2-3,303,−10 °C,06-10-17_18.35 n10degC_Cycle_2_Pan18650PF,clip_5,17.28614013253133
A2-3,404,−10 °C,06-10-17_18.35 n10degC_Cycle_2_Pan18650PF,base,17.113216651092287
A2-3,404,−10 °C,06-10-17_18.35 n10degC_Cycle_2_Pan18650PF,no_corr,18.147890363729047
A2-3,404,−10 °C,06-10-17_18.35 n10degC_Cycle_2_Pan18650PF,scale_0.5,17.626034840568302
A2-3,404,−10 °C,06-10-17_18.35 n10degC_Cycle_2_Pan18650PF,scale_1.5,16.61027285911932
A2-3,404,−10 °C,06-10-17_18.35 n10degC_Cycle_2_Pan18650PF,gate_nu,17.737881007703407
A2-3,404,−10 °C,06-10-17_18.35 n10degC_Cycle_2_Pan18650PF,gate_P,18.1012334265544
A2-3,404,−10 °C,06-10-17_18.35 n10degC_Cycle_2_Pan18650PF,clip_2,17.159635304427773
A2-3,404,−10 °C,06-10-17_18.35 n10degC_Cycle_2_Pan18650PF,clip_5,17.113216651092287
A2-3,505,−10 °C,06-10-17_18.35 n10degC_Cycle_2_Pan18650PF,base,17.10439567366824
A2-3,505,−10 °C,06-10-17_18.35 n10degC_Cycle_2_Pan18650PF,no_corr,18.147890363729047
A2-3,505,−10 °C,06-10-17_18.35 n10degC_Cycle_2_Pan18650PF,scale_0.5,17.61294736604035
A2-3,505,−10 °C,06-10-17_18.35 n10degC_Cycle_2_Pan18650PF,scale_1.5,16.624657407726843
A2-3,505,−10 °C,06-10-17_18.35 n10degC_Cycle_2_Pan18650PF,gate_nu,17.714476132971374
A2-3,505,−10 °C,06-10-17_18.35 n10degC_Cycle_2_Pan18650PF,gate_P,18.099771573481966
A2-3,505,−10 °C,06-10-17_18.35 n10degC_Cycle_2_Pan18650PF,clip_2,17.379927764671134
A2-3,505,−10 °C,06-10-17_18.35 n10degC_Cycle_2_Pan18650PF,clip_5,17.10700749373815
A2-3,606,−10 °C,06-10-17_18.35 n10degC_Cycle_2_Pan18650PF,base,16.85831501702621
A2-3,606,−10 °C,06-10-17_18.35 n10degC_Cycle_2_Pan18650PF,no_corr,18.147890363729047
A2-3,606,−10 °C,06-10-17_18.35 n10degC_Cycle_2_Pan18650PF,scale_0.5,17.49857183902353
A2-3,606,−10 °C,06-10-17_18.35 n10degC_Cycle_2_Pan18650PF,scale_1.5,16.228192478262105
A2-3,606,−10 °C,06-10-17_18.35 n10degC_Cycle_2_Pan18650PF,gate_nu,17.643163404036866
A2-3,606,−10 °C,06-10-17_18.35 n10degC_Cycle_2_Pan18650PF,gate_P,18.088312168009438
A2-3,606,−10 °C,06-10-17_18.35 n10degC_Cycle_2_Pan18650PF,clip_2,16.966379041577596
A2-3,606,−10 °C,06-10-17_18.35 n10degC_Cycle_2_Pan18650PF,clip_5,16.85831501702621
A2-3,707,−10 °C,06-10-17_18.35 n10degC_Cycle_2_Pan18650PF,base,17.116606227260576
A2-3,707,−10 °C,06-10-17_18.35 n10degC_Cycle_2_Pan18650PF,no_corr,18.147890363729047
A2-3,707,−10 °C,06-10-17_18.35 n10degC_Cycle_2_Pan18650PF,scale_0.5,17.61783751012243
A2-3,707,−10 °C,06-10-17_18.35 n10degC_Cycle_2_Pan18650PF,scale_1.5,16.64680015040544
A2-3,707,−10 °C,06-10-17_18.35 n10degC_Cycle_2_Pan18650PF,gate_nu,17.696889770271618
A2-3,707,−10 °C,06-10-17_18.35 n10degC_Cycle_2_Pan18650PF,gate_P,18.101788445781107
A2-3,707,−10 °C,06-10-17_18.35 n10degC_Cycle_2_Pan18650PF,clip_2,17.377417743718247
A2-3,707,−10 °C,06-10-17_18.35 n10degC_Cycle_2_Pan18650PF,clip_5,17.116608352269722
A2-3,7,−10 °C,06-11-17_01.39 n10degC_Cycle_3_Pan18650PF,base,17.127269363445823
A2-3,7,−10 °C,06-11-17_01.39 n10degC_Cycle_3_Pan18650PF,no_corr,18.45259755817614
A2-3,7,−10 °C,06-11-17_01.39 n10degC_Cycle_3_Pan18650PF,scale_0.5,17.788049666634496
A2-3,7,−10 °C,06-11-17_01.39 n10degC_Cycle_3_Pan18650PF,scale_1.5,16.47071010291121
A2-3,7,−10 °C,06-11-17_01.39 n10degC_Cycle_3_Pan18650PF,gate_nu,17.914028730634293
A2-3,7,−10 °C,06-11-17_01.39 n10degC_Cycle_3_Pan18650PF,gate_P,18.392848911257907
A2-3,7,−10 °C,06-11-17_01.39 n10degC_Cycle_3_Pan18650PF,clip_2,17.205258143002816
A2-3,7,−10 °C,06-11-17_01.39 n10degC_Cycle_3_Pan18650PF,clip_5,17.127269363445823
A2-3,13,−10 °C,06-11-17_01.39 n10degC_Cycle_3_Pan18650PF,base,18.133820367086035
A2-3,13,−10 °C,06-11-17_01.39 n10degC_Cycle_3_Pan18650PF,no_corr,18.45259755817614
A2-3,13,−10 °C,06-11-17_01.39 n10degC_Cycle_3_Pan18650PF,scale_0.5,18.284654242138128
A2-3,13,−10 °C,06-11-17_01.39 n10degC_Cycle_3_Pan18650PF,scale_1.5,18.000526039352106
A2-3,13,−10 °C,06-11-17_01.39 n10degC_Cycle_3_Pan18650PF,gate_nu,18.34783176653909
A2-3,13,−10 °C,06-11-17_01.39 n10degC_Cycle_3_Pan18650PF,gate_P,18.43962262590277
A2-3,13,−10 °C,06-11-17_01.39 n10degC_Cycle_3_Pan18650PF,clip_2,18.200059585114218
A2-3,13,−10 °C,06-11-17_01.39 n10degC_Cycle_3_Pan18650PF,clip_5,18.133820367086035
A2-3,42,−10 °C,06-11-17_01.39 n10degC_Cycle_3_Pan18650PF,base,17.705489591557082
A2-3,42,−10 °C,06-11-17_01.39 n10degC_Cycle_3_Pan18650PF,no_corr,18.45259755817614
A2-3,42,−10 °C,06-11-17_01.39 n10degC_Cycle_3_Pan18650PF,scale_0.5,18.072688914931106
A2-3,42,−10 °C,06-11-17_01.39 n10degC_Cycle_3_Pan18650PF,scale_1.5,17.3518064723987
A2-3,42,−10 °C,06-11-17_01.39 n10degC_Cycle_3_Pan18650PF,gate_nu,18.162721069707715
A2-3,42,−10 °C,06-11-17_01.39 n10degC_Cycle_3_Pan18650PF,gate_P,18.420681038326542
A2-3,42,−10 °C,06-11-17_01.39 n10degC_Cycle_3_Pan18650PF,clip_2,17.785720167878253
A2-3,42,−10 °C,06-11-17_01.39 n10degC_Cycle_3_Pan18650PF,clip_5,17.705489591557082
A2-3,101,−10 °C,06-11-17_01.39 n10degC_Cycle_3_Pan18650PF,base,17.34432274081946
A2-3,101,−10 °C,06-11-17_01.39 n10degC_Cycle_3_Pan18650PF,no_corr,18.45259755817614
A2-3,101,−10 °C,06-11-17_01.39 n10degC_Cycle_3_Pan18650PF,scale_0.5,17.889466955632138
A2-3,101,−10 °C,06-11-17_01.39 n10degC_Cycle_3_Pan18650PF,scale_1.5,16.818913960383444
A2-3,101,−10 °C,06-11-17_01.39 n10degC_Cycle_3_Pan18650PF,gate_nu,18.025825701025713
A2-3,101,−10 °C,06-11-17_01.39 n10degC_Cycle_3_Pan18650PF,gate_P,18.403881520948744
A2-3,101,−10 °C,06-11-17_01.39 n10degC_Cycle_3_Pan18650PF,clip_2,17.57919550810453
A2-3,101,−10 °C,06-11-17_01.39 n10degC_Cycle_3_Pan18650PF,clip_5,17.344390018061095
A2-3,202,−10 °C,06-11-17_01.39 n10degC_Cycle_3_Pan18650PF,base,16.323080402714808
A2-3,202,−10 °C,06-11-17_01.39 n10degC_Cycle_3_Pan18650PF,no_corr,18.45259755817614
A2-3,202,−10 °C,06-11-17_01.39 n10degC_Cycle_3_Pan18650PF,scale_0.5,17.380022480262088
A2-3,202,−10 °C,06-11-17_01.39 n10degC_Cycle_3_Pan18650PF,scale_1.5,15.285014684013014
A2-3,202,−10 °C,06-11-17_01.39 n10degC_Cycle_3_Pan18650PF,gate_nu,17.64064842269394
A2-3,202,−10 °C,06-11-17_01.39 n10degC_Cycle_3_Pan18650PF,gate_P,18.354892179843464
A2-3,202,−10 °C,06-11-17_01.39 n10degC_Cycle_3_Pan18650PF,clip_2,16.767706064036943
A2-3,202,−10 °C,06-11-17_01.39 n10degC_Cycle_3_Pan18650PF,clip_5,16.361737628886715
A2-3,303,−10 °C,06-11-17_01.39 n10degC_Cycle_3_Pan18650PF,base,17.673702087882695
A2-3,303,−10 °C,06-11-17_01.39 n10degC_Cycle_3_Pan18650PF,no_corr,18.45259755817614
A2-3,303,−10 °C,06-11-17_01.39 n10degC_Cycle_3_Pan18650PF,scale_0.5,18.0524861100814
A2-3,303,−10 °C,06-11-17_01.39 n10degC_Cycle_3_Pan18650PF,scale_1.5,17.317645015162476
A2-3,303,−10 °C,06-11-17_01.39 n10degC_Cycle_3_Pan18650PF,gate_nu,18.19999395251335
A2-3,303,−10 °C,06-11-17_01.39 n10degC_Cycle_3_Pan18650PF,gate_P,18.41761593213811
A2-3,303,−10 °C,06-11-17_01.39 n10degC_Cycle_3_Pan18650PF,clip_2,17.86364243808871
A2-3,303,−10 °C,06-11-17_01.39 n10degC_Cycle_3_Pan18650PF,clip_5,17.67701947597684
A2-3,404,−10 °C,06-11-17_01.39 n10degC_Cycle_3_Pan18650PF,base,17.41128061943669
A2-3,404,−10 °C,06-11-17_01.39 n10degC_Cycle_3_Pan18650PF,no_corr,18.45259755817614
A2-3,404,−10 °C,06-11-17_01.39 n10degC_Cycle_3_Pan18650PF,scale_0.5,17.928659308480263
A2-3,404,−10 °C,06-11-17_01.39 n10degC_Cycle_3_Pan18650PF,scale_1.5,16.901063907539303
A2-3,404,−10 °C,06-11-17_01.39 n10degC_Cycle_3_Pan18650PF,gate_nu,18.05723338190953
A2-3,404,−10 °C,06-11-17_01.39 n10degC_Cycle_3_Pan18650PF,gate_P,18.406056193115266
A2-3,404,−10 °C,06-11-17_01.39 n10degC_Cycle_3_Pan18650PF,clip_2,17.473382010372795
A2-3,404,−10 °C,06-11-17_01.39 n10degC_Cycle_3_Pan18650PF,clip_5,17.41128061943669
A2-3,505,−10 °C,06-11-17_01.39 n10degC_Cycle_3_Pan18650PF,base,17.584411852255926
A2-3,505,−10 °C,06-11-17_01.39 n10degC_Cycle_3_Pan18650PF,no_corr,18.45259755817614
A2-3,505,−10 °C,06-11-17_01.39 n10degC_Cycle_3_Pan18650PF,scale_0.5,18.004714430617963
A2-3,505,−10 °C,06-11-17_01.39 n10degC_Cycle_3_Pan18650PF,scale_1.5,17.193712573155395
A2-3,505,−10 °C,06-11-17_01.39 n10degC_Cycle_3_Pan18650PF,gate_nu,18.139131445484754
A2-3,505,−10 °C,06-11-17_01.39 n10degC_Cycle_3_Pan18650PF,gate_P,18.41338823638466
A2-3,505,−10 °C,06-11-17_01.39 n10degC_Cycle_3_Pan18650PF,clip_2,17.872743710211815
A2-3,505,−10 °C,06-11-17_01.39 n10degC_Cycle_3_Pan18650PF,clip_5,17.589967298759387
A2-3,606,−10 °C,06-11-17_01.39 n10degC_Cycle_3_Pan18650PF,base,17.20936729046534
A2-3,606,−10 °C,06-11-17_01.39 n10degC_Cycle_3_Pan18650PF,no_corr,18.45259755817614
A2-3,606,−10 °C,06-11-17_01.39 n10degC_Cycle_3_Pan18650PF,scale_0.5,17.82690074306008
A2-3,606,−10 °C,06-11-17_01.39 n10degC_Cycle_3_Pan18650PF,scale_1.5,16.600908227199756
A2-3,606,−10 °C,06-11-17_01.39 n10degC_Cycle_3_Pan18650PF,gate_nu,17.98734563776863
A2-3,606,−10 °C,06-11-17_01.39 n10degC_Cycle_3_Pan18650PF,gate_P,18.395824075124846
A2-3,606,−10 °C,06-11-17_01.39 n10degC_Cycle_3_Pan18650PF,clip_2,17.341396915110106
A2-3,606,−10 °C,06-11-17_01.39 n10degC_Cycle_3_Pan18650PF,clip_5,17.20936729046534
A2-3,707,−10 °C,06-11-17_01.39 n10degC_Cycle_3_Pan18650PF,base,17.528874354066264
A2-3,707,−10 °C,06-11-17_01.39 n10degC_Cycle_3_Pan18650PF,no_corr,18.45259755817614
A2-3,707,−10 °C,06-11-17_01.39 n10degC_Cycle_3_Pan18650PF,scale_0.5,17.97986009348017
A2-3,707,−10 °C,06-11-17_01.39 n10degC_Cycle_3_Pan18650PF,scale_1.5,17.101361287239826
A2-3,707,−10 °C,06-11-17_01.39 n10degC_Cycle_3_Pan18650PF,gate_nu,18.07975618461034
A2-3,707,−10 °C,06-11-17_01.39 n10degC_Cycle_3_Pan18650PF,gate_P,18.412495198761484
A2-3,707,−10 °C,06-11-17_01.39 n10degC_Cycle_3_Pan18650PF,clip_2,17.771944759710273
A2-3,707,−10 °C,06-11-17_01.39 n10degC_Cycle_3_Pan18650PF,clip_5,17.528874354066264
A2-3,7,−10 °C,06-11-17_08.42 n10degC_Cycle_4_Pan18650PF,base,10.496107929036063
A2-3,7,−10 °C,06-11-17_08.42 n10degC_Cycle_4_Pan18650PF,no_corr,11.650001176661885
A2-3,7,−10 °C,06-11-17_08.42 n10degC_Cycle_4_Pan18650PF,scale_0.5,11.068844459066637
A2-3,7,−10 °C,06-11-17_08.42 n10degC_Cycle_4_Pan18650PF,scale_1.5,9.933248180322973
A2-3,7,−10 °C,06-11-17_08.42 n10degC_Cycle_4_Pan18650PF,gate_nu,11.211401983308514
A2-3,7,−10 °C,06-11-17_08.42 n10degC_Cycle_4_Pan18650PF,gate_P,11.608046160660965
A2-3,7,−10 °C,06-11-17_08.42 n10degC_Cycle_4_Pan18650PF,clip_2,10.55650974909379
A2-3,7,−10 °C,06-11-17_08.42 n10degC_Cycle_4_Pan18650PF,clip_5,10.496107929036063
A2-3,13,−10 °C,06-11-17_08.42 n10degC_Cycle_4_Pan18650PF,base,11.199880634593951
A2-3,13,−10 °C,06-11-17_08.42 n10degC_Cycle_4_Pan18650PF,no_corr,11.650001176661885
A2-3,13,−10 °C,06-11-17_08.42 n10degC_Cycle_4_Pan18650PF,scale_0.5,11.40931279101842
A2-3,13,−10 °C,06-11-17_08.42 n10degC_Cycle_4_Pan18650PF,scale_1.5,11.023486335718143
A2-3,13,−10 °C,06-11-17_08.42 n10degC_Cycle_4_Pan18650PF,gate_nu,11.450000605386156
A2-3,13,−10 °C,06-11-17_08.42 n10degC_Cycle_4_Pan18650PF,gate_P,11.628223028864559
A2-3,13,−10 °C,06-11-17_08.42 n10degC_Cycle_4_Pan18650PF,clip_2,11.205834454071955
A2-3,13,−10 °C,06-11-17_08.42 n10degC_Cycle_4_Pan18650PF,clip_5,11.199880634593951
A2-3,42,−10 °C,06-11-17_08.42 n10degC_Cycle_4_Pan18650PF,base,10.89055294012865
A2-3,42,−10 °C,06-11-17_08.42 n10degC_Cycle_4_Pan18650PF,no_corr,11.650001176661885
A2-3,42,−10 °C,06-11-17_08.42 n10degC_Cycle_4_Pan18650PF,scale_0.5,11.257564761613082
A2-3,42,−10 °C,06-11-17_08.42 n10degC_Cycle_4_Pan18650PF,scale_1.5,10.55161903930232
A2-3,42,−10 °C,06-11-17_08.42 n10degC_Cycle_4_Pan18650PF,gate_nu,11.357830695431296
A2-3,42,−10 °C,06-11-17_08.42 n10degC_Cycle_4_Pan18650PF,gate_P,11.61910248120937
A2-3,42,−10 °C,06-11-17_08.42 n10degC_Cycle_4_Pan18650PF,clip_2,10.899671883184263
A2-3,42,−10 °C,06-11-17_08.42 n10degC_Cycle_4_Pan18650PF,clip_5,10.89055294012865
A2-3,101,−10 °C,06-11-17_08.42 n10degC_Cycle_4_Pan18650PF,base,10.557770425584549
A2-3,101,−10 °C,06-11-17_08.42 n10degC_Cycle_4_Pan18650PF,no_corr,11.650001176661885
A2-3,101,−10 °C,06-11-17_08.42 n10degC_Cycle_4_Pan18650PF,scale_0.5,11.093768868709008
A2-3,101,−10 °C,06-11-17_08.42 n10degC_Cycle_4_Pan18650PF,scale_1.5,10.045245317582694
A2-3,101,−10 °C,06-11-17_08.42 n10degC_Cycle_4_Pan18650PF,gate_nu,11.247363842571014
A2-3,101,−10 °C,06-11-17_08.42 n10degC_Cycle_4_Pan18650PF,gate_P,11.60824322613335
A2-3,101,−10 °C,06-11-17_08.42 n10degC_Cycle_4_Pan18650PF,clip_2,10.6841453858659
A2-3,101,−10 °C,06-11-17_08.42 n10degC_Cycle_4_Pan18650PF,clip_5,10.557770425584549
A2-3,202,−10 °C,06-11-17_08.42 n10degC_Cycle_4_Pan18650PF,base,9.939720014050158
A2-3,202,−10 °C,06-11-17_08.42 n10degC_Cycle_4_Pan18650PF,no_corr,11.650001176661885
A2-3,202,−10 °C,06-11-17_08.42 n10degC_Cycle_4_Pan18650PF,scale_0.5,10.787903618429851
A2-3,202,−10 °C,06-11-17_08.42 n10degC_Cycle_4_Pan18650PF,scale_1.5,9.109337836035666
A2-3,202,−10 °C,06-11-17_08.42 n10degC_Cycle_4_Pan18650PF,gate_nu,11.058647606517907
A2-3,202,−10 °C,06-11-17_08.42 n10degC_Cycle_4_Pan18650PF,gate_P,11.59017857788484
A2-3,202,−10 °C,06-11-17_08.42 n10degC_Cycle_4_Pan18650PF,clip_2,10.243294274130818
A2-3,202,−10 °C,06-11-17_08.42 n10degC_Cycle_4_Pan18650PF,clip_5,9.942284179711779
A2-3,303,−10 °C,06-11-17_08.42 n10degC_Cycle_4_Pan18650PF,base,10.753374067802092
A2-3,303,−10 °C,06-11-17_08.42 n10degC_Cycle_4_Pan18650PF,no_corr,11.650001176661885
A2-3,303,−10 °C,06-11-17_08.42 n10degC_Cycle_4_Pan18650PF,scale_0.5,11.193451555594873
A2-3,303,−10 °C,06-11-17_08.42 n10degC_Cycle_4_Pan18650PF,scale_1.5,10.331873777818203
A2-3,303,−10 °C,06-11-17_08.42 n10degC_Cycle_4_Pan18650PF,gate_nu,11.362788272752239
A2-3,303,−10 °C,06-11-17_08.42 n10degC_Cycle_4_Pan18650PF,gate_P,11.615993245891048
A2-3,303,−10 °C,06-11-17_08.42 n10degC_Cycle_4_Pan18650PF,clip_2,10.838714368635467
A2-3,303,−10 °C,06-11-17_08.42 n10degC_Cycle_4_Pan18650PF,clip_5,10.753374067802092
A2-3,404,−10 °C,06-11-17_08.42 n10degC_Cycle_4_Pan18650PF,base,10.739945645413478
A2-3,404,−10 °C,06-11-17_08.42 n10degC_Cycle_4_Pan18650PF,no_corr,11.650001176661885
A2-3,404,−10 °C,06-11-17_08.42 n10degC_Cycle_4_Pan18650PF,scale_0.5,11.187366654239774
A2-3,404,−10 °C,06-11-17_08.42 n10degC_Cycle_4_Pan18650PF,scale_1.5,10.309719046787684
A2-3,404,−10 °C,06-11-17_08.42 n10degC_Cycle_4_Pan18650PF,gate_nu,11.32230798709613
A2-3,404,−10 °C,06-11-17_08.42 n10degC_Cycle_4_Pan18650PF,gate_P,11.61545181367201
A2-3,404,−10 °C,06-11-17_08.42 n10degC_Cycle_4_Pan18650PF,clip_2,10.76280190621541
A2-3,404,−10 °C,06-11-17_08.42 n10degC_Cycle_4_Pan18650PF,clip_5,10.739945645413478
A2-3,505,−10 °C,06-11-17_08.42 n10degC_Cycle_4_Pan18650PF,base,10.640994834589323
A2-3,505,−10 °C,06-11-17_08.42 n10degC_Cycle_4_Pan18650PF,no_corr,11.650001176661885
A2-3,505,−10 °C,06-11-17_08.42 n10degC_Cycle_4_Pan18650PF,scale_0.5,11.134860081970155
A2-3,505,−10 °C,06-11-17_08.42 n10degC_Cycle_4_Pan18650PF,scale_1.5,10.17150497475585
A2-3,505,−10 °C,06-11-17_08.42 n10degC_Cycle_4_Pan18650PF,gate_nu,11.265154061834295
A2-3,505,−10 °C,06-11-17_08.42 n10degC_Cycle_4_Pan18650PF,gate_P,11.610622766583338
A2-3,505,−10 °C,06-11-17_08.42 n10degC_Cycle_4_Pan18650PF,clip_2,10.782706515475667
A2-3,505,−10 °C,06-11-17_08.42 n10degC_Cycle_4_Pan18650PF,clip_5,10.641124535702833
A2-3,606,−10 °C,06-11-17_08.42 n10degC_Cycle_4_Pan18650PF,base,10.588829491074565
A2-3,606,−10 °C,06-11-17_08.42 n10degC_Cycle_4_Pan18650PF,no_corr,11.650001176661885
A2-3,606,−10 °C,06-11-17_08.42 n10degC_Cycle_4_Pan18650PF,scale_0.5,11.112390287442823
A2-3,606,−10 °C,06-11-17_08.42 n10degC_Cycle_4_Pan18650PF,scale_1.5,10.081508006058208
A2-3,606,−10 °C,06-11-17_08.42 n10degC_Cycle_4_Pan18650PF,gate_nu,11.273310208093093
A2-3,606,−10 °C,06-11-17_08.42 n10degC_Cycle_4_Pan18650PF,gate_P,11.611003746503506
A2-3,606,−10 °C,06-11-17_08.42 n10degC_Cycle_4_Pan18650PF,clip_2,10.630527555389962
A2-3,606,−10 °C,06-11-17_08.42 n10degC_Cycle_4_Pan18650PF,clip_5,10.588829491074565
A2-3,707,−10 °C,06-11-17_08.42 n10degC_Cycle_4_Pan18650PF,base,10.785099254713044
A2-3,707,−10 °C,06-11-17_08.42 n10degC_Cycle_4_Pan18650PF,no_corr,11.650001176661885
A2-3,707,−10 °C,06-11-17_08.42 n10degC_Cycle_4_Pan18650PF,scale_0.5,11.197701803922694
A2-3,707,−10 °C,06-11-17_08.42 n10degC_Cycle_4_Pan18650PF,scale_1.5,10.416911639190008
A2-3,707,−10 °C,06-11-17_08.42 n10degC_Cycle_4_Pan18650PF,gate_nu,11.288777566211717
A2-3,707,−10 °C,06-11-17_08.42 n10degC_Cycle_4_Pan18650PF,gate_P,11.613374419684376
A2-3,707,−10 °C,06-11-17_08.42 n10degC_Cycle_4_Pan18650PF,clip_2,10.922718136850445
A2-3,707,−10 °C,06-11-17_08.42 n10degC_Cycle_4_Pan18650PF,clip_5,10.785099254713044
A2-3,7,−10 °C,06-14-17_13.12 n10degC_NN_Pan18650PF,base,16.354782224868558
A2-3,7,−10 °C,06-14-17_13.12 n10degC_NN_Pan18650PF,no_corr,17.656597677932695
A2-3,7,−10 °C,06-14-17_13.12 n10degC_NN_Pan18650PF,scale_0.5,17.00216168132191
A2-3,7,−10 °C,06-14-17_13.12 n10degC_NN_Pan18650PF,scale_1.5,15.715331398377298
A2-3,7,−10 °C,06-14-17_13.12 n10degC_NN_Pan18650PF,gate_nu,17.136395422666936
A2-3,7,−10 °C,06-14-17_13.12 n10degC_NN_Pan18650PF,gate_P,17.608821988602067
A2-3,7,−10 °C,06-14-17_13.12 n10degC_NN_Pan18650PF,clip_2,16.464329444422546
A2-3,7,−10 °C,06-14-17_13.12 n10degC_NN_Pan18650PF,clip_5,16.354782224868558
A2-3,13,−10 °C,06-14-17_13.12 n10degC_NN_Pan18650PF,base,17.1383043834755
A2-3,13,−10 °C,06-14-17_13.12 n10degC_NN_Pan18650PF,no_corr,17.656597677932695
A2-3,13,−10 °C,06-14-17_13.12 n10degC_NN_Pan18650PF,scale_0.5,17.38632700620928
A2-3,13,−10 °C,06-14-17_13.12 n10degC_NN_Pan18650PF,scale_1.5,16.913508585169627
A2-3,13,−10 °C,06-14-17_13.12 n10degC_NN_Pan18650PF,gate_nu,17.437970110008752
A2-3,13,−10 °C,06-14-17_13.12 n10degC_NN_Pan18650PF,gate_P,17.63522012794322
A2-3,13,−10 °C,06-14-17_13.12 n10degC_NN_Pan18650PF,clip_2,17.207126950283932
A2-3,13,−10 °C,06-14-17_13.12 n10degC_NN_Pan18650PF,clip_5,17.1383043834755
A2-3,42,−10 °C,06-14-17_13.12 n10degC_NN_Pan18650PF,base,16.847517963198438
A2-3,42,−10 °C,06-14-17_13.12 n10degC_NN_Pan18650PF,no_corr,17.656597677932695
A2-3,42,−10 °C,06-14-17_13.12 n10degC_NN_Pan18650PF,scale_0.5,17.243049693762345
A2-3,42,−10 °C,06-14-17_13.12 n10degC_NN_Pan18650PF,scale_1.5,16.471300431557115
A2-3,42,−10 °C,06-14-17_13.12 n10degC_NN_Pan18650PF,gate_nu,17.332517037753764
A2-3,42,−10 °C,06-14-17_13.12 n10degC_NN_Pan18650PF,gate_P,17.625402686090098
A2-3,42,−10 °C,06-14-17_13.12 n10degC_NN_Pan18650PF,clip_2,16.932355523908353
A2-3,42,−10 °C,06-14-17_13.12 n10degC_NN_Pan18650PF,clip_5,16.847517963198438
A2-3,101,−10 °C,06-14-17_13.12 n10degC_NN_Pan18650PF,base,16.437048932965233
A2-3,101,−10 °C,06-14-17_13.12 n10degC_NN_Pan18650PF,no_corr,17.656597677932695
A2-3,101,−10 °C,06-14-17_13.12 n10degC_NN_Pan18650PF,scale_0.5,17.034064487416046
A2-3,101,−10 °C,06-14-17_13.12 n10degC_NN_Pan18650PF,scale_1.5,15.86843141497896
A2-3,101,−10 °C,06-14-17_13.12 n10degC_NN_Pan18650PF,gate_nu,17.192056903962307
A2-3,101,−10 °C,06-14-17_13.12 n10degC_NN_Pan18650PF,gate_P,17.610033853345737
A2-3,101,−10 °C,06-14-17_13.12 n10degC_NN_Pan18650PF,clip_2,16.727915728438088
A2-3,101,−10 °C,06-14-17_13.12 n10degC_NN_Pan18650PF,clip_5,16.4373942668001
A2-3,202,−10 °C,06-14-17_13.12 n10degC_NN_Pan18650PF,base,15.569297170486932
A2-3,202,−10 °C,06-14-17_13.12 n10degC_NN_Pan18650PF,no_corr,17.656597677932695
A2-3,202,−10 °C,06-14-17_13.12 n10degC_NN_Pan18650PF,scale_0.5,16.602924743112858
A2-3,202,−10 °C,06-14-17_13.12 n10degC_NN_Pan18650PF,scale_1.5,14.559984700553915
A2-3,202,−10 °C,06-14-17_13.12 n10degC_NN_Pan18650PF,gate_nu,16.898164580654246
A2-3,202,−10 °C,06-14-17_13.12 n10degC_NN_Pan18650PF,gate_P,17.580040103709948
A2-3,202,−10 °C,06-14-17_13.12 n10degC_NN_Pan18650PF,clip_2,16.066802380055268
A2-3,202,−10 °C,06-14-17_13.12 n10degC_NN_Pan18650PF,clip_5,15.61156581999904
A2-3,303,−10 °C,06-14-17_13.12 n10degC_NN_Pan18650PF,base,16.74715433466074
A2-3,303,−10 °C,06-14-17_13.12 n10degC_NN_Pan18650PF,no_corr,17.656597677932695
A2-3,303,−10 °C,06-14-17_13.12 n10degC_NN_Pan18650PF,scale_0.5,17.189470124015983
A2-3,303,−10 °C,06-14-17_13.12 n10degC_NN_Pan18650PF,scale_1.5,16.331666389405417
A2-3,303,−10 °C,06-14-17_13.12 n10degC_NN_Pan18650PF,gate_nu,17.349230124342945
A2-3,303,−10 °C,06-14-17_13.12 n10degC_NN_Pan18650PF,gate_P,17.621307247950128
A2-3,303,−10 °C,06-14-17_13.12 n10degC_NN_Pan18650PF,clip_2,16.960680024269045
A2-3,303,−10 °C,06-14-17_13.12 n10degC_NN_Pan18650PF,clip_5,16.75115940556977
A2-3,404,−10 °C,06-14-17_13.12 n10degC_NN_Pan18650PF,base,16.592244561905762
A2-3,404,−10 °C,06-14-17_13.12 n10degC_NN_Pan18650PF,no_corr,17.656597677932695
A2-3,404,−10 °C,06-14-17_13.12 n10degC_NN_Pan18650PF,scale_0.5,17.117803056324362
A2-3,404,−10 °C,06-14-17_13.12 n10degC_NN_Pan18650PF,scale_1.5,16.08121997600952
A2-3,404,−10 °C,06-14-17_13.12 n10degC_NN_Pan18650PF,gate_nu,17.26224690346279
A2-3,404,−10 °C,06-14-17_13.12 n10degC_NN_Pan18650PF,gate_P,17.616861440082786
A2-3,404,−10 °C,06-14-17_13.12 n10degC_NN_Pan18650PF,clip_2,16.689593100032944
A2-3,404,−10 °C,06-14-17_13.12 n10degC_NN_Pan18650PF,clip_5,16.592244561905762
A2-3,505,−10 °C,06-14-17_13.12 n10degC_NN_Pan18650PF,base,16.48084654010945
A2-3,505,−10 °C,06-14-17_13.12 n10degC_NN_Pan18650PF,no_corr,17.656597677932695
A2-3,505,−10 °C,06-14-17_13.12 n10degC_NN_Pan18650PF,scale_0.5,17.051519498322957
A2-3,505,−10 °C,06-14-17_13.12 n10degC_NN_Pan18650PF,scale_1.5,15.94827256998864
A2-3,505,−10 °C,06-14-17_13.12 n10degC_NN_Pan18650PF,gate_nu,17.219836553346745
A2-3,505,−10 °C,06-14-17_13.12 n10degC_NN_Pan18650PF,gate_P,17.61059888592765
A2-3,505,−10 °C,06-14-17_13.12 n10degC_NN_Pan18650PF,clip_2,16.866983304496273
A2-3,505,−10 °C,06-14-17_13.12 n10degC_NN_Pan18650PF,clip_5,16.493379370623828
A2-3,606,−10 °C,06-14-17_13.12 n10degC_NN_Pan18650PF,base,16.4023940805376
A2-3,606,−10 °C,06-14-17_13.12 n10degC_NN_Pan18650PF,no_corr,17.656597677932695
A2-3,606,−10 °C,06-14-17_13.12 n10degC_NN_Pan18650PF,scale_0.5,17.02258373937073
A2-3,606,−10 °C,06-14-17_13.12 n10degC_NN_Pan18650PF,scale_1.5,15.797656940775394
A2-3,606,−10 °C,06-14-17_13.12 n10degC_NN_Pan18650PF,gate_nu,17.199329105575988
A2-3,606,−10 °C,06-14-17_13.12 n10degC_NN_Pan18650PF,gate_P,17.61006136413541
A2-3,606,−10 °C,06-14-17_13.12 n10degC_NN_Pan18650PF,clip_2,16.564880180725638
A2-3,606,−10 °C,06-14-17_13.12 n10degC_NN_Pan18650PF,clip_5,16.4023940805376
A2-3,707,−10 °C,06-14-17_13.12 n10degC_NN_Pan18650PF,base,16.63617422244937
A2-3,707,−10 °C,06-14-17_13.12 n10degC_NN_Pan18650PF,no_corr,17.656597677932695
A2-3,707,−10 °C,06-14-17_13.12 n10degC_NN_Pan18650PF,scale_0.5,17.131148512838138
A2-3,707,−10 °C,06-14-17_13.12 n10degC_NN_Pan18650PF,scale_1.5,16.174472836573837
A2-3,707,−10 °C,06-14-17_13.12 n10degC_NN_Pan18650PF,gate_nu,17.229642017282323
A2-3,707,−10 °C,06-14-17_13.12 n10degC_NN_Pan18650PF,gate_P,17.616685475208765
A2-3,707,−10 °C,06-14-17_13.12 n10degC_NN_Pan18650PF,clip_2,16.91019313721001
A2-3,707,−10 °C,06-14-17_13.12 n10degC_NN_Pan18650PF,clip_5,16.63617422244937
A2-3,7,−20 °C,06-23-17_23.35 n20degC_HWFET_Pan18650PF,base,4.31187058595485
A2-3,7,−20 °C,06-23-17_23.35 n20degC_HWFET_Pan18650PF,no_corr,4.842793885828601
A2-3,7,−20 °C,06-23-17_23.35 n20degC_HWFET_Pan18650PF,scale_0.5,4.569645088045943
A2-3,7,−20 °C,06-23-17_23.35 n20degC_HWFET_Pan18650PF,scale_1.5,4.0723909161927265
A2-3,7,−20 °C,06-23-17_23.35 n20degC_HWFET_Pan18650PF,gate_nu,4.638514857765352
A2-3,7,−20 °C,06-23-17_23.35 n20degC_HWFET_Pan18650PF,gate_P,4.826763242474946
A2-3,7,−20 °C,06-23-17_23.35 n20degC_HWFET_Pan18650PF,clip_2,4.312491045769198
A2-3,7,−20 °C,06-23-17_23.35 n20degC_HWFET_Pan18650PF,clip_5,4.31187058595485
A2-3,13,−20 °C,06-23-17_23.35 n20degC_HWFET_Pan18650PF,base,5.031670812705122
A2-3,13,−20 °C,06-23-17_23.35 n20degC_HWFET_Pan18650PF,no_corr,4.842793885828601
A2-3,13,−20 °C,06-23-17_23.35 n20degC_HWFET_Pan18650PF,scale_0.5,4.844458697494779
A2-3,13,−20 °C,06-23-17_23.35 n20degC_HWFET_Pan18650PF,scale_1.5,5.385113360427026
A2-3,13,−20 °C,06-23-17_23.35 n20degC_HWFET_Pan18650PF,gate_nu,4.993005324489412
A2-3,13,−20 °C,06-23-17_23.35 n20degC_HWFET_Pan18650PF,gate_P,4.837816391420207
A2-3,13,−20 °C,06-23-17_23.35 n20degC_HWFET_Pan18650PF,clip_2,4.987503084259519
A2-3,13,−20 °C,06-23-17_23.35 n20degC_HWFET_Pan18650PF,clip_5,5.031670812705122
A2-3,42,−20 °C,06-23-17_23.35 n20degC_HWFET_Pan18650PF,base,4.831234611377476
A2-3,42,−20 °C,06-23-17_23.35 n20degC_HWFET_Pan18650PF,no_corr,4.842793885828601
A2-3,42,−20 °C,06-23-17_23.35 n20degC_HWFET_Pan18650PF,scale_0.5,4.713614760242925
A2-3,42,−20 °C,06-23-17_23.35 n20degC_HWFET_Pan18650PF,scale_1.5,5.178865114857651
A2-3,42,−20 °C,06-23-17_23.35 n20degC_HWFET_Pan18650PF,gate_nu,4.973318622926656
A2-3,42,−20 °C,06-23-17_23.35 n20degC_HWFET_Pan18650PF,gate_P,4.830180980646911
A2-3,42,−20 °C,06-23-17_23.35 n20degC_HWFET_Pan18650PF,clip_2,4.726665972184854
A2-3,42,−20 °C,06-23-17_23.35 n20degC_HWFET_Pan18650PF,clip_5,4.831234611377476
A2-3,101,−20 °C,06-23-17_23.35 n20degC_HWFET_Pan18650PF,base,4.349263791547211
A2-3,101,−20 °C,06-23-17_23.35 n20degC_HWFET_Pan18650PF,no_corr,4.842793885828601
A2-3,101,−20 °C,06-23-17_23.35 n20degC_HWFET_Pan18650PF,scale_0.5,4.5657294961342
A2-3,101,−20 °C,06-23-17_23.35 n20degC_HWFET_Pan18650PF,scale_1.5,4.2027707184775105
A2-3,101,−20 °C,06-23-17_23.35 n20degC_HWFET_Pan18650PF,gate_nu,4.68794301966832
A2-3,101,−20 °C,06-23-17_23.35 n20degC_HWFET_Pan18650PF,gate_P,4.825128156381165
A2-3,101,−20 °C,06-23-17_23.35 n20degC_HWFET_Pan18650PF,clip_2,4.425959219452619
A2-3,101,−20 °C,06-23-17_23.35 n20degC_HWFET_Pan18650PF,clip_5,4.349263791547211
A2-3,202,−20 °C,06-23-17_23.35 n20degC_HWFET_Pan18650PF,base,3.730724327848913
A2-3,202,−20 °C,06-23-17_23.35 n20degC_HWFET_Pan18650PF,no_corr,4.842793885828601
A2-3,202,−20 °C,06-23-17_23.35 n20degC_HWFET_Pan18650PF,scale_0.5,4.226305349268249
A2-3,202,−20 °C,06-23-17_23.35 n20degC_HWFET_Pan18650PF,scale_1.5,3.40919256240006
A2-3,202,−20 °C,06-23-17_23.35 n20degC_HWFET_Pan18650PF,gate_nu,4.514175899894117
A2-3,202,−20 °C,06-23-17_23.35 n20degC_HWFET_Pan18650PF,gate_P,4.809232576389922
A2-3,202,−20 °C,06-23-17_23.35 n20degC_HWFET_Pan18650PF,clip_2,4.037514245758567
A2-3,202,−20 °C,06-23-17_23.35 n20degC_HWFET_Pan18650PF,clip_5,3.73073044695842
A2-3,303,−20 °C,06-23-17_23.35 n20degC_HWFET_Pan18650PF,base,4.319202741093495
A2-3,303,−20 °C,06-23-17_23.35 n20degC_HWFET_Pan18650PF,no_corr,4.842793885828601
A2-3,303,−20 °C,06-23-17_23.35 n20degC_HWFET_Pan18650PF,scale_0.5,4.568015805446034
A2-3,303,−20 °C,06-23-17_23.35 n20degC_HWFET_Pan18650PF,scale_1.5,4.101083317973435
A2-3,303,−20 °C,06-23-17_23.35 n20degC_HWFET_Pan18650PF,gate_nu,4.7028838658194205
A2-3,303,−20 °C,06-23-17_23.35 n20degC_HWFET_Pan18650PF,gate_P,4.826180228812923
A2-3,303,−20 °C,06-23-17_23.35 n20degC_HWFET_Pan18650PF,clip_2,4.401503225704939
A2-3,303,−20 °C,06-23-17_23.35 n20degC_HWFET_Pan18650PF,clip_5,4.319202741093495
A2-3,404,−20 °C,06-23-17_23.35 n20degC_HWFET_Pan18650PF,base,4.455627781243206
A2-3,404,−20 °C,06-23-17_23.35 n20degC_HWFET_Pan18650PF,no_corr,4.842793885828601
A2-3,404,−20 °C,06-23-17_23.35 n20degC_HWFET_Pan18650PF,scale_0.5,4.638415227774127
A2-3,404,−20 °C,06-23-17_23.35 n20degC_HWFET_Pan18650PF,scale_1.5,4.297187674795471
A2-3,404,−20 °C,06-23-17_23.35 n20degC_HWFET_Pan18650PF,gate_nu,4.709400191061
A2-3,404,−20 °C,06-23-17_23.35 n20degC_HWFET_Pan18650PF,gate_P,4.829332496576732
A2-3,404,−20 °C,06-23-17_23.35 n20degC_HWFET_Pan18650PF,clip_2,4.462180398631471
A2-3,404,−20 °C,06-23-17_23.35 n20degC_HWFET_Pan18650PF,clip_5,4.455627781243206
A2-3,505,−20 °C,06-23-17_23.35 n20degC_HWFET_Pan18650PF,base,4.223619666407247
A2-3,505,−20 °C,06-23-17_23.35 n20degC_HWFET_Pan18650PF,no_corr,4.842793885828601
A2-3,505,−20 °C,06-23-17_23.35 n20degC_HWFET_Pan18650PF,scale_0.5,4.512982095196831
A2-3,505,−20 °C,06-23-17_23.35 n20degC_HWFET_Pan18650PF,scale_1.5,3.9835310601038665
A2-3,505,−20 °C,06-23-17_23.35 n20degC_HWFET_Pan18650PF,gate_nu,4.6337536685597405
A2-3,505,−20 °C,06-23-17_23.35 n20degC_HWFET_Pan18650PF,gate_P,4.822014377360935
A2-3,505,−20 °C,06-23-17_23.35 n20degC_HWFET_Pan18650PF,clip_2,4.356985984334972
A2-3,505,−20 °C,06-23-17_23.35 n20degC_HWFET_Pan18650PF,clip_5,4.223619666407247
A2-3,606,−20 °C,06-23-17_23.35 n20degC_HWFET_Pan18650PF,base,4.238999626775427
A2-3,606,−20 °C,06-23-17_23.35 n20degC_HWFET_Pan18650PF,no_corr,4.842793885828601
A2-3,606,−20 °C,06-23-17_23.35 n20degC_HWFET_Pan18650PF,scale_0.5,4.523408332939504
A2-3,606,−20 °C,06-23-17_23.35 n20degC_HWFET_Pan18650PF,scale_1.5,3.997041067761769
A2-3,606,−20 °C,06-23-17_23.35 n20degC_HWFET_Pan18650PF,gate_nu,4.648857944619043
A2-3,606,−20 °C,06-23-17_23.35 n20degC_HWFET_Pan18650PF,gate_P,4.823545614838395
A2-3,606,−20 °C,06-23-17_23.35 n20degC_HWFET_Pan18650PF,clip_2,4.3174382409735275
A2-3,606,−20 °C,06-23-17_23.35 n20degC_HWFET_Pan18650PF,clip_5,4.238999626775427
A2-3,707,−20 °C,06-23-17_23.35 n20degC_HWFET_Pan18650PF,base,4.583085344868976
A2-3,707,−20 °C,06-23-17_23.35 n20degC_HWFET_Pan18650PF,no_corr,4.842793885828601
A2-3,707,−20 °C,06-23-17_23.35 n20degC_HWFET_Pan18650PF,scale_0.5,4.635538195250063
A2-3,707,−20 °C,06-23-17_23.35 n20degC_HWFET_Pan18650PF,scale_1.5,4.69063144774884
A2-3,707,−20 °C,06-23-17_23.35 n20degC_HWFET_Pan18650PF,gate_nu,4.794221251915053
A2-3,707,−20 °C,06-23-17_23.35 n20degC_HWFET_Pan18650PF,gate_P,4.8276312156472745
A2-3,707,−20 °C,06-23-17_23.35 n20degC_HWFET_Pan18650PF,clip_2,4.616380314996942
A2-3,707,−20 °C,06-23-17_23.35 n20degC_HWFET_Pan18650PF,clip_5,4.583085344868976
A2-3,7,−20 °C,06-23-17_23.35 n20degC_LA92_Pan18650PF,base,5.13870980150408
A2-3,7,−20 °C,06-23-17_23.35 n20degC_LA92_Pan18650PF,no_corr,5.5820565346673074
A2-3,7,−20 °C,06-23-17_23.35 n20degC_LA92_Pan18650PF,scale_0.5,5.3533935333973615
A2-3,7,−20 °C,06-23-17_23.35 n20degC_LA92_Pan18650PF,scale_1.5,4.939828283123717
A2-3,7,−20 °C,06-23-17_23.35 n20degC_LA92_Pan18650PF,gate_nu,5.404102303342946
A2-3,7,−20 °C,06-23-17_23.35 n20degC_LA92_Pan18650PF,gate_P,5.564915866827353
A2-3,7,−20 °C,06-23-17_23.35 n20degC_LA92_Pan18650PF,clip_2,5.139049788282502
A2-3,7,−20 °C,06-23-17_23.35 n20degC_LA92_Pan18650PF,clip_5,5.13870980150408
A2-3,13,−20 °C,06-23-17_23.35 n20degC_LA92_Pan18650PF,base,5.969521191054856
A2-3,13,−20 °C,06-23-17_23.35 n20degC_LA92_Pan18650PF,no_corr,5.5820565346673074
A2-3,13,−20 °C,06-23-17_23.35 n20degC_LA92_Pan18650PF,scale_0.5,5.704347632027471
A2-3,13,−20 °C,06-23-17_23.35 n20degC_LA92_Pan18650PF,scale_1.5,6.359729490724474
A2-3,13,−20 °C,06-23-17_23.35 n20degC_LA92_Pan18650PF,gate_nu,5.7744139671319665
A2-3,13,−20 °C,06-23-17_23.35 n20degC_LA92_Pan18650PF,gate_P,5.5842170044852635
A2-3,13,−20 °C,06-23-17_23.35 n20degC_LA92_Pan18650PF,clip_2,5.9347471922088175
A2-3,13,−20 °C,06-23-17_23.35 n20degC_LA92_Pan18650PF,clip_5,5.969521191054856
A2-3,42,−20 °C,06-23-17_23.35 n20degC_LA92_Pan18650PF,base,5.708538038417816
A2-3,42,−20 °C,06-23-17_23.35 n20degC_LA92_Pan18650PF,no_corr,5.5820565346673074
A2-3,42,−20 °C,06-23-17_23.35 n20degC_LA92_Pan18650PF,scale_0.5,5.5527732903042395
A2-3,42,−20 °C,06-23-17_23.35 n20degC_LA92_Pan18650PF,scale_1.5,6.035039445274172
A2-3,42,−20 °C,06-23-17_23.35 n20degC_LA92_Pan18650PF,gate_nu,5.737639348586497
A2-3,42,−20 °C,06-23-17_23.35 n20degC_LA92_Pan18650PF,gate_P,5.5739712688002125
A2-3,42,−20 °C,06-23-17_23.35 n20degC_LA92_Pan18650PF,clip_2,5.620501802978585
A2-3,42,−20 °C,06-23-17_23.35 n20degC_LA92_Pan18650PF,clip_5,5.708538038417816
A2-3,101,−20 °C,06-23-17_23.35 n20degC_LA92_Pan18650PF,base,5.306555039518055
A2-3,101,−20 °C,06-23-17_23.35 n20degC_LA92_Pan18650PF,no_corr,5.5820565346673074
A2-3,101,−20 °C,06-23-17_23.35 n20degC_LA92_Pan18650PF,scale_0.5,5.420089348990335
A2-3,101,−20 °C,06-23-17_23.35 n20degC_LA92_Pan18650PF,scale_1.5,5.244599953425958
A2-3,101,−20 °C,06-23-17_23.35 n20degC_LA92_Pan18650PF,gate_nu,5.509455319980985
A2-3,101,−20 °C,06-23-17_23.35 n20degC_LA92_Pan18650PF,gate_P,5.567901270334541
A2-3,101,−20 °C,06-23-17_23.35 n20degC_LA92_Pan18650PF,clip_2,5.348248187222092
A2-3,101,−20 °C,06-23-17_23.35 n20degC_LA92_Pan18650PF,clip_5,5.307528324322151
A2-3,202,−20 °C,06-23-17_23.35 n20degC_LA92_Pan18650PF,base,4.632854262603072
A2-3,202,−20 °C,06-23-17_23.35 n20degC_LA92_Pan18650PF,no_corr,5.5820565346673074
A2-3,202,−20 °C,06-23-17_23.35 n20degC_LA92_Pan18650PF,scale_0.5,5.063289591242604
A2-3,202,−20 °C,06-23-17_23.35 n20degC_LA92_Pan18650PF,scale_1.5,4.317252199935967
A2-3,202,−20 °C,06-23-17_23.35 n20degC_LA92_Pan18650PF,gate_nu,5.301853503577702
A2-3,202,−20 °C,06-23-17_23.35 n20degC_LA92_Pan18650PF,gate_P,5.546857404404002
A2-3,202,−20 °C,06-23-17_23.35 n20degC_LA92_Pan18650PF,clip_2,4.786775050018321
A2-3,202,−20 °C,06-23-17_23.35 n20degC_LA92_Pan18650PF,clip_5,4.63542256813466
A2-3,303,−20 °C,06-23-17_23.35 n20degC_LA92_Pan18650PF,base,5.311179348725537
A2-3,303,−20 °C,06-23-17_23.35 n20degC_LA92_Pan18650PF,no_corr,5.5820565346673074
A2-3,303,−20 °C,06-23-17_23.35 n20degC_LA92_Pan18650PF,scale_0.5,5.435544484834099
A2-3,303,−20 °C,06-23-17_23.35 n20degC_LA92_Pan18650PF,scale_1.5,5.210547172378244
A2-3,303,−20 °C,06-23-17_23.35 n20degC_LA92_Pan18650PF,gate_nu,5.542901997546392
A2-3,303,−20 °C,06-23-17_23.35 n20degC_LA92_Pan18650PF,gate_P,5.570043077189363
A2-3,303,−20 °C,06-23-17_23.35 n20degC_LA92_Pan18650PF,clip_2,5.361364563297304
A2-3,303,−20 °C,06-23-17_23.35 n20degC_LA92_Pan18650PF,clip_5,5.311354875148538
A2-3,404,−20 °C,06-23-17_23.35 n20degC_LA92_Pan18650PF,base,5.302538092655226
A2-3,404,−20 °C,06-23-17_23.35 n20degC_LA92_Pan18650PF,no_corr,5.5820565346673074
A2-3,404,−20 °C,06-23-17_23.35 n20degC_LA92_Pan18650PF,scale_0.5,5.43208322117588
A2-3,404,−20 °C,06-23-17_23.35 n20degC_LA92_Pan18650PF,scale_1.5,5.194949610940269
A2-3,404,−20 °C,06-23-17_23.35 n20degC_LA92_Pan18650PF,gate_nu,5.493554871472864
A2-3,404,−20 °C,06-23-17_23.35 n20degC_LA92_Pan18650PF,gate_P,5.568936781660823
A2-3,404,−20 °C,06-23-17_23.35 n20degC_LA92_Pan18650PF,clip_2,5.3130127200843775
A2-3,404,−20 °C,06-23-17_23.35 n20degC_LA92_Pan18650PF,clip_5,5.302538092655226
A2-3,505,−20 °C,06-23-17_23.35 n20degC_LA92_Pan18650PF,base,5.259298018132816
A2-3,505,−20 °C,06-23-17_23.35 n20degC_LA92_Pan18650PF,no_corr,5.5820565346673074
A2-3,505,−20 °C,06-23-17_23.35 n20degC_LA92_Pan18650PF,scale_0.5,5.403583264270605
A2-3,505,−20 °C,06-23-17_23.35 n20degC_LA92_Pan18650PF,scale_1.5,5.152073933107593
A2-3,505,−20 °C,06-23-17_23.35 n20degC_LA92_Pan18650PF,gate_nu,5.485765308319261
A2-3,505,−20 °C,06-23-17_23.35 n20degC_LA92_Pan18650PF,gate_P,5.566798436021386
A2-3,505,−20 °C,06-23-17_23.35 n20degC_LA92_Pan18650PF,clip_2,5.320141890259278
A2-3,505,−20 °C,06-23-17_23.35 n20degC_LA92_Pan18650PF,clip_5,5.2622865986489265
A2-3,606,−20 °C,06-23-17_23.35 n20degC_LA92_Pan18650PF,base,5.160105250226001
A2-3,606,−20 °C,06-23-17_23.35 n20degC_LA92_Pan18650PF,no_corr,5.5820565346673074
A2-3,606,−20 °C,06-23-17_23.35 n20degC_LA92_Pan18650PF,scale_0.5,5.356596897893846
A2-3,606,−20 °C,06-23-17_23.35 n20degC_LA92_Pan18650PF,scale_1.5,4.996000678313099
A2-3,606,−20 °C,06-23-17_23.35 n20degC_LA92_Pan18650PF,gate_nu,5.457943678003748
A2-3,606,−20 °C,06-23-17_23.35 n20degC_LA92_Pan18650PF,gate_P,5.56439419198951
A2-3,606,−20 °C,06-23-17_23.35 n20degC_LA92_Pan18650PF,clip_2,5.197504730161858
A2-3,606,−20 °C,06-23-17_23.35 n20degC_LA92_Pan18650PF,clip_5,5.161528409640118
A2-3,707,−20 °C,06-23-17_23.35 n20degC_LA92_Pan18650PF,base,5.648100638849248
A2-3,707,−20 °C,06-23-17_23.35 n20degC_LA92_Pan18650PF,no_corr,5.5820565346673074
A2-3,707,−20 °C,06-23-17_23.35 n20degC_LA92_Pan18650PF,scale_0.5,5.5548396880820325
A2-3,707,−20 °C,06-23-17_23.35 n20degC_LA92_Pan18650PF,scale_1.5,5.85608621361885
A2-3,707,−20 °C,06-23-17_23.35 n20degC_LA92_Pan18650PF,gate_nu,5.625254125775736
A2-3,707,−20 °C,06-23-17_23.35 n20degC_LA92_Pan18650PF,gate_P,5.5750320010896015
A2-3,707,−20 °C,06-23-17_23.35 n20degC_LA92_Pan18650PF,clip_2,5.654252634293102
A2-3,707,−20 °C,06-23-17_23.35 n20degC_LA92_Pan18650PF,clip_5,5.648100638849248
A2-3,7,−20 °C,06-23-17_23.35 n20degC_NN_Pan18650PF,base,3.941882356423249
A2-3,7,−20 °C,06-23-17_23.35 n20degC_NN_Pan18650PF,no_corr,4.426287133506111
A2-3,7,−20 °C,06-23-17_23.35 n20degC_NN_Pan18650PF,scale_0.5,4.176065807913855
A2-3,7,−20 °C,06-23-17_23.35 n20degC_NN_Pan18650PF,scale_1.5,3.726761385326992
A2-3,7,−20 °C,06-23-17_23.35 n20degC_NN_Pan18650PF,gate_nu,4.2073271782523465
A2-3,7,−20 °C,06-23-17_23.35 n20degC_NN_Pan18650PF,gate_P,4.411812355254418
A2-3,7,−20 °C,06-23-17_23.35 n20degC_NN_Pan18650PF,clip_2,3.941882356423249
A2-3,7,−20 °C,06-23-17_23.35 n20degC_NN_Pan18650PF,clip_5,3.941882356423249
A2-3,13,−20 °C,06-23-17_23.35 n20degC_NN_Pan18650PF,base,4.624072203141074
A2-3,13,−20 °C,06-23-17_23.35 n20degC_NN_Pan18650PF,no_corr,4.426287133506111
A2-3,13,−20 °C,06-23-17_23.35 n20degC_NN_Pan18650PF,scale_0.5,4.427723076840294
A2-3,13,−20 °C,06-23-17_23.35 n20degC_NN_Pan18650PF,scale_1.5,4.992389615835741
A2-3,13,−20 °C,06-23-17_23.35 n20degC_NN_Pan18650PF,gate_nu,4.580253560573166
A2-3,13,−20 °C,06-23-17_23.35 n20degC_NN_Pan18650PF,gate_P,4.423504574154786
A2-3,13,−20 °C,06-23-17_23.35 n20degC_NN_Pan18650PF,clip_2,4.576816927279462
A2-3,13,−20 °C,06-23-17_23.35 n20degC_NN_Pan18650PF,clip_5,4.624072203141074
A2-3,42,−20 °C,06-23-17_23.35 n20degC_NN_Pan18650PF,base,4.4662670894616845
A2-3,42,−20 °C,06-23-17_23.35 n20degC_NN_Pan18650PF,no_corr,4.426287133506111
A2-3,42,−20 °C,06-23-17_23.35 n20degC_NN_Pan18650PF,scale_0.5,4.319055083155232
A2-3,42,−20 °C,06-23-17_23.35 n20degC_NN_Pan18650PF,scale_1.5,4.844784054180191
A2-3,42,−20 °C,06-23-17_23.35 n20degC_NN_Pan18650PF,gate_nu,4.574365403728485
A2-3,42,−20 °C,06-23-17_23.35 n20degC_NN_Pan18650PF,gate_P,4.416747308208438
A2-3,42,−20 °C,06-23-17_23.35 n20degC_NN_Pan18650PF,clip_2,4.339783869635754
A2-3,42,−20 °C,06-23-17_23.35 n20degC_NN_Pan18650PF,clip_5,4.4662670894616845
A2-3,101,−20 °C,06-23-17_23.35 n20degC_NN_Pan18650PF,base,4.039420624914232
A2-3,101,−20 °C,06-23-17_23.35 n20degC_NN_Pan18650PF,no_corr,4.426287133506111
A2-3,101,−20 °C,06-23-17_23.35 n20degC_NN_Pan18650PF,scale_0.5,4.203262775103488
A2-3,101,−20 °C,06-23-17_23.35 n20degC_NN_Pan18650PF,scale_1.5,3.9421467347781327
A2-3,101,−20 °C,06-23-17_23.35 n20degC_NN_Pan18650PF,gate_nu,4.293543711660773
A2-3,101,−20 °C,06-23-17_23.35 n20degC_NN_Pan18650PF,gate_P,4.412768927496556
A2-3,101,−20 °C,06-23-17_23.35 n20degC_NN_Pan18650PF,clip_2,4.0661548896818624
A2-3,101,−20 °C,06-23-17_23.35 n20degC_NN_Pan18650PF,clip_5,4.039420624914232
A2-3,202,−20 °C,06-23-17_23.35 n20degC_NN_Pan18650PF,base,3.5125865478382323
A2-3,202,−20 °C,06-23-17_23.35 n20degC_NN_Pan18650PF,no_corr,4.426287133506111
A2-3,202,−20 °C,06-23-17_23.35 n20degC_NN_Pan18650PF,scale_0.5,3.9024413695485074
A2-3,202,−20 °C,06-23-17_23.35 n20degC_NN_Pan18650PF,scale_1.5,3.304491581707439
A2-3,202,−20 °C,06-23-17_23.35 n20degC_NN_Pan18650PF,gate_nu,4.117872485471792
A2-3,202,−20 °C,06-23-17_23.35 n20degC_NN_Pan18650PF,gate_P,4.3970497163431235
A2-3,202,−20 °C,06-23-17_23.35 n20degC_NN_Pan18650PF,clip_2,3.6812240239964873
A2-3,202,−20 °C,06-23-17_23.35 n20degC_NN_Pan18650PF,clip_5,3.5129741943726858
A2-3,303,−20 °C,06-23-17_23.35 n20degC_NN_Pan18650PF,base,4.08565064306993
A2-3,303,−20 °C,06-23-17_23.35 n20degC_NN_Pan18650PF,no_corr,4.426287133506111
A2-3,303,−20 °C,06-23-17_23.35 n20degC_NN_Pan18650PF,scale_0.5,4.24314149696565
A2-3,303,−20 °C,06-23-17_23.35 n20degC_NN_Pan18650PF,scale_1.5,3.956879076572922
A2-3,303,−20 °C,06-23-17_23.35 n20degC_NN_Pan18650PF,gate_nu,4.343134226481594
A2-3,303,−20 °C,06-23-17_23.35 n20degC_NN_Pan18650PF,gate_P,4.415582103951116
A2-3,303,−20 °C,06-23-17_23.35 n20degC_NN_Pan18650PF,clip_2,4.118516477392288
A2-3,303,−20 °C,06-23-17_23.35 n20degC_NN_Pan18650PF,clip_5,4.08565064306993
A2-3,404,−20 °C,06-23-17_23.35 n20degC_NN_Pan18650PF,base,4.017900280570957
A2-3,404,−20 °C,06-23-17_23.35 n20degC_NN_Pan18650PF,no_corr,4.426287133506111
A2-3,404,−20 °C,06-23-17_23.35 n20degC_NN_Pan18650PF,scale_0.5,4.211184036572243
A2-3,404,−20 °C,06-23-17_23.35 n20degC_NN_Pan18650PF,scale_1.5,3.8497237313647545
A2-3,404,−20 °C,06-23-17_23.35 n20degC_NN_Pan18650PF,gate_nu,4.279604648993248
A2-3,404,−20 °C,06-23-17_23.35 n20degC_NN_Pan18650PF,gate_P,4.413319584530128
A2-3,404,−20 °C,06-23-17_23.35 n20degC_NN_Pan18650PF,clip_2,4.028607575930701
A2-3,404,−20 °C,06-23-17_23.35 n20degC_NN_Pan18650PF,clip_5,4.017900280570957
A2-3,505,−20 °C,06-23-17_23.35 n20degC_NN_Pan18650PF,base,3.9344098918781225
A2-3,505,−20 °C,06-23-17_23.35 n20degC_NN_Pan18650PF,no_corr,4.426287133506111
A2-3,505,−20 °C,06-23-17_23.35 n20degC_NN_Pan18650PF,scale_0.5,4.160657254450756
A2-3,505,−20 °C,06-23-17_23.35 n20degC_NN_Pan18650PF,scale_1.5,3.7546710926120195
A2-3,505,−20 °C,06-23-17_23.35 n20degC_NN_Pan18650PF,gate_nu,4.2491291619539275
A2-3,505,−20 °C,06-23-17_23.35 n20degC_NN_Pan18650PF,gate_P,4.410341336629594
A2-3,505,−20 °C,06-23-17_23.35 n20degC_NN_Pan18650PF,clip_2,3.987367439287398
A2-3,505,−20 °C,06-23-17_23.35 n20degC_NN_Pan18650PF,clip_5,3.9344098918781225
A2-3,606,−20 °C,06-23-17_23.35 n20degC_NN_Pan18650PF,base,3.928754165409787
A2-3,606,−20 °C,06-23-17_23.35 n20degC_NN_Pan18650PF,no_corr,4.426287133506111
A2-3,606,−20 °C,06-23-17_23.35 n20degC_NN_Pan18650PF,scale_0.5,4.160797681028397
A2-3,606,−20 °C,06-23-17_23.35 n20degC_NN_Pan18650PF,scale_1.5,3.7363931311280814
A2-3,606,−20 °C,06-23-17_23.35 n20degC_NN_Pan18650PF,gate_nu,4.25069187468251
A2-3,606,−20 °C,06-23-17_23.35 n20degC_NN_Pan18650PF,gate_P,4.411066769588009
A2-3,606,−20 °C,06-23-17_23.35 n20degC_NN_Pan18650PF,clip_2,3.9536050912432774
A2-3,606,−20 °C,06-23-17_23.35 n20degC_NN_Pan18650PF,clip_5,3.928754165409787
A2-3,707,−20 °C,06-23-17_23.35 n20degC_NN_Pan18650PF,base,4.3045605594910175
A2-3,707,−20 °C,06-23-17_23.35 n20degC_NN_Pan18650PF,no_corr,4.426287133506111
A2-3,707,−20 °C,06-23-17_23.35 n20degC_NN_Pan18650PF,scale_0.5,4.283838258587765
A2-3,707,−20 °C,06-23-17_23.35 n20degC_NN_Pan18650PF,scale_1.5,4.4861934814607025
A2-3,707,−20 °C,06-23-17_23.35 n20degC_NN_Pan18650PF,gate_nu,4.404527307031495
A2-3,707,−20 °C,06-23-17_23.35 n20degC_NN_Pan18650PF,gate_P,4.4160240731777725
A2-3,707,−20 °C,06-23-17_23.35 n20degC_NN_Pan18650PF,clip_2,4.308562115576649
A2-3,707,−20 °C,06-23-17_23.35 n20degC_NN_Pan18650PF,clip_5,4.3045605594910175
A2-3,7,−20 °C,06-23-17_23.35 n20degC_UDDS_Pan18650PF,base,8.972472664667423
A2-3,7,−20 °C,06-23-17_23.35 n20degC_UDDS_Pan18650PF,no_corr,9.46620287097757
A2-3,7,−20 °C,06-23-17_23.35 n20degC_UDDS_Pan18650PF,scale_0.5,9.215199429570248
A2-3,7,−20 °C,06-23-17_23.35 n20degC_UDDS_Pan18650PF,scale_1.5,8.738712282898476
A2-3,7,−20 °C,06-23-17_23.35 n20degC_UDDS_Pan18650PF,gate_nu,9.28295908866844
A2-3,7,−20 °C,06-23-17_23.35 n20degC_UDDS_Pan18650PF,gate_P,9.441234856971107
A2-3,7,−20 °C,06-23-17_23.35 n20degC_UDDS_Pan18650PF,clip_2,8.974695368062399
A2-3,7,−20 °C,06-23-17_23.35 n20degC_UDDS_Pan18650PF,clip_5,8.972472664667423
A2-3,13,−20 °C,06-23-17_23.35 n20degC_UDDS_Pan18650PF,base,9.99543876424476
A2-3,13,−20 °C,06-23-17_23.35 n20degC_UDDS_Pan18650PF,no_corr,9.46620287097757
A2-3,13,−20 °C,06-23-17_23.35 n20degC_UDDS_Pan18650PF,scale_0.5,9.695068239049506
A2-3,13,−20 °C,06-23-17_23.35 n20degC_UDDS_Pan18650PF,scale_1.5,10.361097461543448
A2-3,13,−20 °C,06-23-17_23.35 n20degC_UDDS_Pan18650PF,gate_nu,9.691835126477603
A2-3,13,−20 °C,06-23-17_23.35 n20degC_UDDS_Pan18650PF,gate_P,9.476533546629884
A2-3,13,−20 °C,06-23-17_23.35 n20degC_UDDS_Pan18650PF,clip_2,9.97918345048182
A2-3,13,−20 °C,06-23-17_23.35 n20degC_UDDS_Pan18650PF,clip_5,9.99543876424476
A2-3,42,−20 °C,06-23-17_23.35 n20degC_UDDS_Pan18650PF,base,9.654695857234378
A2-3,42,−20 °C,06-23-17_23.35 n20degC_UDDS_Pan18650PF,no_corr,9.46620287097757
A2-3,42,−20 °C,06-23-17_23.35 n20degC_UDDS_Pan18650PF,scale_0.5,9.512523576881433
A2-3,42,−20 °C,06-23-17_23.35 n20degC_UDDS_Pan18650PF,scale_1.5,9.888586283589321
A2-3,42,−20 °C,06-23-17_23.35 n20degC_UDDS_Pan18650PF,gate_nu,9.602589068257569
A2-3,42,−20 °C,06-23-17_23.35 n20degC_UDDS_Pan18650PF,gate_P,9.459921873279544
A2-3,42,−20 °C,06-23-17_23.35 n20degC_UDDS_Pan18650PF,clip_2,9.613208536235934
A2-3,42,−20 °C,06-23-17_23.35 n20degC_UDDS_Pan18650PF,clip_5,9.654695857234378
A2-3,101,−20 °C,06-23-17_23.35 n20degC_UDDS_Pan18650PF,base,9.305280447365778
A2-3,101,−20 °C,06-23-17_23.35 n20degC_UDDS_Pan18650PF,no_corr,9.46620287097757
A2-3,101,−20 °C,06-23-17_23.35 n20degC_UDDS_Pan18650PF,scale_0.5,9.372643848334098
A2-3,101,−20 °C,06-23-17_23.35 n20degC_UDDS_Pan18650PF,scale_1.5,9.264684091065563
A2-3,101,−20 °C,06-23-17_23.35 n20degC_UDDS_Pan18650PF,gate_nu,9.435385181617725
A2-3,101,−20 °C,06-23-17_23.35 n20degC_UDDS_Pan18650PF,gate_P,9.451702688788675
A2-3,101,−20 °C,06-23-17_23.35 n20degC_UDDS_Pan18650PF,clip_2,9.330355082747884
A2-3,101,−20 °C,06-23-17_23.35 n20degC_UDDS_Pan18650PF,clip_5,9.305280447365778
A2-3,202,−20 °C,06-23-17_23.35 n20degC_UDDS_Pan18650PF,base,8.484900632828035
A2-3,202,−20 °C,06-23-17_23.35 n20degC_UDDS_Pan18650PF,no_corr,9.46620287097757
A2-3,202,−20 °C,06-23-17_23.35 n20degC_UDDS_Pan18650PF,scale_0.5,8.95564895516137
A2-3,202,−20 °C,06-23-17_23.35 n20degC_UDDS_Pan18650PF,scale_1.5,8.06093470968495
A2-3,202,−20 °C,06-23-17_23.35 n20degC_UDDS_Pan18650PF,gate_nu,9.127615769604565
A2-3,202,−20 °C,06-23-17_23.35 n20degC_UDDS_Pan18650PF,gate_P,9.421200926285803
A2-3,202,−20 °C,06-23-17_23.35 n20degC_UDDS_Pan18650PF,clip_2,8.562877588381356
A2-3,202,−20 °C,06-23-17_23.35 n20degC_UDDS_Pan18650PF,clip_5,8.487653728485434
A2-3,303,−20 °C,06-23-17_23.35 n20degC_UDDS_Pan18650PF,base,9.371407105970155
A2-3,303,−20 °C,06-23-17_23.35 n20degC_UDDS_Pan18650PF,no_corr,9.46620287097757
A2-3,303,−20 °C,06-23-17_23.35 n20degC_UDDS_Pan18650PF,scale_0.5,9.412843811616627
A2-3,303,−20 °C,06-23-17_23.35 n20degC_UDDS_Pan18650PF,scale_1.5,9.342051401301818
A2-3,303,−20 °C,06-23-17_23.35 n20degC_UDDS_Pan18650PF,gate_nu,9.476683971884523
A2-3,303,−20 °C,06-23-17_23.35 n20degC_UDDS_Pan18650PF,gate_P,9.45717869165648
A2-3,303,−20 °C,06-23-17_23.35 n20degC_UDDS_Pan18650PF,clip_2,9.397827483854988
A2-3,303,−20 °C,06-23-17_23.35 n20degC_UDDS_Pan18650PF,clip_5,9.371477025090142
A2-3,404,−20 °C,06-23-17_23.35 n20degC_UDDS_Pan18650PF,base,9.275005128227127
A2-3,404,−20 °C,06-23-17_23.35 n20degC_UDDS_Pan18650PF,no_corr,9.46620287097757
A2-3,404,−20 °C,06-23-17_23.35 n20degC_UDDS_Pan18650PF,scale_0.5,9.364464513216165
A2-3,404,−20 °C,06-23-17_23.35 n20degC_UDDS_Pan18650PF,scale_1.5,9.198182990599822
A2-3,404,−20 °C,06-23-17_23.35 n20degC_UDDS_Pan18650PF,gate_nu,9.420698984281334
A2-3,404,−20 °C,06-23-17_23.35 n20degC_UDDS_Pan18650PF,gate_P,9.451677338610576
A2-3,404,−20 °C,06-23-17_23.35 n20degC_UDDS_Pan18650PF,clip_2,9.280774765292623
A2-3,404,−20 °C,06-23-17_23.35 n20degC_UDDS_Pan18650PF,clip_5,9.275005128227127
A2-3,505,−20 °C,06-23-17_23.35 n20degC_UDDS_Pan18650PF,base,9.348649512243298
A2-3,505,−20 °C,06-23-17_23.35 n20degC_UDDS_Pan18650PF,no_corr,9.46620287097757
A2-3,505,−20 °C,06-23-17_23.35 n20degC_UDDS_Pan18650PF,scale_0.5,9.398523064050801
A2-3,505,−20 °C,06-23-17_23.35 n20degC_UDDS_Pan18650PF,scale_1.5,9.316868171775607
A2-3,505,−20 °C,06-23-17_23.35 n20degC_UDDS_Pan18650PF,gate_nu,9.440960179912086
A2-3,505,−20 °C,06-23-17_23.35 n20degC_UDDS_Pan18650PF,gate_P,9.45457422702003
A2-3,505,−20 °C,06-23-17_23.35 n20degC_UDDS_Pan18650PF,clip_2,9.381402761856606
A2-3,505,−20 °C,06-23-17_23.35 n20degC_UDDS_Pan18650PF,clip_5,9.349465700274855
A2-3,606,−20 °C,06-23-17_23.35 n20degC_UDDS_Pan18650PF,base,9.136951155819833
A2-3,606,−20 °C,06-23-17_23.35 n20degC_UDDS_Pan18650PF,no_corr,9.46620287097757
A2-3,606,−20 °C,06-23-17_23.35 n20degC_UDDS_Pan18650PF,scale_0.5,9.293746304215341
A2-3,606,−20 °C,06-23-17_23.35 n20degC_UDDS_Pan18650PF,scale_1.5,8.996636313452987
A2-3,606,−20 °C,06-23-17_23.35 n20degC_UDDS_Pan18650PF,gate_nu,9.373542938130269
A2-3,606,−20 °C,06-23-17_23.35 n20degC_UDDS_Pan18650PF,gate_P,9.446271342452112
A2-3,606,−20 °C,06-23-17_23.35 n20degC_UDDS_Pan18650PF,clip_2,9.15539278475093
A2-3,606,−20 °C,06-23-17_23.35 n20degC_UDDS_Pan18650PF,clip_5,9.136951155819833
A2-3,707,−20 °C,06-23-17_23.35 n20degC_UDDS_Pan18650PF,base,9.668434246530278
A2-3,707,−20 °C,06-23-17_23.35 n20degC_UDDS_Pan18650PF,no_corr,9.46620287097757
A2-3,707,−20 °C,06-23-17_23.35 n20degC_UDDS_Pan18650PF,scale_0.5,9.537012780020758
A2-3,707,−20 °C,06-23-17_23.35 n20degC_UDDS_Pan18650PF,scale_1.5,9.85804345743113
A2-3,707,−20 °C,06-23-17_23.35 n20degC_UDDS_Pan18650PF,gate_nu,9.555712083356
A2-3,707,−20 °C,06-23-17_23.35 n20degC_UDDS_Pan18650PF,gate_P,9.464027377736647
A2-3,707,−20 °C,06-23-17_23.35 n20degC_UDDS_Pan18650PF,clip_2,9.676854627963971
A2-3,707,−20 °C,06-23-17_23.35 n20degC_UDDS_Pan18650PF,clip_5,9.668434246530278
A2-3,7,−20 °C,06-24-17_04.29 n20degC_Cycle_1_Pan18650PF,base,22.012448042261255
A2-3,7,−20 °C,06-24-17_04.29 n20degC_Cycle_1_Pan18650PF,no_corr,23.05804712795054
A2-3,7,−20 °C,06-24-17_04.29 n20degC_Cycle_1_Pan18650PF,scale_0.5,22.532770245044652
A2-3,7,−20 °C,06-24-17_04.29 n20degC_Cycle_1_Pan18650PF,scale_1.5,21.497440288911452
A2-3,7,−20 °C,06-24-17_04.29 n20degC_Cycle_1_Pan18650PF,gate_nu,22.692923891512162
A2-3,7,−20 °C,06-24-17_04.29 n20degC_Cycle_1_Pan18650PF,gate_P,23.010742425880334
A2-3,7,−20 °C,06-24-17_04.29 n20degC_Cycle_1_Pan18650PF,clip_2,22.0882501380874
A2-3,7,−20 °C,06-24-17_04.29 n20degC_Cycle_1_Pan18650PF,clip_5,22.012448042261255
A2-3,13,−20 °C,06-24-17_04.29 n20degC_Cycle_1_Pan18650PF,base,23.25634017546188
A2-3,13,−20 °C,06-24-17_04.29 n20degC_Cycle_1_Pan18650PF,no_corr,23.05804712795054
A2-3,13,−20 °C,06-24-17_04.29 n20degC_Cycle_1_Pan18650PF,scale_0.5,23.14978237706448
A2-3,13,−20 °C,06-24-17_04.29 n20degC_Cycle_1_Pan18650PF,scale_1.5,23.37751783564678
A2-3,13,−20 °C,06-24-17_04.29 n20degC_Cycle_1_Pan18650PF,gate_nu,23.123010471306156
A2-3,13,−20 °C,06-24-17_04.29 n20degC_Cycle_1_Pan18650PF,gate_P,23.06594644386865
A2-3,13,−20 °C,06-24-17_04.29 n20degC_Cycle_1_Pan18650PF,clip_2,23.298353604437338
A2-3,13,−20 °C,06-24-17_04.29 n20degC_Cycle_1_Pan18650PF,clip_5,23.25634017546188
A2-3,42,−20 °C,06-24-17_04.29 n20degC_Cycle_1_Pan18650PF,base,22.757853127325166
A2-3,42,−20 °C,06-24-17_04.29 n20degC_Cycle_1_Pan18650PF,no_corr,23.05804712795054
A2-3,42,−20 °C,06-24-17_04.29 n20degC_Cycle_1_Pan18650PF,scale_0.5,22.901263845343127
A2-3,42,−20 °C,06-24-17_04.29 n20degC_Cycle_1_Pan18650PF,scale_1.5,22.628069229732706
A2-3,42,−20 °C,06-24-17_04.29 n20degC_Cycle_1_Pan18650PF,gate_nu,22.97041741846689
A2-3,42,−20 °C,06-24-17_04.29 n20degC_Cycle_1_Pan18650PF,gate_P,23.042671147440714
A2-3,42,−20 °C,06-24-17_04.29 n20degC_Cycle_1_Pan18650PF,clip_2,22.826739578304903
A2-3,42,−20 °C,06-24-17_04.29 n20degC_Cycle_1_Pan18650PF,clip_5,22.757853127325166
A2-3,101,−20 °C,06-24-17_04.29 n20degC_Cycle_1_Pan18650PF,base,22.276645970450947
A2-3,101,−20 °C,06-24-17_04.29 n20degC_Cycle_1_Pan18650PF,no_corr,23.05804712795054
A2-3,101,−20 °C,06-24-17_04.29 n20degC_Cycle_1_Pan18650PF,scale_0.5,22.656605074436147
A2-3,101,−20 °C,06-24-17_04.29 n20degC_Cycle_1_Pan18650PF,scale_1.5,21.919287032366853
A2-3,101,−20 °C,06-24-17_04.29 n20degC_Cycle_1_Pan18650PF,gate_nu,22.81796902152504
A2-3,101,−20 °C,06-24-17_04.29 n20degC_Cycle_1_Pan18650PF,gate_P,23.019662107509454
A2-3,101,−20 °C,06-24-17_04.29 n20degC_Cycle_1_Pan18650PF,clip_2,22.534014886812926
A2-3,101,−20 °C,06-24-17_04.29 n20degC_Cycle_1_Pan18650PF,clip_5,22.278525539655902
A2-3,202,−20 °C,06-24-17_04.29 n20degC_Cycle_1_Pan18650PF,base,20.933448699861
A2-3,202,−20 °C,06-24-17_04.29 n20degC_Cycle_1_Pan18650PF,no_corr,23.05804712795054
A2-3,202,−20 °C,06-24-17_04.29 n20degC_Cycle_1_Pan18650PF,scale_0.5,21.98649298125754
A2-3,202,−20 °C,06-24-17_04.29 n20degC_Cycle_1_Pan18650PF,scale_1.5,19.901852677303882
A2-3,202,−20 °C,06-24-17_04.29 n20degC_Cycle_1_Pan18650PF,gate_nu,22.369900591986084
A2-3,202,−20 °C,06-24-17_04.29 n20degC_Cycle_1_Pan18650PF,gate_P,22.958179503893376
A2-3,202,−20 °C,06-24-17_04.29 n20degC_Cycle_1_Pan18650PF,clip_2,21.476409183900707
A2-3,202,−20 °C,06-24-17_04.29 n20degC_Cycle_1_Pan18650PF,clip_5,20.990727942048533
A2-3,303,−20 °C,06-24-17_04.29 n20degC_Cycle_1_Pan18650PF,base,22.458610486342955
A2-3,303,−20 °C,06-24-17_04.29 n20degC_Cycle_1_Pan18650PF,no_corr,23.05804712795054
A2-3,303,−20 °C,06-24-17_04.29 n20degC_Cycle_1_Pan18650PF,scale_0.5,22.74660166935659
A2-3,303,−20 °C,06-24-17_04.29 n20degC_Cycle_1_Pan18650PF,scale_1.5,22.194986590460328
A2-3,303,−20 °C,06-24-17_04.29 n20degC_Cycle_1_Pan18650PF,gate_nu,22.911915506078053
A2-3,303,−20 °C,06-24-17_04.29 n20degC_Cycle_1_Pan18650PF,gate_P,23.025907586965623
A2-3,303,−20 °C,06-24-17_04.29 n20degC_Cycle_1_Pan18650PF,clip_2,22.719051382314472
A2-3,303,−20 °C,06-24-17_04.29 n20degC_Cycle_1_Pan18650PF,clip_5,22.477065849327783
A2-3,404,−20 °C,06-24-17_04.29 n20degC_Cycle_1_Pan18650PF,base,22.32690301464596
A2-3,404,−20 °C,06-24-17_04.29 n20degC_Cycle_1_Pan18650PF,no_corr,23.05804712795054
A2-3,404,−20 °C,06-24-17_04.29 n20degC_Cycle_1_Pan18650PF,scale_0.5,22.68702694564956
A2-3,404,−20 °C,06-24-17_04.29 n20degC_Cycle_1_Pan18650PF,scale_1.5,21.978210962493442
A2-3,404,−20 °C,06-24-17_04.29 n20degC_Cycle_1_Pan18650PF,gate_nu,22.844313613793815
A2-3,404,−20 °C,06-24-17_04.29 n20degC_Cycle_1_Pan18650PF,gate_P,23.023119532793995
A2-3,404,−20 °C,06-24-17_04.29 n20degC_Cycle_1_Pan18650PF,clip_2,22.42223602901914
A2-3,404,−20 °C,06-24-17_04.29 n20degC_Cycle_1_Pan18650PF,clip_5,22.32690301464596
A2-3,505,−20 °C,06-24-17_04.29 n20degC_Cycle_1_Pan18650PF,base,22.34839689297336
A2-3,505,−20 °C,06-24-17_04.29 n20degC_Cycle_1_Pan18650PF,no_corr,23.05804712795054
A2-3,505,−20 °C,06-24-17_04.29 n20degC_Cycle_1_Pan18650PF,scale_0.5,22.688689127981956
A2-3,505,−20 °C,06-24-17_04.29 n20degC_Cycle_1_Pan18650PF,scale_1.5,22.038516858437944
A2-3,505,−20 °C,06-24-17_04.29 n20degC_Cycle_1_Pan18650PF,gate_nu,22.85359358959074
A2-3,505,−20 °C,06-24-17_04.29 n20degC_Cycle_1_Pan18650PF,gate_P,23.022053295873317
A2-3,505,−20 °C,06-24-17_04.29 n20degC_Cycle_1_Pan18650PF,clip_2,22.670020322719402
A2-3,505,−20 °C,06-24-17_04.29 n20degC_Cycle_1_Pan18650PF,clip_5,22.378880632088478
A2-3,606,−20 °C,06-24-17_04.29 n20degC_Cycle_1_Pan18650PF,base,22.020961471107043
A2-3,606,−20 °C,06-24-17_04.29 n20degC_Cycle_1_Pan18650PF,no_corr,23.05804712795054
A2-3,606,−20 °C,06-24-17_04.29 n20degC_Cycle_1_Pan18650PF,scale_0.5,22.532682813654354
A2-3,606,−20 °C,06-24-17_04.29 n20degC_Cycle_1_Pan18650PF,scale_1.5,21.52385618959225
A2-3,606,−20 °C,06-24-17_04.29 n20degC_Cycle_1_Pan18650PF,gate_nu,22.747281922041378
A2-3,606,−20 °C,06-24-17_04.29 n20degC_Cycle_1_Pan18650PF,gate_P,23.008164251188685
A2-3,606,−20 °C,06-24-17_04.29 n20degC_Cycle_1_Pan18650PF,clip_2,22.222052804339945
A2-3,606,−20 °C,06-24-17_04.29 n20degC_Cycle_1_Pan18650PF,clip_5,22.02108320481716
A2-3,707,−20 °C,06-24-17_04.29 n20degC_Cycle_1_Pan18650PF,base,22.67453049140947
A2-3,707,−20 °C,06-24-17_04.29 n20degC_Cycle_1_Pan18650PF,no_corr,23.05804712795054
A2-3,707,−20 °C,06-24-17_04.29 n20degC_Cycle_1_Pan18650PF,scale_0.5,22.85514550480082
A2-3,707,−20 °C,06-24-17_04.29 n20degC_Cycle_1_Pan18650PF,scale_1.5,22.516738399549766
A2-3,707,−20 °C,06-24-17_04.29 n20degC_Cycle_1_Pan18650PF,gate_nu,22.910230287852187
A2-3,707,−20 °C,06-24-17_04.29 n20degC_Cycle_1_Pan18650PF,gate_P,23.03940410657091
A2-3,707,−20 °C,06-24-17_04.29 n20degC_Cycle_1_Pan18650PF,clip_2,22.865127008437568
A2-3,707,−20 °C,06-24-17_04.29 n20degC_Cycle_1_Pan18650PF,clip_5,22.67453250821545
A2-3,7,−20 °C,06-24-17_11.58 n20degC_Cycle_2_Pan18650PF,base,21.208201553240272
A2-3,7,−20 °C,06-24-17_11.58 n20degC_Cycle_2_Pan18650PF,no_corr,22.348533175496534
A2-3,7,−20 °C,06-24-17_11.58 n20degC_Cycle_2_Pan18650PF,scale_0.5,21.77645841932306
A2-3,7,−20 °C,06-24-17_11.58 n20degC_Cycle_2_Pan18650PF,scale_1.5,20.644077856400212
A2-3,7,−20 °C,06-24-17_11.58 n20degC_Cycle_2_Pan18650PF,gate_nu,22.021248941633022
A2-3,7,−20 °C,06-24-17_11.58 n20degC_Cycle_2_Pan18650PF,gate_P,22.300222827832282
A2-3,7,−20 °C,06-24-17_11.58 n20degC_Cycle_2_Pan18650PF,clip_2,21.240468380364014
A2-3,7,−20 °C,06-24-17_11.58 n20degC_Cycle_2_Pan18650PF,clip_5,21.208201553240272
A2-3,13,−20 °C,06-24-17_11.58 n20degC_Cycle_2_Pan18650PF,base,22.302802011803813
A2-3,13,−20 °C,06-24-17_11.58 n20degC_Cycle_2_Pan18650PF,no_corr,22.348533175496534
A2-3,13,−20 °C,06-24-17_11.58 n20degC_Cycle_2_Pan18650PF,scale_0.5,22.318440999957108
A2-3,13,−20 °C,06-24-17_11.58 n20degC_Cycle_2_Pan18650PF,scale_1.5,22.30164661643277
A2-3,13,−20 °C,06-24-17_11.58 n20degC_Cycle_2_Pan18650PF,gate_nu,22.341031062320948
A2-3,13,−20 °C,06-24-17_11.58 n20degC_Cycle_2_Pan18650PF,gate_P,22.35524207303429
A2-3,13,−20 °C,06-24-17_11.58 n20degC_Cycle_2_Pan18650PF,clip_2,22.358207229520296
A2-3,13,−20 °C,06-24-17_11.58 n20degC_Cycle_2_Pan18650PF,clip_5,22.302802011803813
A2-3,42,−20 °C,06-24-17_11.58 n20degC_Cycle_2_Pan18650PF,base,21.805143373060226
A2-3,42,−20 °C,06-24-17_11.58 n20degC_Cycle_2_Pan18650PF,no_corr,22.348533175496534
A2-3,42,−20 °C,06-24-17_11.58 n20degC_Cycle_2_Pan18650PF,scale_0.5,22.068979506061677
A2-3,42,−20 °C,06-24-17_11.58 n20degC_Cycle_2_Pan18650PF,scale_1.5,21.55760186800786
A2-3,42,−20 °C,06-24-17_11.58 n20degC_Cycle_2_Pan18650PF,gate_nu,22.198804341965076
A2-3,42,−20 °C,06-24-17_11.58 n20degC_Cycle_2_Pan18650PF,gate_P,22.331387544813147
A2-3,42,−20 °C,06-24-17_11.58 n20degC_Cycle_2_Pan18650PF,clip_2,21.912469476901936
A2-3,42,−20 °C,06-24-17_11.58 n20degC_Cycle_2_Pan18650PF,clip_5,21.80558300473508
A2-3,101,−20 °C,06-24-17_11.58 n20degC_Cycle_2_Pan18650PF,base,21.40736162973395
A2-3,101,−20 °C,06-24-17_11.58 n20degC_Cycle_2_Pan18650PF,no_corr,22.348533175496534
A2-3,101,−20 °C,06-24-17_11.58 n20degC_Cycle_2_Pan18650PF,scale_0.5,21.868531774279464
A2-3,101,−20 °C,06-24-17_11.58 n20degC_Cycle_2_Pan18650PF,scale_1.5,20.966265408662704
A2-3,101,−20 °C,06-24-17_11.58 n20degC_Cycle_2_Pan18650PF,gate_nu,22.085744268540715
A2-3,101,−20 °C,06-24-17_11.58 n20degC_Cycle_2_Pan18650PF,gate_P,22.30976029927794
A2-3,101,−20 °C,06-24-17_11.58 n20degC_Cycle_2_Pan18650PF,clip_2,21.60482786416807
A2-3,101,−20 °C,06-24-17_11.58 n20degC_Cycle_2_Pan18650PF,clip_5,21.413173870996204
A2-3,202,−20 °C,06-24-17_11.58 n20degC_Cycle_2_Pan18650PF,base,20.187088023160737
A2-3,202,−20 °C,06-24-17_11.58 n20degC_Cycle_2_Pan18650PF,no_corr,22.348533175496534
A2-3,202,−20 °C,06-24-17_11.58 n20degC_Cycle_2_Pan18650PF,scale_0.5,21.257619627280008
A2-3,202,−20 °C,06-24-17_11.58 n20degC_Cycle_2_Pan18650PF,scale_1.5,19.140358590994357
A2-3,202,−20 °C,06-24-17_11.58 n20degC_Cycle_2_Pan18650PF,gate_nu,21.714067720726714
A2-3,202,−20 °C,06-24-17_11.58 n20degC_Cycle_2_Pan18650PF,gate_P,22.2514339371066
A2-3,202,−20 °C,06-24-17_11.58 n20degC_Cycle_2_Pan18650PF,clip_2,20.733249321637665
A2-3,202,−20 °C,06-24-17_11.58 n20degC_Cycle_2_Pan18650PF,clip_5,20.268611659229688
A2-3,303,−20 °C,06-24-17_11.58 n20degC_Cycle_2_Pan18650PF,base,21.59471259145373
A2-3,303,−20 °C,06-24-17_11.58 n20degC_Cycle_2_Pan18650PF,no_corr,22.348533175496534
A2-3,303,−20 °C,06-24-17_11.58 n20degC_Cycle_2_Pan18650PF,scale_0.5,21.95930745842284
A2-3,303,−20 °C,06-24-17_11.58 n20degC_Cycle_2_Pan18650PF,scale_1.5,21.256016058108077
A2-3,303,−20 °C,06-24-17_11.58 n20degC_Cycle_2_Pan18650PF,gate_nu,22.15001856230784
A2-3,303,−20 °C,06-24-17_11.58 n20degC_Cycle_2_Pan18650PF,gate_P,22.320019777106104
A2-3,303,−20 °C,06-24-17_11.58 n20degC_Cycle_2_Pan18650PF,clip_2,21.8461992763281
A2-3,303,−20 °C,06-24-17_11.58 n20degC_Cycle_2_Pan18650PF,clip_5,21.625830657415655
A2-3,404,−20 °C,06-24-17_11.58 n20degC_Cycle_2_Pan18650PF,base,21.460077043907244
A2-3,404,−20 °C,06-24-17_11.58 n20degC_Cycle_2_Pan18650PF,no_corr,22.348533175496534
A2-3,404,−20 °C,06-24-17_11.58 n20degC_Cycle_2_Pan18650PF,scale_0.5,21.898590863133702
A2-3,404,−20 °C,06-24-17_11.58 n20degC_Cycle_2_Pan18650PF,scale_1.5,21.033706519992272
A2-3,404,−20 °C,06-24-17_11.58 n20degC_Cycle_2_Pan18650PF,gate_nu,22.103604702666964
A2-3,404,−20 °C,06-24-17_11.58 n20degC_Cycle_2_Pan18650PF,gate_P,22.312561734006717
A2-3,404,−20 °C,06-24-17_11.58 n20degC_Cycle_2_Pan18650PF,clip_2,21.561917908863926
A2-3,404,−20 °C,06-24-17_11.58 n20degC_Cycle_2_Pan18650PF,clip_5,21.46197990642182
A2-3,505,−20 °C,06-24-17_11.58 n20degC_Cycle_2_Pan18650PF,base,21.410106866697504
A2-3,505,−20 °C,06-24-17_11.58 n20degC_Cycle_2_Pan18650PF,no_corr,22.348533175496534
A2-3,505,−20 °C,06-24-17_11.58 n20degC_Cycle_2_Pan18650PF,scale_0.5,21.86521948451498
A2-3,505,−20 °C,06-24-17_11.58 n20degC_Cycle_2_Pan18650PF,scale_1.5,20.985030232103757
A2-3,505,−20 °C,06-24-17_11.58 n20degC_Cycle_2_Pan18650PF,gate_nu,22.08921200932982
A2-3,505,−20 °C,06-24-17_11.58 n20degC_Cycle_2_Pan18650PF,gate_P,22.315220354793958
A2-3,505,−20 °C,06-24-17_11.58 n20degC_Cycle_2_Pan18650PF,clip_2,21.71777592994104
A2-3,505,−20 °C,06-24-17_11.58 n20degC_Cycle_2_Pan18650PF,clip_5,21.470685622376788
A2-3,606,−20 °C,06-24-17_11.58 n20degC_Cycle_2_Pan18650PF,base,21.205683695929363
A2-3,606,−20 °C,06-24-17_11.58 n20degC_Cycle_2_Pan18650PF,no_corr,22.348533175496534
A2-3,606,−20 °C,06-24-17_11.58 n20degC_Cycle_2_Pan18650PF,scale_0.5,21.771420051079573
A2-3,606,−20 °C,06-24-17_11.58 n20degC_Cycle_2_Pan18650PF,scale_1.5,20.65225907545872
A2-3,606,−20 °C,06-24-17_11.58 n20degC_Cycle_2_Pan18650PF,gate_nu,22.028886472485258
A2-3,606,−20 °C,06-24-17_11.58 n20degC_Cycle_2_Pan18650PF,gate_P,22.298844656380307
A2-3,606,−20 °C,06-24-17_11.58 n20degC_Cycle_2_Pan18650PF,clip_2,21.35177837086856
A2-3,606,−20 °C,06-24-17_11.58 n20degC_Cycle_2_Pan18650PF,clip_5,21.208631078370104
A2-3,707,−20 °C,06-24-17_11.58 n20degC_Cycle_2_Pan18650PF,base,21.83146357127219
A2-3,707,−20 °C,06-24-17_11.58 n20degC_Cycle_2_Pan18650PF,no_corr,22.348533175496534
A2-3,707,−20 °C,06-24-17_11.58 n20degC_Cycle_2_Pan18650PF,scale_0.5,22.08109103161724
A2-3,707,−20 °C,06-24-17_11.58 n20degC_Cycle_2_Pan18650PF,scale_1.5,21.600268434409703
A2-3,707,−20 °C,06-24-17_11.58 n20degC_Cycle_2_Pan18650PF,gate_nu,22.198582672409714
A2-3,707,−20 °C,06-24-17_11.58 n20degC_Cycle_2_Pan18650PF,gate_P,22.330987415056107
A2-3,707,−20 °C,06-24-17_11.58 n20degC_Cycle_2_Pan18650PF,clip_2,21.940838712306583
A2-3,707,−20 °C,06-24-17_11.58 n20degC_Cycle_2_Pan18650PF,clip_5,21.83157539379262
A2-3,7,−20 °C,06-24-17_19.29 n20degC_Cycle_3_Pan18650PF,base,21.443927083885
A2-3,7,−20 °C,06-24-17_19.29 n20degC_Cycle_3_Pan18650PF,no_corr,22.551339509643988
A2-3,7,−20 °C,06-24-17_19.29 n20degC_Cycle_3_Pan18650PF,scale_0.5,21.996318598414707
A2-3,7,−20 °C,06-24-17_19.29 n20degC_Cycle_3_Pan18650PF,scale_1.5,20.894373511418642
A2-3,7,−20 °C,06-24-17_19.29 n20degC_Cycle_3_Pan18650PF,gate_nu,22.250694765937137
A2-3,7,−20 °C,06-24-17_19.29 n20degC_Cycle_3_Pan18650PF,gate_P,22.505471221874735
A2-3,7,−20 °C,06-24-17_19.29 n20degC_Cycle_3_Pan18650PF,clip_2,21.47907661268237
A2-3,7,−20 °C,06-24-17_19.29 n20degC_Cycle_3_Pan18650PF,clip_5,21.443927083885
A2-3,13,−20 °C,06-24-17_19.29 n20degC_Cycle_3_Pan18650PF,base,22.67926295785994
A2-3,13,−20 °C,06-24-17_19.29 n20degC_Cycle_3_Pan18650PF,no_corr,22.551339509643988
A2-3,13,−20 °C,06-24-17_19.29 n20degC_Cycle_3_Pan18650PF,scale_0.5,22.60807019742781
A2-3,13,−20 °C,06-24-17_19.29 n20degC_Cycle_3_Pan18650PF,scale_1.5,22.764782109257006
A2-3,13,−20 °C,06-24-17_19.29 n20degC_Cycle_3_Pan18650PF,gate_nu,22.605851487310016
A2-3,13,−20 °C,06-24-17_19.29 n20degC_Cycle_3_Pan18650PF,gate_P,22.55919936563751
A2-3,13,−20 °C,06-24-17_19.29 n20degC_Cycle_3_Pan18650PF,clip_2,22.758802112454532
A2-3,13,−20 °C,06-24-17_19.29 n20degC_Cycle_3_Pan18650PF,clip_5,22.691968139321098
A2-3,42,−20 °C,06-24-17_19.29 n20degC_Cycle_3_Pan18650PF,base,22.06495166542937
A2-3,42,−20 °C,06-24-17_19.29 n20degC_Cycle_3_Pan18650PF,no_corr,22.551339509643988
A2-3,42,−20 °C,06-24-17_19.29 n20degC_Cycle_3_Pan18650PF,scale_0.5,22.301331340028256
A2-3,42,−20 °C,06-24-17_19.29 n20degC_Cycle_3_Pan18650PF,scale_1.5,21.842642949674854
A2-3,42,−20 °C,06-24-17_19.29 n20degC_Cycle_3_Pan18650PF,gate_nu,22.440244667640634
A2-3,42,−20 °C,06-24-17_19.29 n20degC_Cycle_3_Pan18650PF,gate_P,22.531148040785737
A2-3,42,−20 °C,06-24-17_19.29 n20degC_Cycle_3_Pan18650PF,clip_2,22.17645183979832
A2-3,42,−20 °C,06-24-17_19.29 n20degC_Cycle_3_Pan18650PF,clip_5,22.08370048159851
A2-3,101,−20 °C,06-24-17_19.29 n20degC_Cycle_3_Pan18650PF,base,21.749721459711466
A2-3,101,−20 °C,06-24-17_19.29 n20degC_Cycle_3_Pan18650PF,no_corr,22.551339509643988
A2-3,101,−20 °C,06-24-17_19.29 n20degC_Cycle_3_Pan18650PF,scale_0.5,22.14224732778298
A2-3,101,−20 °C,06-24-17_19.29 n20degC_Cycle_3_Pan18650PF,scale_1.5,21.374674601157455
A2-3,101,−20 °C,06-24-17_19.29 n20degC_Cycle_3_Pan18650PF,gate_nu,22.361543320828158
A2-3,101,−20 °C,06-24-17_19.29 n20degC_Cycle_3_Pan18650PF,gate_P,22.514669735344274
A2-3,101,−20 °C,06-24-17_19.29 n20degC_Cycle_3_Pan18650PF,clip_2,21.948259734848143
A2-3,101,−20 °C,06-24-17_19.29 n20degC_Cycle_3_Pan18650PF,clip_5,21.765336664671338
A2-3,202,−20 °C,06-24-17_19.29 n20degC_Cycle_3_Pan18650PF,base,20.4446447630509
A2-3,202,−20 °C,06-24-17_19.29 n20degC_Cycle_3_Pan18650PF,no_corr,22.551339509643988
A2-3,202,−20 °C,06-24-17_19.29 n20degC_Cycle_3_Pan18650PF,scale_0.5,21.49062152000818
A2-3,202,−20 °C,06-24-17_19.29 n20degC_Cycle_3_Pan18650PF,scale_1.5,19.41579182440582
A2-3,202,−20 °C,06-24-17_19.29 n20degC_Cycle_3_Pan18650PF,gate_nu,21.969844841560107
A2-3,202,−20 °C,06-24-17_19.29 n20degC_Cycle_3_Pan18650PF,gate_P,22.45986638993245
A2-3,202,−20 °C,06-24-17_19.29 n20degC_Cycle_3_Pan18650PF,clip_2,20.870643565259215
A2-3,202,−20 °C,06-24-17_19.29 n20degC_Cycle_3_Pan18650PF,clip_5,20.51521977891886
A2-3,303,−20 °C,06-24-17_19.29 n20degC_Cycle_3_Pan18650PF,base,21.936434402495745
A2-3,303,−20 °C,06-24-17_19.29 n20degC_Cycle_3_Pan18650PF,no_corr,22.551339509643988
A2-3,303,−20 °C,06-24-17_19.29 n20degC_Cycle_3_Pan18650PF,scale_0.5,22.232771058664607
A2-3,303,−20 °C,06-24-17_19.29 n20degC_Cycle_3_Pan18650PF,scale_1.5,21.663241899774746
A2-3,303,−20 °C,06-24-17_19.29 n20degC_Cycle_3_Pan18650PF,gate_nu,22.4184210065257
A2-3,303,−20 °C,06-24-17_19.29 n20degC_Cycle_3_Pan18650PF,gate_P,22.522790239701116
A2-3,303,−20 °C,06-24-17_19.29 n20degC_Cycle_3_Pan18650PF,clip_2,22.14818036981757
A2-3,303,−20 °C,06-24-17_19.29 n20degC_Cycle_3_Pan18650PF,clip_5,21.984172120731724
A2-3,404,−20 °C,06-24-17_19.29 n20degC_Cycle_3_Pan18650PF,base,21.648885248666375
A2-3,404,−20 °C,06-24-17_19.29 n20degC_Cycle_3_Pan18650PF,no_corr,22.551339509643988
A2-3,404,−20 °C,06-24-17_19.29 n20degC_Cycle_3_Pan18650PF,scale_0.5,22.094801951052915
A2-3,404,−20 °C,06-24-17_19.29 n20degC_Cycle_3_Pan18650PF,scale_1.5,21.214259153404097
A2-3,404,−20 °C,06-24-17_19.29 n20degC_Cycle_3_Pan18650PF,gate_nu,22.32860078119506
A2-3,404,−20 °C,06-24-17_19.29 n20degC_Cycle_3_Pan18650PF,gate_P,22.513055871518716
A2-3,404,−20 °C,06-24-17_19.29 n20degC_Cycle_3_Pan18650PF,clip_2,21.75616993712103
A2-3,404,−20 °C,06-24-17_19.29 n20degC_Cycle_3_Pan18650PF,clip_5,21.679373672600992
A2-3,505,−20 °C,06-24-17_19.29 n20degC_Cycle_3_Pan18650PF,base,21.8422415506655
A2-3,505,−20 °C,06-24-17_19.29 n20degC_Cycle_3_Pan18650PF,no_corr,22.551339509643988
A2-3,505,−20 °C,06-24-17_19.29 n20degC_Cycle_3_Pan18650PF,scale_0.5,22.183566835182
A2-3,505,−20 °C,06-24-17_19.29 n20degC_Cycle_3_Pan18650PF,scale_1.5,21.52862162148327
A2-3,505,−20 °C,06-24-17_19.29 n20degC_Cycle_3_Pan18650PF,gate_nu,22.39071100070043
A2-3,505,−20 °C,06-24-17_19.29 n20degC_Cycle_3_Pan18650PF,gate_P,22.52131391146173
A2-3,505,−20 °C,06-24-17_19.29 n20degC_Cycle_3_Pan18650PF,clip_2,22.113664389958625
A2-3,505,−20 °C,06-24-17_19.29 n20degC_Cycle_3_Pan18650PF,clip_5,21.89921300422967
A2-3,606,−20 °C,06-24-17_19.29 n20degC_Cycle_3_Pan18650PF,base,21.4108378861628
A2-3,606,−20 °C,06-24-17_19.29 n20degC_Cycle_3_Pan18650PF,no_corr,22.551339509643988
A2-3,606,−20 °C,06-24-17_19.29 n20degC_Cycle_3_Pan18650PF,scale_0.5,21.976688139116114
A2-3,606,−20 °C,06-24-17_19.29 n20degC_Cycle_3_Pan18650PF,scale_1.5,20.85450517222351
A2-3,606,−20 °C,06-24-17_19.29 n20degC_Cycle_3_Pan18650PF,gate_nu,22.265904987240724
A2-3,606,−20 °C,06-24-17_19.29 n20degC_Cycle_3_Pan18650PF,gate_P,22.501499020598008
A2-3,606,−20 °C,06-24-17_19.29 n20degC_Cycle_3_Pan18650PF,clip_2,21.54490836815586
A2-3,606,−20 °C,06-24-17_19.29 n20degC_Cycle_3_Pan18650PF,clip_5,21.416309315941533
A2-3,707,−20 °C,06-24-17_19.29 n20degC_Cycle_3_Pan18650PF,base,22.242832243812405
A2-3,707,−20 °C,06-24-17_19.29 n20degC_Cycle_3_Pan18650PF,no_corr,22.551339509643988
A2-3,707,−20 °C,06-24-17_19.29 n20degC_Cycle_3_Pan18650PF,scale_0.5,22.38995729265819
A2-3,707,−20 °C,06-24-17_19.29 n20degC_Cycle_3_Pan18650PF,scale_1.5,22.11024896847967
A2-3,707,−20 °C,06-24-17_19.29 n20degC_Cycle_3_Pan18650PF,gate_nu,22.470038787472067
A2-3,707,−20 °C,06-24-17_19.29 n20degC_Cycle_3_Pan18650PF,gate_P,22.538304127390685
A2-3,707,−20 °C,06-24-17_19.29 n20degC_Cycle_3_Pan18650PF,clip_2,22.35937484205255
A2-3,707,−20 °C,06-24-17_19.29 n20degC_Cycle_3_Pan18650PF,clip_5,22.246261401352644
A2-3,7,−20 °C,06-25-17_03.01 n20degC_Cycle_4_Pan18650PF,base,17.79446415553049
A2-3,7,−20 °C,06-25-17_03.01 n20degC_Cycle_4_Pan18650PF,no_corr,18.630695716036573
A2-3,7,−20 °C,06-25-17_03.01 n20degC_Cycle_4_Pan18650PF,scale_0.5,18.20877265554863
A2-3,7,−20 °C,06-25-17_03.01 n20degC_Cycle_4_Pan18650PF,scale_1.5,17.388314513624643
A2-3,7,−20 °C,06-25-17_03.01 n20degC_Cycle_4_Pan18650PF,gate_nu,18.31878971970232
A2-3,7,−20 °C,06-25-17_03.01 n20degC_Cycle_4_Pan18650PF,gate_P,18.59533792610933
A2-3,7,−20 °C,06-25-17_03.01 n20degC_Cycle_4_Pan18650PF,clip_2,17.801878619044313
A2-3,7,−20 °C,06-25-17_03.01 n20degC_Cycle_4_Pan18650PF,clip_5,17.79446415553049
A2-3,13,−20 °C,06-25-17_03.01 n20degC_Cycle_4_Pan18650PF,base,18.846383140528232
A2-3,13,−20 °C,06-25-17_03.01 n20degC_Cycle_4_Pan18650PF,no_corr,18.630695716036573
A2-3,13,−20 °C,06-25-17_03.01 n20degC_Cycle_4_Pan18650PF,scale_0.5,18.72916949476714
A2-3,13,−20 °C,06-25-17_03.01 n20degC_Cycle_4_Pan18650PF,scale_1.5,18.981989502897132
A2-3,13,−20 °C,06-25-17_03.01 n20degC_Cycle_4_Pan18650PF,gate_nu,18.665298964778362
A2-3,13,−20 °C,06-25-17_03.01 n20degC_Cycle_4_Pan18650PF,gate_P,18.629203808574424
A2-3,13,−20 °C,06-25-17_03.01 n20degC_Cycle_4_Pan18650PF,clip_2,18.851903105728432
A2-3,13,−20 °C,06-25-17_03.01 n20degC_Cycle_4_Pan18650PF,clip_5,18.846383140528232
A2-3,42,−20 °C,06-25-17_03.01 n20degC_Cycle_4_Pan18650PF,base,18.40119302541589
A2-3,42,−20 °C,06-25-17_03.01 n20degC_Cycle_4_Pan18650PF,no_corr,18.630695716036573
A2-3,42,−20 °C,06-25-17_03.01 n20degC_Cycle_4_Pan18650PF,scale_0.5,18.506086455503027
A2-3,42,−20 °C,06-25-17_03.01 n20degC_Cycle_4_Pan18650PF,scale_1.5,18.31635415370016
A2-3,42,−20 °C,06-25-17_03.01 n20degC_Cycle_4_Pan18650PF,gate_nu,18.537025888459482
A2-3,42,−20 °C,06-25-17_03.01 n20degC_Cycle_4_Pan18650PF,gate_P,18.613857777125222
A2-3,42,−20 °C,06-25-17_03.01 n20degC_Cycle_4_Pan18650PF,clip_2,18.435340581140206
A2-3,42,−20 °C,06-25-17_03.01 n20degC_Cycle_4_Pan18650PF,clip_5,18.40119302541589
A2-3,101,−20 °C,06-25-17_03.01 n20degC_Cycle_4_Pan18650PF,base,17.953078032255632
A2-3,101,−20 °C,06-25-17_03.01 n20degC_Cycle_4_Pan18650PF,no_corr,18.630695716036573
A2-3,101,−20 °C,06-25-17_03.01 n20degC_Cycle_4_Pan18650PF,scale_0.5,18.280270855591198
A2-3,101,−20 °C,06-25-17_03.01 n20degC_Cycle_4_Pan18650PF,scale_1.5,17.650409281081036
A2-3,101,−20 °C,06-25-17_03.01 n20degC_Cycle_4_Pan18650PF,gate_nu,18.390598503716692
A2-3,101,−20 °C,06-25-17_03.01 n20degC_Cycle_4_Pan18650PF,gate_P,18.597257815093634
A2-3,101,−20 °C,06-25-17_03.01 n20degC_Cycle_4_Pan18650PF,clip_2,18.07568458235256
A2-3,101,−20 °C,06-25-17_03.01 n20degC_Cycle_4_Pan18650PF,clip_5,17.953078032255632
A2-3,202,−20 °C,06-25-17_03.01 n20degC_Cycle_4_Pan18650PF,base,16.83200487852297
A2-3,202,−20 °C,06-25-17_03.01 n20degC_Cycle_4_Pan18650PF,no_corr,18.630695716036573
A2-3,202,−20 °C,06-25-17_03.01 n20degC_Cycle_4_Pan18650PF,scale_0.5,17.721024948744677
A2-3,202,−20 °C,06-25-17_03.01 n20degC_Cycle_4_Pan18650PF,scale_1.5,15.967085265154616
A2-3,202,−20 °C,06-25-17_03.01 n20degC_Cycle_4_Pan18650PF,gate_nu,18.044532821023417
A2-3,202,−20 °C,06-25-17_03.01 n20degC_Cycle_4_Pan18650PF,gate_P,18.560279291870646
A2-3,202,−20 °C,06-25-17_03.01 n20degC_Cycle_4_Pan18650PF,clip_2,17.255511127199586
A2-3,202,−20 °C,06-25-17_03.01 n20degC_Cycle_4_Pan18650PF,clip_5,16.835952008167066
A2-3,303,−20 °C,06-25-17_03.01 n20degC_Cycle_4_Pan18650PF,base,18.082423383453264
A2-3,303,−20 °C,06-25-17_03.01 n20degC_Cycle_4_Pan18650PF,no_corr,18.630695716036573
A2-3,303,−20 °C,06-25-17_03.01 n20degC_Cycle_4_Pan18650PF,scale_0.5,18.347333428205232
A2-3,303,−20 °C,06-25-17_03.01 n20degC_Cycle_4_Pan18650PF,scale_1.5,17.836787754882568
A2-3,303,−20 °C,06-25-17_03.01 n20degC_Cycle_4_Pan18650PF,gate_nu,18.48480940703699
A2-3,303,−20 °C,06-25-17_03.01 n20degC_Cycle_4_Pan18650PF,gate_P,18.604503715444856
A2-3,303,−20 °C,06-25-17_03.01 n20degC_Cycle_4_Pan18650PF,clip_2,18.194320337143584
A2-3,303,−20 °C,06-25-17_03.01 n20degC_Cycle_4_Pan18650PF,clip_5,18.082423383453264
A2-3,404,−20 °C,06-25-17_03.01 n20degC_Cycle_4_Pan18650PF,base,18.162064162370672
A2-3,404,−20 °C,06-25-17_03.01 n20degC_Cycle_4_Pan18650PF,no_corr,18.630695716036573
A2-3,404,−20 °C,06-25-17_03.01 n20degC_Cycle_4_Pan18650PF,scale_0.5,18.388364999638057
A2-3,404,−20 °C,06-25-17_03.01 n20degC_Cycle_4_Pan18650PF,scale_1.5,17.952399413481988
A2-3,404,−20 °C,06-25-17_03.01 n20degC_Cycle_4_Pan18650PF,gate_nu,18.46773699139751
A2-3,404,−20 °C,06-25-17_03.01 n20degC_Cycle_4_Pan18650PF,gate_P,18.60645766602654
A2-3,404,−20 °C,06-25-17_03.01 n20degC_Cycle_4_Pan18650PF,clip_2,18.17661794160974
A2-3,404,−20 °C,06-25-17_03.01 n20degC_Cycle_4_Pan18650PF,clip_5,18.162064162370672
A2-3,505,−20 °C,06-25-17_03.01 n20degC_Cycle_4_Pan18650PF,base,17.917846671230556
A2-3,505,−20 °C,06-25-17_03.01 n20degC_Cycle_4_Pan18650PF,no_corr,18.630695716036573
A2-3,505,−20 °C,06-25-17_03.01 n20degC_Cycle_4_Pan18650PF,scale_0.5,18.26104429790224
A2-3,505,−20 °C,06-25-17_03.01 n20degC_Cycle_4_Pan18650PF,scale_1.5,17.60265020768362
A2-3,505,−20 °C,06-25-17_03.01 n20degC_Cycle_4_Pan18650PF,gate_nu,18.38420800060677
A2-3,505,−20 °C,06-25-17_03.01 n20degC_Cycle_4_Pan18650PF,gate_P,18.59573354601487
A2-3,505,−20 °C,06-25-17_03.01 n20degC_Cycle_4_Pan18650PF,clip_2,18.096421628232576
A2-3,505,−20 °C,06-25-17_03.01 n20degC_Cycle_4_Pan18650PF,clip_5,17.920550502217775
A2-3,606,−20 °C,06-25-17_03.01 n20degC_Cycle_4_Pan18650PF,base,17.86671666320098
A2-3,606,−20 °C,06-25-17_03.01 n20degC_Cycle_4_Pan18650PF,no_corr,18.630695716036573
A2-3,606,−20 °C,06-25-17_03.01 n20degC_Cycle_4_Pan18650PF,scale_0.5,18.23965657253468
A2-3,606,−20 °C,06-25-17_03.01 n20degC_Cycle_4_Pan18650PF,scale_1.5,17.513032296551895
A2-3,606,−20 °C,06-25-17_03.01 n20degC_Cycle_4_Pan18650PF,gate_nu,18.377883746417456
A2-3,606,−20 °C,06-25-17_03.01 n20degC_Cycle_4_Pan18650PF,gate_P,18.595874894984696
A2-3,606,−20 °C,06-25-17_03.01 n20degC_Cycle_4_Pan18650PF,clip_2,17.947029773833503
A2-3,606,−20 °C,06-25-17_03.01 n20degC_Cycle_4_Pan18650PF,clip_5,17.86671666320098
A2-3,707,−20 °C,06-25-17_03.01 n20degC_Cycle_4_Pan18650PF,base,18.339177980956386
A2-3,707,−20 °C,06-25-17_03.01 n20degC_Cycle_4_Pan18650PF,no_corr,18.630695716036573
A2-3,707,−20 °C,06-25-17_03.01 n20degC_Cycle_4_Pan18650PF,scale_0.5,18.470239462887914
A2-3,707,−20 °C,06-25-17_03.01 n20degC_Cycle_4_Pan18650PF,scale_1.5,18.238144983405054
A2-3,707,−20 °C,06-25-17_03.01 n20degC_Cycle_4_Pan18650PF,gate_nu,18.485050859216543
A2-3,707,−20 °C,06-25-17_03.01 n20degC_Cycle_4_Pan18650PF,gate_P,18.609115223730125
A2-3,707,−20 °C,06-25-17_03.01 n20degC_Cycle_4_Pan18650PF,clip_2,18.423385530884072
A2-3,707,−20 °C,06-25-17_03.01 n20degC_Cycle_4_Pan18650PF,clip_5,18.339177980956386
A2-3,7,−20 °C,06-25-17_10.31 n20degC_US06_Pan18650PF,base,22.224427007770576
A2-3,7,−20 °C,06-25-17_10.31 n20degC_US06_Pan18650PF,no_corr,23.662634594133703
A2-3,7,−20 °C,06-25-17_10.31 n20degC_US06_Pan18650PF,scale_0.5,22.941654798257467
A2-3,7,−20 °C,06-25-17_10.31 n20degC_US06_Pan18650PF,scale_1.5,21.511326523288986
A2-3,7,−20 °C,06-25-17_10.31 n20degC_US06_Pan18650PF,gate_nu,23.31453159039694
A2-3,7,−20 °C,06-25-17_10.31 n20degC_US06_Pan18650PF,gate_P,23.58564836814733
A2-3,7,−20 °C,06-25-17_10.31 n20degC_US06_Pan18650PF,clip_2,22.356685469177688
A2-3,7,−20 °C,06-25-17_10.31 n20degC_US06_Pan18650PF,clip_5,22.224427007770576
A2-3,13,−20 °C,06-25-17_10.31 n20degC_US06_Pan18650PF,base,23.026680662859224
A2-3,13,−20 °C,06-25-17_10.31 n20degC_US06_Pan18650PF,no_corr,23.662634594133703
A2-3,13,−20 °C,06-25-17_10.31 n20degC_US06_Pan18650PF,scale_0.5,23.338175892620644
A2-3,13,−20 °C,06-25-17_10.31 n20degC_US06_Pan18650PF,scale_1.5,22.728681900840996
A2-3,13,−20 °C,06-25-17_10.31 n20degC_US06_Pan18650PF,gate_nu,23.49437928027347
A2-3,13,−20 °C,06-25-17_10.31 n20degC_US06_Pan18650PF,gate_P,23.63222733606831
A2-3,13,−20 °C,06-25-17_10.31 n20degC_US06_Pan18650PF,clip_2,23.0823567639075
A2-3,13,−20 °C,06-25-17_10.31 n20degC_US06_Pan18650PF,clip_5,23.026680662859224
A2-3,42,−20 °C,06-25-17_10.31 n20degC_US06_Pan18650PF,base,22.66613440094282
A2-3,42,−20 °C,06-25-17_10.31 n20degC_US06_Pan18650PF,no_corr,23.662634594133703
A2-3,42,−20 °C,06-25-17_10.31 n20degC_US06_Pan18650PF,scale_0.5,23.16099515787473
A2-3,42,−20 °C,06-25-17_10.31 n20degC_US06_Pan18650PF,scale_1.5,22.17850608397975
A2-3,42,−20 °C,06-25-17_10.31 n20degC_US06_Pan18650PF,gate_nu,23.433433166799638
A2-3,42,−20 °C,06-25-17_10.31 n20degC_US06_Pan18650PF,gate_P,23.61057897471397
A2-3,42,−20 °C,06-25-17_10.31 n20degC_US06_Pan18650PF,clip_2,22.713249590403574
A2-3,42,−20 °C,06-25-17_10.31 n20degC_US06_Pan18650PF,clip_5,22.66613440094282
A2-3,101,−20 °C,06-25-17_10.31 n20degC_US06_Pan18650PF,base,22.132054637882177
A2-3,101,−20 °C,06-25-17_10.31 n20degC_US06_Pan18650PF,no_corr,23.662634594133703
A2-3,101,−20 °C,06-25-17_10.31 n20degC_US06_Pan18650PF,scale_0.5,22.892400022940294
A2-3,101,−20 °C,06-25-17_10.31 n20degC_US06_Pan18650PF,scale_1.5,21.382653413297916
A2-3,101,−20 °C,06-25-17_10.31 n20degC_US06_Pan18650PF,gate_nu,23.31549912521033
A2-3,101,−20 °C,06-25-17_10.31 n20degC_US06_Pan18650PF,gate_P,23.58075685499613
A2-3,101,−20 °C,06-25-17_10.31 n20degC_US06_Pan18650PF,clip_2,22.40546384887629
A2-3,101,−20 °C,06-25-17_10.31 n20degC_US06_Pan18650PF,clip_5,22.132054637882177
A2-3,202,−20 °C,06-25-17_10.31 n20degC_US06_Pan18650PF,base,21.019131641290322
A2-3,202,−20 °C,06-25-17_10.31 n20degC_US06_Pan18650PF,no_corr,23.662634594133703
A2-3,202,−20 °C,06-25-17_10.31 n20degC_US06_Pan18650PF,scale_0.5,22.335465169724984
A2-3,202,−20 °C,06-25-17_10.31 n20degC_US06_Pan18650PF,scale_1.5,19.715804516783017
A2-3,202,−20 °C,06-25-17_10.31 n20degC_US06_Pan18650PF,gate_nu,23.102322655070893
A2-3,202,−20 °C,06-25-17_10.31 n20degC_US06_Pan18650PF,gate_P,23.515790512023216
A2-3,202,−20 °C,06-25-17_10.31 n20degC_US06_Pan18650PF,clip_2,21.832691975405584
A2-3,202,−20 °C,06-25-17_10.31 n20degC_US06_Pan18650PF,clip_5,21.080956435209952
A2-3,303,−20 °C,06-25-17_10.31 n20degC_US06_Pan18650PF,base,22.229009243011273
A2-3,303,−20 °C,06-25-17_10.31 n20degC_US06_Pan18650PF,no_corr,23.662634594133703
A2-3,303,−20 °C,06-25-17_10.31 n20degC_US06_Pan18650PF,scale_0.5,22.937372338450107
A2-3,303,−20 °C,06-25-17_10.31 n20degC_US06_Pan18650PF,scale_1.5,21.53921266091151
A2-3,303,−20 °C,06-25-17_10.31 n20degC_US06_Pan18650PF,gate_nu,23.387007847684004
A2-3,303,−20 °C,06-25-17_10.31 n20degC_US06_Pan18650PF,gate_P,23.58402141533502
A2-3,303,−20 °C,06-25-17_10.31 n20degC_US06_Pan18650PF,clip_2,22.59526804442295
A2-3,303,−20 °C,06-25-17_10.31 n20degC_US06_Pan18650PF,clip_5,22.24505336329273
A2-3,404,−20 °C,06-25-17_10.31 n20degC_US06_Pan18650PF,base,22.261642930241013
A2-3,404,−20 °C,06-25-17_10.31 n20degC_US06_Pan18650PF,no_corr,23.662634594133703
A2-3,404,−20 °C,06-25-17_10.31 n20degC_US06_Pan18650PF,scale_0.5,22.959933867853227
A2-3,404,−20 °C,06-25-17_10.31 n20degC_US06_Pan18650PF,scale_1.5,21.568190099422335
A2-3,404,−20 °C,06-25-17_10.31 n20degC_US06_Pan18650PF,gate_nu,23.357024760529068
A2-3,404,−20 °C,06-25-17_10.31 n20degC_US06_Pan18650PF,gate_P,23.58655769153331
A2-3,404,−20 °C,06-25-17_10.31 n20degC_US06_Pan18650PF,clip_2,22.37909753078962
A2-3,404,−20 °C,06-25-17_10.31 n20degC_US06_Pan18650PF,clip_5,22.261642930241013
A2-3,505,−20 °C,06-25-17_10.31 n20degC_US06_Pan18650PF,base,22.23299164661316
A2-3,505,−20 °C,06-25-17_10.31 n20degC_US06_Pan18650PF,no_corr,23.662634594133703
A2-3,505,−20 °C,06-25-17_10.31 n20degC_US06_Pan18650PF,scale_0.5,22.940231291758238
A2-3,505,−20 °C,06-25-17_10.31 n20degC_US06_Pan18650PF,scale_1.5,21.542409180711775
A2-3,505,−20 °C,06-25-17_10.31 n20degC_US06_Pan18650PF,gate_nu,23.34347200354467
A2-3,505,−20 °C,06-25-17_10.31 n20degC_US06_Pan18650PF,gate_P,23.586256807727782
A2-3,505,−20 °C,06-25-17_10.31 n20degC_US06_Pan18650PF,clip_2,22.56442634572665
A2-3,505,−20 °C,06-25-17_10.31 n20degC_US06_Pan18650PF,clip_5,22.236479550489964
A2-3,606,−20 °C,06-25-17_10.31 n20degC_US06_Pan18650PF,base,22.13642015721845
A2-3,606,−20 °C,06-25-17_10.31 n20degC_US06_Pan18650PF,no_corr,23.662634594133703
A2-3,606,−20 °C,06-25-17_10.31 n20degC_US06_Pan18650PF,scale_0.5,22.89719246100232
A2-3,606,−20 °C,06-25-17_10.31 n20degC_US06_Pan18650PF,scale_1.5,21.380816171221394
A2-3,606,−20 °C,06-25-17_10.31 n20degC_US06_Pan18650PF,gate_nu,23.316307966120732
A2-3,606,−20 °C,06-25-17_10.31 n20degC_US06_Pan18650PF,gate_P,23.579802391303602
A2-3,606,−20 °C,06-25-17_10.31 n20degC_US06_Pan18650PF,clip_2,22.282795744954907
A2-3,606,−20 °C,06-25-17_10.31 n20degC_US06_Pan18650PF,clip_5,22.13642015721845
A2-3,707,−20 °C,06-25-17_10.31 n20degC_US06_Pan18650PF,base,22.472278375873817
A2-3,707,−20 °C,06-25-17_10.31 n20degC_US06_Pan18650PF,no_corr,23.662634594133703
A2-3,707,−20 °C,06-25-17_10.31 n20degC_US06_Pan18650PF,scale_0.5,23.059287960829394
A2-3,707,−20 °C,06-25-17_10.31 n20degC_US06_Pan18650PF,scale_1.5,21.902919402425677
A2-3,707,−20 °C,06-25-17_10.31 n20degC_US06_Pan18650PF,gate_nu,23.36121123206135
A2-3,707,−20 °C,06-25-17_10.31 n20degC_US06_Pan18650PF,gate_P,23.601801682195898
A2-3,707,−20 °C,06-25-17_10.31 n20degC_US06_Pan18650PF,clip_2,22.74441535081686
A2-3,707,−20 °C,06-25-17_10.31 n20degC_US06_Pan18650PF,clip_5,22.472278375873817
